"Fusion Pixel 10px Monospaced zh";10;False;False;1;0;1;1
32;32;2;5;13;5;0
33;52;696;1;13;2;0
34;47;696;3;13;4;0
35;37;696;8;13;8;0
36;30;696;5;13;6;0
37;21;696;7;13;8;0
38;13;696;6;13;7;0
39;10;696;1;13;2;0
40;6;696;2;13;3;0
41;2;696;2;13;3;0
42;4091;681;3;13;4;0
43;4086;681;3;13;4;0
44;4082;681;2;13;3;0
45;4077;681;3;13;4;0
46;4074;681;1;13;2;0
47;4067;681;5;13;6;0
48;4060;681;5;13;6;0
49;4053;681;5;13;6;0
50;4046;681;5;13;6;0
51;4039;681;5;13;6;0
52;55;696;5;13;6;0
53;69;696;5;13;6;0
54;203;696;5;13;6;0
55;76;696;5;13;6;0
56;196;696;5;13;6;0
57;189;696;5;13;6;0
58;186;696;1;13;2;0
59;182;696;2;13;3;0
60;177;696;3;13;4;0
61;170;696;5;13;6;0
62;165;696;3;13;4;0
63;158;696;5;13;6;0
64;151;696;5;13;6;0
65;144;696;5;13;6;0
66;137;696;5;13;6;0
67;130;696;5;13;6;0
68;123;696;5;13;6;0
69;116;696;5;13;6;0
70;109;696;5;13;6;0
71;102;696;5;13;6;0
72;95;696;5;13;6;0
73;90;696;3;13;4;0
74;83;696;5;13;6;0
75;4032;681;5;13;6;0
76;62;696;5;13;6;0
77;4025;681;5;13;6;0
78;3866;681;5;13;6;0
79;3852;681;5;13;6;0
80;3845;681;5;13;6;0
81;3838;681;5;13;6;0
82;3831;681;5;13;6;0
83;3824;681;5;13;6;0
84;3817;681;5;13;6;0
85;3810;681;5;13;6;0
86;3803;681;5;13;6;0
87;3796;681;5;13;6;0
88;3789;681;5;13;6;0
89;3782;681;5;13;6;0
90;3775;681;5;13;6;0
91;3771;681;2;13;3;0
92;3764;681;5;13;6;0
93;3760;681;2;13;3;0
94;3755;681;3;13;4;0
95;3748;681;5;13;6;0
96;3744;681;2;13;3;0
97;3737;681;5;13;6;0
98;3859;681;5;13;6;0
99;3873;681;5;13;6;0
100;4011;681;5;13;6;0
101;3880;681;5;13;6;0
102;4005;681;4;13;5;0
103;3998;681;5;13;6;0
104;3991;681;5;13;6;0
105;3988;681;1;13;2;0
106;3983;681;3;13;4;0
107;3977;681;4;13;5;0
108;3974;681;1;13;2;0
109;3965;681;7;13;8;0
110;3958;681;5;13;6;0
111;3951;681;5;13;6;0
112;3944;681;5;13;6;0
113;3937;681;5;13;6;0
114;3930;681;5;13;6;0
115;3923;681;5;13;6;0
116;3917;681;4;13;5;0
117;3910;681;5;13;6;0
118;3903;681;5;13;6;0
119;3894;681;7;13;8;0
120;3887;681;5;13;6;0
121;4018;681;5;13;6;0
122;210;696;5;13;6;0
123;217;696;3;13;4;0
124;222;696;1;13;2;0
125;683;696;3;13;4;0
161;676;696;5;13;5;0
162;669;696;5;13;5;0
163;662;696;5;13;5;0
164;655;696;5;13;5;0
165;648;696;5;13;5;0
166;641;696;5;13;5;0
167;634;696;5;13;5;0
168;627;696;5;13;5;0
169;615;696;10;13;10;0
170;608;696;5;13;5;0
171;601;696;5;13;5;0
172;594;696;5;13;5;0
174;582;696;10;13;10;0
175;575;696;5;13;5;0
176;568;696;5;13;5;0
177;561;696;5;13;5;0
178;554;696;5;13;5;0
179;547;696;5;13;5;0
180;688;696;5;13;5;0
181;695;696;5;13;5;0
182;702;696;5;13;5;0
183;709;696;10;13;10;0
184;869;696;5;13;5;0
185;862;696;5;13;5;0
186;855;696;5;13;5;0
187;848;696;5;13;5;0
188;836;696;10;13;10;0
189;824;696;10;13;10;0
190;812;696;10;13;10;0
191;805;696;5;13;5;0
192;798;696;5;13;5;0
193;876;696;5;13;5;0
194;791;696;5;13;5;0
195;777;696;5;13;5;0
196;770;696;5;13;5;0
197;763;696;5;13;5;0
198;756;696;5;13;5;0
199;749;696;5;13;5;0
200;742;696;5;13;5;0
201;735;696;5;13;5;0
202;728;696;5;13;5;0
203;721;696;5;13;5;0
204;540;696;5;13;5;0
205;533;696;5;13;5;0
206;526;696;5;13;5;0
207;365;696;5;13;5;0
208;351;696;5;13;5;0
209;344;696;5;13;5;0
210;337;696;5;13;5;0
211;330;696;5;13;5;0
212;323;696;5;13;5;0
213;316;696;5;13;5;0
214;309;696;5;13;5;0
215;302;696;5;13;5;0
216;295;696;5;13;5;0
217;288;696;5;13;5;0
218;281;696;5;13;5;0
219;274;696;5;13;5;0
220;267;696;5;13;5;0
221;260;696;5;13;5;0
222;253;696;5;13;5;0
223;246;696;5;13;5;0
224;239;696;5;13;5;0
225;232;696;5;13;5;0
226;225;696;5;13;5;0
227;358;696;5;13;5;0
228;372;696;5;13;5;0
229;519;696;5;13;5;0
230;379;696;5;13;5;0
231;512;696;5;13;5;0
232;505;696;5;13;5;0
233;498;696;5;13;5;0
234;491;696;5;13;5;0
235;484;696;5;13;5;0
236;477;696;5;13;5;0
237;470;696;5;13;5;0
238;463;696;5;13;5;0
239;456;696;5;13;5;0
240;449;696;5;13;5;0
241;442;696;5;13;5;0
242;435;696;5;13;5;0
243;428;696;5;13;5;0
244;421;696;5;13;5;0
245;414;696;5;13;5;0
246;407;696;5;13;5;0
247;400;696;5;13;5;0
248;393;696;5;13;5;0
249;386;696;5;13;5;0
250;3730;681;5;13;5;0
251;784;696;5;13;5;0
252;3723;681;5;13;5;0
253;3592;681;5;13;5;0
254;2730;681;5;13;5;0
255;2723;681;5;13;5;0
256;2716;681;5;13;5;0
257;2709;681;5;13;5;0
258;2702;681;5;13;5;0
259;2695;681;5;13;5;0
262;2688;681;5;13;5;0
263;2681;681;5;13;5;0
264;2674;681;5;13;5;0
265;2667;681;5;13;5;0
266;2660;681;5;13;5;0
267;2653;681;5;13;5;0
268;2646;681;5;13;5;0
269;2639;681;5;13;5;0
272;2632;681;5;13;5;0
273;2625;681;5;13;5;0
274;2618;681;5;13;5;0
275;2611;681;5;13;5;0
276;2604;681;5;13;5;0
277;2737;681;5;13;5;0
278;2751;681;5;13;5;0
279;2898;681;5;13;5;0
282;2758;681;5;13;5;0
283;2891;681;5;13;5;0
284;2884;681;5;13;5;0
285;2877;681;5;13;5;0
286;2870;681;5;13;5;0
287;2863;681;5;13;5;0
288;2856;681;5;13;5;0
289;2849;681;5;13;5;0
296;2842;681;5;13;5;0
297;2835;681;5;13;5;0
298;2828;681;5;13;5;0
299;2821;681;5;13;5;0
300;2814;681;5;13;5;0
301;2807;681;5;13;5;0
323;2800;681;5;13;5;0
324;2793;681;5;13;5;0
327;2786;681;5;13;5;0
328;2779;681;5;13;5;0
332;2772;681;5;13;5;0
333;2765;681;5;13;5;0
334;2597;681;5;13;5;0
335;2744;681;5;13;5;0
340;2590;681;5;13;5;0
341;2422;681;5;13;5;0
360;2408;681;5;13;5;0
361;2401;681;5;13;5;0
362;2394;681;5;13;5;0
363;2387;681;5;13;5;0
364;2380;681;5;13;5;0
365;2373;681;5;13;5;0
372;2366;681;5;13;5;0
373;2359;681;5;13;5;0
374;2352;681;5;13;5;0
375;2345;681;5;13;5;0
376;2338;681;5;13;5;0
377;2331;681;5;13;5;0
378;2324;681;5;13;5;0
379;2317;681;5;13;5;0
380;2310;681;5;13;5;0
381;2303;681;5;13;5;0
382;2296;681;5;13;5;0
402;2289;681;5;13;5;0
461;2282;681;5;13;5;0
462;2415;681;5;13;5;0
463;2429;681;5;13;5;0
464;2576;681;5;13;5;0
465;2436;681;5;13;5;0
466;2569;681;5;13;5;0
467;2562;681;5;13;5;0
468;2555;681;5;13;5;0
469;2548;681;5;13;5;0
470;2541;681;5;13;5;0
471;2534;681;5;13;5;0
472;2527;681;5;13;5;0
473;2520;681;5;13;5;0
474;2513;681;5;13;5;0
475;2506;681;5;13;5;0
476;2499;681;5;13;5;0
477;2492;681;5;13;5;0
478;2485;681;5;13;5;0
479;2478;681;5;13;5;0
480;2471;681;5;13;5;0
481;2464;681;5;13;5;0
482;2457;681;5;13;5;0
483;2450;681;5;13;5;0
504;2443;681;5;13;5;0
505;2583;681;5;13;5;0
508;2905;681;5;13;5;0
509;2912;681;5;13;5;0
542;2919;681;5;13;5;0
543;3474;681;5;13;5;0
562;3467;681;5;13;5;0
563;3460;681;5;13;5;0
601;2;2;5;17;6;0
937;9;2;6;17;7;0
967;17;2;6;17;7;0
8208;3448;681;10;13;10;0
8209;3441;681;5;13;5;0
8210;3434;681;5;13;5;0
8211;3427;681;5;13;5;0
8212;3415;681;10;13;10;0
8213;3403;681;10;13;10;0
8214;3391;681;10;13;10;0
8215;3379;681;10;13;10;0
8216;3367;681;10;13;10;0
8217;3355;681;10;13;10;0
8218;3348;681;5;13;5;0
8219;3341;681;5;13;5;0
8220;3329;681;10;13;10;0
8221;3317;681;10;13;10;0
8222;3310;681;5;13;5;0
8223;3303;681;5;13;5;0
8224;3481;681;10;13;10;0
8225;3493;681;10;13;10;0
8226;3505;681;10;13;10;0
8227;3517;681;10;13;10;0
8228;3692;681;10;13;10;0
8229;3680;681;10;13;10;0
8230;3668;681;10;13;10;0
8231;3656;681;10;13;10;0
8240;3644;681;10;13;10;0
8241;3632;681;10;13;10;0
8242;3625;681;5;13;5;0
8243;3618;681;5;13;5;0
8251;3606;681;10;13;10;0
8254;3704;681;5;13;5;0
8267;3599;681;5;13;5;0
8268;3585;681;5;13;5;0
8269;3578;681;5;13;5;0
8304;3571;681;5;13;5;0
8305;3564;681;5;13;5;0
8308;3557;681;5;13;5;0
8309;3550;681;5;13;5;0
8310;3543;681;5;13;5;0
8311;3536;681;5;13;5;0
8312;3529;681;5;13;5;0
8313;3296;681;5;13;5;0
8314;3289;681;5;13;5;0
8315;3282;681;5;13;5;0
8316;3066;681;5;13;5;0
8317;3052;681;5;13;5;0
8318;3045;681;5;13;5;0
8319;3038;681;5;13;5;0
8320;3031;681;5;13;5;0
8321;3024;681;5;13;5;0
8322;3017;681;5;13;5;0
8323;3010;681;5;13;5;0
8324;3003;681;5;13;5;0
8325;2996;681;5;13;5;0
8326;2989;681;5;13;5;0
8327;2982;681;5;13;5;0
8328;2975;681;5;13;5;0
8329;2968;681;5;13;5;0
8330;2961;681;5;13;5;0
8331;2954;681;5;13;5;0
8332;2947;681;5;13;5;0
8333;2940;681;5;13;5;0
8334;2933;681;5;13;5;0
8336;2926;681;5;13;5;0
8337;3059;681;5;13;5;0
8338;3073;681;5;13;5;0
8339;3275;681;5;13;5;0
8340;3080;681;5;13;5;0
8341;3268;681;5;13;5;0
8342;3261;681;5;13;5;0
8343;3254;681;5;13;5;0
8344;3247;681;5;13;5;0
8345;3240;681;5;13;5;0
8346;3233;681;5;13;5;0
8347;3226;681;5;13;5;0
8348;3219;681;5;13;5;0
8451;3207;681;10;13;10;0
8457;3195;681;10;13;10;0
8470;3183;681;10;13;10;0
8482;3171;681;10;13;10;0
8486;3159;681;10;13;10;0
8487;3147;681;10;13;10;0
8490;3135;681;10;13;10;0
8491;3123;681;10;13;10;0
8494;3111;681;10;13;10;0
8528;3099;681;10;13;10;0
8529;3087;681;10;13;10;0
8530;3711;681;10;13;10;0
8531;883;696;10;13;10;0
8532;895;696;10;13;10;0
8533;907;696;10;13;10;0
8534;3907;696;10;13;10;0
8535;3895;696;10;13;10;0
8536;3883;696;10;13;10;0
8537;3871;696;10;13;10;0
8538;3859;696;10;13;10;0
8539;3847;696;10;13;10;0
8540;3835;696;10;13;10;0
8541;3823;696;10;13;10;0
8542;3811;696;10;13;10;0
8543;3799;696;10;13;10;0
8544;3787;696;10;13;10;0
8545;3775;696;10;13;10;0
8546;3763;696;10;13;10;0
8547;3751;696;10;13;10;0
8548;3739;696;10;13;10;0
8549;3727;696;10;13;10;0
8550;3715;696;10;13;10;0
8551;3703;696;10;13;10;0
8552;3691;696;10;13;10;0
8553;3919;696;10;13;10;0
8554;3931;696;10;13;10;0
8555;3943;696;10;13;10;0
8556;3955;696;10;13;10;0
8557;110;711;10;13;10;0
8558;98;711;10;13;10;0
8559;86;711;10;13;10;0
8560;74;711;10;13;10;0
8561;62;711;10;13;10;0
8562;50;711;10;13;10;0
8563;38;711;10;13;10;0
8564;26;711;10;13;10;0
8565;14;711;10;13;10;0
8566;122;711;10;13;10;0
8567;2;711;10;13;10;0
8568;4063;696;10;13;10;0
8569;4051;696;10;13;10;0
8570;4039;696;10;13;10;0
8571;4027;696;10;13;10;0
8572;4015;696;10;13;10;0
8573;4003;696;10;13;10;0
8574;3991;696;10;13;10;0
8575;3979;696;10;13;10;0
8576;3967;696;10;13;10;0
8577;3679;696;10;13;10;0
8578;3667;696;10;13;10;0
8579;3655;696;10;13;10;0
8580;3379;696;10;13;10;0
8581;3355;696;10;13;10;0
8582;3343;696;10;13;10;0
8583;3331;696;10;13;10;0
8584;3319;696;10;13;10;0
8585;3307;696;10;13;10;0
8586;3295;696;10;13;10;0
8587;3283;696;10;13;10;0
8592;3271;696;10;13;10;0
8593;3259;696;10;13;10;0
8594;3247;696;10;13;10;0
8595;3235;696;10;13;10;0
8596;3223;696;10;13;10;0
8597;3211;696;10;13;10;0
8598;3199;696;10;13;10;0
8599;3187;696;10;13;10;0
8600;3175;696;10;13;10;0
8601;3163;696;10;13;10;0
8602;3151;696;10;13;10;0
8603;3139;696;10;13;10;0
8604;3367;696;10;13;10;0
8605;3391;696;10;13;10;0
8606;3643;696;10;13;10;0
8607;3403;696;10;13;10;0
8608;3631;696;10;13;10;0
8609;3619;696;10;13;10;0
8610;3607;696;10;13;10;0
8611;3595;696;10;13;10;0
8612;3583;696;10;13;10;0
8613;3571;696;10;13;10;0
8614;3559;696;10;13;10;0
8615;3547;696;10;13;10;0
8616;3535;696;10;13;10;0
8617;3523;696;10;13;10;0
8618;3511;696;10;13;10;0
8619;3499;696;10;13;10;0
8620;3487;696;10;13;10;0
8621;3475;696;10;13;10;0
8622;3463;696;10;13;10;0
8623;3451;696;10;13;10;0
8624;3439;696;10;13;10;0
8625;3427;696;10;13;10;0
8626;3415;696;10;13;10;0
8627;4075;696;10;13;10;0
8628;146;711;10;13;10;0
8629;1106;711;10;13;10;0
8630;158;711;10;13;10;0
8631;938;711;10;13;10;0
8632;926;711;10;13;10;0
8633;914;711;10;13;10;0
8634;902;711;10;13;10;0
8635;890;711;10;13;10;0
8636;878;711;10;13;10;0
8637;866;711;10;13;10;0
8638;854;711;10;13;10;0
8639;842;711;10;13;10;0
8640;830;711;10;13;10;0
8641;818;711;10;13;10;0
8642;806;711;10;13;10;0
8643;794;711;10;13;10;0
8644;782;711;10;13;10;0
8645;770;711;10;13;10;0
8646;758;711;10;13;10;0
8647;746;711;10;13;10;0
8648;734;711;10;13;10;0
8649;722;711;10;13;10;0
8650;950;711;10;13;10;0
8651;962;711;10;13;10;0
8652;974;711;10;13;10;0
8653;986;711;10;13;10;0
8654;1226;711;10;13;10;0
8655;1214;711;10;13;10;0
8656;1202;711;10;13;10;0
8657;1190;711;10;13;10;0
8658;1178;711;10;13;10;0
8659;1166;711;10;13;10;0
8660;1154;711;10;13;10;0
8661;1142;711;10;13;10;0
8662;1130;711;10;13;10;0
8663;1238;711;10;13;10;0
8664;1118;711;10;13;10;0
8665;1094;711;10;13;10;0
8666;1082;711;10;13;10;0
8667;1070;711;10;13;10;0
8668;1058;711;10;13;10;0
8669;1046;711;10;13;10;0
8670;1034;711;10;13;10;0
8671;1022;711;10;13;10;0
8672;1010;711;10;13;10;0
8673;998;711;10;13;10;0
8674;710;711;10;13;10;0
8675;698;711;10;13;10;0
8676;686;711;10;13;10;0
8677;410;711;10;13;10;0
8678;386;711;10;13;10;0
8679;374;711;10;13;10;0
8680;362;711;10;13;10;0
8681;350;711;10;13;10;0
8682;338;711;10;13;10;0
8683;326;711;10;13;10;0
8684;314;711;10;13;10;0
8685;302;711;10;13;10;0
8686;290;711;10;13;10;0
8687;278;711;10;13;10;0
8688;266;711;10;13;10;0
8689;254;711;10;13;10;0
8690;242;711;10;13;10;0
8691;230;711;10;13;10;0
8692;218;711;10;13;10;0
8693;206;711;10;13;10;0
8694;194;711;10;13;10;0
8695;182;711;10;13;10;0
8696;170;711;10;13;10;0
8697;398;711;10;13;10;0
8698;422;711;10;13;10;0
8699;674;711;10;13;10;0
8700;434;711;10;13;10;0
8701;662;711;10;13;10;0
8702;650;711;10;13;10;0
8703;638;711;10;13;10;0
8704;25;2;5;14;6;0
8972;626;711;10;13;10;0
8973;614;711;10;13;10;0
8974;602;711;10;13;10;0
8975;590;711;10;13;10;0
8976;578;711;10;13;10;0
8977;566;711;10;13;10;0
8978;554;711;10;13;10;0
8979;542;711;10;13;10;0
8980;530;711;10;13;10;0
8981;518;711;10;13;10;0
8982;506;711;10;13;10;0
8983;494;711;10;13;10;0
8984;482;711;10;13;10;0
8985;470;711;10;13;10;0
8986;458;711;10;13;10;0
8987;446;711;10;13;10;0
8988;3127;696;10;13;10;0
8989;3115;696;10;13;10;0
8990;3103;696;10;13;10;0
8991;2959;696;10;13;10;0
9166;1687;696;10;13;10;0
9167;1675;696;10;13;10;0
9192;1663;696;10;13;10;0
9193;1651;696;10;13;10;0
9194;1639;696;10;13;10;0
9195;1627;696;10;13;10;0
9196;1615;696;10;13;10;0
9197;1603;696;10;13;10;0
9198;1591;696;10;13;10;0
9199;1579;696;10;13;10;0
9203;1567;696;10;13;10;0
9204;1555;696;10;13;10;0
9205;1543;696;10;13;10;0
9206;1531;696;10;13;10;0
9207;1519;696;10;13;10;0
9208;1507;696;10;13;10;0
9209;1495;696;10;13;10;0
9210;1483;696;10;13;10;0
9211;1471;696;10;13;10;0
9212;1699;696;10;13;10;0
9213;1723;696;10;13;10;0
9214;1975;696;10;13;10;0
9215;1735;696;10;13;10;0
9312;1963;696;10;13;10;0
9313;1951;696;10;13;10;0
9314;1939;696;10;13;10;0
9315;1927;696;10;13;10;0
9316;1915;696;10;13;10;0
9317;1903;696;10;13;10;0
9318;1891;696;10;13;10;0
9319;1879;696;10;13;10;0
9320;1867;696;10;13;10;0
9321;1855;696;10;13;10;0
9322;1843;696;10;13;10;0
9323;1831;696;10;13;10;0
9324;1819;696;10;13;10;0
9325;1807;696;10;13;10;0
9326;1795;696;10;13;10;0
9327;1783;696;10;13;10;0
9328;1771;696;10;13;10;0
9329;1759;696;10;13;10;0
9330;1747;696;10;13;10;0
9331;1459;696;10;13;10;0
9332;1711;696;10;13;10;0
9333;1447;696;10;13;10;0
9334;1159;696;10;13;10;0
9335;1135;696;10;13;10;0
9336;1123;696;10;13;10;0
9337;1111;696;10;13;10;0
9338;1099;696;10;13;10;0
9339;1087;696;10;13;10;0
9340;1075;696;10;13;10;0
9341;1063;696;10;13;10;0
9342;1051;696;10;13;10;0
9343;1039;696;10;13;10;0
9344;1027;696;10;13;10;0
9345;1015;696;10;13;10;0
9346;1003;696;10;13;10;0
9347;991;696;10;13;10;0
9348;979;696;10;13;10;0
9349;967;696;10;13;10;0
9350;955;696;10;13;10;0
9351;943;696;10;13;10;0
9352;931;696;10;13;10;0
9353;919;696;10;13;10;0
9354;1147;696;10;13;10;0
9355;1171;696;10;13;10;0
9356;1423;696;10;13;10;0
9357;1183;696;10;13;10;0
9358;1411;696;10;13;10;0
9359;1399;696;10;13;10;0
9360;1387;696;10;13;10;0
9361;1375;696;10;13;10;0
9362;1363;696;10;13;10;0
9363;1351;696;10;13;10;0
9364;1339;696;10;13;10;0
9365;1327;696;10;13;10;0
9366;1315;696;10;13;10;0
9367;1303;696;10;13;10;0
9368;1291;696;10;13;10;0
9369;1279;696;10;13;10;0
9370;1267;696;10;13;10;0
9371;1255;696;10;13;10;0
9372;1243;696;10;13;10;0
9373;1231;696;10;13;10;0
9374;1219;696;10;13;10;0
9375;1207;696;10;13;10;0
9376;1195;696;10;13;10;0
9377;1435;696;10;13;10;0
9378;1987;696;10;13;10;0
9379;1999;696;10;13;10;0
9380;2011;696;10;13;10;0
9381;2791;696;10;13;10;0
9382;2779;696;10;13;10;0
9383;2767;696;10;13;10;0
9384;2755;696;10;13;10;0
9385;2743;696;10;13;10;0
9386;2731;696;10;13;10;0
9387;2719;696;10;13;10;0
9388;2707;696;10;13;10;0
9389;2695;696;10;13;10;0
9390;2683;696;10;13;10;0
9391;2671;696;10;13;10;0
9392;2659;696;10;13;10;0
9393;2647;696;10;13;10;0
9394;2635;696;10;13;10;0
9395;2623;696;10;13;10;0
9396;2611;696;10;13;10;0
9397;2599;696;10;13;10;0
9398;2587;696;10;13;10;0
9399;2575;696;10;13;10;0
9400;2803;696;10;13;10;0
9401;2815;696;10;13;10;0
9402;2827;696;10;13;10;0
9403;2839;696;10;13;10;0
9404;3079;696;10;13;10;0
9405;3067;696;10;13;10;0
9406;3055;696;10;13;10;0
9407;3043;696;10;13;10;0
9408;3031;696;10;13;10;0
9409;3019;696;10;13;10;0
9410;3007;696;10;13;10;0
9411;2995;696;10;13;10;0
9412;2983;696;10;13;10;0
9413;3091;696;10;13;10;0
9414;2971;696;10;13;10;0
9415;2947;696;10;13;10;0
9416;2935;696;10;13;10;0
9417;2923;696;10;13;10;0
9418;2911;696;10;13;10;0
9419;2899;696;10;13;10;0
9420;2887;696;10;13;10;0
9421;2875;696;10;13;10;0
9422;2863;696;10;13;10;0
9423;2851;696;10;13;10;0
9424;2563;696;10;13;10;0
9425;2551;696;10;13;10;0
9426;2539;696;10;13;10;0
9427;2263;696;10;13;10;0
9428;2239;696;10;13;10;0
9429;2227;696;10;13;10;0
9430;2215;696;10;13;10;0
9431;2203;696;10;13;10;0
9432;2191;696;10;13;10;0
9433;2179;696;10;13;10;0
9434;2167;696;10;13;10;0
9435;2155;696;10;13;10;0
9436;2143;696;10;13;10;0
9437;2131;696;10;13;10;0
9438;2119;696;10;13;10;0
9439;2107;696;10;13;10;0
9440;2095;696;10;13;10;0
9441;2083;696;10;13;10;0
9442;2071;696;10;13;10;0
9443;2059;696;10;13;10;0
9444;2047;696;10;13;10;0
9445;2035;696;10;13;10;0
9446;2023;696;10;13;10;0
9447;2251;696;10;13;10;0
9448;2275;696;10;13;10;0
9449;2527;696;10;13;10;0
9450;2287;696;10;13;10;0
9451;2515;696;10;13;10;0
9452;2503;696;10;13;10;0
9453;2491;696;10;13;10;0
9454;2479;696;10;13;10;0
9455;2467;696;10;13;10;0
9456;2455;696;10;13;10;0
9457;2443;696;10;13;10;0
9458;2431;696;10;13;10;0
9459;2419;696;10;13;10;0
9460;2407;696;10;13;10;0
9461;2395;696;10;13;10;0
9462;2383;696;10;13;10;0
9463;2371;696;10;13;10;0
9464;2359;696;10;13;10;0
9465;2347;696;10;13;10;0
9466;2335;696;10;13;10;0
9467;2323;696;10;13;10;0
9468;2311;696;10;13;10;0
9469;2299;696;10;13;10;0
9470;2270;681;10;13;10;0
9471;134;711;10;13;10;0
9472;2258;681;10;13;10;0
9473;1130;681;10;13;10;0
9474;470;666;10;13;10;0
9475;458;666;10;13;10;0
9476;446;666;10;13;10;0
9477;434;666;10;13;10;0
9478;422;666;10;13;10;0
9479;410;666;10;13;10;0
9480;398;666;10;13;10;0
9481;386;666;10;13;10;0
9482;374;666;10;13;10;0
9483;362;666;10;13;10;0
9484;350;666;10;13;10;0
9485;338;666;10;13;10;0
9486;326;666;10;13;10;0
9487;314;666;10;13;10;0
9488;302;666;10;13;10;0
9489;290;666;10;13;10;0
9490;278;666;10;13;10;0
9491;266;666;10;13;10;0
9492;254;666;10;13;10;0
9493;482;666;10;13;10;0
9494;506;666;10;13;10;0
9495;758;666;10;13;10;0
9496;518;666;10;13;10;0
9497;746;666;10;13;10;0
9498;734;666;10;13;10;0
9499;722;666;10;13;10;0
9500;710;666;10;13;10;0
9501;698;666;10;13;10;0
9502;686;666;10;13;10;0
9503;674;666;10;13;10;0
9504;662;666;10;13;10;0
9505;650;666;10;13;10;0
9506;638;666;10;13;10;0
9507;626;666;10;13;10;0
9508;614;666;10;13;10;0
9509;602;666;10;13;10;0
9510;590;666;10;13;10;0
9511;578;666;10;13;10;0
9512;566;666;10;13;10;0
9513;554;666;10;13;10;0
9514;542;666;10;13;10;0
9515;530;666;10;13;10;0
9516;242;666;10;13;10;0
9517;494;666;10;13;10;0
9518;230;666;10;13;10;0
9519;4034;651;10;13;10;0
9520;4010;651;10;13;10;0
9521;3998;651;10;13;10;0
9522;3986;651;10;13;10;0
9523;3974;651;10;13;10;0
9524;3962;651;10;13;10;0
9525;3950;651;10;13;10;0
9526;3938;651;10;13;10;0
9527;3926;651;10;13;10;0
9528;3914;651;10;13;10;0
9529;3902;651;10;13;10;0
9530;3890;651;10;13;10;0
9531;3878;651;10;13;10;0
9532;3866;651;10;13;10;0
9533;3854;651;10;13;10;0
9534;3842;651;10;13;10;0
9535;3830;651;10;13;10;0
9536;3818;651;10;13;10;0
9537;3806;651;10;13;10;0
9538;3794;651;10;13;10;0
9539;4022;651;10;13;10;0
9540;4046;651;10;13;10;0
9541;206;666;10;13;10;0
9542;4058;651;10;13;10;0
9543;194;666;10;13;10;0
9544;182;666;10;13;10;0
9545;170;666;10;13;10;0
9546;158;666;10;13;10;0
9547;146;666;10;13;10;0
9548;134;666;10;13;10;0
9549;122;666;10;13;10;0
9550;110;666;10;13;10;0
9551;98;666;10;13;10;0
9552;86;666;10;13;10;0
9553;74;666;10;13;10;0
9554;62;666;10;13;10;0
9555;50;666;10;13;10;0
9556;38;666;10;13;10;0
9557;26;666;10;13;10;0
9558;14;666;10;13;10;0
9559;2;666;10;13;10;0
9560;4082;651;10;13;10;0
9561;4070;651;10;13;10;0
9562;218;666;10;13;10;0
9563;770;666;10;13;10;0
9564;782;666;10;13;10;0
9565;794;666;10;13;10;0
9566;1573;666;10;13;10;0
9567;1561;666;10;13;10;0
9568;1549;666;10;13;10;0
9569;1537;666;10;13;10;0
9570;1525;666;10;13;10;0
9571;1513;666;10;13;10;0
9572;1501;666;10;13;10;0
9573;1489;666;10;13;10;0
9574;1477;666;10;13;10;0
9575;1465;666;10;13;10;0
9576;1453;666;10;13;10;0
9577;1441;666;10;13;10;0
9578;1429;666;10;13;10;0
9579;1417;666;10;13;10;0
9580;1405;666;10;13;10;0
9581;1393;666;10;13;10;0
9582;1381;666;10;13;10;0
9583;1369;666;10;13;10;0
9584;1357;666;10;13;10;0
9585;1585;666;10;13;10;0
9586;1597;666;10;13;10;0
9587;1609;666;10;13;10;0
9588;1621;666;10;13;10;0
9589;1861;666;10;13;10;0
9590;1849;666;10;13;10;0
9591;1837;666;10;13;10;0
9592;1825;666;10;13;10;0
9593;1813;666;10;13;10;0
9594;1801;666;10;13;10;0
9595;1789;666;10;13;10;0
9596;1777;666;10;13;10;0
9597;1765;666;10;13;10;0
9598;1873;666;10;13;10;0
9599;1753;666;10;13;10;0
9600;1729;666;10;13;10;0
9601;1717;666;10;13;10;0
9602;1705;666;10;13;10;0
9603;1693;666;10;13;10;0
9604;1681;666;10;13;10;0
9605;1669;666;10;13;10;0
9606;1657;666;10;13;10;0
9607;1645;666;10;13;10;0
9608;1633;666;10;13;10;0
9609;1345;666;10;13;10;0
9610;1333;666;10;13;10;0
9611;1321;666;10;13;10;0
9612;1046;666;10;13;10;0
9613;1022;666;10;13;10;0
9614;1010;666;10;13;10;0
9615;998;666;10;13;10;0
9616;986;666;10;13;10;0
9617;974;666;10;13;10;0
9618;962;666;10;13;10;0
9619;950;666;10;13;10;0
9620;938;666;10;13;10;0
9621;926;666;10;13;10;0
9622;914;666;10;13;10;0
9623;902;666;10;13;10;0
9624;890;666;10;13;10;0
9625;878;666;10;13;10;0
9626;866;666;10;13;10;0
9627;854;666;10;13;10;0
9628;842;666;10;13;10;0
9629;830;666;10;13;10;0
9630;818;666;10;13;10;0
9631;806;666;10;13;10;0
9632;1034;666;10;13;10;0
9633;1058;666;10;13;10;0
9634;1309;666;10;13;10;0
9635;1070;666;10;13;10;0
9636;1297;666;10;13;10;0
9637;1285;666;10;13;10;0
9638;1273;666;10;13;10;0
9639;1261;666;10;13;10;0
9640;1249;666;10;13;10;0
9641;1237;666;10;13;10;0
9642;1225;666;10;13;10;0
9643;1213;666;10;13;10;0
9644;1201;666;10;13;10;0
9645;1189;666;10;13;10;0
9646;1177;666;10;13;10;0
9647;1165;666;10;13;10;0
9647;1154;666;9;13;15;3
9648;1142;666;10;13;10;0
9649;1130;666;10;13;10;0
9650;1118;666;10;13;10;0
9651;1106;666;10;13;10;0
9652;1094;666;10;13;10;0
9653;1082;666;10;13;10;0
9654;3782;651;10;13;10;0
9655;1741;666;10;13;10;0
9656;3770;651;10;13;10;0
9657;3614;651;10;13;10;0
9658;2342;651;10;13;10;0
9659;2330;651;10;13;10;0
9660;2318;651;10;13;10;0
9661;2306;651;10;13;10;0
9662;2294;651;10;13;10;0
9663;2282;651;10;13;10;0
9664;2270;651;10;13;10;0
9665;2258;651;10;13;10;0
9666;2246;651;10;13;10;0
9667;2234;651;10;13;10;0
9668;2222;651;10;13;10;0
9669;2210;651;10;13;10;0
9670;2198;651;10;13;10;0
9671;2186;651;10;13;10;0
9672;2174;651;10;13;10;0
9673;2162;651;10;13;10;0
9674;2150;651;10;13;10;0
9675;2138;651;10;13;10;0
9676;2126;651;10;13;10;0
9677;2354;651;10;13;10;0
9678;2378;651;10;13;10;0
9679;2630;651;10;13;10;0
9680;2390;651;10;13;10;0
9681;2618;651;10;13;10;0
9682;2606;651;10;13;10;0
9683;2594;651;10;13;10;0
9684;2582;651;10;13;10;0
9685;2570;651;10;13;10;0
9686;2558;651;10;13;10;0
9687;2546;651;10;13;10;0
9688;2534;651;10;13;10;0
9689;2522;651;10;13;10;0
9690;2510;651;10;13;10;0
9691;2498;651;10;13;10;0
9692;2486;651;10;13;10;0
9693;2474;651;10;13;10;0
9694;2462;651;10;13;10;0
9695;2450;651;10;13;10;0
9696;2438;651;10;13;10;0
9697;2426;651;10;13;10;0
9698;2414;651;10;13;10;0
9699;2402;651;10;13;10;0
9700;2114;651;10;13;10;0
9701;2366;651;10;13;10;0
9702;2102;651;10;13;10;0
9703;1814;651;10;13;10;0
9704;1790;651;10;13;10;0
9705;1778;651;10;13;10;0
9706;1766;651;10;13;10;0
9707;1754;651;10;13;10;0
9708;1742;651;10;13;10;0
9709;1730;651;10;13;10;0
9710;1718;651;10;13;10;0
9711;1706;651;10;13;10;0
9712;1694;651;10;13;10;0
9713;1682;651;10;13;10;0
9714;1670;651;10;13;10;0
9715;1658;651;10;13;10;0
9716;1646;651;10;13;10;0
9717;1634;651;10;13;10;0
9718;1622;651;10;13;10;0
9719;1610;651;10;13;10;0
9720;1598;651;10;13;10;0
9721;1586;651;10;13;10;0
9722;1574;651;10;13;10;0
9723;1802;651;10;13;10;0
9724;1826;651;10;13;10;0
9725;2078;651;10;13;10;0
9726;1838;651;10;13;10;0
9727;2066;651;10;13;10;0
9728;2054;651;10;13;10;0
9729;2042;651;10;13;10;0
9730;2030;651;10;13;10;0
9731;2018;651;10;13;10;0
9732;2006;651;10;13;10;0
9733;1994;651;10;13;10;0
9734;1982;651;10;13;10;0
9735;1970;651;10;13;10;0
9736;1958;651;10;13;10;0
9737;1946;651;10;13;10;0
9738;1934;651;10;13;10;0
9739;1922;651;10;13;10;0
9740;1910;651;10;13;10;0
9741;1898;651;10;13;10;0
9742;1886;651;10;13;10;0
9743;1874;651;10;13;10;0
9744;1862;651;10;13;10;0
9745;1850;651;10;13;10;0
9746;2090;651;10;13;10;0
9747;2642;651;10;13;10;0
9748;2654;651;10;13;10;0
9750;2666;651;10;13;10;0
9751;3446;651;10;13;10;0
9756;3434;651;10;13;10;0
9757;3422;651;10;13;10;0
9758;3410;651;10;13;10;0
9759;3398;651;10;13;10;0
9760;3386;651;10;13;10;0
9770;3374;651;10;13;10;0
9771;3362;651;10;13;10;0
9772;3350;651;10;13;10;0
9773;3338;651;10;13;10;0
9774;3326;651;10;13;10;0
9775;3314;651;10;13;10;0
9776;3302;651;10;13;10;0
9777;3290;651;10;13;10;0
9778;3278;651;10;13;10;0
9779;3266;651;10;13;10;0
9780;3254;651;10;13;10;0
9781;3242;651;10;13;10;0
9782;3230;651;10;13;10;0
9783;3458;651;10;13;10;0
9784;3470;651;10;13;10;0
9785;3482;651;10;13;10;0
9786;3494;651;10;13;10;0
9787;3734;651;10;13;10;0
9788;3722;651;10;13;10;0
9789;3710;651;10;13;10;0
9790;3698;651;10;13;10;0
9792;3686;651;10;13;10;0
9793;3674;651;10;13;10;0
9794;3662;651;10;13;10;0
9800;3650;651;10;13;10;0
9801;3638;651;10;13;10;0
9802;3746;651;10;13;10;0
9803;3626;651;10;13;10;0
9804;3602;651;10;13;10;0
9805;3590;651;10;13;10;0
9806;3578;651;10;13;10;0
9807;3566;651;10;13;10;0
9808;3554;651;10;13;10;0
9809;3542;651;10;13;10;0
9810;3530;651;10;13;10;0
9811;3518;651;10;13;10;0
9812;3506;651;10;13;10;0
9813;3218;651;10;13;10;0
9814;3206;651;10;13;10;0
9815;3194;651;10;13;10;0
9816;2918;651;10;13;10;0
9817;2894;651;10;13;10;0
9818;2882;651;10;13;10;0
9819;2870;651;10;13;10;0
9820;2858;651;10;13;10;0
9821;2846;651;10;13;10;0
9822;2834;651;10;13;10;0
9823;2822;651;10;13;10;0
9824;2810;651;10;13;10;0
9825;2798;651;10;13;10;0
9826;2786;651;10;13;10;0
9827;2774;651;10;13;10;0
9828;2762;651;10;13;10;0
9829;2750;651;10;13;10;0
9830;2738;651;10;13;10;0
9831;2726;651;10;13;10;0
9832;2714;651;10;13;10;0
9833;2702;651;10;13;10;0
9834;2690;651;10;13;10;0
9835;2678;651;10;13;10;0
9836;2906;651;10;13;10;0
9837;2930;651;10;13;10;0
9838;3182;651;10;13;10;0
9839;2942;651;10;13;10;0
9856;3170;651;10;13;10;0
9857;3158;651;10;13;10;0
9858;3146;651;10;13;10;0
9859;3134;651;10;13;10;0
9860;3122;651;10;13;10;0
9861;3110;651;10;13;10;0
9862;3098;651;10;13;10;0
9863;3086;651;10;13;10;0
9864;3074;651;10;13;10;0
9865;3062;651;10;13;10;0
9866;3050;651;10;13;10;0
9867;3038;651;10;13;10;0
9868;3026;651;10;13;10;0
9869;3014;651;10;13;10;0
9870;3002;651;10;13;10;0
9871;2990;651;10;13;10;0
9872;2978;651;10;13;10;0
9873;2966;651;10;13;10;0
9875;2954;651;10;13;10;0
9876;3758;651;10;13;10;0
9877;1885;666;10;13;10;0
9880;1897;666;10;13;10;0
9881;1909;666;10;13;10;0
9882;818;681;10;13;10;0
9898;806;681;10;13;10;0
9899;794;681;10;13;10;0
9900;782;681;10;13;10;0
9924;770;681;10;13;10;0
9925;758;681;10;13;10;0
9926;746;681;10;13;10;0
9927;734;681;10;13;10;0
9928;722;681;10;13;10;0
9929;710;681;10;13;10;0
9930;698;681;10;13;10;0
9931;686;681;10;13;10;0
9939;674;681;10;13;10;0
9954;662;681;10;13;10;0
9960;650;681;10;13;10;0
9961;638;681;10;13;10;0
9962;626;681;10;13;10;0
9963;614;681;10;13;10;0
9964;602;681;10;13;10;0
9969;830;681;10;13;10;0
9970;842;681;10;13;10;0
9973;854;681;10;13;10;0
9974;866;681;10;13;10;0
9980;1106;681;10;13;10;0
9981;1094;681;10;13;10;0
9983;1082;681;10;13;10;0
9992;1070;681;10;13;10;0
9993;1058;681;10;13;10;0
10102;1046;681;10;13;10;0
10103;1034;681;10;13;10;0
10104;1022;681;10;13;10;0
10105;1010;681;10;13;10;0
10106;1118;681;10;13;10;0
10107;998;681;10;13;10;0
10108;974;681;10;13;10;0
10109;962;681;10;13;10;0
10110;950;681;10;13;10;0
10111;938;681;10;13;10;0
10112;926;681;10;13;10;0
10113;914;681;10;13;10;0
10114;902;681;10;13;10;0
10115;890;681;10;13;10;0
10116;878;681;10;13;10;0
10117;590;681;10;13;10;0
10118;578;681;10;13;10;0
10119;566;681;10;13;10;0
10120;290;681;10;13;10;0
10121;266;681;10;13;10;0
10122;254;681;10;13;10;0
10123;242;681;10;13;10;0
10124;230;681;10;13;10;0
10125;218;681;10;13;10;0
10126;206;681;10;13;10;0
10127;194;681;10;13;10;0
10128;182;681;10;13;10;0
10129;170;681;10;13;10;0
10130;158;681;10;13;10;0
10131;146;681;10;13;10;0
12272;134;681;10;13;10;0
12273;122;681;10;13;10;0
12274;110;681;10;13;10;0
12275;98;681;10;13;10;0
12276;86;681;10;13;10;0
12277;74;681;10;13;10;0
12278;62;681;10;13;10;0
12279;50;681;10;13;10;0
12280;278;681;10;13;10;0
12281;302;681;10;13;10;0
12282;554;681;10;13;10;0
12283;314;681;10;13;10;0
12288;542;681;10;13;10;0
12289;530;681;10;13;10;0
12290;518;681;10;13;10;0
12291;506;681;10;13;10;0
12292;494;681;10;13;10;0
12293;482;681;10;13;10;0
12294;470;681;10;13;10;0
12295;458;681;10;13;10;0
12296;446;681;10;13;10;0
12297;434;681;10;13;10;0
12298;422;681;10;13;10;0
12299;410;681;10;13;10;0
12300;398;681;10;13;10;0
12301;386;681;10;13;10;0
12302;374;681;10;13;10;0
12303;362;681;10;13;10;0
12304;350;681;10;13;10;0
12305;338;681;10;13;10;0
12306;326;681;10;13;10;0
12307;986;681;10;13;10;0
12308;1142;681;10;13;10;0
12309;2102;681;10;13;10;0
12310;1154;681;10;13;10;0
12311;1934;681;10;13;10;0
12312;1922;681;10;13;10;0
12313;1910;681;10;13;10;0
12314;1898;681;10;13;10;0
12315;1886;681;10;13;10;0
12316;1874;681;10;13;10;0
12317;1862;681;10;13;10;0
12318;1850;681;10;13;10;0
12319;1838;681;10;13;10;0
12320;1826;681;10;13;10;0
12321;1814;681;10;13;10;0
12322;1802;681;10;13;10;0
12323;1790;681;10;13;10;0
12324;1778;681;10;13;10;0
12325;1766;681;10;13;10;0
12326;1754;681;10;13;10;0
12327;1742;681;10;13;10;0
12328;1730;681;10;13;10;0
12329;1718;681;10;13;10;0
12342;1946;681;10;13;10;0
12343;1958;681;10;13;10;0
12344;1970;681;10;13;10;0
12345;1982;681;10;13;10;0
12346;2222;681;10;13;10;0
12348;2210;681;10;13;10;0
12350;2198;681;10;13;10;0
12351;2186;681;10;13;10;0
12353;2174;681;10;13;10;0
12354;2162;681;10;13;10;0
12355;2150;681;10;13;10;0
12356;2138;681;10;13;10;0
12357;2126;681;10;13;10;0
12358;2234;681;10;13;10;0
12359;2114;681;10;13;10;0
12360;2090;681;10;13;10;0
12361;2078;681;10;13;10;0
12362;2066;681;10;13;10;0
12363;2054;681;10;13;10;0
12364;2042;681;10;13;10;0
12365;2030;681;10;13;10;0
12366;2018;681;10;13;10;0
12367;2006;681;10;13;10;0
12368;1994;681;10;13;10;0
12369;1706;681;10;13;10;0
12370;1694;681;10;13;10;0
12371;1682;681;10;13;10;0
12372;1406;681;10;13;10;0
12373;1382;681;10;13;10;0
12374;1370;681;10;13;10;0
12375;1358;681;10;13;10;0
12376;1346;681;10;13;10;0
12377;1334;681;10;13;10;0
12378;1322;681;10;13;10;0
12379;1310;681;10;13;10;0
12380;1298;681;10;13;10;0
12381;1286;681;10;13;10;0
12382;1274;681;10;13;10;0
12383;1262;681;10;13;10;0
12384;1250;681;10;13;10;0
12385;1238;681;10;13;10;0
12386;1226;681;10;13;10;0
12387;1214;681;10;13;10;0
12388;1202;681;10;13;10;0
12389;1190;681;10;13;10;0
12390;1178;681;10;13;10;0
12391;1166;681;10;13;10;0
12392;1394;681;10;13;10;0
12393;1418;681;10;13;10;0
12394;1670;681;10;13;10;0
12395;1430;681;10;13;10;0
12396;1658;681;10;13;10;0
12397;1646;681;10;13;10;0
12398;1634;681;10;13;10;0
12399;1622;681;10;13;10;0
12400;1610;681;10;13;10;0
12401;1598;681;10;13;10;0
12402;1586;681;10;13;10;0
12403;1574;681;10;13;10;0
12404;1562;681;10;13;10;0
12405;1550;681;10;13;10;0
12406;1538;681;10;13;10;0
12407;1526;681;10;13;10;0
12408;1514;681;10;13;10;0
12409;1502;681;10;13;10;0
12410;1490;681;10;13;10;0
12411;1478;681;10;13;10;0
12412;1466;681;10;13;10;0
12413;1454;681;10;13;10;0
12414;1442;681;10;13;10;0
12415;38;681;10;13;10;0
12416;26;681;10;13;10;0
12417;14;681;10;13;10;0
12418;3961;666;10;13;10;0
12419;2689;666;10;13;10;0
12420;2677;666;10;13;10;0
12421;2665;666;10;13;10;0
12422;2653;666;10;13;10;0
12423;2641;666;10;13;10;0
12424;2629;666;10;13;10;0
12425;2617;666;10;13;10;0
12426;2605;666;10;13;10;0
12427;2593;666;10;13;10;0
12428;2581;666;10;13;10;0
12429;2569;666;10;13;10;0
12430;2557;666;10;13;10;0
12431;2545;666;10;13;10;0
12432;2533;666;10;13;10;0
12433;2521;666;10;13;10;0
12434;2509;666;10;13;10;0
12435;2497;666;10;13;10;0
12436;2485;666;10;13;10;0
12437;2473;666;10;13;10;0
12438;2701;666;10;13;10;0
12441;2725;666;10;13;10;0
12442;2977;666;10;13;10;0
12443;2737;666;10;13;10;0
12444;2965;666;10;13;10;0
12445;2953;666;10;13;10;0
12446;2941;666;10;13;10;0
12447;2929;666;10;13;10;0
12448;2917;666;10;13;10;0
12449;2905;666;10;13;10;0
12450;2893;666;10;13;10;0
12451;2881;666;10;13;10;0
12452;2869;666;10;13;10;0
12453;2857;666;10;13;10;0
12454;2845;666;10;13;10;0
12455;2833;666;10;13;10;0
12456;2821;666;10;13;10;0
12457;2809;666;10;13;10;0
12458;2797;666;10;13;10;0
12459;2785;666;10;13;10;0
12460;2773;666;10;13;10;0
12461;2761;666;10;13;10;0
12462;2749;666;10;13;10;0
12463;2461;666;10;13;10;0
12464;2713;666;10;13;10;0
12465;2449;666;10;13;10;0
12466;2161;666;10;13;10;0
12467;2137;666;10;13;10;0
12468;2125;666;10;13;10;0
12469;2113;666;10;13;10;0
12470;2101;666;10;13;10;0
12471;2089;666;10;13;10;0
12472;2077;666;10;13;10;0
12473;2065;666;10;13;10;0
12474;2053;666;10;13;10;0
12475;2041;666;10;13;10;0
12476;2029;666;10;13;10;0
12477;2017;666;10;13;10;0
12478;2005;666;10;13;10;0
12479;1993;666;10;13;10;0
12480;1981;666;10;13;10;0
12481;1969;666;10;13;10;0
12482;1957;666;10;13;10;0
12483;1945;666;10;13;10;0
12484;1933;666;10;13;10;0
12485;1921;666;10;13;10;0
12486;2149;666;10;13;10;0
12487;2173;666;10;13;10;0
12488;2425;666;10;13;10;0
12489;2185;666;10;13;10;0
12490;2413;666;10;13;10;0
12491;2401;666;10;13;10;0
12492;2389;666;10;13;10;0
12493;2377;666;10;13;10;0
12494;2365;666;10;13;10;0
12495;2353;666;10;13;10;0
12496;2341;666;10;13;10;0
12497;2329;666;10;13;10;0
12498;2317;666;10;13;10;0
12499;2305;666;10;13;10;0
12500;2293;666;10;13;10;0
12501;2281;666;10;13;10;0
12502;2269;666;10;13;10;0
12503;2257;666;10;13;10;0
12504;2245;666;10;13;10;0
12505;2233;666;10;13;10;0
12506;2221;666;10;13;10;0
12507;2209;666;10;13;10;0
12508;2197;666;10;13;10;0
12509;2437;666;10;13;10;0
12510;2989;666;10;13;10;0
12511;3001;666;10;13;10;0
12512;3013;666;10;13;10;0
12513;3793;666;10;13;10;0
12514;3781;666;10;13;10;0
12515;3769;666;10;13;10;0
12516;3757;666;10;13;10;0
12517;3745;666;10;13;10;0
12518;3733;666;10;13;10;0
12519;3721;666;10;13;10;0
12520;3709;666;10;13;10;0
12521;3697;666;10;13;10;0
12522;3685;666;10;13;10;0
12523;3673;666;10;13;10;0
12524;3661;666;10;13;10;0
12525;3649;666;10;13;10;0
12526;3637;666;10;13;10;0
12527;3625;666;10;13;10;0
12528;3613;666;10;13;10;0
12529;3601;666;10;13;10;0
12530;3589;666;10;13;10;0
12531;3577;666;10;13;10;0
12532;3805;666;10;13;10;0
12533;3817;666;10;13;10;0
12534;3829;666;10;13;10;0
12535;3841;666;10;13;10;0
12536;4081;666;10;13;10;0
12537;4069;666;10;13;10;0
12538;4057;666;10;13;10;0
12539;4045;666;10;13;10;0
12540;4033;666;10;13;10;0
12541;4021;666;10;13;10;0
12542;4009;666;10;13;10;0
12543;3997;666;10;13;10;0
12549;3985;666;10;13;10;0
12550;2;681;10;13;10;0
12551;3973;666;10;13;10;0
12552;3949;666;10;13;10;0
12553;3937;666;10;13;10;0
12554;3925;666;10;13;10;0
12555;3913;666;10;13;10;0
12556;3901;666;10;13;10;0
12557;3889;666;10;13;10;0
12558;3877;666;10;13;10;0
12559;3865;666;10;13;10;0
12560;3853;666;10;13;10;0
12561;3565;666;10;13;10;0
12562;3553;666;10;13;10;0
12563;3541;666;10;13;10;0
12564;3265;666;10;13;10;0
12565;3241;666;10;13;10;0
12566;3229;666;10;13;10;0
12567;3217;666;10;13;10;0
12568;3205;666;10;13;10;0
12569;3193;666;10;13;10;0
12570;3181;666;10;13;10;0
12571;3169;666;10;13;10;0
12572;3157;666;10;13;10;0
12573;3145;666;10;13;10;0
12574;3133;666;10;13;10;0
12575;3121;666;10;13;10;0
12576;3109;666;10;13;10;0
12577;3097;666;10;13;10;0
12578;3085;666;10;13;10;0
12579;3073;666;10;13;10;0
12580;3061;666;10;13;10;0
12581;3049;666;10;13;10;0
12582;3037;666;10;13;10;0
12583;3025;666;10;13;10;0
12584;3253;666;10;13;10;0
12585;3277;666;10;13;10;0
12586;3529;666;10;13;10;0
12587;3289;666;10;13;10;0
12588;3517;666;10;13;10;0
12589;3505;666;10;13;10;0
12590;3493;666;10;13;10;0
12591;3481;666;10;13;10;0
12593;3469;666;10;13;10;0
12594;3457;666;10;13;10;0
12595;3445;666;10;13;10;0
12596;3433;666;10;13;10;0
12597;3421;666;10;13;10;0
12598;3409;666;10;13;10;0
12599;3397;666;10;13;10;0
12600;3385;666;10;13;10;0
12601;3373;666;10;13;10;0
12602;3361;666;10;13;10;0
12603;3349;666;10;13;10;0
12604;3337;666;10;13;10;0
12605;3325;666;10;13;10;0
12606;3313;666;10;13;10;0
12607;3301;666;10;13;10;0
12608;2246;681;10;13;10;0
12609;1250;711;10;13;10;0
12610;1262;711;10;13;10;0
12611;1274;711;10;13;10;0
12612;890;756;10;13;10;0
12613;878;756;10;13;10;0
12614;866;756;10;13;10;0
12615;854;756;10;13;10;0
12616;842;756;10;13;10;0
12617;830;756;10;13;10;0
12618;818;756;10;13;10;0
12619;806;756;10;13;10;0
12620;794;756;10;13;10;0
12621;782;756;10;13;10;0
12622;770;756;10;13;10;0
12623;758;756;10;13;10;0
12624;746;756;10;13;10;0
12625;734;756;10;13;10;0
12626;722;756;10;13;10;0
12627;710;756;10;13;10;0
12628;698;756;10;13;10;0
12629;686;756;10;13;10;0
12630;674;756;10;13;10;0
12631;902;756;10;13;10;0
12632;914;756;10;13;10;0
12633;926;756;10;13;10;0
12634;938;756;10;13;10;0
12635;1178;756;10;13;10;0
12636;1166;756;10;13;10;0
12637;1154;756;10;13;10;0
12638;1142;756;10;13;10;0
12639;1130;756;10;13;10;0
12640;1118;756;10;13;10;0
12641;1106;756;10;13;10;0
12642;1094;756;10;13;10;0
12643;1082;756;10;13;10;0
12644;1190;756;10;13;10;0
12645;1070;756;10;13;10;0
12646;1046;756;10;13;10;0
12647;1034;756;10;13;10;0
12648;1022;756;10;13;10;0
12649;1010;756;10;13;10;0
12650;998;756;10;13;10;0
12651;986;756;10;13;10;0
12652;974;756;10;13;10;0
12653;962;756;10;13;10;0
12654;950;756;10;13;10;0
12655;662;756;10;13;10;0
12656;650;756;10;13;10;0
12657;638;756;10;13;10;0
12658;362;756;10;13;10;0
12659;338;756;10;13;10;0
12660;326;756;10;13;10;0
12661;314;756;10;13;10;0
12662;302;756;10;13;10;0
12663;290;756;10;13;10;0
12664;278;756;10;13;10;0
12665;266;756;10;13;10;0
12666;254;756;10;13;10;0
12667;242;756;10;13;10;0
12668;230;756;10;13;10;0
12669;218;756;10;13;10;0
12670;206;756;10;13;10;0
12671;194;756;10;13;10;0
12672;182;756;10;13;10;0
12673;170;756;10;13;10;0
12674;158;756;10;13;10;0
12675;146;756;10;13;10;0
12676;134;756;10;13;10;0
12677;122;756;10;13;10;0
12678;350;756;10;13;10;0
12679;374;756;10;13;10;0
12680;626;756;10;13;10;0
12681;386;756;10;13;10;0
12682;614;756;10;13;10;0
12683;602;756;10;13;10;0
12684;590;756;10;13;10;0
12685;578;756;10;13;10;0
12686;566;756;10;13;10;0
12832;554;756;10;13;10;0
12833;542;756;10;13;10;0
12834;530;756;10;13;10;0
12835;518;756;10;13;10;0
12836;506;756;10;13;10;0
12837;494;756;10;13;10;0
12838;482;756;10;13;10;0
12839;470;756;10;13;10;0
12840;458;756;10;13;10;0
12841;446;756;10;13;10;0
12927;434;756;10;13;10;0
12928;422;756;10;13;10;0
12929;410;756;10;13;10;0
12930;398;756;10;13;10;0
12931;1058;756;10;13;10;0
12932;1214;756;10;13;10;0
12933;2174;756;10;13;10;0
12934;1226;756;10;13;10;0
12935;2006;756;10;13;10;0
12936;1994;756;10;13;10;0
12937;1982;756;10;13;10;0
12963;1970;756;10;13;10;0
12964;1958;756;10;13;10;0
12965;1946;756;10;13;10;0
12966;1934;756;10;13;10;0
12967;1922;756;10;13;10;0
12968;1910;756;10;13;10;0
12992;1898;756;10;13;10;0
12993;1886;756;10;13;10;0
12994;1874;756;10;13;10;0
12995;1862;756;10;13;10;0
12996;1850;756;10;13;10;0
12997;1838;756;10;13;10;0
12998;1826;756;10;13;10;0
12999;1814;756;10;13;10;0
13000;1802;756;10;13;10;0
13001;1790;756;10;13;10;0
13002;2018;756;10;13;10;0
13003;2030;756;10;13;10;0
13055;2042;756;10;13;10;0
13144;2054;756;10;13;10;0
13145;2294;756;10;13;10;0
13146;2282;756;10;13;10;0
13147;2270;756;10;13;10;0
13148;2258;756;10;13;10;0
13149;2246;756;10;13;10;0
13150;2234;756;10;13;10;0
13151;2222;756;10;13;10;0
13152;2210;756;10;13;10;0
13153;2198;756;10;13;10;0
13154;2306;756;10;13;10;0
13155;2186;756;10;13;10;0
13156;2162;756;10;13;10;0
13157;2150;756;10;13;10;0
13158;2138;756;10;13;10;0
13159;2126;756;10;13;10;0
13160;2114;756;10;13;10;0
13161;2102;756;10;13;10;0
13162;2090;756;10;13;10;0
13163;2078;756;10;13;10;0
13164;2066;756;10;13;10;0
13165;1778;756;10;13;10;0
13166;1766;756;10;13;10;0
13167;1754;756;10;13;10;0
13168;1478;756;10;13;10;0
13179;1454;756;10;13;10;0
13180;1442;756;10;13;10;0
13181;1430;756;10;13;10;0
13182;1418;756;10;13;10;0
13280;1406;756;10;13;10;0
13281;1394;756;10;13;10;0
13282;1382;756;10;13;10;0
13283;1370;756;10;13;10;0
13284;1358;756;10;13;10;0
13285;1346;756;10;13;10;0
13286;1334;756;10;13;10;0
13287;1322;756;10;13;10;0
13288;1310;756;10;13;10;0
13289;1298;756;10;13;10;0
13290;1286;756;10;13;10;0
13291;1274;756;10;13;10;0
13292;1262;756;10;13;10;0
13293;1250;756;10;13;10;0
13294;1238;756;10;13;10;0
13295;1466;756;10;13;10;0
13296;1490;756;10;13;10;0
13297;1742;756;10;13;10;0
13298;1502;756;10;13;10;0
13299;1730;756;10;13;10;0
13300;1718;756;10;13;10;0
13301;1706;756;10;13;10;0
13302;1694;756;10;13;10;0
13303;1682;756;10;13;10;0
13304;1670;756;10;13;10;0
13305;1658;756;10;13;10;0
13306;1646;756;10;13;10;0
13307;1634;756;10;13;10;0
13308;1622;756;10;13;10;0
13309;1610;756;10;13;10;0
13310;1598;756;10;13;10;0
13312;1586;756;10;13;10;0
19968;1574;756;10;13;10;0
19969;1562;756;10;13;10;0
19970;1550;756;10;13;10;0
19971;1538;756;10;13;10;0
19972;1526;756;10;13;10;0
19973;1514;756;10;13;10;0
19974;110;756;10;13;10;0
19975;98;756;10;13;10;0
19976;86;756;10;13;10;0
19977;4034;741;10;13;10;0
19978;2762;741;10;13;10;0
19979;2750;741;10;13;10;0
19980;2738;741;10;13;10;0
19981;2726;741;10;13;10;0
19982;2714;741;10;13;10;0
19983;2702;741;10;13;10;0
19984;2690;741;10;13;10;0
19985;2678;741;10;13;10;0
19987;2666;741;10;13;10;0
19988;2654;741;10;13;10;0
19989;2642;741;10;13;10;0
19990;2630;741;10;13;10;0
19991;2618;741;10;13;10;0
19992;2606;741;10;13;10;0
19993;2594;741;10;13;10;0
19994;2582;741;10;13;10;0
19995;2570;741;10;13;10;0
19996;2558;741;10;13;10;0
19997;2546;741;10;13;10;0
19998;2774;741;10;13;10;0
19999;2798;741;10;13;10;0
20001;3050;741;10;13;10;0
20002;2810;741;10;13;10;0
20003;3038;741;10;13;10;0
20004;3026;741;10;13;10;0
20005;3014;741;10;13;10;0
20006;3002;741;10;13;10;0
20007;2990;741;10;13;10;0
20008;2978;741;10;13;10;0
20009;2966;741;10;13;10;0
20010;2954;741;10;13;10;0
20011;2942;741;10;13;10;0
20013;2930;741;10;13;10;0
20016;2918;741;10;13;10;0
20017;2906;741;10;13;10;0
20018;2894;741;10;13;10;0
20019;2882;741;10;13;10;0
20020;2870;741;10;13;10;0
20021;2858;741;10;13;10;0
20022;2846;741;10;13;10;0
20024;2834;741;10;13;10;0
20025;2822;741;10;13;10;0
20026;2534;741;10;13;10;0
20027;2786;741;10;13;10;0
20028;2522;741;10;13;10;0
20029;2234;741;10;13;10;0
20030;2210;741;10;13;10;0
20031;2198;741;10;13;10;0
20034;2186;741;10;13;10;0
20035;2174;741;10;13;10;0
20037;2162;741;10;13;10;0
20040;2150;741;10;13;10;0
20041;2138;741;10;13;10;0
20043;2126;741;10;13;10;0
20044;2114;741;10;13;10;0
20045;2102;741;10;13;10;0
20046;2090;741;10;13;10;0
20047;2078;741;10;13;10;0
20048;2066;741;10;13;10;0
20050;2054;741;10;13;10;0
20051;2042;741;10;13;10;0
20052;2030;741;10;13;10;0
20053;2018;741;10;13;10;0
20054;2006;741;10;13;10;0
20055;1994;741;10;13;10;0
20056;2222;741;10;13;10;0
20057;2246;741;10;13;10;0
20058;2498;741;10;13;10;0
20059;2258;741;10;13;10;0
20060;2486;741;10;13;10;0
20061;2474;741;10;13;10;0
20062;2462;741;10;13;10;0
20063;2450;741;10;13;10;0
20064;2438;741;10;13;10;0
20065;2426;741;10;13;10;0
20066;2414;741;10;13;10;0
20070;2402;741;10;13;10;0
20073;2390;741;10;13;10;0
20074;2378;741;10;13;10;0
20080;2366;741;10;13;10;0
20081;2354;741;10;13;10;0
20083;2342;741;10;13;10;0
20088;2330;741;10;13;10;0
20094;2318;741;10;13;10;0
20096;2306;741;10;13;10;0
20098;2294;741;10;13;10;0
20101;2282;741;10;13;10;0
20102;2270;741;10;13;10;0
20103;2510;741;10;13;10;0
20104;3062;741;10;13;10;0
20105;3074;741;10;13;10;0
20106;3086;741;10;13;10;0
20107;3866;741;10;13;10;0
20108;3854;741;10;13;10;0
20109;3842;741;10;13;10;0
20110;3830;741;10;13;10;0
20111;3818;741;10;13;10;0
20113;3806;741;10;13;10;0
20114;3794;741;10;13;10;0
20115;3782;741;10;13;10;0
20116;3770;741;10;13;10;0
20117;3758;741;10;13;10;0
20118;3746;741;10;13;10;0
20119;3734;741;10;13;10;0
20120;3722;741;10;13;10;0
20121;3710;741;10;13;10;0
20122;3698;741;10;13;10;0
20123;3686;741;10;13;10;0
20124;3674;741;10;13;10;0
20126;3662;741;10;13;10;0
20127;3650;741;10;13;10;0
20128;3878;741;10;13;10;0
20129;3890;741;10;13;10;0
20130;3902;741;10;13;10;0
20132;3914;741;10;13;10;0
20133;62;756;10;13;10;0
20134;50;756;10;13;10;0
20135;38;756;10;13;10;0
20136;26;756;10;13;10;0
20137;14;756;10;13;10;0
20139;2;756;10;13;10;0
20140;4082;741;10;13;10;0
20141;4070;741;10;13;10;0
20142;4058;741;10;13;10;0
20143;74;756;10;13;10;0
20144;4046;741;10;13;10;0
20146;4022;741;10;13;10;0
20147;4010;741;10;13;10;0
20149;3998;741;10;13;10;0
20150;3986;741;10;13;10;0
20154;3974;741;10;13;10;0
20155;3962;741;10;13;10;0
20156;3950;741;10;13;10;0
20158;3938;741;10;13;10;0
20159;3926;741;10;13;10;0
20160;3638;741;10;13;10;0
20161;3626;741;10;13;10;0
20162;3614;741;10;13;10;0
20163;3338;741;10;13;10;0
20164;3314;741;10;13;10;0
20165;3302;741;10;13;10;0
20166;3290;741;10;13;10;0
20167;3278;741;10;13;10;0
20169;3266;741;10;13;10;0
20170;3254;741;10;13;10;0
20171;3242;741;10;13;10;0
20173;3230;741;10;13;10;0
20174;3218;741;10;13;10;0
20175;3206;741;10;13;10;0
20177;3194;741;10;13;10;0
20179;3182;741;10;13;10;0
20180;3170;741;10;13;10;0
20181;3158;741;10;13;10;0
20182;3146;741;10;13;10;0
20183;3134;741;10;13;10;0
20184;3122;741;10;13;10;0
20185;3110;741;10;13;10;0
20189;3098;741;10;13;10;0
20190;3326;741;10;13;10;0
20191;3350;741;10;13;10;0
20193;3602;741;10;13;10;0
20195;3362;741;10;13;10;0
20196;3590;741;10;13;10;0
20197;3578;741;10;13;10;0
20200;3566;741;10;13;10;0
20202;3554;741;10;13;10;0
20203;3542;741;10;13;10;0
20204;3530;741;10;13;10;0
20205;3518;741;10;13;10;0
20206;3506;741;10;13;10;0
20208;3494;741;10;13;10;0
20210;3482;741;10;13;10;0
20211;3470;741;10;13;10;0
20213;3458;741;10;13;10;0
20214;3446;741;10;13;10;0
20215;3434;741;10;13;10;0
20217;3422;741;10;13;10;0
20219;3410;741;10;13;10;0
20220;3398;741;10;13;10;0
20221;3386;741;10;13;10;0
20223;3374;741;10;13;10;0
20225;1202;756;10;13;10;0
20227;2330;756;10;13;10;0
20232;1562;771;10;13;10;0
20233;2342;756;10;13;10;0
20234;1250;771;10;13;10;0
20235;1238;771;10;13;10;0
20237;1226;771;10;13;10;0
20238;1214;771;10;13;10;0
20239;1202;771;10;13;10;0
20240;1190;771;10;13;10;0
20241;1178;771;10;13;10;0
20245;1166;771;10;13;10;0
20247;1154;771;10;13;10;0
20248;1142;771;10;13;10;0
20249;1130;771;10;13;10;0
20250;1118;771;10;13;10;0
20252;1106;771;10;13;10;0
20253;1094;771;10;13;10;0
20254;1082;771;10;13;10;0
20255;1070;771;10;13;10;0
20256;1058;771;10;13;10;0
20260;1046;771;10;13;10;0
20261;1034;771;10;13;10;0
20262;1262;771;10;13;10;0
20264;1274;771;10;13;10;0
20266;1286;771;10;13;10;0
20267;1298;771;10;13;10;0
20271;1538;771;10;13;10;0
20272;1526;771;10;13;10;0
20276;1514;771;10;13;10;0
20278;1502;771;10;13;10;0
20280;1490;771;10;13;10;0
20281;1478;771;10;13;10;0
20282;1466;771;10;13;10;0
20284;1454;771;10;13;10;0
20285;1442;771;10;13;10;0
20286;1550;771;10;13;10;0
20287;1430;771;10;13;10;0
20291;1406;771;10;13;10;0
20292;1394;771;10;13;10;0
20294;1382;771;10;13;10;0
20295;1370;771;10;13;10;0
20296;1358;771;10;13;10;0
20301;1346;771;10;13;10;0
20302;1334;771;10;13;10;0
20303;1322;771;10;13;10;0
20304;1310;771;10;13;10;0
20305;1022;771;10;13;10;0
20307;1010;771;10;13;10;0
20308;998;771;10;13;10;0
20309;722;771;10;13;10;0
20310;698;771;10;13;10;0
20311;686;771;10;13;10;0
20312;674;771;10;13;10;0
20313;662;771;10;13;10;0
20314;650;771;10;13;10;0
20315;638;771;10;13;10;0
20316;626;771;10;13;10;0
20317;614;771;10;13;10;0
20318;602;771;10;13;10;0
20319;590;771;10;13;10;0
20320;578;771;10;13;10;0
20322;566;771;10;13;10;0
20323;554;771;10;13;10;0
20324;542;771;10;13;10;0
20329;530;771;10;13;10;0
20330;518;771;10;13;10;0
20332;506;771;10;13;10;0
20335;494;771;10;13;10;0
20336;482;771;10;13;10;0
20339;710;771;10;13;10;0
20340;734;771;10;13;10;0
20341;986;771;10;13;10;0
20342;746;771;10;13;10;0
20346;974;771;10;13;10;0
20347;962;771;10;13;10;0
20348;950;771;10;13;10;0
20350;938;771;10;13;10;0
20351;926;771;10;13;10;0
20355;914;771;10;13;10;0
20356;902;771;10;13;10;0
20358;890;771;10;13;10;0
20360;878;771;10;13;10;0
20363;866;771;10;13;10;0
20365;854;771;10;13;10;0
20367;842;771;10;13;10;0
20369;830;771;10;13;10;0
20372;818;771;10;13;10;0
20374;806;771;10;13;10;0
20375;794;771;10;13;10;0
20376;782;771;10;13;10;0
20379;770;771;10;13;10;0
20381;758;771;10;13;10;0
20384;1418;771;10;13;10;0
20385;1574;771;10;13;10;0
20387;2534;771;10;13;10;0
20389;1586;771;10;13;10;0
20390;2366;771;10;13;10;0
20391;2354;771;10;13;10;0
20392;2342;771;10;13;10;0
20393;2330;771;10;13;10;0
20395;2318;771;10;13;10;0
20397;2306;771;10;13;10;0
20398;2294;771;10;13;10;0
20399;2282;771;10;13;10;0
20401;2270;771;10;13;10;0
20405;2258;771;10;13;10;0
20406;2246;771;10;13;10;0
20407;2234;771;10;13;10;0
20415;2222;771;10;13;10;0
20418;2210;771;10;13;10;0
20419;2198;771;10;13;10;0
20420;2186;771;10;13;10;0
20422;2174;771;10;13;10;0
20425;2162;771;10;13;10;0
20426;2150;771;10;13;10;0
20427;2378;771;10;13;10;0
20428;2390;771;10;13;10;0
20430;2402;771;10;13;10;0
20431;2414;771;10;13;10;0
20432;2654;771;10;13;10;0
20433;2642;771;10;13;10;0
20436;2630;771;10;13;10;0
20439;2618;771;10;13;10;0
20440;2606;771;10;13;10;0
20442;2594;771;10;13;10;0
20443;2582;771;10;13;10;0
20445;2570;771;10;13;10;0
20446;2558;771;10;13;10;0
20447;2666;771;10;13;10;0
20448;2546;771;10;13;10;0
20449;2522;771;10;13;10;0
20450;2510;771;10;13;10;0
20451;2498;771;10;13;10;0
20452;2486;771;10;13;10;0
20453;2474;771;10;13;10;0
20456;2462;771;10;13;10;0
20457;2450;771;10;13;10;0
20458;2438;771;10;13;10;0
20460;2426;771;10;13;10;0
20461;2138;771;10;13;10;0
20462;2126;771;10;13;10;0
20463;2114;771;10;13;10;0
20465;1838;771;10;13;10;0
20467;1814;771;10;13;10;0
20469;1802;771;10;13;10;0
20470;1790;771;10;13;10;0
20472;1778;771;10;13;10;0
20474;1766;771;10;13;10;0
20478;1754;771;10;13;10;0
20480;1742;771;10;13;10;0
20485;1730;771;10;13;10;0
20486;1718;771;10;13;10;0
20488;1706;771;10;13;10;0
20489;1694;771;10;13;10;0
20491;1682;771;10;13;10;0
20492;1670;771;10;13;10;0
20493;1658;771;10;13;10;0
20495;1646;771;10;13;10;0
20497;1634;771;10;13;10;0
20498;1622;771;10;13;10;0
20500;1610;771;10;13;10;0
20502;1598;771;10;13;10;0
20504;1826;771;10;13;10;0
20505;1850;771;10;13;10;0
20506;2102;771;10;13;10;0
20508;1862;771;10;13;10;0
20511;2090;771;10;13;10;0
20513;2078;771;10;13;10;0
20514;2066;771;10;13;10;0
20515;2054;771;10;13;10;0
20516;2042;771;10;13;10;0
20517;2030;771;10;13;10;0
20518;2018;771;10;13;10;0
20520;2006;771;10;13;10;0
20521;1994;771;10;13;10;0
20522;1982;771;10;13;10;0
20523;1970;771;10;13;10;0
20524;1958;771;10;13;10;0
20525;1946;771;10;13;10;0
20534;1934;771;10;13;10;0
20537;1922;771;10;13;10;0
20538;1910;771;10;13;10;0
20540;1898;771;10;13;10;0
20542;1886;771;10;13;10;0
20547;1874;771;10;13;10;0
20551;470;771;10;13;10;0
20552;458;771;10;13;10;0
20553;446;771;10;13;10;0
20556;302;771;10;13;10;0
20558;3122;756;10;13;10;0
20559;3110;756;10;13;10;0
20560;3098;756;10;13;10;0
20565;3086;756;10;13;10;0
20566;3074;756;10;13;10;0
20568;3062;756;10;13;10;0
20570;3050;756;10;13;10;0
20572;3038;756;10;13;10;0
20581;3026;756;10;13;10;0
20588;3014;756;10;13;10;0
20589;3002;756;10;13;10;0
20591;2990;756;10;13;10;0
20594;2978;756;10;13;10;0
20596;2966;756;10;13;10;0
20597;2954;756;10;13;10;0
20598;2942;756;10;13;10;0
20599;2930;756;10;13;10;0
20600;2918;756;10;13;10;0
20602;2906;756;10;13;10;0
20605;3134;756;10;13;10;0
20607;3158;756;10;13;10;0
20608;3410;756;10;13;10;0
20613;3170;756;10;13;10;0
20616;3398;756;10;13;10;0
20620;3386;756;10;13;10;0
20621;3374;756;10;13;10;0
20625;3362;756;10;13;10;0
20629;3350;756;10;13;10;0
20630;3338;756;10;13;10;0
20632;3326;756;10;13;10;0
20633;3314;756;10;13;10;0
20634;3302;756;10;13;10;0
20636;3290;756;10;13;10;0
20642;3278;756;10;13;10;0
20643;3266;756;10;13;10;0
20648;3254;756;10;13;10;0
20652;3242;756;10;13;10;0
20653;3230;756;10;13;10;0
20655;3218;756;10;13;10;0
20658;3206;756;10;13;10;0
20659;3194;756;10;13;10;0
20660;3182;756;10;13;10;0
20661;2894;756;10;13;10;0
20663;3146;756;10;13;10;0
20667;2882;756;10;13;10;0
20670;2594;756;10;13;10;0
20674;2570;756;10;13;10;0
20677;2558;756;10;13;10;0
20679;2546;756;10;13;10;0
20681;2534;756;10;13;10;0
20682;2522;756;10;13;10;0
20685;2510;756;10;13;10;0
20686;2498;756;10;13;10;0
20687;2486;756;10;13;10;0
20689;2474;756;10;13;10;0
20693;2462;756;10;13;10;0
20694;2450;756;10;13;10;0
20698;2438;756;10;13;10;0
20702;2426;756;10;13;10;0
20707;2414;756;10;13;10;0
20709;2402;756;10;13;10;0
20710;2390;756;10;13;10;0
20711;2378;756;10;13;10;0
20712;2366;756;10;13;10;0
20713;2354;756;10;13;10;0
20715;2582;756;10;13;10;0
20717;2606;756;10;13;10;0
20718;2858;756;10;13;10;0
20721;2618;756;10;13;10;0
20723;2846;756;10;13;10;0
20725;2834;756;10;13;10;0
20729;2822;756;10;13;10;0
20730;2810;756;10;13;10;0
20731;2798;756;10;13;10;0
20736;2786;756;10;13;10;0
20737;2774;756;10;13;10;0
20738;2762;756;10;13;10;0
20740;2750;756;10;13;10;0
20741;2738;756;10;13;10;0
20742;2726;756;10;13;10;0
20744;2714;756;10;13;10;0
20745;2702;756;10;13;10;0
20752;2690;756;10;13;10;0
20754;2678;756;10;13;10;0
20756;2666;756;10;13;10;0
20757;2654;756;10;13;10;0
20758;2642;756;10;13;10;0
20760;2630;756;10;13;10;0
20762;2870;756;10;13;10;0
20767;3422;756;10;13;10;0
20769;3434;756;10;13;10;0
20778;3446;756;10;13;10;0
20786;134;771;10;13;10;0
20787;122;771;10;13;10;0
20791;110;771;10;13;10;0
20792;98;771;10;13;10;0
20794;86;771;10;13;10;0
20795;74;771;10;13;10;0
20796;62;771;10;13;10;0
20799;50;771;10;13;10;0
20800;38;771;10;13;10;0
20801;26;771;10;13;10;0
20803;14;771;10;13;10;0
20804;2;771;10;13;10;0
20805;4082;756;10;13;10;0
20806;4070;756;10;13;10;0
20807;4058;756;10;13;10;0
20808;4046;756;10;13;10;0
20809;4034;756;10;13;10;0
20811;4022;756;10;13;10;0
20812;4010;756;10;13;10;0
20813;146;771;10;13;10;0
20814;158;771;10;13;10;0
20816;170;771;10;13;10;0
20817;182;771;10;13;10;0
20818;422;771;10;13;10;0
20820;410;771;10;13;10;0
20821;398;771;10;13;10;0
20822;386;771;10;13;10;0
20823;374;771;10;13;10;0
20825;362;771;10;13;10;0
20826;350;771;10;13;10;0
20827;338;771;10;13;10;0
20828;326;771;10;13;10;0
20829;434;771;10;13;10;0
20830;314;771;10;13;10;0
20833;290;771;10;13;10;0
20834;278;771;10;13;10;0
20835;266;771;10;13;10;0
20837;254;771;10;13;10;0
20839;242;771;10;13;10;0
20840;230;771;10;13;10;0
20841;218;771;10;13;10;0
20842;206;771;10;13;10;0
20843;194;771;10;13;10;0
20844;3998;756;10;13;10;0
20845;3986;756;10;13;10;0
20846;3974;756;10;13;10;0
20848;3698;756;10;13;10;0
20849;3674;756;10;13;10;0
20851;3662;756;10;13;10;0
20852;3650;756;10;13;10;0
20853;3638;756;10;13;10;0
20854;3626;756;10;13;10;0
20855;3614;756;10;13;10;0
20856;3602;756;10;13;10;0
20857;3590;756;10;13;10;0
20859;3578;756;10;13;10;0
20860;3566;756;10;13;10;0
20861;3554;756;10;13;10;0
20864;3542;756;10;13;10;0
20865;3530;756;10;13;10;0
20866;3518;756;10;13;10;0
20869;3506;756;10;13;10;0
20870;3494;756;10;13;10;0
20871;3482;756;10;13;10;0
20872;3470;756;10;13;10;0
20873;3458;756;10;13;10;0
20874;3686;756;10;13;10;0
20876;3710;756;10;13;10;0
20877;3962;756;10;13;10;0
20879;3722;756;10;13;10;0
20880;3950;756;10;13;10;0
20881;3938;756;10;13;10;0
20882;3926;756;10;13;10;0
20883;3914;756;10;13;10;0
20885;3902;756;10;13;10;0
20886;3890;756;10;13;10;0
20887;3878;756;10;13;10;0
20889;3866;756;10;13;10;0
20890;3854;756;10;13;10;0
20891;3842;756;10;13;10;0
20892;3830;756;10;13;10;0
20893;3818;756;10;13;10;0
20896;3806;756;10;13;10;0
20898;3794;756;10;13;10;0
20900;3782;756;10;13;10;0
20901;3770;756;10;13;10;0
20902;3758;756;10;13;10;0
20903;3746;756;10;13;10;0
20904;3734;756;10;13;10;0
20905;1982;741;10;13;10;0
20906;1970;741;10;13;10;0
20907;1958;741;10;13;10;0
20908;842;741;10;13;10;0
20911;182;726;10;13;10;0
20912;170;726;10;13;10;0
20913;158;726;10;13;10;0
20914;146;726;10;13;10;0
20915;134;726;10;13;10;0
20916;122;726;10;13;10;0
20917;110;726;10;13;10;0
20918;98;726;10;13;10;0
20919;86;726;10;13;10;0
20923;74;726;10;13;10;0
20924;62;726;10;13;10;0
20925;50;726;10;13;10;0
20926;38;726;10;13;10;0
20927;26;726;10;13;10;0
20928;14;726;10;13;10;0
20931;2;726;10;13;10;0
20932;4082;711;10;13;10;0
20933;4070;711;10;13;10;0
20934;4058;711;10;13;10;0
20935;194;726;10;13;10;0
20936;218;726;10;13;10;0
20937;470;726;10;13;10;0
20938;230;726;10;13;10;0
20939;458;726;10;13;10;0
20940;446;726;10;13;10;0
20941;434;726;10;13;10;0
20943;422;726;10;13;10;0
20945;410;726;10;13;10;0
20950;398;726;10;13;10;0
20955;386;726;10;13;10;0
20956;374;726;10;13;10;0
20957;362;726;10;13;10;0
20960;350;726;10;13;10;0
20961;338;726;10;13;10;0
20962;326;726;10;13;10;0
20963;314;726;10;13;10;0
20964;302;726;10;13;10;0
20966;290;726;10;13;10;0
20967;278;726;10;13;10;0
20969;266;726;10;13;10;0
20970;254;726;10;13;10;0
20971;242;726;10;13;10;0
20973;4046;711;10;13;10;0
20975;206;726;10;13;10;0
20976;4034;711;10;13;10;0
20977;3746;711;10;13;10;0
20979;3722;711;10;13;10;0
20981;3710;711;10;13;10;0
20982;3698;711;10;13;10;0
20984;3686;711;10;13;10;0
20985;3674;711;10;13;10;0
20986;3662;711;10;13;10;0
20987;3650;711;10;13;10;0
20989;3638;711;10;13;10;0
20990;3626;711;10;13;10;0
20991;3614;711;10;13;10;0
20992;3602;711;10;13;10;0
20993;3590;711;10;13;10;0
20994;3578;711;10;13;10;0
20995;3566;711;10;13;10;0
20996;3554;711;10;13;10;0
20998;3542;711;10;13;10;0
20999;3530;711;10;13;10;0
21000;3518;711;10;13;10;0
21002;3506;711;10;13;10;0
21003;3734;711;10;13;10;0
21006;3758;711;10;13;10;0
21009;4010;711;10;13;10;0
21010;3770;711;10;13;10;0
21012;3998;711;10;13;10;0
21014;3986;711;10;13;10;0
21015;3974;711;10;13;10;0
21016;3962;711;10;13;10;0
21017;3950;711;10;13;10;0
21018;3938;711;10;13;10;0
21019;3926;711;10;13;10;0
21021;3914;711;10;13;10;0
21024;3902;711;10;13;10;0
21027;3890;711;10;13;10;0
21028;3878;711;10;13;10;0
21029;3866;711;10;13;10;0
21031;3854;711;10;13;10;0
21032;3842;711;10;13;10;0
21033;3830;711;10;13;10;0
21034;3818;711;10;13;10;0
21035;3806;711;10;13;10;0
21038;3794;711;10;13;10;0
21040;3782;711;10;13;10;0
21043;4022;711;10;13;10;0
21046;482;726;10;13;10;0
21047;494;726;10;13;10;0
21048;506;726;10;13;10;0
21049;1286;726;10;13;10;0
21050;1274;726;10;13;10;0
21051;1262;726;10;13;10;0
21053;1250;726;10;13;10;0
21057;1238;726;10;13;10;0
21058;1226;726;10;13;10;0
21059;1214;726;10;13;10;0
21060;1202;726;10;13;10;0
21063;1190;726;10;13;10;0
21065;1178;726;10;13;10;0
21066;1166;726;10;13;10;0
21067;1154;726;10;13;10;0
21068;1142;726;10;13;10;0
21069;1130;726;10;13;10;0
21070;1118;726;10;13;10;0
21071;1106;726;10;13;10;0
21072;1094;726;10;13;10;0
21073;1082;726;10;13;10;0
21076;1070;726;10;13;10;0
21078;1298;726;10;13;10;0
21083;1310;726;10;13;10;0
21084;1322;726;10;13;10;0
21085;1334;726;10;13;10;0
21086;1574;726;10;13;10;0
21091;1562;726;10;13;10;0
21092;1550;726;10;13;10;0
21093;1538;726;10;13;10;0
21095;1526;726;10;13;10;0
21097;1514;726;10;13;10;0
21098;1502;726;10;13;10;0
21102;1490;726;10;13;10;0
21103;1478;726;10;13;10;0
21104;1586;726;10;13;10;0
21105;1466;726;10;13;10;0
21106;1442;726;10;13;10;0
21107;1430;726;10;13;10;0
21108;1418;726;10;13;10;0
21109;1406;726;10;13;10;0
21111;1394;726;10;13;10;0
21117;1382;726;10;13;10;0
21118;1370;726;10;13;10;0
21119;1358;726;10;13;10;0
21121;1346;726;10;13;10;0
21122;1058;726;10;13;10;0
21123;1046;726;10;13;10;0
21124;1034;726;10;13;10;0
21127;758;726;10;13;10;0
21128;734;726;10;13;10;0
21129;722;726;10;13;10;0
21130;710;726;10;13;10;0
21133;698;726;10;13;10;0
21135;686;726;10;13;10;0
21137;674;726;10;13;10;0
21138;662;726;10;13;10;0
21139;650;726;10;13;10;0
21140;638;726;10;13;10;0
21142;626;726;10;13;10;0
21147;614;726;10;13;10;0
21149;602;726;10;13;10;0
21150;590;726;10;13;10;0
21151;578;726;10;13;10;0
21152;566;726;10;13;10;0
21153;554;726;10;13;10;0
21155;542;726;10;13;10;0
21158;530;726;10;13;10;0
21160;518;726;10;13;10;0
21161;746;726;10;13;10;0
21162;770;726;10;13;10;0
21163;1022;726;10;13;10;0
21164;782;726;10;13;10;0
21165;1010;726;10;13;10;0
21169;998;726;10;13;10;0
21170;986;726;10;13;10;0
21171;974;726;10;13;10;0
21172;962;726;10;13;10;0
21173;950;726;10;13;10;0
21177;938;726;10;13;10;0
21179;926;726;10;13;10;0
21180;914;726;10;13;10;0
21182;902;726;10;13;10;0
21183;890;726;10;13;10;0
21185;878;726;10;13;10;0
21187;866;726;10;13;10;0
21189;854;726;10;13;10;0
21191;842;726;10;13;10;0
21193;830;726;10;13;10;0
21195;818;726;10;13;10;0
21197;806;726;10;13;10;0
21202;794;726;10;13;10;0
21205;3494;711;10;13;10;0
21207;1454;726;10;13;10;0
21208;3482;711;10;13;10;0
21209;3326;711;10;13;10;0
21211;2054;711;10;13;10;0
21213;2042;711;10;13;10;0
21214;2030;711;10;13;10;0
21215;2018;711;10;13;10;0
21216;2006;711;10;13;10;0
21218;1994;711;10;13;10;0
21219;1982;711;10;13;10;0
21220;1970;711;10;13;10;0
21221;1958;711;10;13;10;0
21222;1946;711;10;13;10;0
21223;1934;711;10;13;10;0
21232;1922;711;10;13;10;0
21234;1910;711;10;13;10;0
21235;1898;711;10;13;10;0
21237;1886;711;10;13;10;0
21239;1874;711;10;13;10;0
21240;1862;711;10;13;10;0
21241;1850;711;10;13;10;0
21242;1838;711;10;13;10;0
21243;2066;711;10;13;10;0
21246;2090;711;10;13;10;0
21247;2342;711;10;13;10;0
21248;2102;711;10;13;10;0
21249;2330;711;10;13;10;0
21250;2318;711;10;13;10;0
21253;2306;711;10;13;10;0
21254;2294;711;10;13;10;0
21256;2282;711;10;13;10;0
21259;2270;711;10;13;10;0
21261;2258;711;10;13;10;0
21263;2246;711;10;13;10;0
21264;2234;711;10;13;10;0
21269;2222;711;10;13;10;0
21270;2210;711;10;13;10;0
21271;2198;711;10;13;10;0
21273;2186;711;10;13;10;0
21274;2174;711;10;13;10;0
21277;2162;711;10;13;10;0
21280;2150;711;10;13;10;0
21281;2138;711;10;13;10;0
21283;2126;711;10;13;10;0
21290;2114;711;10;13;10;0
21293;1826;711;10;13;10;0
21294;2078;711;10;13;10;0
21295;1814;711;10;13;10;0
21297;1526;711;10;13;10;0
21299;1502;711;10;13;10;0
21304;1490;711;10;13;10;0
21305;1478;711;10;13;10;0
21306;1466;711;10;13;10;0
21307;1454;711;10;13;10;0
21310;1442;711;10;13;10;0
21311;1430;711;10;13;10;0
21312;1418;711;10;13;10;0
21313;1406;711;10;13;10;0
21315;1394;711;10;13;10;0
21316;1382;711;10;13;10;0
21317;1370;711;10;13;10;0
21318;1358;711;10;13;10;0
21319;1346;711;10;13;10;0
21320;1334;711;10;13;10;0
21321;1322;711;10;13;10;0
21322;1310;711;10;13;10;0
21323;1298;711;10;13;10;0
21324;1286;711;10;13;10;0
21325;1514;711;10;13;10;0
21326;1538;711;10;13;10;0
21327;1790;711;10;13;10;0
21328;1550;711;10;13;10;0
21329;1778;711;10;13;10;0
21330;1766;711;10;13;10;0
21331;1754;711;10;13;10;0
21332;1742;711;10;13;10;0
21333;1730;711;10;13;10;0
21334;1718;711;10;13;10;0
21335;1706;711;10;13;10;0
21336;1694;711;10;13;10;0
21338;1682;711;10;13;10;0
21340;1670;711;10;13;10;0
21342;1658;711;10;13;10;0
21343;1646;711;10;13;10;0
21344;1634;711;10;13;10;0
21345;1622;711;10;13;10;0
21346;1610;711;10;13;10;0
21348;1598;711;10;13;10;0
21349;1586;711;10;13;10;0
21350;1574;711;10;13;10;0
21351;1562;711;10;13;10;0
21352;1802;711;10;13;10;0
21353;2354;711;10;13;10;0
21355;2366;711;10;13;10;0
21356;2378;711;10;13;10;0
21358;3158;711;10;13;10;0
21359;3146;711;10;13;10;0
21360;3134;711;10;13;10;0
21361;3122;711;10;13;10;0
21363;3110;711;10;13;10;0
21364;3098;711;10;13;10;0
21365;3086;711;10;13;10;0
21367;3074;711;10;13;10;0
21368;3062;711;10;13;10;0
21369;3050;711;10;13;10;0
21371;3038;711;10;13;10;0
21373;3026;711;10;13;10;0
21375;3014;711;10;13;10;0
21378;3002;711;10;13;10;0
21379;2990;711;10;13;10;0
21380;2978;711;10;13;10;0
21381;2966;711;10;13;10;0
21382;2954;711;10;13;10;0
21385;2942;711;10;13;10;0
21387;3170;711;10;13;10;0
21388;3182;711;10;13;10;0
21390;3194;711;10;13;10;0
21397;3206;711;10;13;10;0
21398;3446;711;10;13;10;0
21400;3434;711;10;13;10;0
21401;3422;711;10;13;10;0
21402;3410;711;10;13;10;0
21405;3398;711;10;13;10;0
21407;3386;711;10;13;10;0
21408;3374;711;10;13;10;0
21410;3362;711;10;13;10;0
21413;3350;711;10;13;10;0
21414;3458;711;10;13;10;0
21416;3338;711;10;13;10;0
21417;3314;711;10;13;10;0
21421;3302;711;10;13;10;0
21422;3290;711;10;13;10;0
21424;3278;711;10;13;10;0
21426;3266;711;10;13;10;0
21427;3254;711;10;13;10;0
21428;3242;711;10;13;10;0
21430;3230;711;10;13;10;0
21435;3218;711;10;13;10;0
21439;2930;711;10;13;10;0
21441;2918;711;10;13;10;0
21442;2906;711;10;13;10;0
21443;2630;711;10;13;10;0
21448;2606;711;10;13;10;0
21449;2594;711;10;13;10;0
21450;2582;711;10;13;10;0
21451;2570;711;10;13;10;0
21452;2558;711;10;13;10;0
21453;2546;711;10;13;10;0
21454;2534;711;10;13;10;0
21457;2522;711;10;13;10;0
21458;2510;711;10;13;10;0
21460;2498;711;10;13;10;0
21461;2486;711;10;13;10;0
21462;2474;711;10;13;10;0
21463;2462;711;10;13;10;0
21464;2450;711;10;13;10;0
21465;2438;711;10;13;10;0
21466;2426;711;10;13;10;0
21467;2414;711;10;13;10;0
21471;2402;711;10;13;10;0
21472;2390;711;10;13;10;0
21473;2618;711;10;13;10;0
21474;2642;711;10;13;10;0
21475;2894;711;10;13;10;0
21476;2654;711;10;13;10;0
21477;2882;711;10;13;10;0
21478;2870;711;10;13;10;0
21480;2858;711;10;13;10;0
21481;2846;711;10;13;10;0
21482;2834;711;10;13;10;0
21483;2822;711;10;13;10;0
21484;2810;711;10;13;10;0
21485;2798;711;10;13;10;0
21486;2786;711;10;13;10;0
21487;2774;711;10;13;10;0
21488;2762;711;10;13;10;0
21489;2750;711;10;13;10;0
21490;2738;711;10;13;10;0
21491;2726;711;10;13;10;0
21493;2714;711;10;13;10;0
21494;2702;711;10;13;10;0
21495;2690;711;10;13;10;0
21496;2678;711;10;13;10;0
21497;2666;711;10;13;10;0
21498;3470;711;10;13;10;0
21499;1598;726;10;13;10;0
21500;1610;726;10;13;10;0
21501;1622;726;10;13;10;0
21502;530;741;10;13;10;0
21505;518;741;10;13;10;0
21507;506;741;10;13;10;0
21508;494;741;10;13;10;0
21510;482;741;10;13;10;0
21512;470;741;10;13;10;0
21513;458;741;10;13;10;0
21514;446;741;10;13;10;0
21515;434;741;10;13;10;0
21516;422;741;10;13;10;0
21517;410;741;10;13;10;0
21518;398;741;10;13;10;0
21519;386;741;10;13;10;0
21520;374;741;10;13;10;0
21521;362;741;10;13;10;0
21522;350;741;10;13;10;0
21523;338;741;10;13;10;0
21524;326;741;10;13;10;0
21525;314;741;10;13;10;0
21526;542;741;10;13;10;0
21527;554;741;10;13;10;0
21531;566;741;10;13;10;0
21532;578;741;10;13;10;0
21533;818;741;10;13;10;0
21534;806;741;10;13;10;0
21535;794;741;10;13;10;0
21536;782;741;10;13;10;0
21537;770;741;10;13;10;0
21542;758;741;10;13;10;0
21543;746;741;10;13;10;0
21544;734;741;10;13;10;0
21545;722;741;10;13;10;0
21546;830;741;10;13;10;0
21547;710;741;10;13;10;0
21548;686;741;10;13;10;0
21549;674;741;10;13;10;0
21550;662;741;10;13;10;0
21551;650;741;10;13;10;0
21553;638;741;10;13;10;0
21555;626;741;10;13;10;0
21556;614;741;10;13;10;0
21557;602;741;10;13;10;0
21558;590;741;10;13;10;0
21560;302;741;10;13;10;0
21561;290;741;10;13;10;0
21563;278;741;10;13;10;0
21564;2;741;10;13;10;0
21565;4070;726;10;13;10;0
21566;4058;726;10;13;10;0
21567;4046;726;10;13;10;0
21568;4034;726;10;13;10;0
21570;4022;726;10;13;10;0
21571;4010;726;10;13;10;0
21574;3998;726;10;13;10;0
21576;3986;726;10;13;10;0
21577;3974;726;10;13;10;0
21578;3962;726;10;13;10;0
21579;3950;726;10;13;10;0
21582;3938;726;10;13;10;0
21584;3926;726;10;13;10;0
21585;3914;726;10;13;10;0
21587;3902;726;10;13;10;0
21588;3890;726;10;13;10;0
21589;3878;726;10;13;10;0
21591;3866;726;10;13;10;0
21592;3854;726;10;13;10;0
21593;4082;726;10;13;10;0
21595;14;741;10;13;10;0
21596;266;741;10;13;10;0
21599;26;741;10;13;10;0
21600;254;741;10;13;10;0
21602;242;741;10;13;10;0
21603;230;741;10;13;10;0
21604;218;741;10;13;10;0
21606;206;741;10;13;10;0
21608;194;741;10;13;10;0
21610;182;741;10;13;10;0
21614;170;741;10;13;10;0
21615;158;741;10;13;10;0
21616;146;741;10;13;10;0
21617;134;741;10;13;10;0
21618;122;741;10;13;10;0
21619;110;741;10;13;10;0
21621;98;741;10;13;10;0
21622;86;741;10;13;10;0
21623;74;741;10;13;10;0
21624;62;741;10;13;10;0
21627;50;741;10;13;10;0
21628;38;741;10;13;10;0
21629;698;741;10;13;10;0
21630;854;741;10;13;10;0
21631;1814;741;10;13;10;0
21632;866;741;10;13;10;0
21633;1646;741;10;13;10;0
21634;1634;741;10;13;10;0
21636;1622;741;10;13;10;0
21638;1610;741;10;13;10;0
21639;1598;741;10;13;10;0
21640;1586;741;10;13;10;0
21643;1574;741;10;13;10;0
21644;1562;741;10;13;10;0
21646;1550;741;10;13;10;0
21647;1538;741;10;13;10;0
21648;1526;741;10;13;10;0
21649;1514;741;10;13;10;0
21650;1502;741;10;13;10;0
21651;1490;741;10;13;10;0
21652;1478;741;10;13;10;0
21653;1466;741;10;13;10;0
21654;1454;741;10;13;10;0
21655;1442;741;10;13;10;0
21656;1430;741;10;13;10;0
21657;1658;741;10;13;10;0
21658;1670;741;10;13;10;0
21659;1682;741;10;13;10;0
21664;1694;741;10;13;10;0
21665;1934;741;10;13;10;0
21666;1922;741;10;13;10;0
21668;1910;741;10;13;10;0
21669;1898;741;10;13;10;0
21670;1886;741;10;13;10;0
21671;1874;741;10;13;10;0
21672;1862;741;10;13;10;0
21673;1850;741;10;13;10;0
21674;1838;741;10;13;10;0
21675;1946;741;10;13;10;0
21676;1826;741;10;13;10;0
21677;1802;741;10;13;10;0
21679;1790;741;10;13;10;0
21681;1778;741;10;13;10;0
21682;1766;741;10;13;10;0
21683;1754;741;10;13;10;0
21687;1742;741;10;13;10;0
21688;1730;741;10;13;10;0
21689;1718;741;10;13;10;0
21691;1706;741;10;13;10;0
21692;1418;741;10;13;10;0
21693;1406;741;10;13;10;0
21694;1394;741;10;13;10;0
21695;1118;741;10;13;10;0
21696;1094;741;10;13;10;0
21697;1082;741;10;13;10;0
21698;1070;741;10;13;10;0
21699;1058;741;10;13;10;0
21700;1046;741;10;13;10;0
21702;1034;741;10;13;10;0
21703;1022;741;10;13;10;0
21704;1010;741;10;13;10;0
21705;998;741;10;13;10;0
21707;986;741;10;13;10;0
21709;974;741;10;13;10;0
21710;962;741;10;13;10;0
21711;950;741;10;13;10;0
21713;938;741;10;13;10;0
21714;926;741;10;13;10;0
21715;914;741;10;13;10;0
21716;902;741;10;13;10;0
21718;890;741;10;13;10;0
21719;878;741;10;13;10;0
21720;1106;741;10;13;10;0
21722;1130;741;10;13;10;0
21725;1382;741;10;13;10;0
21726;1142;741;10;13;10;0
21727;1370;741;10;13;10;0
21729;1358;741;10;13;10;0
21730;1346;741;10;13;10;0
21733;1334;741;10;13;10;0
21734;1322;741;10;13;10;0
21735;1310;741;10;13;10;0
21736;1298;741;10;13;10;0
21737;1286;741;10;13;10;0
21738;1274;741;10;13;10;0
21741;1262;741;10;13;10;0
21742;1250;741;10;13;10;0
21746;1238;741;10;13;10;0
21754;1226;741;10;13;10;0
21756;1214;741;10;13;10;0
21757;1202;741;10;13;10;0
21759;1190;741;10;13;10;0
21761;1178;741;10;13;10;0
21764;1166;741;10;13;10;0
21766;1154;741;10;13;10;0
21767;3842;726;10;13;10;0
21769;3830;726;10;13;10;0
21771;3818;726;10;13;10;0
21774;3674;726;10;13;10;0
21775;2402;726;10;13;10;0
21776;2390;726;10;13;10;0
21777;2378;726;10;13;10;0
21779;2366;726;10;13;10;0
21780;2354;726;10;13;10;0
21782;2342;726;10;13;10;0
21786;2330;726;10;13;10;0
21790;2318;726;10;13;10;0
21792;2306;726;10;13;10;0
21794;2294;726;10;13;10;0
21796;2282;726;10;13;10;0
21797;2270;726;10;13;10;0
21798;2258;726;10;13;10;0
21799;2246;726;10;13;10;0
21802;2234;726;10;13;10;0
21804;2222;726;10;13;10;0
21805;2210;726;10;13;10;0
21806;2198;726;10;13;10;0
21807;2186;726;10;13;10;0
21808;2414;726;10;13;10;0
21809;2438;726;10;13;10;0
21811;2690;726;10;13;10;0
21815;2450;726;10;13;10;0
21816;2678;726;10;13;10;0
21817;2666;726;10;13;10;0
21820;2654;726;10;13;10;0
21822;2642;726;10;13;10;0
21824;2630;726;10;13;10;0
21825;2618;726;10;13;10;0
21827;2606;726;10;13;10;0
21828;2594;726;10;13;10;0
21829;2582;726;10;13;10;0
21830;2570;726;10;13;10;0
21833;2558;726;10;13;10;0
21834;2546;726;10;13;10;0
21835;2534;726;10;13;10;0
21836;2522;726;10;13;10;0
21837;2510;726;10;13;10;0
21838;2498;726;10;13;10;0
21839;2486;726;10;13;10;0
21840;2474;726;10;13;10;0
21843;2462;726;10;13;10;0
21845;2174;726;10;13;10;0
21846;2426;726;10;13;10;0
21847;2162;726;10;13;10;0
21852;1874;726;10;13;10;0
21853;1850;726;10;13;10;0
21854;1838;726;10;13;10;0
21855;1826;726;10;13;10;0
21857;1814;726;10;13;10;0
21858;1802;726;10;13;10;0
21859;1790;726;10;13;10;0
21860;1778;726;10;13;10;0
21861;1766;726;10;13;10;0
21862;1754;726;10;13;10;0
21863;1742;726;10;13;10;0
21865;1730;726;10;13;10;0
21866;1718;726;10;13;10;0
21867;1706;726;10;13;10;0
21868;1694;726;10;13;10;0
21870;1682;726;10;13;10;0
21872;1670;726;10;13;10;0
21873;1658;726;10;13;10;0
21874;1646;726;10;13;10;0
21877;1634;726;10;13;10;0
21878;1862;726;10;13;10;0
21879;1886;726;10;13;10;0
21880;2138;726;10;13;10;0
21881;1898;726;10;13;10;0
21883;2126;726;10;13;10;0
21884;2114;726;10;13;10;0
21886;2102;726;10;13;10;0
21888;2090;726;10;13;10;0
21889;2078;726;10;13;10;0
21890;2066;726;10;13;10;0
21891;2054;726;10;13;10;0
21892;2042;726;10;13;10;0
21894;2030;726;10;13;10;0
21895;2018;726;10;13;10;0
21897;2006;726;10;13;10;0
21898;1994;726;10;13;10;0
21899;1982;726;10;13;10;0
21902;1970;726;10;13;10;0
21903;1958;726;10;13;10;0
21905;1946;726;10;13;10;0
21908;1934;726;10;13;10;0
21912;1922;726;10;13;10;0
21913;1910;726;10;13;10;0
21914;2150;726;10;13;10;0
21916;2702;726;10;13;10;0
21917;2714;726;10;13;10;0
21918;2726;726;10;13;10;0
21919;3506;726;10;13;10;0
21925;3494;726;10;13;10;0
21927;3482;726;10;13;10;0
21928;3470;726;10;13;10;0
21929;3458;726;10;13;10;0
21930;3446;726;10;13;10;0
21931;3434;726;10;13;10;0
21932;3422;726;10;13;10;0
21934;3410;726;10;13;10;0
21936;3398;726;10;13;10;0
21937;3386;726;10;13;10;0
21938;3374;726;10;13;10;0
21939;3362;726;10;13;10;0
21941;3350;726;10;13;10;0
21942;3338;726;10;13;10;0
21943;3326;726;10;13;10;0
21945;3314;726;10;13;10;0
21946;3302;726;10;13;10;0
21947;3290;726;10;13;10;0
21948;3518;726;10;13;10;0
21949;3530;726;10;13;10;0
21951;3542;726;10;13;10;0
21952;3554;726;10;13;10;0
21956;3794;726;10;13;10;0
21957;3782;726;10;13;10;0
21958;3770;726;10;13;10;0
21959;3758;726;10;13;10;0
21961;3746;726;10;13;10;0
21964;3734;726;10;13;10;0
21965;3722;726;10;13;10;0
21966;3710;726;10;13;10;0
21968;3698;726;10;13;10;0
21969;3806;726;10;13;10;0
21970;3686;726;10;13;10;0
21971;3662;726;10;13;10;0
21972;3650;726;10;13;10;0
21974;3638;726;10;13;10;0
21975;3626;726;10;13;10;0
21978;3614;726;10;13;10;0
21980;3602;726;10;13;10;0
21981;3590;726;10;13;10;0
21983;3578;726;10;13;10;0
21985;3566;726;10;13;10;0
21987;3278;726;10;13;10;0
21988;3266;726;10;13;10;0
21989;3254;726;10;13;10;0
21990;2978;726;10;13;10;0
21991;2954;726;10;13;10;0
21992;2942;726;10;13;10;0
21993;2930;726;10;13;10;0
21996;2918;726;10;13;10;0
21998;2906;726;10;13;10;0
21999;2894;726;10;13;10;0
22000;2882;726;10;13;10;0
22001;2870;726;10;13;10;0
22002;2858;726;10;13;10;0
22005;2846;726;10;13;10;0
22006;2834;726;10;13;10;0
22007;2822;726;10;13;10;0
22009;2810;726;10;13;10;0
22011;2798;726;10;13;10;0
22013;2786;726;10;13;10;0
22014;2774;726;10;13;10;0
22016;2762;726;10;13;10;0
22017;2750;726;10;13;10;0
22018;2738;726;10;13;10;0
22021;2966;726;10;13;10;0
22022;2990;726;10;13;10;0
22024;3242;726;10;13;10;0
22025;3002;726;10;13;10;0
22028;3230;726;10;13;10;0
22029;3218;726;10;13;10;0
22030;3206;726;10;13;10;0
22031;3194;726;10;13;10;0
22032;3182;726;10;13;10;0
22035;3170;726;10;13;10;0
22036;3158;726;10;13;10;0
22038;3146;726;10;13;10;0
22039;3134;726;10;13;10;0
22040;3122;726;10;13;10;0
22043;3110;726;10;13;10;0
22044;3098;726;10;13;10;0
22045;3086;726;10;13;10;0
22046;3074;726;10;13;10;0
22047;3062;726;10;13;10;0
22050;3050;726;10;13;10;0
22051;3038;726;10;13;10;0
22053;3026;726;10;13;10;0
22054;3014;726;10;13;10;0
22055;1562;651;10;13;10;0
22057;2318;756;10;13;10;0
22061;1550;651;10;13;10;0
22062;1178;636;10;13;10;0
22063;2426;561;10;13;10;0
22064;2414;561;10;13;10;0
22065;2402;561;10;13;10;0
22066;2390;561;10;13;10;0
22068;2378;561;10;13;10;0
22070;2366;561;10;13;10;0
22072;2354;561;10;13;10;0
22073;2342;561;10;13;10;0
22075;2330;561;10;13;10;0
22079;2318;561;10;13;10;0
22080;2306;561;10;13;10;0
22081;2294;561;10;13;10;0
22082;2282;561;10;13;10;0
22083;2270;561;10;13;10;0
22089;2258;561;10;13;10;0
22092;2246;561;10;13;10;0
22094;2234;561;10;13;10;0
22095;2222;561;10;13;10;0
22096;2210;561;10;13;10;0
22098;2438;561;10;13;10;0
22099;2462;561;10;13;10;0
22100;2714;561;10;13;10;0
22103;2474;561;10;13;10;0
22104;2702;561;10;13;10;0
22105;2690;561;10;13;10;0
22106;2678;561;10;13;10;0
22107;2666;561;10;13;10;0
22108;2654;561;10;13;10;0
22109;2642;561;10;13;10;0
22112;2630;561;10;13;10;0
22114;2618;561;10;13;10;0
22116;2606;561;10;13;10;0
22117;2594;561;10;13;10;0
22120;2582;561;10;13;10;0
22121;2570;561;10;13;10;0
22122;2558;561;10;13;10;0
22123;2546;561;10;13;10;0
22124;2534;561;10;13;10;0
22127;2522;561;10;13;10;0
22129;2510;561;10;13;10;0
22132;2498;561;10;13;10;0
22134;2486;561;10;13;10;0
22136;2198;561;10;13;10;0
22137;2450;561;10;13;10;0
22138;2186;561;10;13;10;0
22140;1898;561;10;13;10;0
22144;1874;561;10;13;10;0
22148;1862;561;10;13;10;0
22149;1850;561;10;13;10;0
22150;1838;561;10;13;10;0
22151;1826;561;10;13;10;0
22153;1814;561;10;13;10;0
22154;1802;561;10;13;10;0
22158;1790;561;10;13;10;0
22159;1778;561;10;13;10;0
22160;1766;561;10;13;10;0
22163;1754;561;10;13;10;0
22164;1742;561;10;13;10;0
22165;1730;561;10;13;10;0
22169;1718;561;10;13;10;0
22171;1706;561;10;13;10;0
22175;1694;561;10;13;10;0
22176;1682;561;10;13;10;0
22177;1670;561;10;13;10;0
22178;1658;561;10;13;10;0
22179;1886;561;10;13;10;0
22180;1910;561;10;13;10;0
22181;2162;561;10;13;10;0
22182;1922;561;10;13;10;0
22184;2150;561;10;13;10;0
22189;2138;561;10;13;10;0
22190;2126;561;10;13;10;0
22191;2114;561;10;13;10;0
22193;2102;561;10;13;10;0
22195;2090;561;10;13;10;0
22196;2078;561;10;13;10;0
22198;2066;561;10;13;10;0
22199;2054;561;10;13;10;0
22201;2042;561;10;13;10;0
22204;2030;561;10;13;10;0
22207;2018;561;10;13;10;0
22208;2006;561;10;13;10;0
22209;1994;561;10;13;10;0
22210;1982;561;10;13;10;0
22211;1970;561;10;13;10;0
22216;1958;561;10;13;10;0
22217;1946;561;10;13;10;0
22218;1934;561;10;13;10;0
22220;2174;561;10;13;10;0
22221;2726;561;10;13;10;0
22222;2738;561;10;13;10;0
22225;2750;561;10;13;10;0
22226;3530;561;10;13;10;0
22227;3518;561;10;13;10;0
22228;3506;561;10;13;10;0
22230;3494;561;10;13;10;0
22231;3482;561;10;13;10;0
22232;3470;561;10;13;10;0
22234;3458;561;10;13;10;0
22235;3446;561;10;13;10;0
22237;3434;561;10;13;10;0
22238;3422;561;10;13;10;0
22239;3410;561;10;13;10;0
22240;3398;561;10;13;10;0
22241;3386;561;10;13;10;0
22242;3374;561;10;13;10;0
22243;3362;561;10;13;10;0
22244;3350;561;10;13;10;0
22245;3338;561;10;13;10;0
22247;3326;561;10;13;10;0
22250;3314;561;10;13;10;0
22251;3542;561;10;13;10;0
22252;3554;561;10;13;10;0
22253;3566;561;10;13;10;0
22254;3578;561;10;13;10;0
22256;3818;561;10;13;10;0
22257;3806;561;10;13;10;0
22258;3794;561;10;13;10;0
22259;3782;561;10;13;10;0
22260;3770;561;10;13;10;0
22261;3758;561;10;13;10;0
22264;3746;561;10;13;10;0
22265;3734;561;10;13;10;0
22266;3722;561;10;13;10;0
22269;3830;561;10;13;10;0
22270;3710;561;10;13;10;0
22271;3686;561;10;13;10;0
22272;3674;561;10;13;10;0
22275;3662;561;10;13;10;0
22276;3650;561;10;13;10;0
22278;3638;561;10;13;10;0
22279;3626;561;10;13;10;0
22280;3614;561;10;13;10;0
22281;3602;561;10;13;10;0
22283;3590;561;10;13;10;0
22285;3302;561;10;13;10;0
22286;3290;561;10;13;10;0
22287;3278;561;10;13;10;0
22290;3002;561;10;13;10;0
22291;2978;561;10;13;10;0
22294;2966;561;10;13;10;0
22296;2954;561;10;13;10;0
22300;2942;561;10;13;10;0
22303;2930;561;10;13;10;0
22306;2918;561;10;13;10;0
22307;2906;561;10;13;10;0
22310;2894;561;10;13;10;0
22311;2882;561;10;13;10;0
22312;2870;561;10;13;10;0
22313;2858;561;10;13;10;0
22314;2846;561;10;13;10;0
22316;2834;561;10;13;10;0
22317;2822;561;10;13;10;0
22318;2810;561;10;13;10;0
22319;2798;561;10;13;10;0
22320;2786;561;10;13;10;0
22323;2774;561;10;13;10;0
22327;2762;561;10;13;10;0
22328;2990;561;10;13;10;0
22329;3014;561;10;13;10;0
22330;3266;561;10;13;10;0
22331;3026;561;10;13;10;0
22332;3254;561;10;13;10;0
22334;3242;561;10;13;10;0
22336;3230;561;10;13;10;0
22338;3218;561;10;13;10;0
22339;3206;561;10;13;10;0
22343;3194;561;10;13;10;0
22346;3182;561;10;13;10;0
22348;3170;561;10;13;10;0
22349;3158;561;10;13;10;0
22350;3146;561;10;13;10;0
22351;3134;561;10;13;10;0
22352;3122;561;10;13;10;0
22353;3110;561;10;13;10;0
22356;3098;561;10;13;10;0
22359;3086;561;10;13;10;0
22362;3074;561;10;13;10;0
22363;3062;561;10;13;10;0
22364;3050;561;10;13;10;0
22365;3038;561;10;13;10;0
22366;1646;561;10;13;10;0
22367;3698;561;10;13;10;0
22368;1634;561;10;13;10;0
22369;1478;561;10;13;10;0
22372;206;561;10;13;10;0
22374;194;561;10;13;10;0
22376;182;561;10;13;10;0
22377;170;561;10;13;10;0
22378;158;561;10;13;10;0
22381;146;561;10;13;10;0
22383;134;561;10;13;10;0
22384;122;561;10;13;10;0
22387;110;561;10;13;10;0
22389;98;561;10;13;10;0
22391;86;561;10;13;10;0
22396;74;561;10;13;10;0
22398;62;561;10;13;10;0
22399;50;561;10;13;10;0
22402;38;561;10;13;10;0
22403;26;561;10;13;10;0
22404;14;561;10;13;10;0
22408;2;561;10;13;10;0
22409;4082;546;10;13;10;0
22411;218;561;10;13;10;0
22412;242;561;10;13;10;0
22418;494;561;10;13;10;0
22419;254;561;10;13;10;0
22420;482;561;10;13;10;0
22426;470;561;10;13;10;0
22427;458;561;10;13;10;0
22432;446;561;10;13;10;0
22434;434;561;10;13;10;0
22435;422;561;10;13;10;0
22436;410;561;10;13;10;0
22438;398;561;10;13;10;0
22439;386;561;10;13;10;0
22442;374;561;10;13;10;0
22443;362;561;10;13;10;0
22446;350;561;10;13;10;0
22448;338;561;10;13;10;0
22449;326;561;10;13;10;0
22451;314;561;10;13;10;0
22453;302;561;10;13;10;0
22455;290;561;10;13;10;0
22458;278;561;10;13;10;0
22459;266;561;10;13;10;0
22464;4070;546;10;13;10;0
22466;230;561;10;13;10;0
22467;4058;546;10;13;10;0
22470;3770;546;10;13;10;0
22475;3746;546;10;13;10;0
22478;3734;546;10;13;10;0
22482;3722;546;10;13;10;0
22483;3710;546;10;13;10;0
22484;3698;546;10;13;10;0
22485;3686;546;10;13;10;0
22486;3674;546;10;13;10;0
22487;3662;546;10;13;10;0
22488;3650;546;10;13;10;0
22490;3638;546;10;13;10;0
22492;3626;546;10;13;10;0
22494;3614;546;10;13;10;0
22495;3602;546;10;13;10;0
22496;3590;546;10;13;10;0
22497;3578;546;10;13;10;0
22499;3566;546;10;13;10;0
22500;3554;546;10;13;10;0
22503;3542;546;10;13;10;0
22506;3530;546;10;13;10;0
22509;3758;546;10;13;10;0
22511;3782;546;10;13;10;0
22514;4034;546;10;13;10;0
22516;3794;546;10;13;10;0
22519;4022;546;10;13;10;0
22520;4010;546;10;13;10;0
22521;3998;546;10;13;10;0
22522;3986;546;10;13;10;0
22524;3974;546;10;13;10;0
22525;3962;546;10;13;10;0
22528;3950;546;10;13;10;0
22530;3938;546;10;13;10;0
22531;3926;546;10;13;10;0
22533;3914;546;10;13;10;0
22534;3902;546;10;13;10;0
22535;3890;546;10;13;10;0
22537;3878;546;10;13;10;0
22538;3866;546;10;13;10;0
22539;3854;546;10;13;10;0
22545;3842;546;10;13;10;0
22549;3830;546;10;13;10;0
22553;3818;546;10;13;10;0
22557;3806;546;10;13;10;0
22560;4046;546;10;13;10;0
22561;506;561;10;13;10;0
22564;518;561;10;13;10;0
22570;530;561;10;13;10;0
22573;1310;561;10;13;10;0
22575;1298;561;10;13;10;0
22576;1286;561;10;13;10;0
22577;1274;561;10;13;10;0
22580;1262;561;10;13;10;0
22581;1250;561;10;13;10;0
22586;1238;561;10;13;10;0
22589;1226;561;10;13;10;0
22592;1214;561;10;13;10;0
22593;1202;561;10;13;10;0
22596;1190;561;10;13;10;0
22602;1178;561;10;13;10;0
22603;1166;561;10;13;10;0
22604;1154;561;10;13;10;0
22605;1142;561;10;13;10;0
22609;1130;561;10;13;10;0
22610;1118;561;10;13;10;0
22612;1106;561;10;13;10;0
22615;1094;561;10;13;10;0
22616;1322;561;10;13;10;0
22617;1334;561;10;13;10;0
22618;1346;561;10;13;10;0
22622;1358;561;10;13;10;0
22626;1598;561;10;13;10;0
22628;1586;561;10;13;10;0
22633;1574;561;10;13;10;0
22635;1562;561;10;13;10;0
22637;1550;561;10;13;10;0
22639;1538;561;10;13;10;0
22640;1526;561;10;13;10;0
22641;1514;561;10;13;10;0
22642;1502;561;10;13;10;0
22643;1610;561;10;13;10;0
22645;1490;561;10;13;10;0
22649;1466;561;10;13;10;0
22653;1454;561;10;13;10;0
22654;1442;561;10;13;10;0
22656;1430;561;10;13;10;0
22659;1418;561;10;13;10;0
22661;1406;561;10;13;10;0
22665;1394;561;10;13;10;0
22666;1382;561;10;13;10;0
22673;1370;561;10;13;10;0
22674;1082;561;10;13;10;0
22675;1070;561;10;13;10;0
22679;1058;561;10;13;10;0
22680;782;561;10;13;10;0
22681;758;561;10;13;10;0
22684;746;561;10;13;10;0
22686;734;561;10;13;10;0
22687;722;561;10;13;10;0
22691;710;561;10;13;10;0
22694;698;561;10;13;10;0
22696;686;561;10;13;10;0
22697;674;561;10;13;10;0
22699;662;561;10;13;10;0
22700;650;561;10;13;10;0
22702;638;561;10;13;10;0
22707;626;561;10;13;10;0
22709;614;561;10;13;10;0
22710;602;561;10;13;10;0
22712;590;561;10;13;10;0
22713;578;561;10;13;10;0
22714;566;561;10;13;10;0
22715;554;561;10;13;10;0
22718;542;561;10;13;10;0
22721;770;561;10;13;10;0
22722;794;561;10;13;10;0
22725;1046;561;10;13;10;0
22726;806;561;10;13;10;0
22727;1034;561;10;13;10;0
22730;1022;561;10;13;10;0
22732;1010;561;10;13;10;0
22734;998;561;10;13;10;0
22737;986;561;10;13;10;0
22739;974;561;10;13;10;0
22741;962;561;10;13;10;0
22743;950;561;10;13;10;0
22744;938;561;10;13;10;0
22745;926;561;10;13;10;0
22746;914;561;10;13;10;0
22748;902;561;10;13;10;0
22750;890;561;10;13;10;0
22751;878;561;10;13;10;0
22752;866;561;10;13;10;0
22754;854;561;10;13;10;0
22756;842;561;10;13;10;0
22757;830;561;10;13;10;0
22761;818;561;10;13;10;0
22763;1622;561;10;13;10;0
22764;3842;561;10;13;10;0
22766;3854;561;10;13;10;0
22767;3866;561;10;13;10;0
22768;2774;576;10;13;10;0
22769;2762;576;10;13;10;0
22770;2750;576;10;13;10;0
22771;2738;576;10;13;10;0
22774;2726;576;10;13;10;0
22775;2714;576;10;13;10;0
22777;2702;576;10;13;10;0
22778;2690;576;10;13;10;0
22779;2678;576;10;13;10;0
22780;2666;576;10;13;10;0
22781;2654;576;10;13;10;0
22786;2642;576;10;13;10;0
22788;2630;576;10;13;10;0
22790;2618;576;10;13;10;0
22791;2606;576;10;13;10;0
22793;2594;576;10;13;10;0
22794;2582;576;10;13;10;0
22796;2570;576;10;13;10;0
22797;2558;576;10;13;10;0
22799;2786;576;10;13;10;0
22800;2798;576;10;13;10;0
22804;2810;576;10;13;10;0
22805;2822;576;10;13;10;0
22806;3062;576;10;13;10;0
22808;3050;576;10;13;10;0
22809;3038;576;10;13;10;0
22810;3026;576;10;13;10;0
22811;3014;576;10;13;10;0
22812;3002;576;10;13;10;0
22815;2990;576;10;13;10;0
22816;2978;576;10;13;10;0
22818;2966;576;10;13;10;0
22820;3074;576;10;13;10;0
22821;2954;576;10;13;10;0
22823;2930;576;10;13;10;0
22825;2918;576;10;13;10;0
22826;2906;576;10;13;10;0
22827;2894;576;10;13;10;0
22828;2882;576;10;13;10;0
22829;2870;576;10;13;10;0
22830;2858;576;10;13;10;0
22831;2846;576;10;13;10;0
22833;2834;576;10;13;10;0
22834;2546;576;10;13;10;0
22836;2534;576;10;13;10;0
22839;2522;576;10;13;10;0
22840;2246;576;10;13;10;0
22841;2222;576;10;13;10;0
22842;2210;576;10;13;10;0
22846;2198;576;10;13;10;0
22848;2186;576;10;13;10;0
22849;2174;576;10;13;10;0
22852;2162;576;10;13;10;0
22855;2150;576;10;13;10;0
22856;2138;576;10;13;10;0
22857;2126;576;10;13;10;0
22859;2114;576;10;13;10;0
22860;2102;576;10;13;10;0
22862;2090;576;10;13;10;0
22863;2078;576;10;13;10;0
22864;2066;576;10;13;10;0
22865;2054;576;10;13;10;0
22868;2042;576;10;13;10;0
22869;2030;576;10;13;10;0
22870;2018;576;10;13;10;0
22871;2006;576;10;13;10;0
22872;2234;576;10;13;10;0
22874;2258;576;10;13;10;0
22880;2510;576;10;13;10;0
22882;2270;576;10;13;10;0
22885;2498;576;10;13;10;0
22887;2486;576;10;13;10;0
22888;2474;576;10;13;10;0
22889;2462;576;10;13;10;0
22890;2450;576;10;13;10;0
22892;2438;576;10;13;10;0
22893;2426;576;10;13;10;0
22894;2414;576;10;13;10;0
22899;2402;576;10;13;10;0
22900;2390;576;10;13;10;0
22902;2378;576;10;13;10;0
22904;2366;576;10;13;10;0
22905;2354;576;10;13;10;0
22908;2342;576;10;13;10;0
22909;2330;576;10;13;10;0
22913;2318;576;10;13;10;0
22914;2306;576;10;13;10;0
22915;2294;576;10;13;10;0
22916;2282;576;10;13;10;0
22918;2942;576;10;13;10;0
22919;3098;576;10;13;10;0
22920;4058;576;10;13;10;0
22922;3110;576;10;13;10;0
22925;3890;576;10;13;10;0
22927;3878;576;10;13;10;0
22929;3866;576;10;13;10;0
22930;3854;576;10;13;10;0
22931;3842;576;10;13;10;0
22934;3830;576;10;13;10;0
22935;3818;576;10;13;10;0
22936;3806;576;10;13;10;0
22937;3794;576;10;13;10;0
22939;3782;576;10;13;10;0
22941;3770;576;10;13;10;0
22942;3758;576;10;13;10;0
22945;3746;576;10;13;10;0
22947;3734;576;10;13;10;0
22948;3722;576;10;13;10;0
22949;3710;576;10;13;10;0
22952;3698;576;10;13;10;0
22954;3686;576;10;13;10;0
22956;3674;576;10;13;10;0
22958;3902;576;10;13;10;0
22959;3914;576;10;13;10;0
22962;3926;576;10;13;10;0
22963;3938;576;10;13;10;0
22966;86;591;10;13;10;0
22968;74;591;10;13;10;0
22969;62;591;10;13;10;0
22971;50;591;10;13;10;0
22974;38;591;10;13;10;0
22981;26;591;10;13;10;0
22982;14;591;10;13;10;0
22985;2;591;10;13;10;0
22986;4082;576;10;13;10;0
22987;98;591;10;13;10;0
22989;4070;576;10;13;10;0
22992;4046;576;10;13;10;0
22993;4034;576;10;13;10;0
22994;4022;576;10;13;10;0
22995;4010;576;10;13;10;0
22996;3998;576;10;13;10;0
22999;3986;576;10;13;10;0
23000;3974;576;10;13;10;0
23001;3962;576;10;13;10;0
23002;3950;576;10;13;10;0
23004;3662;576;10;13;10;0
23005;3650;576;10;13;10;0
23006;3638;576;10;13;10;0
23011;3362;576;10;13;10;0
23013;3338;576;10;13;10;0
23014;3326;576;10;13;10;0
23016;3314;576;10;13;10;0
23018;3302;576;10;13;10;0
23019;3290;576;10;13;10;0
23020;3278;576;10;13;10;0
23022;3266;576;10;13;10;0
23029;3254;576;10;13;10;0
23030;3242;576;10;13;10;0
23033;3230;576;10;13;10;0
23035;3218;576;10;13;10;0
23039;3206;576;10;13;10;0
23041;3194;576;10;13;10;0
23043;3182;576;10;13;10;0
23044;3170;576;10;13;10;0
23045;3158;576;10;13;10;0
23046;3146;576;10;13;10;0
23047;3134;576;10;13;10;0
23049;3122;576;10;13;10;0
23052;3350;576;10;13;10;0
23057;3374;576;10;13;10;0
23059;3626;576;10;13;10;0
23064;3386;576;10;13;10;0
23066;3614;576;10;13;10;0
23067;3602;576;10;13;10;0
23068;3590;576;10;13;10;0
23071;3578;576;10;13;10;0
23072;3566;576;10;13;10;0
23075;3554;576;10;13;10;0
23077;3542;576;10;13;10;0
23081;3530;576;10;13;10;0
23082;3518;576;10;13;10;0
23087;3506;576;10;13;10;0
23089;3494;576;10;13;10;0
23091;3482;576;10;13;10;0
23092;3470;576;10;13;10;0
23093;3458;576;10;13;10;0
23094;3446;576;10;13;10;0
23100;3434;576;10;13;10;0
23104;3422;576;10;13;10;0
23105;3410;576;10;13;10;0
23110;3398;576;10;13;10;0
23113;1994;576;10;13;10;0
23114;1982;576;10;13;10;0
23125;1970;576;10;13;10;0
23130;1826;576;10;13;10;0
23138;554;576;10;13;10;0
23142;542;576;10;13;10;0
23143;530;576;10;13;10;0
23146;518;576;10;13;10;0
23148;506;576;10;13;10;0
23149;494;576;10;13;10;0
23156;482;576;10;13;10;0
23157;470;576;10;13;10;0
23158;458;576;10;13;10;0
23159;446;576;10;13;10;0
23162;434;576;10;13;10;0
23167;422;576;10;13;10;0
23172;410;576;10;13;10;0
23186;398;576;10;13;10;0
23191;386;576;10;13;10;0
23194;374;576;10;13;10;0
23195;362;576;10;13;10;0
23196;350;576;10;13;10;0
23198;338;576;10;13;10;0
23200;566;576;10;13;10;0
23207;590;576;10;13;10;0
23210;842;576;10;13;10;0
23212;602;576;10;13;10;0
23217;830;576;10;13;10;0
23218;818;576;10;13;10;0
23219;806;576;10;13;10;0
23226;794;576;10;13;10;0
23228;782;576;10;13;10;0
23229;770;576;10;13;10;0
23230;758;576;10;13;10;0
23231;746;576;10;13;10;0
23233;734;576;10;13;10;0
23234;722;576;10;13;10;0
23240;710;576;10;13;10;0
23241;698;576;10;13;10;0
23243;686;576;10;13;10;0
23244;674;576;10;13;10;0
23248;662;576;10;13;10;0
23252;650;576;10;13;10;0
23254;638;576;10;13;10;0
23255;626;576;10;13;10;0
23256;614;576;10;13;10;0
23258;326;576;10;13;10;0
23265;578;576;10;13;10;0
23267;314;576;10;13;10;0
23270;26;576;10;13;10;0
23273;2;576;10;13;10;0
23282;4082;561;10;13;10;0
23285;4070;561;10;13;10;0
23290;4058;561;10;13;10;0
23291;4046;561;10;13;10;0
23299;4034;561;10;13;10;0
23301;4022;561;10;13;10;0
23304;4010;561;10;13;10;0
23305;3998;561;10;13;10;0
23307;3986;561;10;13;10;0
23308;3974;561;10;13;10;0
23311;3962;561;10;13;10;0
23318;3950;561;10;13;10;0
23319;3938;561;10;13;10;0
23323;3926;561;10;13;10;0
23325;3914;561;10;13;10;0
23329;3902;561;10;13;10;0
23330;3890;561;10;13;10;0
23332;3878;561;10;13;10;0
23338;14;576;10;13;10;0
23340;38;576;10;13;10;0
23344;290;576;10;13;10;0
23346;50;576;10;13;10;0
23348;278;576;10;13;10;0
23350;266;576;10;13;10;0
23351;254;576;10;13;10;0
23352;242;576;10;13;10;0
23358;230;576;10;13;10;0
23359;218;576;10;13;10;0
23360;206;576;10;13;10;0
23363;194;576;10;13;10;0
23365;182;576;10;13;10;0
23371;170;576;10;13;10;0
23372;158;576;10;13;10;0
23373;146;576;10;13;10;0
23376;134;576;10;13;10;0
23377;122;576;10;13;10;0
23378;110;576;10;13;10;0
23379;98;576;10;13;10;0
23380;86;576;10;13;10;0
23381;74;576;10;13;10;0
23382;62;576;10;13;10;0
23383;302;576;10;13;10;0
23384;854;576;10;13;10;0
23385;866;576;10;13;10;0
23386;878;576;10;13;10;0
23387;1658;576;10;13;10;0
23388;1646;576;10;13;10;0
23389;1634;576;10;13;10;0
23391;1622;576;10;13;10;0
23394;1610;576;10;13;10;0
23395;1598;576;10;13;10;0
23396;1586;576;10;13;10;0
23397;1574;576;10;13;10;0
23398;1562;576;10;13;10;0
23401;1550;576;10;13;10;0
23402;1538;576;10;13;10;0
23403;1526;576;10;13;10;0
23405;1514;576;10;13;10;0
23408;1502;576;10;13;10;0
23409;1490;576;10;13;10;0
23411;1478;576;10;13;10;0
23413;1466;576;10;13;10;0
23416;1454;576;10;13;10;0
23418;1442;576;10;13;10;0
23419;1670;576;10;13;10;0
23421;1682;576;10;13;10;0
23423;1694;576;10;13;10;0
23424;1706;576;10;13;10;0
23425;1946;576;10;13;10;0
23426;1934;576;10;13;10;0
23427;1922;576;10;13;10;0
23429;1910;576;10;13;10;0
23431;1898;576;10;13;10;0
23432;1886;576;10;13;10;0
23433;1874;576;10;13;10;0
23435;1862;576;10;13;10;0
23436;1850;576;10;13;10;0
23437;1958;576;10;13;10;0
23439;1838;576;10;13;10;0
23443;1814;576;10;13;10;0
23445;1802;576;10;13;10;0
23447;1790;576;10;13;10;0
23448;1778;576;10;13;10;0
23449;1766;576;10;13;10;0
23450;1754;576;10;13;10;0
23451;1742;576;10;13;10;0
23452;1730;576;10;13;10;0
23453;1718;576;10;13;10;0
23454;1430;576;10;13;10;0
23455;1418;576;10;13;10;0
23456;1406;576;10;13;10;0
23457;1130;576;10;13;10;0
23458;1106;576;10;13;10;0
23459;1094;576;10;13;10;0
23460;1082;576;10;13;10;0
23461;1070;576;10;13;10;0
23462;1058;576;10;13;10;0
23466;1046;576;10;13;10;0
23467;1034;576;10;13;10;0
23470;1022;576;10;13;10;0
23472;1010;576;10;13;10;0
23475;998;576;10;13;10;0
23476;986;576;10;13;10;0
23477;974;576;10;13;10;0
23478;962;576;10;13;10;0
23480;950;576;10;13;10;0
23481;938;576;10;13;10;0
23485;926;576;10;13;10;0
23486;914;576;10;13;10;0
23487;902;576;10;13;10;0
23490;890;576;10;13;10;0
23491;1118;576;10;13;10;0
23492;1142;576;10;13;10;0
23493;1394;576;10;13;10;0
23494;1154;576;10;13;10;0
23495;1382;576;10;13;10;0
23497;1370;576;10;13;10;0
23500;1358;576;10;13;10;0
23501;1346;576;10;13;10;0
23504;1334;576;10;13;10;0
23506;1322;576;10;13;10;0
23507;1310;576;10;13;10;0
23508;1298;576;10;13;10;0
23515;1286;576;10;13;10;0
23517;1274;576;10;13;10;0
23518;1262;576;10;13;10;0
23519;1250;576;10;13;10;0
23521;1238;576;10;13;10;0
23522;1226;576;10;13;10;0
23524;1214;576;10;13;10;0
23525;1202;576;10;13;10;0
23526;1190;576;10;13;10;0
23527;1178;576;10;13;10;0
23528;1166;576;10;13;10;0
23529;3518;546;10;13;10;0
23531;3086;576;10;13;10;0
23532;3506;546;10;13;10;0
23533;2378;546;10;13;10;0
23534;1718;531;10;13;10;0
23536;1706;531;10;13;10;0
23539;1694;531;10;13;10;0
23541;1682;531;10;13;10;0
23542;1670;531;10;13;10;0
23544;1658;531;10;13;10;0
23545;1646;531;10;13;10;0
23546;1634;531;10;13;10;0
23547;1622;531;10;13;10;0
23548;1610;531;10;13;10;0
23550;1598;531;10;13;10;0
23551;1586;531;10;13;10;0
23553;1574;531;10;13;10;0
23554;1562;531;10;13;10;0
23555;1550;531;10;13;10;0
23556;1538;531;10;13;10;0
23557;1526;531;10;13;10;0
23558;1514;531;10;13;10;0
23559;1502;531;10;13;10;0
23560;1730;531;10;13;10;0
23561;1754;531;10;13;10;0
23562;2006;531;10;13;10;0
23563;1766;531;10;13;10;0
23565;1994;531;10;13;10;0
23566;1982;531;10;13;10;0
23567;1970;531;10;13;10;0
23568;1958;531;10;13;10;0
23569;1946;531;10;13;10;0
23571;1934;531;10;13;10;0
23572;1922;531;10;13;10;0
23573;1910;531;10;13;10;0
23574;1898;531;10;13;10;0
23576;1886;531;10;13;10;0
23577;1874;531;10;13;10;0
23578;1862;531;10;13;10;0
23579;1850;531;10;13;10;0
23581;1838;531;10;13;10;0
23582;1826;531;10;13;10;0
23584;1814;531;10;13;10;0
23586;1802;531;10;13;10;0
23588;1790;531;10;13;10;0
23591;1778;531;10;13;10;0
23592;1490;531;10;13;10;0
23594;1742;531;10;13;10;0
23596;1478;531;10;13;10;0
23597;1190;531;10;13;10;0
23601;1166;531;10;13;10;0
23604;1154;531;10;13;10;0
23606;1142;531;10;13;10;0
23607;1130;531;10;13;10;0
23608;1118;531;10;13;10;0
23609;1106;531;10;13;10;0
23610;1094;531;10;13;10;0
23611;1082;531;10;13;10;0
23612;1070;531;10;13;10;0
23613;1058;531;10;13;10;0
23614;1046;531;10;13;10;0
23615;1034;531;10;13;10;0
23616;1022;531;10;13;10;0
23617;1010;531;10;13;10;0
23618;998;531;10;13;10;0
23620;986;531;10;13;10;0
23621;974;531;10;13;10;0
23622;962;531;10;13;10;0
23623;950;531;10;13;10;0
23624;1178;531;10;13;10;0
23625;1202;531;10;13;10;0
23626;1454;531;10;13;10;0
23627;1214;531;10;13;10;0
23628;1442;531;10;13;10;0
23629;1430;531;10;13;10;0
23630;1418;531;10;13;10;0
23631;1406;531;10;13;10;0
23632;1394;531;10;13;10;0
23633;1382;531;10;13;10;0
23635;1370;531;10;13;10;0
23637;1358;531;10;13;10;0
23640;1346;531;10;13;10;0
23641;1334;531;10;13;10;0
23643;1322;531;10;13;10;0
23644;1310;531;10;13;10;0
23645;1298;531;10;13;10;0
23646;1286;531;10;13;10;0
23648;1274;531;10;13;10;0
23649;1262;531;10;13;10;0
23650;1250;531;10;13;10;0
23651;1238;531;10;13;10;0
23652;1226;531;10;13;10;0
23653;1466;531;10;13;10;0
23656;2018;531;10;13;10;0
23660;2030;531;10;13;10;0
23661;2042;531;10;13;10;0
23662;2822;531;10;13;10;0
23663;2810;531;10;13;10;0
23665;2798;531;10;13;10;0
23670;2786;531;10;13;10;0
23673;2774;531;10;13;10;0
23679;2762;531;10;13;10;0
23680;2750;531;10;13;10;0
23681;2738;531;10;13;10;0
23682;2726;531;10;13;10;0
23692;2714;531;10;13;10;0
23696;2702;531;10;13;10;0
23697;2690;531;10;13;10;0
23700;2678;531;10;13;10;0
23702;2666;531;10;13;10;0
23703;2654;531;10;13;10;0
23704;2642;531;10;13;10;0
23705;2630;531;10;13;10;0
23706;2618;531;10;13;10;0
23707;2606;531;10;13;10;0
23712;2834;531;10;13;10;0
23713;2846;531;10;13;10;0
23714;2858;531;10;13;10;0
23720;2870;531;10;13;10;0
23721;3110;531;10;13;10;0
23723;3098;531;10;13;10;0
23724;3086;531;10;13;10;0
23725;3074;531;10;13;10;0
23729;3062;531;10;13;10;0
23731;3050;531;10;13;10;0
23734;3038;531;10;13;10;0
23735;3026;531;10;13;10;0
23736;3014;531;10;13;10;0
23739;3122;531;10;13;10;0
23740;3002;531;10;13;10;0
23741;2978;531;10;13;10;0
23742;2966;531;10;13;10;0
23743;2954;531;10;13;10;0
23745;2942;531;10;13;10;0
23749;2930;531;10;13;10;0
23751;2918;531;10;13;10;0
23755;2906;531;10;13;10;0
23762;2894;531;10;13;10;0
23769;2882;531;10;13;10;0
23776;2594;531;10;13;10;0
23777;2582;531;10;13;10;0
23782;2570;531;10;13;10;0
23784;2294;531;10;13;10;0
23785;2270;531;10;13;10;0
23786;2258;531;10;13;10;0
23788;2246;531;10;13;10;0
23789;2234;531;10;13;10;0
23791;2222;531;10;13;10;0
23792;2210;531;10;13;10;0
23796;2198;531;10;13;10;0
23798;2186;531;10;13;10;0
23802;2174;531;10;13;10;0
23803;2162;531;10;13;10;0
23805;2150;531;10;13;10;0
23807;2138;531;10;13;10;0
23809;2126;531;10;13;10;0
23810;2114;531;10;13;10;0
23814;2102;531;10;13;10;0
23815;2090;531;10;13;10;0
23819;2078;531;10;13;10;0
23820;2066;531;10;13;10;0
23821;2054;531;10;13;10;0
23822;2282;531;10;13;10;0
23825;2306;531;10;13;10;0
23828;2558;531;10;13;10;0
23829;2318;531;10;13;10;0
23830;2546;531;10;13;10;0
23831;2534;531;10;13;10;0
23832;2522;531;10;13;10;0
23833;2510;531;10;13;10;0
23834;2498;531;10;13;10;0
23835;2486;531;10;13;10;0
23838;2474;531;10;13;10;0
23839;2462;531;10;13;10;0
23840;2450;531;10;13;10;0
23842;2438;531;10;13;10;0
23844;2426;531;10;13;10;0
23847;2414;531;10;13;10;0
23849;2402;531;10;13;10;0
23853;2390;531;10;13;10;0
23854;2378;531;10;13;10;0
23860;2366;531;10;13;10;0
23869;2354;531;10;13;10;0
23876;2342;531;10;13;10;0
23879;2330;531;10;13;10;0
23882;938;531;10;13;10;0
23883;2990;531;10;13;10;0
23884;926;531;10;13;10;0
23886;770;531;10;13;10;0
23888;3590;516;10;13;10;0
23890;3578;516;10;13;10;0
23891;3566;516;10;13;10;0
23897;3554;516;10;13;10;0
23900;3542;516;10;13;10;0
23901;3530;516;10;13;10;0
23913;3518;516;10;13;10;0
23916;3506;516;10;13;10;0
23919;3494;516;10;13;10;0
23923;3482;516;10;13;10;0
23924;3470;516;10;13;10;0
23925;3458;516;10;13;10;0
23926;3446;516;10;13;10;0
23938;3434;516;10;13;10;0
23940;3422;516;10;13;10;0
23943;3410;516;10;13;10;0
23947;3398;516;10;13;10;0
23948;3386;516;10;13;10;0
23952;3374;516;10;13;10;0
23956;3602;516;10;13;10;0
23959;3626;516;10;13;10;0
23961;3878;516;10;13;10;0
23965;3638;516;10;13;10;0
23968;3866;516;10;13;10;0
23970;3854;516;10;13;10;0
23980;3842;516;10;13;10;0
23982;3830;516;10;13;10;0
23991;3818;516;10;13;10;0
23992;3806;516;10;13;10;0
23994;3794;516;10;13;10;0
23996;3782;516;10;13;10;0
23997;3770;516;10;13;10;0
24005;3758;516;10;13;10;0
24009;3746;516;10;13;10;0
24011;3734;516;10;13;10;0
24012;3722;516;10;13;10;0
24013;3710;516;10;13;10;0
24018;3698;516;10;13;10;0
24019;3686;516;10;13;10;0
24020;3674;516;10;13;10;0
24022;3662;516;10;13;10;0
24027;3650;516;10;13;10;0
24029;3362;516;10;13;10;0
24030;3614;516;10;13;10;0
24033;3350;516;10;13;10;0
24034;3062;516;10;13;10;0
24035;3038;516;10;13;10;0
24037;3026;516;10;13;10;0
24038;3014;516;10;13;10;0
24039;3002;516;10;13;10;0
24040;2990;516;10;13;10;0
24041;2978;516;10;13;10;0
24043;2966;516;10;13;10;0
24046;2954;516;10;13;10;0
24049;2942;516;10;13;10;0
24050;2930;516;10;13;10;0
24051;2918;516;10;13;10;0
24052;2906;516;10;13;10;0
24053;2894;516;10;13;10;0
24055;2882;516;10;13;10;0
24059;2870;516;10;13;10;0
24061;2858;516;10;13;10;0
24062;2846;516;10;13;10;0
24063;2834;516;10;13;10;0
24065;2822;516;10;13;10;0
24066;3050;516;10;13;10;0
24067;3074;516;10;13;10;0
24069;3326;516;10;13;10;0
24070;3086;516;10;13;10;0
24072;3314;516;10;13;10;0
24074;3302;516;10;13;10;0
24075;3290;516;10;13;10;0
24076;3278;516;10;13;10;0
24079;3266;516;10;13;10;0
24080;3254;516;10;13;10;0
24081;3242;516;10;13;10;0
24084;3230;516;10;13;10;0
24085;3218;516;10;13;10;0
24086;3206;516;10;13;10;0
24088;3194;516;10;13;10;0
24089;3182;516;10;13;10;0
24090;3170;516;10;13;10;0
24091;3158;516;10;13;10;0
24092;3146;516;10;13;10;0
24093;3134;516;10;13;10;0
24095;3122;516;10;13;10;0
24101;3110;516;10;13;10;0
24102;3098;516;10;13;10;0
24103;3338;516;10;13;10;0
24107;3890;516;10;13;10;0
24109;3902;516;10;13;10;0
24110;3914;516;10;13;10;0
24111;602;531;10;13;10;0
24112;590;531;10;13;10;0
24115;578;531;10;13;10;0
24118;566;531;10;13;10;0
24119;554;531;10;13;10;0
24120;542;531;10;13;10;0
24123;530;531;10;13;10;0
24124;518;531;10;13;10;0
24125;506;531;10;13;10;0
24128;494;531;10;13;10;0
24130;482;531;10;13;10;0
24131;470;531;10;13;10;0
24132;458;531;10;13;10;0
24133;446;531;10;13;10;0
24135;434;531;10;13;10;0
24140;422;531;10;13;10;0
24142;410;531;10;13;10;0
24148;398;531;10;13;10;0
24149;386;531;10;13;10;0
24151;614;531;10;13;10;0
24155;626;531;10;13;10;0
24159;638;531;10;13;10;0
24161;650;531;10;13;10;0
24162;890;531;10;13;10;0
24163;878;531;10;13;10;0
24164;866;531;10;13;10;0
24170;854;531;10;13;10;0
24171;842;531;10;13;10;0
24178;830;531;10;13;10;0
24179;818;531;10;13;10;0
24180;806;531;10;13;10;0
24181;794;531;10;13;10;0
24182;902;531;10;13;10;0
24184;782;531;10;13;10;0
24185;758;531;10;13;10;0
24186;746;531;10;13;10;0
24187;734;531;10;13;10;0
24188;722;531;10;13;10;0
24189;710;531;10;13;10;0
24190;698;531;10;13;10;0
24191;686;531;10;13;10;0
24193;674;531;10;13;10;0
24195;662;531;10;13;10;0
24196;374;531;10;13;10;0
24198;362;531;10;13;10;0
24199;350;531;10;13;10;0
24202;74;531;10;13;10;0
24207;50;531;10;13;10;0
24208;38;531;10;13;10;0
24210;26;531;10;13;10;0
24211;14;531;10;13;10;0
24212;2;531;10;13;10;0
24213;4082;516;10;13;10;0
24214;4070;516;10;13;10;0
24215;4058;516;10;13;10;0
24217;4046;516;10;13;10;0
24218;4034;516;10;13;10;0
24220;4022;516;10;13;10;0
24221;4010;516;10;13;10;0
24222;3998;516;10;13;10;0
24223;3986;516;10;13;10;0
24224;3974;516;10;13;10;0
24230;3962;516;10;13;10;0
24231;3950;516;10;13;10;0
24235;3938;516;10;13;10;0
24237;3926;516;10;13;10;0
24244;62;531;10;13;10;0
24245;86;531;10;13;10;0
24246;338;531;10;13;10;0
24247;98;531;10;13;10;0
24248;326;531;10;13;10;0
24249;314;531;10;13;10;0
24254;302;531;10;13;10;0
24257;290;531;10;13;10;0
24258;278;531;10;13;10;0
24259;266;531;10;13;10;0
24260;254;531;10;13;10;0
24264;242;531;10;13;10;0
24265;230;531;10;13;10;0
24266;218;531;10;13;10;0
24269;206;531;10;13;10;0
24271;194;531;10;13;10;0
24272;182;531;10;13;10;0
24275;170;531;10;13;10;0
24276;158;531;10;13;10;0
24278;146;531;10;13;10;0
24282;134;531;10;13;10;0
24283;122;531;10;13;10;0
24285;110;531;10;13;10;0
24287;914;531;10;13;10;0
24288;3134;531;10;13;10;0
24289;3146;531;10;13;10;0
24290;3158;531;10;13;10;0
24291;2066;546;10;13;10;0
24296;2054;546;10;13;10;0
24297;2042;546;10;13;10;0
24300;2030;546;10;13;10;0
24304;2018;546;10;13;10;0
24305;2006;546;10;13;10;0
24307;1994;546;10;13;10;0
24308;1982;546;10;13;10;0
24310;1970;546;10;13;10;0
24311;1958;546;10;13;10;0
24312;1946;546;10;13;10;0
24314;1934;546;10;13;10;0
24315;1922;546;10;13;10;0
24316;1910;546;10;13;10;0
24318;1898;546;10;13;10;0
24319;1886;546;10;13;10;0
24320;1874;546;10;13;10;0
24321;1862;546;10;13;10;0
24322;1850;546;10;13;10;0
24323;2078;546;10;13;10;0
24324;2090;546;10;13;10;0
24327;2102;546;10;13;10;0
24328;2114;546;10;13;10;0
24329;2354;546;10;13;10;0
24330;2342;546;10;13;10;0
24331;2330;546;10;13;10;0
24332;2318;546;10;13;10;0
24333;2306;546;10;13;10;0
24335;2294;546;10;13;10;0
24336;2282;546;10;13;10;0
24337;2270;546;10;13;10;0
24338;2258;546;10;13;10;0
24339;2366;546;10;13;10;0
24340;2246;546;10;13;10;0
24341;2222;546;10;13;10;0
24342;2210;546;10;13;10;0
24343;2198;546;10;13;10;0
24344;2186;546;10;13;10;0
24347;2174;546;10;13;10;0
24351;2162;546;10;13;10;0
24352;2150;546;10;13;10;0
24357;2138;546;10;13;10;0
24358;2126;546;10;13;10;0
24359;1838;546;10;13;10;0
24361;1826;546;10;13;10;0
24365;1814;546;10;13;10;0
24367;1538;546;10;13;10;0
24369;1514;546;10;13;10;0
24373;1502;546;10;13;10;0
24375;1490;546;10;13;10;0
24376;1478;546;10;13;10;0
24377;1466;546;10;13;10;0
24378;1454;546;10;13;10;0
24380;1442;546;10;13;10;0
24382;1430;546;10;13;10;0
24384;1418;546;10;13;10;0
24385;1406;546;10;13;10;0
24390;1394;546;10;13;10;0
24392;1382;546;10;13;10;0
24394;1370;546;10;13;10;0
24396;1358;546;10;13;10;0
24398;1346;546;10;13;10;0
24400;1334;546;10;13;10;0
24401;1322;546;10;13;10;0
24402;1310;546;10;13;10;0
24403;1298;546;10;13;10;0
24405;1526;546;10;13;10;0
24406;1550;546;10;13;10;0
24407;1802;546;10;13;10;0
24408;1562;546;10;13;10;0
24409;1790;546;10;13;10;0
24412;1778;546;10;13;10;0
24413;1766;546;10;13;10;0
24417;1754;546;10;13;10;0
24418;1742;546;10;13;10;0
24419;1730;546;10;13;10;0
24420;1718;546;10;13;10;0
24421;1706;546;10;13;10;0
24422;1694;546;10;13;10;0
24423;1682;546;10;13;10;0
24425;1670;546;10;13;10;0
24426;1658;546;10;13;10;0
24427;1646;546;10;13;10;0
24428;1634;546;10;13;10;0
24429;1622;546;10;13;10;0
24432;1610;546;10;13;10;0
24433;1598;546;10;13;10;0
24435;1586;546;10;13;10;0
24438;1574;546;10;13;10;0
24439;2234;546;10;13;10;0
24441;2390;546;10;13;10;0
24443;3350;546;10;13;10;0
24444;2402;546;10;13;10;0
24447;3182;546;10;13;10;0
24448;3170;546;10;13;10;0
24449;3158;546;10;13;10;0
24450;3146;546;10;13;10;0
24451;3134;546;10;13;10;0
24452;3122;546;10;13;10;0
24453;3110;546;10;13;10;0
24455;3098;546;10;13;10;0
24456;3086;546;10;13;10;0
24457;3074;546;10;13;10;0
24458;3062;546;10;13;10;0
24459;3050;546;10;13;10;0
24460;3038;546;10;13;10;0
24464;3026;546;10;13;10;0
24465;3014;546;10;13;10;0
24466;3002;546;10;13;10;0
24467;2990;546;10;13;10;0
24469;2978;546;10;13;10;0
24471;2966;546;10;13;10;0
24472;3194;546;10;13;10;0
24473;3206;546;10;13;10;0
24475;3218;546;10;13;10;0
24476;3230;546;10;13;10;0
24478;3470;546;10;13;10;0
24480;3458;546;10;13;10;0
24481;3446;546;10;13;10;0
24488;3434;546;10;13;10;0
24489;3422;546;10;13;10;0
24490;3410;546;10;13;10;0
24491;3398;546;10;13;10;0
24492;3386;546;10;13;10;0
24493;3374;546;10;13;10;0
24494;3482;546;10;13;10;0
24499;3362;546;10;13;10;0
24500;3338;546;10;13;10;0
24501;3326;546;10;13;10;0
24503;3314;546;10;13;10;0
24505;3302;546;10;13;10;0
24508;3290;546;10;13;10;0
24509;3278;546;10;13;10;0
24515;3266;546;10;13;10;0
24516;3254;546;10;13;10;0
24517;3242;546;10;13;10;0
24518;2954;546;10;13;10;0
24522;2942;546;10;13;10;0
24524;2930;546;10;13;10;0
24525;2654;546;10;13;10;0
24528;2630;546;10;13;10;0
24529;2618;546;10;13;10;0
24530;2606;546;10;13;10;0
24534;2594;546;10;13;10;0
24535;2582;546;10;13;10;0
24536;2570;546;10;13;10;0
24537;2558;546;10;13;10;0
24540;2546;546;10;13;10;0
24541;2534;546;10;13;10;0
24543;2522;546;10;13;10;0
24544;2510;546;10;13;10;0
24545;2498;546;10;13;10;0
24548;2486;546;10;13;10;0
24551;2474;546;10;13;10;0
24554;2462;546;10;13;10;0
24555;2450;546;10;13;10;0
24558;2438;546;10;13;10;0
24560;2426;546;10;13;10;0
24561;2414;546;10;13;10;0
24565;2642;546;10;13;10;0
24568;2666;546;10;13;10;0
24571;2918;546;10;13;10;0
24572;2678;546;10;13;10;0
24573;2906;546;10;13;10;0
24574;2894;546;10;13;10;0
24575;2882;546;10;13;10;0
24576;2870;546;10;13;10;0
24577;2858;546;10;13;10;0
24578;2846;546;10;13;10;0
24581;2834;546;10;13;10;0
24590;2822;546;10;13;10;0
24591;2810;546;10;13;10;0
24592;2798;546;10;13;10;0
24594;2786;546;10;13;10;0
24596;2774;546;10;13;10;0
24597;2762;546;10;13;10;0
24598;2750;546;10;13;10;0
24601;2738;546;10;13;10;0
24603;2726;546;10;13;10;0
24604;2714;546;10;13;10;0
24605;2702;546;10;13;10;0
24608;2690;546;10;13;10;0
24609;1286;546;10;13;10;0
24613;1274;546;10;13;10;0
24614;1262;546;10;13;10;0
24615;1118;546;10;13;10;0
24616;3938;531;10;13;10;0
24617;3926;531;10;13;10;0
24618;3914;531;10;13;10;0
24619;3902;531;10;13;10;0
24623;3890;531;10;13;10;0
24625;3878;531;10;13;10;0
24629;3866;531;10;13;10;0
24634;3854;531;10;13;10;0
24635;3842;531;10;13;10;0
24636;3830;531;10;13;10;0
24638;3818;531;10;13;10;0
24641;3806;531;10;13;10;0
24642;3794;531;10;13;10;0
24643;3782;531;10;13;10;0
24646;3770;531;10;13;10;0
24650;3758;531;10;13;10;0
24651;3746;531;10;13;10;0
24653;3734;531;10;13;10;0
24656;3722;531;10;13;10;0
24658;3950;531;10;13;10;0
24660;3974;531;10;13;10;0
24661;134;546;10;13;10;0
24665;3986;531;10;13;10;0
24666;122;546;10;13;10;0
24671;110;546;10;13;10;0
24672;98;546;10;13;10;0
24674;86;546;10;13;10;0
24675;74;546;10;13;10;0
24676;62;546;10;13;10;0
24677;50;546;10;13;10;0
24679;38;546;10;13;10;0
24680;26;546;10;13;10;0
24681;14;546;10;13;10;0
24682;2;546;10;13;10;0
24683;4082;531;10;13;10;0
24684;4070;531;10;13;10;0
24685;4058;531;10;13;10;0
24687;4046;531;10;13;10;0
24688;4034;531;10;13;10;0
24691;4022;531;10;13;10;0
24693;4010;531;10;13;10;0
24694;3998;531;10;13;10;0
24695;3710;531;10;13;10;0
24699;3962;531;10;13;10;0
24700;3698;531;10;13;10;0
24701;3410;531;10;13;10;0
24703;3386;531;10;13;10;0
24705;3374;531;10;13;10;0
24707;3362;531;10;13;10;0
24708;3350;531;10;13;10;0
24709;3338;531;10;13;10;0
24713;3326;531;10;13;10;0
24715;3314;531;10;13;10;0
24716;3302;531;10;13;10;0
24717;3290;531;10;13;10;0
24721;3278;531;10;13;10;0
24722;3266;531;10;13;10;0
24724;3254;531;10;13;10;0
24726;3242;531;10;13;10;0
24727;3230;531;10;13;10;0
24730;3218;531;10;13;10;0
24731;3206;531;10;13;10;0
24733;3194;531;10;13;10;0
24735;3182;531;10;13;10;0
24736;3170;531;10;13;10;0
24739;3398;531;10;13;10;0
24742;3422;531;10;13;10;0
24743;3674;531;10;13;10;0
24744;3434;531;10;13;10;0
24745;3662;531;10;13;10;0
24746;3650;531;10;13;10;0
24748;3638;531;10;13;10;0
24751;3626;531;10;13;10;0
24753;3614;531;10;13;10;0
24754;3602;531;10;13;10;0
24755;3590;531;10;13;10;0
24756;3578;531;10;13;10;0
24757;3566;531;10;13;10;0
24758;3554;531;10;13;10;0
24760;3542;531;10;13;10;0
24763;3530;531;10;13;10;0
24764;3518;531;10;13;10;0
24765;3506;531;10;13;10;0
24773;3494;531;10;13;10;0
24774;3482;531;10;13;10;0
24775;3470;531;10;13;10;0
24778;3458;531;10;13;10;0
24779;3446;531;10;13;10;0
24785;3686;531;10;13;10;0
24787;146;546;10;13;10;0
24789;158;546;10;13;10;0
24791;170;546;10;13;10;0
24792;950;546;10;13;10;0
24794;938;546;10;13;10;0
24796;926;546;10;13;10;0
24797;914;546;10;13;10;0
24799;902;546;10;13;10;0
24800;890;546;10;13;10;0
24801;878;546;10;13;10;0
24803;866;546;10;13;10;0
24806;854;546;10;13;10;0
24807;842;546;10;13;10;0
24808;830;546;10;13;10;0
24809;818;546;10;13;10;0
24811;806;546;10;13;10;0
24812;794;546;10;13;10;0
24813;782;546;10;13;10;0
24814;770;546;10;13;10;0
24815;758;546;10;13;10;0
24816;746;546;10;13;10;0
24817;734;546;10;13;10;0
24819;962;546;10;13;10;0
24820;974;546;10;13;10;0
24822;986;546;10;13;10;0
24823;998;546;10;13;10;0
24825;1238;546;10;13;10;0
24826;1226;546;10;13;10;0
24827;1214;546;10;13;10;0
24832;1202;546;10;13;10;0
24833;1190;546;10;13;10;0
24835;1178;546;10;13;10;0
24838;1166;546;10;13;10;0
24840;1154;546;10;13;10;0
24841;1142;546;10;13;10;0
24845;1250;546;10;13;10;0
24846;1130;546;10;13;10;0
24847;1106;546;10;13;10;0
24850;1094;546;10;13;10;0
24851;1082;546;10;13;10;0
24852;1070;546;10;13;10;0
24853;1058;546;10;13;10;0
24858;1046;546;10;13;10;0
24859;1034;546;10;13;10;0
24860;1022;546;10;13;10;0
24863;1010;546;10;13;10;0
24864;722;546;10;13;10;0
24865;710;546;10;13;10;0
24867;698;546;10;13;10;0
24868;422;546;10;13;10;0
24870;398;546;10;13;10;0
24871;386;546;10;13;10;0
24872;374;546;10;13;10;0
24875;362;546;10;13;10;0
24876;350;546;10;13;10;0
24884;338;546;10;13;10;0
24887;326;546;10;13;10;0
24892;314;546;10;13;10;0
24893;302;546;10;13;10;0
24894;290;546;10;13;10;0
24895;278;546;10;13;10;0
24898;266;546;10;13;10;0
24900;254;546;10;13;10;0
24903;242;546;10;13;10;0
24904;230;546;10;13;10;0
24906;218;546;10;13;10;0
24907;206;546;10;13;10;0
24908;194;546;10;13;10;0
24909;182;546;10;13;10;0
24910;410;546;10;13;10;0
24913;434;546;10;13;10;0
24915;686;546;10;13;10;0
24917;446;546;10;13;10;0
24920;674;546;10;13;10;0
24921;662;546;10;13;10;0
24922;650;546;10;13;10;0
24925;638;546;10;13;10;0
24927;626;546;10;13;10;0
24930;614;546;10;13;10;0
24931;602;546;10;13;10;0
24932;590;546;10;13;10;0
24933;578;546;10;13;10;0
24935;566;546;10;13;10;0
24936;554;546;10;13;10;0
24938;542;546;10;13;10;0
24939;530;546;10;13;10;0
24942;518;546;10;13;10;0
24943;506;546;10;13;10;0
24944;494;546;10;13;10;0
24945;482;546;10;13;10;0
24947;470;546;10;13;10;0
24948;458;546;10;13;10;0
24949;3494;546;10;13;10;0
24950;110;591;10;13;10;0
24951;122;591;10;13;10;0
24956;134;591;10;13;10;0
24958;3842;621;10;13;10;0
24962;3830;621;10;13;10;0
24967;3818;621;10;13;10;0
24970;3806;621;10;13;10;0
24971;3794;621;10;13;10;0
24974;3782;621;10;13;10;0
24976;3770;621;10;13;10;0
24977;3758;621;10;13;10;0
24980;3746;621;10;13;10;0
24982;3734;621;10;13;10;0
24985;3722;621;10;13;10;0
24986;3710;621;10;13;10;0
24996;3698;621;10;13;10;0
24999;3686;621;10;13;10;0
25000;3674;621;10;13;10;0
25001;3662;621;10;13;10;0
25003;3650;621;10;13;10;0
25004;3638;621;10;13;10;0
25006;3626;621;10;13;10;0
25010;3854;621;10;13;10;0
25014;3866;621;10;13;10;0
25018;3878;621;10;13;10;0
25022;3890;621;10;13;10;0
25026;38;636;10;13;10;0
25027;26;636;10;13;10;0
25030;14;636;10;13;10;0
25031;2;636;10;13;10;0
25032;4082;621;10;13;10;0
25033;4070;621;10;13;10;0
25034;4058;621;10;13;10;0
25035;4046;621;10;13;10;0
25036;4034;621;10;13;10;0
25037;50;636;10;13;10;0
25040;4022;621;10;13;10;0
25041;3998;621;10;13;10;0
25042;3986;621;10;13;10;0
25044;3974;621;10;13;10;0
25054;3962;621;10;13;10;0
25055;3950;621;10;13;10;0
25059;3938;621;10;13;10;0
25062;3926;621;10;13;10;0
25064;3914;621;10;13;10;0
25074;3902;621;10;13;10;0
25076;3614;621;10;13;10;0
25077;3602;621;10;13;10;0
25078;3590;621;10;13;10;0
25079;3314;621;10;13;10;0
25080;3290;621;10;13;10;0
25081;3278;621;10;13;10;0
25082;3266;621;10;13;10;0
25084;3254;621;10;13;10;0
25085;3242;621;10;13;10;0
25086;3230;621;10;13;10;0
25087;3218;621;10;13;10;0
25088;3206;621;10;13;10;0
25093;3194;621;10;13;10;0
25094;3182;621;10;13;10;0
25095;3170;621;10;13;10;0
25096;3158;621;10;13;10;0
25097;3146;621;10;13;10;0
25098;3134;621;10;13;10;0
25100;3122;621;10;13;10;0
25101;3110;621;10;13;10;0
25102;3098;621;10;13;10;0
25103;3086;621;10;13;10;0
25104;3074;621;10;13;10;0
25105;3302;621;10;13;10;0
25106;3326;621;10;13;10;0
25108;3578;621;10;13;10;0
25109;3338;621;10;13;10;0
25110;3566;621;10;13;10;0
25111;3554;621;10;13;10;0
25112;3542;621;10;13;10;0
25113;3530;621;10;13;10;0
25114;3518;621;10;13;10;0
25115;3506;621;10;13;10;0
25117;3494;621;10;13;10;0
25118;3482;621;10;13;10;0
25119;3470;621;10;13;10;0
25121;3458;621;10;13;10;0
25122;3446;621;10;13;10;0
25125;3434;621;10;13;10;0
25126;3422;621;10;13;10;0
25128;3410;621;10;13;10;0
25129;3398;621;10;13;10;0
25130;3386;621;10;13;10;0
25134;3374;621;10;13;10;0
25135;3362;621;10;13;10;0
25136;3350;621;10;13;10;0
25137;4010;621;10;13;10;0
25138;74;636;10;13;10;0
25139;1034;636;10;13;10;0
25140;86;636;10;13;10;0
25142;866;636;10;13;10;0
25143;854;636;10;13;10;0
25144;842;636;10;13;10;0
25147;830;636;10;13;10;0
25149;818;636;10;13;10;0
25150;806;636;10;13;10;0
25151;794;636;10;13;10;0
25152;782;636;10;13;10;0
25153;770;636;10;13;10;0
25155;758;636;10;13;10;0
25159;746;636;10;13;10;0
25160;734;636;10;13;10;0
25161;722;636;10;13;10;0
25163;710;636;10;13;10;0
25164;698;636;10;13;10;0
25165;686;636;10;13;10;0
25166;674;636;10;13;10;0
25169;662;636;10;13;10;0
25170;650;636;10;13;10;0
25171;878;636;10;13;10;0
25172;890;636;10;13;10;0
25173;902;636;10;13;10;0
25176;914;636;10;13;10;0
25177;1154;636;10;13;10;0
25178;1142;636;10;13;10;0
25179;1130;636;10;13;10;0
25182;1118;636;10;13;10;0
25184;1106;636;10;13;10;0
25185;1094;636;10;13;10;0
25187;1082;636;10;13;10;0
25189;1070;636;10;13;10;0
25190;1058;636;10;13;10;0
25191;1166;636;10;13;10;0
25192;1046;636;10;13;10;0
25193;1022;636;10;13;10;0
25195;1010;636;10;13;10;0
25196;998;636;10;13;10;0
25197;986;636;10;13;10;0
25198;974;636;10;13;10;0
25199;962;636;10;13;10;0
25200;950;636;10;13;10;0
25201;938;636;10;13;10;0
25203;926;636;10;13;10;0
25206;638;636;10;13;10;0
25209;626;636;10;13;10;0
25210;614;636;10;13;10;0
25212;338;636;10;13;10;0
25213;314;636;10;13;10;0
25214;302;636;10;13;10;0
25215;290;636;10;13;10;0
25216;278;636;10;13;10;0
25218;266;636;10;13;10;0
25219;254;636;10;13;10;0
25220;242;636;10;13;10;0
25222;230;636;10;13;10;0
25225;218;636;10;13;10;0
25226;206;636;10;13;10;0
25228;194;636;10;13;10;0
25233;182;636;10;13;10;0
25234;170;636;10;13;10;0
25235;158;636;10;13;10;0
25236;146;636;10;13;10;0
25237;134;636;10;13;10;0
25238;122;636;10;13;10;0
25239;110;636;10;13;10;0
25240;98;636;10;13;10;0
25242;326;636;10;13;10;0
25243;350;636;10;13;10;0
25244;602;636;10;13;10;0
25246;362;636;10;13;10;0
25248;590;636;10;13;10;0
25249;578;636;10;13;10;0
25250;566;636;10;13;10;0
25252;554;636;10;13;10;0
25253;542;636;10;13;10;0
25254;530;636;10;13;10;0
25255;518;636;10;13;10;0
25256;506;636;10;13;10;0
25259;494;636;10;13;10;0
25260;482;636;10;13;10;0
25263;470;636;10;13;10;0
25265;458;636;10;13;10;0
25266;446;636;10;13;10;0
25269;434;636;10;13;10;0
25273;422;636;10;13;10;0
25274;410;636;10;13;10;0
25275;398;636;10;13;10;0
25276;386;636;10;13;10;0
25277;374;636;10;13;10;0
25279;3062;621;10;13;10;0
25282;3050;621;10;13;10;0
25283;3038;621;10;13;10;0
25284;2894;621;10;13;10;0
25285;1622;621;10;13;10;0
25286;1610;621;10;13;10;0
25287;1598;621;10;13;10;0
25288;1586;621;10;13;10;0
25289;1574;621;10;13;10;0
25290;1562;621;10;13;10;0
25291;1550;621;10;13;10;0
25292;1538;621;10;13;10;0
25293;1526;621;10;13;10;0
25294;1514;621;10;13;10;0
25295;1502;621;10;13;10;0
25296;1490;621;10;13;10;0
25297;1478;621;10;13;10;0
25298;1466;621;10;13;10;0
25299;1454;621;10;13;10;0
25300;1442;621;10;13;10;0
25302;1430;621;10;13;10;0
25303;1418;621;10;13;10;0
25304;1406;621;10;13;10;0
25305;1634;621;10;13;10;0
25306;1658;621;10;13;10;0
25307;1910;621;10;13;10;0
25308;1670;621;10;13;10;0
25309;1898;621;10;13;10;0
25311;1886;621;10;13;10;0
25312;1874;621;10;13;10;0
25313;1862;621;10;13;10;0
25314;1850;621;10;13;10;0
25315;1838;621;10;13;10;0
25317;1826;621;10;13;10;0
25318;1814;621;10;13;10;0
25319;1802;621;10;13;10;0
25320;1790;621;10;13;10;0
25321;1778;621;10;13;10;0
25324;1766;621;10;13;10;0
25325;1754;621;10;13;10;0
25326;1742;621;10;13;10;0
25327;1730;621;10;13;10;0
25329;1718;621;10;13;10;0
25331;1706;621;10;13;10;0
25332;1694;621;10;13;10;0
25333;1682;621;10;13;10;0
25334;1394;621;10;13;10;0
25335;1646;621;10;13;10;0
25340;1382;621;10;13;10;0
25341;1094;621;10;13;10;0
25342;1070;621;10;13;10;0
25343;1058;621;10;13;10;0
25344;1046;621;10;13;10;0
25345;1034;621;10;13;10;0
25346;1022;621;10;13;10;0
25351;1010;621;10;13;10;0
25352;998;621;10;13;10;0
25353;986;621;10;13;10;0
25356;974;621;10;13;10;0
25357;962;621;10;13;10;0
25358;950;621;10;13;10;0
25361;938;621;10;13;10;0
25366;926;621;10;13;10;0
25369;914;621;10;13;10;0
25370;902;621;10;13;10;0
25371;890;621;10;13;10;0
25373;878;621;10;13;10;0
25374;866;621;10;13;10;0
25375;854;621;10;13;10;0
25376;1082;621;10;13;10;0
25377;1106;621;10;13;10;0
25379;1358;621;10;13;10;0
25380;1118;621;10;13;10;0
25381;1346;621;10;13;10;0
25383;1334;621;10;13;10;0
25384;1322;621;10;13;10;0
25386;1310;621;10;13;10;0
25387;1298;621;10;13;10;0
25389;1286;621;10;13;10;0
25391;1274;621;10;13;10;0
25394;1262;621;10;13;10;0
25397;1250;621;10;13;10;0
25401;1238;621;10;13;10;0
25402;1226;621;10;13;10;0
25405;1214;621;10;13;10;0
25406;1202;621;10;13;10;0
25407;1190;621;10;13;10;0
25410;1178;621;10;13;10;0
25413;1166;621;10;13;10;0
25414;1154;621;10;13;10;0
25417;1142;621;10;13;10;0
25419;1130;621;10;13;10;0
25420;1370;621;10;13;10;0
25421;1922;621;10;13;10;0
25422;1934;621;10;13;10;0
25423;1946;621;10;13;10;0
25424;2726;621;10;13;10;0
25429;2714;621;10;13;10;0
25431;2702;621;10;13;10;0
25434;2690;621;10;13;10;0
25436;2678;621;10;13;10;0
25438;2666;621;10;13;10;0
25439;2654;621;10;13;10;0
25441;2642;621;10;13;10;0
25442;2630;621;10;13;10;0
25443;2618;621;10;13;10;0
25447;2606;621;10;13;10;0
25448;2594;621;10;13;10;0
25449;2582;621;10;13;10;0
25451;2570;621;10;13;10;0
25453;2558;621;10;13;10;0
25454;2546;621;10;13;10;0
25455;2534;621;10;13;10;0
25457;2522;621;10;13;10;0
25458;2510;621;10;13;10;0
25462;2738;621;10;13;10;0
25463;2750;621;10;13;10;0
25466;2762;621;10;13;10;0
25467;2774;621;10;13;10;0
25469;3014;621;10;13;10;0
25472;3002;621;10;13;10;0
25474;2990;621;10;13;10;0
25475;2978;621;10;13;10;0
25476;2966;621;10;13;10;0
25479;2954;621;10;13;10;0
25480;2942;621;10;13;10;0
25481;2930;621;10;13;10;0
25484;2918;621;10;13;10;0
25486;3026;621;10;13;10;0
25487;2906;621;10;13;10;0
25488;2882;621;10;13;10;0
25490;2870;621;10;13;10;0
25494;2858;621;10;13;10;0
25496;2846;621;10;13;10;0
25497;2834;621;10;13;10;0
25499;2822;621;10;13;10;0
25503;2810;621;10;13;10;0
25504;2798;621;10;13;10;0
25505;2786;621;10;13;10;0
25506;2498;621;10;13;10;0
25507;2486;621;10;13;10;0
25509;2474;621;10;13;10;0
25511;2198;621;10;13;10;0
25512;2174;621;10;13;10;0
25513;2162;621;10;13;10;0
25514;2150;621;10;13;10;0
25515;2138;621;10;13;10;0
25516;2126;621;10;13;10;0
25518;2114;621;10;13;10;0
25520;2102;621;10;13;10;0
25522;2090;621;10;13;10;0
25523;2078;621;10;13;10;0
25524;2066;621;10;13;10;0
25525;2054;621;10;13;10;0
25527;2042;621;10;13;10;0
25528;2030;621;10;13;10;0
25529;2018;621;10;13;10;0
25530;2006;621;10;13;10;0
25531;1994;621;10;13;10;0
25534;1982;621;10;13;10;0
25536;1970;621;10;13;10;0
25539;1958;621;10;13;10;0
25540;2186;621;10;13;10;0
25542;2210;621;10;13;10;0
25544;2462;621;10;13;10;0
25545;2222;621;10;13;10;0
25549;2450;621;10;13;10;0
25551;2438;621;10;13;10;0
25552;2426;621;10;13;10;0
25554;2414;621;10;13;10;0
25558;2402;621;10;13;10;0
25562;2390;621;10;13;10;0
25563;2378;621;10;13;10;0
25566;2366;621;10;13;10;0
25568;2354;621;10;13;10;0
25569;2342;621;10;13;10;0
25571;2330;621;10;13;10;0
25572;2318;621;10;13;10;0
25574;2306;621;10;13;10;0
25577;2294;621;10;13;10;0
25578;2282;621;10;13;10;0
25580;2270;621;10;13;10;0
25581;2258;621;10;13;10;0
25582;2246;621;10;13;10;0
25586;2234;621;10;13;10;0
25588;62;636;10;13;10;0
25589;1190;636;10;13;10;0
25590;422;651;10;13;10;0
25592;1202;636;10;13;10;0
25593;110;651;10;13;10;0
25594;98;651;10;13;10;0
25595;86;651;10;13;10;0
25596;74;651;10;13;10;0
25597;62;651;10;13;10;0
25598;50;651;10;13;10;0
25600;38;651;10;13;10;0
25601;26;651;10;13;10;0
25602;14;651;10;13;10;0
25605;2;651;10;13;10;0
25606;4082;636;10;13;10;0
25607;4070;636;10;13;10;0
25613;4058;636;10;13;10;0
25615;4046;636;10;13;10;0
25616;4034;636;10;13;10;0
25619;4022;636;10;13;10;0
25620;4010;636;10;13;10;0
25622;3998;636;10;13;10;0
25623;3986;636;10;13;10;0
25625;122;651;10;13;10;0
25628;134;651;10;13;10;0
25629;146;651;10;13;10;0
25630;158;651;10;13;10;0
25633;398;651;10;13;10;0
25635;386;651;10;13;10;0
25637;374;651;10;13;10;0
25638;362;651;10;13;10;0
25639;350;651;10;13;10;0
25640;338;651;10;13;10;0
25642;326;651;10;13;10;0
25644;314;651;10;13;10;0
25645;302;651;10;13;10;0
25650;410;651;10;13;10;0
25652;290;651;10;13;10;0
25653;266;651;10;13;10;0
25654;254;651;10;13;10;0
25658;242;651;10;13;10;0
25661;230;651;10;13;10;0
25662;218;651;10;13;10;0
25664;206;651;10;13;10;0
25665;194;651;10;13;10;0
25666;182;651;10;13;10;0
25667;170;651;10;13;10;0
25668;3974;636;10;13;10;0
25670;3962;636;10;13;10;0
25671;3950;636;10;13;10;0
25672;3674;636;10;13;10;0
25674;3650;636;10;13;10;0
25678;3638;636;10;13;10;0
25681;3626;636;10;13;10;0
25682;3614;636;10;13;10;0
25684;3602;636;10;13;10;0
25688;3590;636;10;13;10;0
25689;3578;636;10;13;10;0
25692;3566;636;10;13;10;0
25694;3554;636;10;13;10;0
25695;3542;636;10;13;10;0
25703;3530;636;10;13;10;0
25705;3518;636;10;13;10;0
25709;3506;636;10;13;10;0
25711;3494;636;10;13;10;0
25712;3482;636;10;13;10;0
25713;3470;636;10;13;10;0
25715;3458;636;10;13;10;0
25717;3446;636;10;13;10;0
25718;3434;636;10;13;10;0
25719;3662;636;10;13;10;0
25720;3686;636;10;13;10;0
25721;3938;636;10;13;10;0
25722;3698;636;10;13;10;0
25723;3926;636;10;13;10;0
25730;3914;636;10;13;10;0
25731;3902;636;10;13;10;0
25733;3890;636;10;13;10;0
25735;3878;636;10;13;10;0
25736;3866;636;10;13;10;0
25741;3854;636;10;13;10;0
25744;3842;636;10;13;10;0
25745;3830;636;10;13;10;0
25746;3818;636;10;13;10;0
25747;3806;636;10;13;10;0
25749;3794;636;10;13;10;0
25750;3782;636;10;13;10;0
25752;3770;636;10;13;10;0
25753;3758;636;10;13;10;0
25754;3746;636;10;13;10;0
25758;3734;636;10;13;10;0
25759;3722;636;10;13;10;0
25762;3710;636;10;13;10;0
25763;278;651;10;13;10;0
25764;434;651;10;13;10;0
25765;1394;651;10;13;10;0
25769;446;651;10;13;10;0
25771;1226;651;10;13;10;0
25772;1214;651;10;13;10;0
25773;1202;651;10;13;10;0
25774;1190;651;10;13;10;0
25776;1178;651;10;13;10;0
25778;1166;651;10;13;10;0
25779;1154;651;10;13;10;0
25780;1142;651;10;13;10;0
25781;1130;651;10;13;10;0
25784;1118;651;10;13;10;0
25785;1106;651;10;13;10;0
25786;1094;651;10;13;10;0
25787;1082;651;10;13;10;0
25788;1070;651;10;13;10;0
25790;1058;651;10;13;10;0
25791;1046;651;10;13;10;0
25792;1034;651;10;13;10;0
25793;1022;651;10;13;10;0
25794;1010;651;10;13;10;0
25796;1238;651;10;13;10;0
25797;1250;651;10;13;10;0
25799;1262;651;10;13;10;0
25802;1274;651;10;13;10;0
25803;1514;651;10;13;10;0
25805;1502;651;10;13;10;0
25806;1490;651;10;13;10;0
25808;1478;651;10;13;10;0
25810;1466;651;10;13;10;0
25812;1454;651;10;13;10;0
25813;1442;651;10;13;10;0
25815;1430;651;10;13;10;0
25816;1418;651;10;13;10;0
25818;1526;651;10;13;10;0
25821;1406;651;10;13;10;0
25822;1382;651;10;13;10;0
25824;1370;651;10;13;10;0
25825;1358;651;10;13;10;0
25826;1346;651;10;13;10;0
25827;1334;651;10;13;10;0
25828;1322;651;10;13;10;0
25830;1310;651;10;13;10;0
25831;1298;651;10;13;10;0
25836;1286;651;10;13;10;0
25837;998;651;10;13;10;0
25839;986;651;10;13;10;0
25840;974;651;10;13;10;0
25841;698;651;10;13;10;0
25842;674;651;10;13;10;0
25844;662;651;10;13;10;0
25846;650;651;10;13;10;0
25847;638;651;10;13;10;0
25848;626;651;10;13;10;0
25850;614;651;10;13;10;0
25851;602;651;10;13;10;0
25852;590;651;10;13;10;0
25853;578;651;10;13;10;0
25854;566;651;10;13;10;0
25856;554;651;10;13;10;0
25861;542;651;10;13;10;0
25862;530;651;10;13;10;0
25865;518;651;10;13;10;0
25871;506;651;10;13;10;0
25873;494;651;10;13;10;0
25874;482;651;10;13;10;0
25876;470;651;10;13;10;0
25878;458;651;10;13;10;0
25880;686;651;10;13;10;0
25881;710;651;10;13;10;0
25884;962;651;10;13;10;0
25885;722;651;10;13;10;0
25886;950;651;10;13;10;0
25890;938;651;10;13;10;0
25891;926;651;10;13;10;0
25892;914;651;10;13;10;0
25893;902;651;10;13;10;0
25898;890;651;10;13;10;0
25899;878;651;10;13;10;0
25900;866;651;10;13;10;0
25903;854;651;10;13;10;0
25904;842;651;10;13;10;0
25908;830;651;10;13;10;0
25909;818;651;10;13;10;0
25910;806;651;10;13;10;0
25911;794;651;10;13;10;0
25912;782;651;10;13;10;0
25913;770;651;10;13;10;0
25914;758;651;10;13;10;0
25915;746;651;10;13;10;0
25918;734;651;10;13;10;0
25919;3422;636;10;13;10;0
25925;3410;636;10;13;10;0
25928;3398;636;10;13;10;0
25929;3254;636;10;13;10;0
25932;1982;636;10;13;10;0
25933;1970;636;10;13;10;0
25934;1958;636;10;13;10;0
25935;1946;636;10;13;10;0
25937;1934;636;10;13;10;0
25940;1922;636;10;13;10;0
25941;1910;636;10;13;10;0
25942;1898;636;10;13;10;0
25943;1886;636;10;13;10;0
25944;1874;636;10;13;10;0
25945;1862;636;10;13;10;0
25947;1850;636;10;13;10;0
25949;1838;636;10;13;10;0
25950;1826;636;10;13;10;0
25954;1814;636;10;13;10;0
25955;1802;636;10;13;10;0
25958;1790;636;10;13;10;0
25960;1778;636;10;13;10;0
25964;1766;636;10;13;10;0
25968;1994;636;10;13;10;0
25970;2018;636;10;13;10;0
25972;2270;636;10;13;10;0
25973;2030;636;10;13;10;0
25975;2258;636;10;13;10;0
25976;2246;636;10;13;10;0
25986;2234;636;10;13;10;0
25987;2222;636;10;13;10;0
25991;2210;636;10;13;10;0
25992;2198;636;10;13;10;0
25993;2186;636;10;13;10;0
25995;2174;636;10;13;10;0
25996;2162;636;10;13;10;0
25998;2150;636;10;13;10;0
26000;2138;636;10;13;10;0
26001;2126;636;10;13;10;0
26003;2114;636;10;13;10;0
26005;2102;636;10;13;10;0
26007;2090;636;10;13;10;0
26009;2078;636;10;13;10;0
26011;2066;636;10;13;10;0
26012;2054;636;10;13;10;0
26015;2042;636;10;13;10;0
26017;1754;636;10;13;10;0
26020;2006;636;10;13;10;0
26021;1742;636;10;13;10;0
26023;1454;636;10;13;10;0
26025;1430;636;10;13;10;0
26027;1418;636;10;13;10;0
26028;1406;636;10;13;10;0
26029;1394;636;10;13;10;0
26031;1382;636;10;13;10;0
26032;1370;636;10;13;10;0
26034;1358;636;10;13;10;0
26039;1346;636;10;13;10;0
26041;1334;636;10;13;10;0
26044;1322;636;10;13;10;0
26045;1310;636;10;13;10;0
26049;1298;636;10;13;10;0
26050;1286;636;10;13;10;0
26051;1274;636;10;13;10;0
26052;1262;636;10;13;10;0
26053;1250;636;10;13;10;0
26054;1238;636;10;13;10;0
26059;1226;636;10;13;10;0
26060;1214;636;10;13;10;0
26062;1442;636;10;13;10;0
26063;1466;636;10;13;10;0
26066;1718;636;10;13;10;0
26070;1478;636;10;13;10;0
26071;1706;636;10;13;10;0
26073;1694;636;10;13;10;0
26075;1682;636;10;13;10;0
26080;1670;636;10;13;10;0
26081;1658;636;10;13;10;0
26082;1646;636;10;13;10;0
26085;1634;636;10;13;10;0
26086;1622;636;10;13;10;0
26087;1610;636;10;13;10;0
26088;1598;636;10;13;10;0
26089;1586;636;10;13;10;0
26092;1574;636;10;13;10;0
26093;1562;636;10;13;10;0
26094;1550;636;10;13;10;0
26095;1538;636;10;13;10;0
26096;1526;636;10;13;10;0
26097;1514;636;10;13;10;0
26098;1502;636;10;13;10;0
26099;1490;636;10;13;10;0
26101;1730;636;10;13;10;0
26102;2282;636;10;13;10;0
26103;2294;636;10;13;10;0
26105;2306;636;10;13;10;0
26106;3086;636;10;13;10;0
26107;3074;636;10;13;10;0
26108;3062;636;10;13;10;0
26111;3050;636;10;13;10;0
26112;3038;636;10;13;10;0
26114;3026;636;10;13;10;0
26115;3014;636;10;13;10;0
26118;3002;636;10;13;10;0
26119;2990;636;10;13;10;0
26121;2978;636;10;13;10;0
26122;2966;636;10;13;10;0
26124;2954;636;10;13;10;0
26125;2942;636;10;13;10;0
26126;2930;636;10;13;10;0
26127;2918;636;10;13;10;0
26131;2906;636;10;13;10;0
26132;2894;636;10;13;10;0
26133;2882;636;10;13;10;0
26137;2870;636;10;13;10;0
26140;3098;636;10;13;10;0
26141;3110;636;10;13;10;0
26143;3122;636;10;13;10;0
26144;3134;636;10;13;10;0
26148;3374;636;10;13;10;0
26149;3362;636;10;13;10;0
26151;3350;636;10;13;10;0
26152;3338;636;10;13;10;0
26155;3326;636;10;13;10;0
26157;3314;636;10;13;10;0
26159;3302;636;10;13;10;0
26160;3290;636;10;13;10;0
26161;3278;636;10;13;10;0
26164;3386;636;10;13;10;0
26165;3266;636;10;13;10;0
26166;3242;636;10;13;10;0
26172;3230;636;10;13;10;0
26174;3218;636;10;13;10;0
26175;3206;636;10;13;10;0
26177;3194;636;10;13;10;0
26178;3182;636;10;13;10;0
26179;3170;636;10;13;10;0
26180;3158;636;10;13;10;0
26181;3146;636;10;13;10;0
26184;2858;636;10;13;10;0
26185;2846;636;10;13;10;0
26187;2834;636;10;13;10;0
26188;2558;636;10;13;10;0
26191;2534;636;10;13;10;0
26194;2522;636;10;13;10;0
26195;2510;636;10;13;10;0
26196;2498;636;10;13;10;0
26197;2486;636;10;13;10;0
26199;2474;636;10;13;10;0
26201;2462;636;10;13;10;0
26202;2450;636;10;13;10;0
26205;2438;636;10;13;10;0
26206;2426;636;10;13;10;0
26207;2414;636;10;13;10;0
26209;2402;636;10;13;10;0
26210;2390;636;10;13;10;0
26212;2378;636;10;13;10;0
26214;2366;636;10;13;10;0
26215;2354;636;10;13;10;0
26216;2342;636;10;13;10;0
26217;2330;636;10;13;10;0
26222;2318;636;10;13;10;0
26223;2546;636;10;13;10;0
26224;2570;636;10;13;10;0
26228;2822;636;10;13;10;0
26230;2582;636;10;13;10;0
26231;2810;636;10;13;10;0
26234;2798;636;10;13;10;0
26238;2786;636;10;13;10;0
26241;2774;636;10;13;10;0
26242;2762;636;10;13;10;0
26243;2750;636;10;13;10;0
26244;2738;636;10;13;10;0
26247;2726;636;10;13;10;0
26248;2714;636;10;13;10;0
26249;2702;636;10;13;10;0
26252;2690;636;10;13;10;0
26253;2678;636;10;13;10;0
26254;2666;636;10;13;10;0
26256;2654;636;10;13;10;0
26257;2642;636;10;13;10;0
26262;2630;636;10;13;10;0
26263;2618;636;10;13;10;0
26264;2606;636;10;13;10;0
26269;2594;636;10;13;10;0
26271;842;621;10;13;10;0
26274;830;621;10;13;10;0
26278;818;621;10;13;10;0
26279;3794;606;10;13;10;0
26280;3134;591;10;13;10;0
26282;3122;591;10;13;10;0
26283;3110;591;10;13;10;0
26286;3098;591;10;13;10;0
26289;3086;591;10;13;10;0
26292;3074;591;10;13;10;0
26296;3062;591;10;13;10;0
26297;3050;591;10;13;10;0
26300;3038;591;10;13;10;0
26302;3026;591;10;13;10;0
26305;3014;591;10;13;10;0
26308;3002;591;10;13;10;0
26310;2990;591;10;13;10;0
26311;2978;591;10;13;10;0
26313;2966;591;10;13;10;0
26326;2954;591;10;13;10;0
26329;2942;591;10;13;10;0
26330;2930;591;10;13;10;0
26332;2918;591;10;13;10;0
26333;3146;591;10;13;10;0
26336;3170;591;10;13;10;0
26339;3422;591;10;13;10;0
26342;3182;591;10;13;10;0
26345;3410;591;10;13;10;0
26348;3398;591;10;13;10;0
26352;3386;591;10;13;10;0
26353;3374;591;10;13;10;0
26354;3362;591;10;13;10;0
26355;3350;591;10;13;10;0
26356;3338;591;10;13;10;0
26357;3326;591;10;13;10;0
26359;3314;591;10;13;10;0
26360;3302;591;10;13;10;0
26361;3290;591;10;13;10;0
26362;3278;591;10;13;10;0
26364;3266;591;10;13;10;0
26365;3254;591;10;13;10;0
26366;3242;591;10;13;10;0
26367;3230;591;10;13;10;0
26368;3218;591;10;13;10;0
26371;3206;591;10;13;10;0
26376;3194;591;10;13;10;0
26377;2906;591;10;13;10;0
26378;3158;591;10;13;10;0
26379;2894;591;10;13;10;0
26381;2606;591;10;13;10;0
26383;2582;591;10;13;10;0
26384;2570;591;10;13;10;0
26385;2558;591;10;13;10;0
26388;2546;591;10;13;10;0
26389;2534;591;10;13;10;0
26390;2522;591;10;13;10;0
26391;2510;591;10;13;10;0
26395;2498;591;10;13;10;0
26397;2486;591;10;13;10;0
26398;2474;591;10;13;10;0
26399;2462;591;10;13;10;0
26405;2450;591;10;13;10;0
26406;2438;591;10;13;10;0
26407;2426;591;10;13;10;0
26408;2414;591;10;13;10;0
26410;2402;591;10;13;10;0
26411;2390;591;10;13;10;0
26412;2378;591;10;13;10;0
26413;2366;591;10;13;10;0
26414;2594;591;10;13;10;0
26415;2618;591;10;13;10;0
26417;2870;591;10;13;10;0
26420;2630;591;10;13;10;0
26421;2858;591;10;13;10;0
26422;2846;591;10;13;10;0
26423;2834;591;10;13;10;0
26424;2822;591;10;13;10;0
26426;2810;591;10;13;10;0
26429;2798;591;10;13;10;0
26431;2786;591;10;13;10;0
26432;2774;591;10;13;10;0
26433;2762;591;10;13;10;0
26434;2750;591;10;13;10;0
26435;2738;591;10;13;10;0
26438;2726;591;10;13;10;0
26440;2714;591;10;13;10;0
26441;2702;591;10;13;10;0
26443;2690;591;10;13;10;0
26446;2678;591;10;13;10;0
26447;2666;591;10;13;10;0
26448;2654;591;10;13;10;0
26449;2642;591;10;13;10;0
26451;2882;591;10;13;10;0
26453;3434;591;10;13;10;0
26454;3446;591;10;13;10;0
26455;3458;591;10;13;10;0
26457;146;606;10;13;10;0
26460;134;606;10;13;10;0
26462;122;606;10;13;10;0
26463;110;606;10;13;10;0
26464;98;606;10;13;10;0
26465;86;606;10;13;10;0
26466;74;606;10;13;10;0
26467;62;606;10;13;10;0
26468;50;606;10;13;10;0
26469;38;606;10;13;10;0
26471;26;606;10;13;10;0
26472;14;606;10;13;10;0
26474;2;606;10;13;10;0
26477;4082;591;10;13;10;0
26478;4070;591;10;13;10;0
26479;4058;591;10;13;10;0
26480;4046;591;10;13;10;0
26481;4034;591;10;13;10;0
26482;4022;591;10;13;10;0
26483;158;606;10;13;10;0
26485;170;606;10;13;10;0
26487;182;606;10;13;10;0
26491;194;606;10;13;10;0
26492;434;606;10;13;10;0
26494;422;606;10;13;10;0
26495;410;606;10;13;10;0
26497;398;606;10;13;10;0
26500;386;606;10;13;10;0
26501;374;606;10;13;10;0
26503;362;606;10;13;10;0
26505;350;606;10;13;10;0
26507;338;606;10;13;10;0
26508;446;606;10;13;10;0
26511;326;606;10;13;10;0
26512;302;606;10;13;10;0
26514;290;606;10;13;10;0
26515;278;606;10;13;10;0
26517;266;606;10;13;10;0
26519;254;606;10;13;10;0
26520;242;606;10;13;10;0
26522;230;606;10;13;10;0
26524;218;606;10;13;10;0
26525;206;606;10;13;10;0
26526;4010;591;10;13;10;0
26528;3998;591;10;13;10;0
26529;3986;591;10;13;10;0
26530;3710;591;10;13;10;0
26531;3686;591;10;13;10;0
26534;3674;591;10;13;10;0
26537;3662;591;10;13;10;0
26538;3650;591;10;13;10;0
26539;3638;591;10;13;10;0
26543;3626;591;10;13;10;0
26544;3614;591;10;13;10;0
26545;3602;591;10;13;10;0
26547;3590;591;10;13;10;0
26548;3578;591;10;13;10;0
26550;3566;591;10;13;10;0
26551;3554;591;10;13;10;0
26552;3542;591;10;13;10;0
26553;3530;591;10;13;10;0
26558;3518;591;10;13;10;0
26561;3506;591;10;13;10;0
26564;3494;591;10;13;10;0
26566;3482;591;10;13;10;0
26570;3470;591;10;13;10;0
26574;3698;591;10;13;10;0
26575;3722;591;10;13;10;0
26576;3974;591;10;13;10;0
26577;3734;591;10;13;10;0
26578;3962;591;10;13;10;0
26579;3950;591;10;13;10;0
26580;3938;591;10;13;10;0
26584;3926;591;10;13;10;0
26585;3914;591;10;13;10;0
26586;3902;591;10;13;10;0
26588;3890;591;10;13;10;0
26589;3878;591;10;13;10;0
26590;3866;591;10;13;10;0
26592;3854;591;10;13;10;0
26594;3842;591;10;13;10;0
26596;3830;591;10;13;10;0
26597;3818;591;10;13;10;0
26599;3806;591;10;13;10;0
26601;3794;591;10;13;10;0
26604;3782;591;10;13;10;0
26606;3770;591;10;13;10;0
26607;3758;591;10;13;10;0
26608;3746;591;10;13;10;0
26609;2354;591;10;13;10;0
26611;314;606;10;13;10;0
26612;2342;591;10;13;10;0
26613;2186;591;10;13;10;0
26618;914;591;10;13;10;0
26619;902;591;10;13;10;0
26621;890;591;10;13;10;0
26622;878;591;10;13;10;0
26623;866;591;10;13;10;0
26626;854;591;10;13;10;0
26627;842;591;10;13;10;0
26628;830;591;10;13;10;0
26629;818;591;10;13;10;0
26631;806;591;10;13;10;0
26632;794;591;10;13;10;0
26633;782;591;10;13;10;0
26635;770;591;10;13;10;0
26639;758;591;10;13;10;0
26641;746;591;10;13;10;0
26643;734;591;10;13;10;0
26646;722;591;10;13;10;0
26647;710;591;10;13;10;0
26648;698;591;10;13;10;0
26654;926;591;10;13;10;0
26657;950;591;10;13;10;0
26658;1202;591;10;13;10;0
26665;962;591;10;13;10;0
26666;1190;591;10;13;10;0
26667;1178;591;10;13;10;0
26674;1166;591;10;13;10;0
26675;1154;591;10;13;10;0
26676;1142;591;10;13;10;0
26679;1130;591;10;13;10;0
26680;1118;591;10;13;10;0
26681;1106;591;10;13;10;0
26684;1094;591;10;13;10;0
26685;1082;591;10;13;10;0
26688;1070;591;10;13;10;0
26689;1058;591;10;13;10;0
26690;1046;591;10;13;10;0
26691;1034;591;10;13;10;0
26692;1022;591;10;13;10;0
26693;1010;591;10;13;10;0
26694;998;591;10;13;10;0
26696;986;591;10;13;10;0
26697;974;591;10;13;10;0
26700;686;591;10;13;10;0
26701;938;591;10;13;10;0
26702;674;591;10;13;10;0
26704;386;591;10;13;10;0
26705;362;591;10;13;10;0
26707;350;591;10;13;10;0
26708;338;591;10;13;10;0
26709;326;591;10;13;10;0
26713;314;591;10;13;10;0
26716;302;591;10;13;10;0
26717;290;591;10;13;10;0
26719;278;591;10;13;10;0
26722;266;591;10;13;10;0
26723;254;591;10;13;10;0
26725;242;591;10;13;10;0
26726;230;591;10;13;10;0
26727;218;591;10;13;10;0
26728;206;591;10;13;10;0
26729;194;591;10;13;10;0
26740;182;591;10;13;10;0
26742;170;591;10;13;10;0
26743;158;591;10;13;10;0
26745;146;591;10;13;10;0
26750;374;591;10;13;10;0
26751;398;591;10;13;10;0
26753;650;591;10;13;10;0
26754;410;591;10;13;10;0
26755;638;591;10;13;10;0
26757;626;591;10;13;10;0
26758;614;591;10;13;10;0
26759;602;591;10;13;10;0
26765;590;591;10;13;10;0
26767;578;591;10;13;10;0
26771;566;591;10;13;10;0
26772;554;591;10;13;10;0
26775;542;591;10;13;10;0
26776;530;591;10;13;10;0
26779;518;591;10;13;10;0
26781;506;591;10;13;10;0
26783;494;591;10;13;10;0
26784;482;591;10;13;10;0
26785;470;591;10;13;10;0
26786;458;591;10;13;10;0
26790;446;591;10;13;10;0
26791;434;591;10;13;10;0
26792;422;591;10;13;10;0
26793;662;591;10;13;10;0
26797;1214;591;10;13;10;0
26799;1226;591;10;13;10;0
26800;1238;591;10;13;10;0
26801;2018;591;10;13;10;0
26802;2006;591;10;13;10;0
26803;1994;591;10;13;10;0
26805;1982;591;10;13;10;0
26806;1970;591;10;13;10;0
26809;1958;591;10;13;10;0
26810;1946;591;10;13;10;0
26812;1934;591;10;13;10;0
26814;1922;591;10;13;10;0
26816;1910;591;10;13;10;0
26820;1898;591;10;13;10;0
26822;1886;591;10;13;10;0
26825;1874;591;10;13;10;0
26826;1862;591;10;13;10;0
26827;1850;591;10;13;10;0
26829;1838;591;10;13;10;0
26834;1826;591;10;13;10;0
26836;1814;591;10;13;10;0
26837;1802;591;10;13;10;0
26838;2030;591;10;13;10;0
26839;2042;591;10;13;10;0
26840;2054;591;10;13;10;0
26842;2066;591;10;13;10;0
26847;2306;591;10;13;10;0
26848;2294;591;10;13;10;0
26849;2282;591;10;13;10;0
26851;2270;591;10;13;10;0
26855;2258;591;10;13;10;0
26856;2246;591;10;13;10;0
26858;2234;591;10;13;10;0
26862;2222;591;10;13;10;0
26863;2210;591;10;13;10;0
26865;2318;591;10;13;10;0
26866;2198;591;10;13;10;0
26869;2174;591;10;13;10;0
26870;2162;591;10;13;10;0
26873;2150;591;10;13;10;0
26874;2138;591;10;13;10;0
26875;2126;591;10;13;10;0
26876;2114;591;10;13;10;0
26880;2102;591;10;13;10;0
26881;2090;591;10;13;10;0
26884;2078;591;10;13;10;0
26885;1790;591;10;13;10;0
26887;1778;591;10;13;10;0
26888;1766;591;10;13;10;0
26891;1490;591;10;13;10;0
26892;1466;591;10;13;10;0
26893;1454;591;10;13;10;0
26894;1442;591;10;13;10;0
26895;1430;591;10;13;10;0
26898;1418;591;10;13;10;0
26905;1406;591;10;13;10;0
26906;1394;591;10;13;10;0
26907;1382;591;10;13;10;0
26908;1370;591;10;13;10;0
26911;1358;591;10;13;10;0
26913;1346;591;10;13;10;0
26914;1334;591;10;13;10;0
26915;1322;591;10;13;10;0
26917;1310;591;10;13;10;0
26918;1298;591;10;13;10;0
26920;1286;591;10;13;10;0
26922;1274;591;10;13;10;0
26925;1262;591;10;13;10;0
26928;1250;591;10;13;10;0
26932;1478;591;10;13;10;0
26934;1502;591;10;13;10;0
26937;1754;591;10;13;10;0
26941;1514;591;10;13;10;0
26943;1742;591;10;13;10;0
26946;1730;591;10;13;10;0
26954;1718;591;10;13;10;0
26963;1706;591;10;13;10;0
26964;1694;591;10;13;10;0
26965;1682;591;10;13;10;0
26969;1670;591;10;13;10;0
26970;1658;591;10;13;10;0
26971;1646;591;10;13;10;0
26972;1634;591;10;13;10;0
26973;1622;591;10;13;10;0
26974;1610;591;10;13;10;0
26975;1598;591;10;13;10;0
26976;1586;591;10;13;10;0
26977;1574;591;10;13;10;0
26978;1562;591;10;13;10;0
26979;1550;591;10;13;10;0
26982;1538;591;10;13;10;0
26984;1526;591;10;13;10;0
26986;2330;591;10;13;10;0
26987;458;606;10;13;10;0
26988;470;606;10;13;10;0
26989;482;606;10;13;10;0
26990;3482;606;10;13;10;0
26991;3470;606;10;13;10;0
26993;3458;606;10;13;10;0
26995;3446;606;10;13;10;0
26996;3434;606;10;13;10;0
26997;3422;606;10;13;10;0
26999;3410;606;10;13;10;0
27000;3398;606;10;13;10;0
27001;3386;606;10;13;10;0
27004;3374;606;10;13;10;0
27005;3362;606;10;13;10;0
27006;3350;606;10;13;10;0
27009;3338;606;10;13;10;0
27010;3326;606;10;13;10;0
27012;3314;606;10;13;10;0
27014;3302;606;10;13;10;0
27016;3290;606;10;13;10;0
27017;3278;606;10;13;10;0
27018;3266;606;10;13;10;0
27022;3494;606;10;13;10;0
27025;3506;606;10;13;10;0
27028;3518;606;10;13;10;0
27029;3530;606;10;13;10;0
27030;3770;606;10;13;10;0
27035;3758;606;10;13;10;0
27036;3746;606;10;13;10;0
27040;3734;606;10;13;10;0
27043;3722;606;10;13;10;0
27046;3710;606;10;13;10;0
27047;3698;606;10;13;10;0
27048;3686;606;10;13;10;0
27051;3674;606;10;13;10;0
27053;3782;606;10;13;10;0
27054;3662;606;10;13;10;0
27057;3638;606;10;13;10;0
27058;3626;606;10;13;10;0
27060;3614;606;10;13;10;0
27063;3602;606;10;13;10;0
27067;3590;606;10;13;10;0
27070;3578;606;10;13;10;0
27071;3566;606;10;13;10;0
27073;3554;606;10;13;10;0
27075;3542;606;10;13;10;0
27079;3254;606;10;13;10;0
27082;3242;606;10;13;10;0
27083;3230;606;10;13;10;0
27084;2954;606;10;13;10;0
27085;2930;606;10;13;10;0
27086;2918;606;10;13;10;0
27088;2906;606;10;13;10;0
27091;2894;606;10;13;10;0
27093;2882;606;10;13;10;0
27096;2870;606;10;13;10;0
27097;2858;606;10;13;10;0
27099;2846;606;10;13;10;0
27101;2834;606;10;13;10;0
27102;2822;606;10;13;10;0
27103;2810;606;10;13;10;0
27108;2798;606;10;13;10;0
27111;2786;606;10;13;10;0
27112;2774;606;10;13;10;0
27114;2762;606;10;13;10;0
27115;2750;606;10;13;10;0
27117;2738;606;10;13;10;0
27122;2726;606;10;13;10;0
27123;2714;606;10;13;10;0
27129;2942;606;10;13;10;0
27130;2966;606;10;13;10;0
27131;3218;606;10;13;10;0
27133;2978;606;10;13;10;0
27135;3206;606;10;13;10;0
27137;3194;606;10;13;10;0
27138;3182;606;10;13;10;0
27141;3170;606;10;13;10;0
27146;3158;606;10;13;10;0
27147;3146;606;10;13;10;0
27148;3134;606;10;13;10;0
27153;3122;606;10;13;10;0
27154;3110;606;10;13;10;0
27155;3098;606;10;13;10;0
27156;3086;606;10;13;10;0
27159;3074;606;10;13;10;0
27161;3062;606;10;13;10;0
27163;3050;606;10;13;10;0
27166;3038;606;10;13;10;0
27167;3026;606;10;13;10;0
27169;3014;606;10;13;10;0
27170;3002;606;10;13;10;0
27171;2990;606;10;13;10;0
27177;3650;606;10;13;10;0
27178;3806;606;10;13;10;0
27179;674;621;10;13;10;0
27182;3818;606;10;13;10;0
27185;506;621;10;13;10;0
27189;494;621;10;13;10;0
27190;482;621;10;13;10;0
27192;470;621;10;13;10;0
27193;458;621;10;13;10;0
27194;446;621;10;13;10;0
27197;434;621;10;13;10;0
27198;422;621;10;13;10;0
27204;410;621;10;13;10;0
27207;398;621;10;13;10;0
27208;386;621;10;13;10;0
27211;374;621;10;13;10;0
27224;362;621;10;13;10;0
27225;350;621;10;13;10;0
27227;338;621;10;13;10;0
27230;326;621;10;13;10;0
27231;314;621;10;13;10;0
27233;302;621;10;13;10;0
27234;290;621;10;13;10;0
27237;518;621;10;13;10;0
27238;530;621;10;13;10;0
27243;542;621;10;13;10;0
27249;554;621;10;13;10;0
27250;794;621;10;13;10;0
27256;782;621;10;13;10;0
27257;770;621;10;13;10;0
27262;758;621;10;13;10;0
27263;746;621;10;13;10;0
27264;734;621;10;13;10;0
27268;722;621;10;13;10;0
27277;710;621;10;13;10;0
27278;698;621;10;13;10;0
27280;806;621;10;13;10;0
27281;686;621;10;13;10;0
27284;662;621;10;13;10;0
27287;650;621;10;13;10;0
27292;638;621;10;13;10;0
27296;626;621;10;13;10;0
27298;614;621;10;13;10;0
27299;602;621;10;13;10;0
27301;590;621;10;13;10;0
27304;578;621;10;13;10;0
27305;566;621;10;13;10;0
27306;278;621;10;13;10;0
27308;266;621;10;13;10;0
27310;254;621;10;13;10;0
27311;4070;606;10;13;10;0
27315;4046;606;10;13;10;0
27317;4034;606;10;13;10;0
27320;4022;606;10;13;10;0
27323;4010;606;10;13;10;0
27329;3998;606;10;13;10;0
27330;3986;606;10;13;10;0
27331;3974;606;10;13;10;0
27334;3962;606;10;13;10;0
27336;3950;606;10;13;10;0
27345;3938;606;10;13;10;0
27347;3926;606;10;13;10;0
27354;3914;606;10;13;10;0
27355;3902;606;10;13;10;0
27357;3890;606;10;13;10;0
27358;3878;606;10;13;10;0
27359;3866;606;10;13;10;0
27365;3854;606;10;13;10;0
27367;3842;606;10;13;10;0
27368;3830;606;10;13;10;0
27370;4058;606;10;13;10;0
27371;4082;606;10;13;10;0
27372;242;621;10;13;10;0
27377;2;621;10;13;10;0
27379;230;621;10;13;10;0
27384;218;621;10;13;10;0
27386;206;621;10;13;10;0
27387;194;621;10;13;10;0
27396;182;621;10;13;10;0
27397;170;621;10;13;10;0
27401;158;621;10;13;10;0
27402;146;621;10;13;10;0
27408;134;621;10;13;10;0
27410;122;621;10;13;10;0
27414;110;621;10;13;10;0
27415;98;621;10;13;10;0
27421;86;621;10;13;10;0
27422;74;621;10;13;10;0
27423;62;621;10;13;10;0
27424;50;621;10;13;10;0
27425;38;621;10;13;10;0
27426;26;621;10;13;10;0
27427;14;621;10;13;10;0
27428;2702;606;10;13;10;0
27431;2690;606;10;13;10;0
27442;2678;606;10;13;10;0
27447;2534;606;10;13;10;0
27448;1262;606;10;13;10;0
27449;1250;606;10;13;10;0
27450;1238;606;10;13;10;0
27453;1226;606;10;13;10;0
27454;1214;606;10;13;10;0
27459;1202;606;10;13;10;0
27462;1190;606;10;13;10;0
27463;1178;606;10;13;10;0
27465;1166;606;10;13;10;0
27468;1154;606;10;13;10;0
27470;1142;606;10;13;10;0
27472;1130;606;10;13;10;0
27475;1118;606;10;13;10;0
27476;1106;606;10;13;10;0
27480;1094;606;10;13;10;0
27481;1082;606;10;13;10;0
27483;1070;606;10;13;10;0
27484;1058;606;10;13;10;0
27487;1046;606;10;13;10;0
27489;1274;606;10;13;10;0
27490;1298;606;10;13;10;0
27491;1550;606;10;13;10;0
27492;1310;606;10;13;10;0
27493;1538;606;10;13;10;0
27494;1526;606;10;13;10;0
27495;1514;606;10;13;10;0
27497;1502;606;10;13;10;0
27498;1490;606;10;13;10;0
27503;1478;606;10;13;10;0
27506;1466;606;10;13;10;0
27507;1454;606;10;13;10;0
27508;1442;606;10;13;10;0
27511;1430;606;10;13;10;0
27512;1418;606;10;13;10;0
27513;1406;606;10;13;10;0
27515;1394;606;10;13;10;0
27516;1382;606;10;13;10;0
27519;1370;606;10;13;10;0
27520;1358;606;10;13;10;0
27521;1346;606;10;13;10;0
27522;1334;606;10;13;10;0
27523;1322;606;10;13;10;0
27524;1034;606;10;13;10;0
27526;1286;606;10;13;10;0
27527;1022;606;10;13;10;0
27529;734;606;10;13;10;0
27530;710;606;10;13;10;0
27531;698;606;10;13;10;0
27533;686;606;10;13;10;0
27539;674;606;10;13;10;0
27541;662;606;10;13;10;0
27542;650;606;10;13;10;0
27544;638;606;10;13;10;0
27547;626;606;10;13;10;0
27550;614;606;10;13;10;0
27553;602;606;10;13;10;0
27556;590;606;10;13;10;0
27562;578;606;10;13;10;0
27563;566;606;10;13;10;0
27565;554;606;10;13;10;0
27566;542;606;10;13;10;0
27567;530;606;10;13;10;0
27569;518;606;10;13;10;0
27570;506;606;10;13;10;0
27571;494;606;10;13;10;0
27572;722;606;10;13;10;0
27573;746;606;10;13;10;0
27575;998;606;10;13;10;0
27578;758;606;10;13;10;0
27579;986;606;10;13;10;0
27580;974;606;10;13;10;0
27583;962;606;10;13;10;0
27584;950;606;10;13;10;0
27585;938;606;10;13;10;0
27586;926;606;10;13;10;0
27589;914;606;10;13;10;0
27590;902;606;10;13;10;0
27595;890;606;10;13;10;0
27597;878;606;10;13;10;0
27598;866;606;10;13;10;0
27599;854;606;10;13;10;0
27600;842;606;10;13;10;0
27602;830;606;10;13;10;0
27603;818;606;10;13;10;0
27604;806;606;10;13;10;0
27605;794;606;10;13;10;0
27606;782;606;10;13;10;0
27607;770;606;10;13;10;0
27608;1010;606;10;13;10;0
27609;1562;606;10;13;10;0
27610;1574;606;10;13;10;0
27611;1586;606;10;13;10;0
27615;2366;606;10;13;10;0
27617;2354;606;10;13;10;0
27627;2342;606;10;13;10;0
27628;2330;606;10;13;10;0
27631;2318;606;10;13;10;0
27635;2306;606;10;13;10;0
27645;2294;606;10;13;10;0
27653;2282;606;10;13;10;0
27656;2270;606;10;13;10;0
27658;2258;606;10;13;10;0
27661;2246;606;10;13;10;0
27663;2234;606;10;13;10;0
27664;2222;606;10;13;10;0
27665;2210;606;10;13;10;0
27667;2198;606;10;13;10;0
27668;2186;606;10;13;10;0
27669;2174;606;10;13;10;0
27670;2162;606;10;13;10;0
27671;2150;606;10;13;10;0
27672;2378;606;10;13;10;0
27673;2390;606;10;13;10;0
27674;2402;606;10;13;10;0
27675;2414;606;10;13;10;0
27679;2654;606;10;13;10;0
27681;2642;606;10;13;10;0
27682;2630;606;10;13;10;0
27683;2618;606;10;13;10;0
27684;2606;606;10;13;10;0
27686;2594;606;10;13;10;0
27687;2582;606;10;13;10;0
27688;2570;606;10;13;10;0
27690;2558;606;10;13;10;0
27691;2666;606;10;13;10;0
27692;2546;606;10;13;10;0
27694;2522;606;10;13;10;0
27695;2510;606;10;13;10;0
27696;2498;606;10;13;10;0
27698;2486;606;10;13;10;0
27699;2474;606;10;13;10;0
27700;2462;606;10;13;10;0
27701;2450;606;10;13;10;0
27702;2438;606;10;13;10;0
27703;2426;606;10;13;10;0
27704;2138;606;10;13;10;0
27705;2126;606;10;13;10;0
27710;2114;606;10;13;10;0
27712;1838;606;10;13;10;0
27713;1814;606;10;13;10;0
27714;1802;606;10;13;10;0
27718;1790;606;10;13;10;0
27719;1778;606;10;13;10;0
27721;1766;606;10;13;10;0
27722;1754;606;10;13;10;0
27725;1742;606;10;13;10;0
27726;1730;606;10;13;10;0
27727;1718;606;10;13;10;0
27728;1706;606;10;13;10;0
27733;1694;606;10;13;10;0
27735;1682;606;10;13;10;0
27737;1670;606;10;13;10;0
27738;1658;606;10;13;10;0
27739;1646;606;10;13;10;0
27740;1634;606;10;13;10;0
27741;1622;606;10;13;10;0
27742;1610;606;10;13;10;0
27743;1598;606;10;13;10;0
27744;1826;606;10;13;10;0
27745;1850;606;10;13;10;0
27746;2102;606;10;13;10;0
27748;1862;606;10;13;10;0
27752;2090;606;10;13;10;0
27753;2078;606;10;13;10;0
27754;2066;606;10;13;10;0
27755;2054;606;10;13;10;0
27760;2042;606;10;13;10;0
27762;2030;606;10;13;10;0
27763;2018;606;10;13;10;0
27764;2006;606;10;13;10;0
27766;1994;606;10;13;10;0
27769;1982;606;10;13;10;0
27770;1970;606;10;13;10;0
27773;1958;606;10;13;10;0
27774;1946;606;10;13;10;0
27777;1934;606;10;13;10;0
27778;1922;606;10;13;10;0
27779;1910;606;10;13;10;0
27780;1898;606;10;13;10;0
27781;1886;606;10;13;10;0
27782;1874;606;10;13;10;0
27784;1538;651;10;13;10;0
27785;2678;771;10;13;10;0
27788;2690;771;10;13;10;0
27789;2702;771;10;13;10;0
27791;1070;951;10;13;10;0
27792;1058;951;10;13;10;0
27793;1046;951;10;13;10;0
27794;1034;951;10;13;10;0
27795;1022;951;10;13;10;0
27796;1010;951;10;13;10;0
27798;998;951;10;13;10;0
27800;986;951;10;13;10;0
27801;974;951;10;13;10;0
27802;962;951;10;13;10;0
27803;950;951;10;13;10;0
27805;938;951;10;13;10;0
27807;926;951;10;13;10;0
27809;914;951;10;13;10;0
27810;902;951;10;13;10;0
27812;890;951;10;13;10;0
27813;878;951;10;13;10;0
27814;866;951;10;13;10;0
27815;854;951;10;13;10;0
27817;1082;951;10;13;10;0
27818;1094;951;10;13;10;0
27819;1106;951;10;13;10;0
27820;1118;951;10;13;10;0
27821;1358;951;10;13;10;0
27822;1346;951;10;13;10;0
27825;1334;951;10;13;10;0
27827;1322;951;10;13;10;0
27831;1310;951;10;13;10;0
27832;1298;951;10;13;10;0
27833;1286;951;10;13;10;0
27834;1274;951;10;13;10;0
27835;1262;951;10;13;10;0
27836;1370;951;10;13;10;0
27837;1250;951;10;13;10;0
27838;1226;951;10;13;10;0
27839;1214;951;10;13;10;0
27841;1202;951;10;13;10;0
27842;1190;951;10;13;10;0
27844;1178;951;10;13;10;0
27845;1166;951;10;13;10;0
27849;1154;951;10;13;10;0
27850;1142;951;10;13;10;0
27852;1130;951;10;13;10;0
27853;842;951;10;13;10;0
27859;830;951;10;13;10;0
27861;818;951;10;13;10;0
27862;542;951;10;13;10;0
27863;518;951;10;13;10;0
27865;506;951;10;13;10;0
27867;494;951;10;13;10;0
27868;482;951;10;13;10;0
27869;470;951;10;13;10;0
27870;458;951;10;13;10;0
27872;446;951;10;13;10;0
27873;434;951;10;13;10;0
27874;422;951;10;13;10;0
27875;410;951;10;13;10;0
27877;398;951;10;13;10;0
27880;386;951;10;13;10;0
27882;374;951;10;13;10;0
27886;362;951;10;13;10;0
27887;350;951;10;13;10;0
27888;338;951;10;13;10;0
27889;326;951;10;13;10;0
27891;314;951;10;13;10;0
27893;302;951;10;13;10;0
27896;530;951;10;13;10;0
27897;554;951;10;13;10;0
27899;806;951;10;13;10;0
27900;566;951;10;13;10;0
27901;794;951;10;13;10;0
27902;782;951;10;13;10;0
27905;770;951;10;13;10;0
27908;758;951;10;13;10;0
27915;746;951;10;13;10;0
27916;734;951;10;13;10;0
27918;722;951;10;13;10;0
27920;710;951;10;13;10;0
27922;698;951;10;13;10;0
27927;686;951;10;13;10;0
27929;674;951;10;13;10;0
27931;662;951;10;13;10;0
27934;650;951;10;13;10;0
27935;638;951;10;13;10;0
27938;626;951;10;13;10;0
27941;614;951;10;13;10;0
27943;602;951;10;13;10;0
27944;590;951;10;13;10;0
27945;578;951;10;13;10;0
27946;1238;951;10;13;10;0
27947;1394;951;10;13;10;0
27950;2354;951;10;13;10;0
27953;1406;951;10;13;10;0
27954;2186;951;10;13;10;0
27955;2174;951;10;13;10;0
27957;2162;951;10;13;10;0
27958;2150;951;10;13;10;0
27960;2138;951;10;13;10;0
27961;2126;951;10;13;10;0
27962;2114;951;10;13;10;0
27963;2102;951;10;13;10;0
27964;2090;951;10;13;10;0
27965;2078;951;10;13;10;0
27966;2066;951;10;13;10;0
27969;2054;951;10;13;10;0
27972;2042;951;10;13;10;0
27973;2030;951;10;13;10;0
27974;2018;951;10;13;10;0
27975;2006;951;10;13;10;0
27978;1994;951;10;13;10;0
27979;1982;951;10;13;10;0
27982;1970;951;10;13;10;0
27983;2198;951;10;13;10;0
27985;2210;951;10;13;10;0
27986;2222;951;10;13;10;0
27987;2234;951;10;13;10;0
27988;2474;951;10;13;10;0
27993;2462;951;10;13;10;0
27994;2450;951;10;13;10;0
27996;2438;951;10;13;10;0
27998;2426;951;10;13;10;0
28003;2414;951;10;13;10;0
28004;2402;951;10;13;10;0
28005;2390;951;10;13;10;0
28006;2378;951;10;13;10;0
28009;2486;951;10;13;10;0
28010;2366;951;10;13;10;0
28012;2342;951;10;13;10;0
28013;2330;951;10;13;10;0
28014;2318;951;10;13;10;0
28015;2306;951;10;13;10;0
28020;2294;951;10;13;10;0
28023;2282;951;10;13;10;0
28024;2270;951;10;13;10;0
28025;2258;951;10;13;10;0
28034;2246;951;10;13;10;0
28037;1958;951;10;13;10;0
28039;1946;951;10;13;10;0
28040;1934;951;10;13;10;0
28041;1658;951;10;13;10;0
28042;1634;951;10;13;10;0
28044;1622;951;10;13;10;0
28046;1610;951;10;13;10;0
28051;1598;951;10;13;10;0
28052;1586;951;10;13;10;0
28053;1574;951;10;13;10;0
28056;1562;951;10;13;10;0
28057;1550;951;10;13;10;0
28059;1538;951;10;13;10;0
28060;1526;951;10;13;10;0
28061;1514;951;10;13;10;0
28063;1502;951;10;13;10;0
28065;1490;951;10;13;10;0
28067;1478;951;10;13;10;0
28068;1466;951;10;13;10;0
28070;1454;951;10;13;10;0
28071;1442;951;10;13;10;0
28072;1430;951;10;13;10;0
28073;1418;951;10;13;10;0
28074;1646;951;10;13;10;0
28078;1670;951;10;13;10;0
28079;1922;951;10;13;10;0
28081;1682;951;10;13;10;0
28082;1910;951;10;13;10;0
28084;1898;951;10;13;10;0
28085;1886;951;10;13;10;0
28087;1874;951;10;13;10;0
28088;1862;951;10;13;10;0
28092;1850;951;10;13;10;0
28095;1838;951;10;13;10;0
28096;1826;951;10;13;10;0
28098;1814;951;10;13;10;0
28100;1802;951;10;13;10;0
28101;1790;951;10;13;10;0
28102;1778;951;10;13;10;0
28103;1766;951;10;13;10;0
28107;1754;951;10;13;10;0
28108;1742;951;10;13;10;0
28109;1730;951;10;13;10;0
28113;1718;951;10;13;10;0
28114;1706;951;10;13;10;0
28117;1694;951;10;13;10;0
28118;290;951;10;13;10;0
28120;278;951;10;13;10;0
28121;266;951;10;13;10;0
28122;122;951;10;13;10;0
28126;2942;936;10;13;10;0
28129;2930;936;10;13;10;0
28132;2918;936;10;13;10;0
28133;2906;936;10;13;10;0
28134;2894;936;10;13;10;0
28136;2882;936;10;13;10;0
28137;2870;936;10;13;10;0
28138;2858;936;10;13;10;0
28139;2846;936;10;13;10;0
28140;2834;936;10;13;10;0
28142;2822;936;10;13;10;0
28143;2810;936;10;13;10;0
28145;2798;936;10;13;10;0
28147;2786;936;10;13;10;0
28149;2774;936;10;13;10;0
28151;2762;936;10;13;10;0
28152;2750;936;10;13;10;0
28153;2738;936;10;13;10;0
28154;2726;936;10;13;10;0
28155;2954;936;10;13;10;0
28156;2978;936;10;13;10;0
28165;3230;936;10;13;10;0
28167;2990;936;10;13;10;0
28168;3218;936;10;13;10;0
28169;3206;936;10;13;10;0
28170;3194;936;10;13;10;0
28171;3182;936;10;13;10;0
28173;3170;936;10;13;10;0
28174;3158;936;10;13;10;0
28175;3146;936;10;13;10;0
28176;3134;936;10;13;10;0
28179;3122;936;10;13;10;0
28180;3110;936;10;13;10;0
28181;3098;936;10;13;10;0
28183;3086;936;10;13;10;0
28185;3074;936;10;13;10;0
28186;3062;936;10;13;10;0
28187;3050;936;10;13;10;0
28189;3038;936;10;13;10;0
28191;3026;936;10;13;10;0
28192;3014;936;10;13;10;0
28193;3002;936;10;13;10;0
28195;2714;936;10;13;10;0
28196;2966;936;10;13;10;0
28197;2702;936;10;13;10;0
28198;2414;936;10;13;10;0
28201;2390;936;10;13;10;0
28203;2378;936;10;13;10;0
28204;2366;936;10;13;10;0
28205;2354;936;10;13;10;0
28206;2342;936;10;13;10;0
28207;2330;936;10;13;10;0
28210;2318;936;10;13;10;0
28212;2306;936;10;13;10;0
28216;2294;936;10;13;10;0
28218;2282;936;10;13;10;0
28220;2270;936;10;13;10;0
28222;2258;936;10;13;10;0
28227;2246;936;10;13;10;0
28228;2234;936;10;13;10;0
28233;2222;936;10;13;10;0
28234;2210;936;10;13;10;0
28237;2198;936;10;13;10;0
28238;2186;936;10;13;10;0
28244;2174;936;10;13;10;0
28246;2402;936;10;13;10;0
28248;2426;936;10;13;10;0
28251;2678;936;10;13;10;0
28255;2438;936;10;13;10;0
28257;2666;936;10;13;10;0
28259;2654;936;10;13;10;0
28263;2642;936;10;13;10;0
28265;2630;936;10;13;10;0
28267;2618;936;10;13;10;0
28270;2606;936;10;13;10;0
28271;2594;936;10;13;10;0
28274;2582;936;10;13;10;0
28275;2570;936;10;13;10;0
28278;2558;936;10;13;10;0
28280;2546;936;10;13;10;0
28281;2534;936;10;13;10;0
28286;2522;936;10;13;10;0
28287;2510;936;10;13;10;0
28288;2498;936;10;13;10;0
28290;2486;936;10;13;10;0
28291;2474;936;10;13;10;0
28293;2462;936;10;13;10;0
28297;2450;936;10;13;10;0
28300;2690;936;10;13;10;0
28303;3242;936;10;13;10;0
28304;3254;936;10;13;10;0
28310;3266;936;10;13;10;0
28312;4046;936;10;13;10;0
28316;4034;936;10;13;10;0
28317;4022;936;10;13;10;0
28319;4010;936;10;13;10;0
28322;3998;936;10;13;10;0
28325;3986;936;10;13;10;0
28327;3974;936;10;13;10;0
28330;3962;936;10;13;10;0
28331;3950;936;10;13;10;0
28335;3938;936;10;13;10;0
28337;3926;936;10;13;10;0
28338;3914;936;10;13;10;0
28340;3902;936;10;13;10;0
28342;3890;936;10;13;10;0
28343;3878;936;10;13;10;0
28346;3866;936;10;13;10;0
28348;3854;936;10;13;10;0
28349;3842;936;10;13;10;0
28353;3830;936;10;13;10;0
28354;4058;936;10;13;10;0
28356;4070;936;10;13;10;0
28357;4082;936;10;13;10;0
28359;2;951;10;13;10;0
28361;242;951;10;13;10;0
28363;230;951;10;13;10;0
28364;218;951;10;13;10;0
28366;206;951;10;13;10;0
28367;194;951;10;13;10;0
28369;182;951;10;13;10;0
28370;170;951;10;13;10;0
28371;158;951;10;13;10;0
28372;146;951;10;13;10;0
28373;254;951;10;13;10;0
28376;134;951;10;13;10;0
28377;110;951;10;13;10;0
28378;98;951;10;13;10;0
28381;86;951;10;13;10;0
28382;74;951;10;13;10;0
28385;62;951;10;13;10;0
28388;50;951;10;13;10;0
28389;38;951;10;13;10;0
28390;26;951;10;13;10;0
28392;14;951;10;13;10;0
28393;3818;936;10;13;10;0
28396;3806;936;10;13;10;0
28399;3794;936;10;13;10;0
28402;3518;936;10;13;10;0
28404;3494;936;10;13;10;0
28407;3482;936;10;13;10;0
28408;3470;936;10;13;10;0
28409;3458;936;10;13;10;0
28414;3446;936;10;13;10;0
28415;3434;936;10;13;10;0
28417;3422;936;10;13;10;0
28418;3410;936;10;13;10;0
28422;3398;936;10;13;10;0
28425;3386;936;10;13;10;0
28431;3374;936;10;13;10;0
28433;3362;936;10;13;10;0
28435;3350;936;10;13;10;0
28436;3338;936;10;13;10;0
28437;3326;936;10;13;10;0
28442;3314;936;10;13;10;0
28448;3302;936;10;13;10;0
28450;3290;936;10;13;10;0
28451;3278;936;10;13;10;0
28453;3506;936;10;13;10;0
28455;3530;936;10;13;10;0
28457;3782;936;10;13;10;0
28458;3542;936;10;13;10;0
28459;3770;936;10;13;10;0
28460;3758;936;10;13;10;0
28461;3746;936;10;13;10;0
28463;3734;936;10;13;10;0
28465;3722;936;10;13;10;0
28466;3710;936;10;13;10;0
28467;3698;936;10;13;10;0
28472;3686;936;10;13;10;0
28478;3674;936;10;13;10;0
28479;3662;936;10;13;10;0
28481;3650;936;10;13;10;0
28484;3638;936;10;13;10;0
28485;3626;936;10;13;10;0
28486;3614;936;10;13;10;0
28487;3602;936;10;13;10;0
28493;3590;936;10;13;10;0
28497;3578;936;10;13;10;0
28498;3566;936;10;13;10;0
28500;3554;936;10;13;10;0
28504;1382;951;10;13;10;0
28507;2510;951;10;13;10;0
28508;1742;966;10;13;10;0
28510;2522;951;10;13;10;0
28511;1430;966;10;13;10;0
28512;1418;966;10;13;10;0
28514;1406;966;10;13;10;0
28516;1394;966;10;13;10;0
28518;1382;966;10;13;10;0
28519;1370;966;10;13;10;0
28525;1358;966;10;13;10;0
28526;1346;966;10;13;10;0
28527;1334;966;10;13;10;0
28528;1322;966;10;13;10;0
28530;1310;966;10;13;10;0
28532;1298;966;10;13;10;0
28536;1286;966;10;13;10;0
28538;1274;966;10;13;10;0
28540;1262;966;10;13;10;0
28542;1250;966;10;13;10;0
28544;1238;966;10;13;10;0
28545;1226;966;10;13;10;0
28546;1214;966;10;13;10;0
28548;1442;966;10;13;10;0
28550;1454;966;10;13;10;0
28551;1466;966;10;13;10;0
28552;1478;966;10;13;10;0
28557;1718;966;10;13;10;0
28558;1706;966;10;13;10;0
28560;1694;966;10;13;10;0
28561;1682;966;10;13;10;0
28564;1670;966;10;13;10;0
28567;1658;966;10;13;10;0
28572;1646;966;10;13;10;0
28576;1634;966;10;13;10;0
28577;1622;966;10;13;10;0
28579;1730;966;10;13;10;0
28580;1610;966;10;13;10;0
28582;1586;966;10;13;10;0
28583;1574;966;10;13;10;0
28586;1562;966;10;13;10;0
28593;1550;966;10;13;10;0
28595;1538;966;10;13;10;0
28596;1526;966;10;13;10;0
28598;1514;966;10;13;10;0
28601;1502;966;10;13;10;0
28608;1490;966;10;13;10;0
28609;1202;966;10;13;10;0
28610;1190;966;10;13;10;0
28611;1178;966;10;13;10;0
28614;902;966;10;13;10;0
28625;878;966;10;13;10;0
28626;866;966;10;13;10;0
28628;854;966;10;13;10;0
28629;842;966;10;13;10;0
28632;830;966;10;13;10;0
28635;818;966;10;13;10;0
28638;806;966;10;13;10;0
28639;794;966;10;13;10;0
28640;782;966;10;13;10;0
28641;770;966;10;13;10;0
28644;758;966;10;13;10;0
28648;746;966;10;13;10;0
28649;734;966;10;13;10;0
28651;722;966;10;13;10;0
28652;710;966;10;13;10;0
28654;698;966;10;13;10;0
28655;686;966;10;13;10;0
28656;674;966;10;13;10;0
28657;662;966;10;13;10;0
28659;890;966;10;13;10;0
28662;914;966;10;13;10;0
28666;1166;966;10;13;10;0
28670;926;966;10;13;10;0
28673;1154;966;10;13;10;0
28674;1142;966;10;13;10;0
28677;1130;966;10;13;10;0
28678;1118;966;10;13;10;0
28681;1106;966;10;13;10;0
28683;1094;966;10;13;10;0
28687;1082;966;10;13;10;0
28689;1070;966;10;13;10;0
28693;1058;966;10;13;10;0
28696;1046;966;10;13;10;0
28698;1034;966;10;13;10;0
28699;1022;966;10;13;10;0
28701;1010;966;10;13;10;0
28702;998;966;10;13;10;0
28703;986;966;10;13;10;0
28704;974;966;10;13;10;0
28705;962;966;10;13;10;0
28707;950;966;10;13;10;0
28710;938;966;10;13;10;0
28711;1598;966;10;13;10;0
28712;1754;966;10;13;10;0
28716;2714;966;10;13;10;0
28720;1766;966;10;13;10;0
28722;2546;966;10;13;10;0
28726;2534;966;10;13;10;0
28734;2522;966;10;13;10;0
28739;2510;966;10;13;10;0
28742;2498;966;10;13;10;0
28748;2486;966;10;13;10;0
28753;2474;966;10;13;10;0
28756;2462;966;10;13;10;0
28757;2450;966;10;13;10;0
28760;2438;966;10;13;10;0
28765;2426;966;10;13;10;0
28766;2414;966;10;13;10;0
28768;2402;966;10;13;10;0
28771;2390;966;10;13;10;0
28772;2378;966;10;13;10;0
28773;2366;966;10;13;10;0
28775;2354;966;10;13;10;0
28777;2342;966;10;13;10;0
28779;2330;966;10;13;10;0
28781;2558;966;10;13;10;0
28783;2570;966;10;13;10;0
28784;2582;966;10;13;10;0
28789;2594;966;10;13;10;0
28790;2834;966;10;13;10;0
28792;2822;966;10;13;10;0
28796;2810;966;10;13;10;0
28797;2798;966;10;13;10;0
28798;2786;966;10;13;10;0
28799;2774;966;10;13;10;0
28805;2762;966;10;13;10;0
28806;2750;966;10;13;10;0
28809;2738;966;10;13;10;0
28810;2846;966;10;13;10;0
28814;2726;966;10;13;10;0
28818;2702;966;10;13;10;0
28820;2690;966;10;13;10;0
28821;2678;966;10;13;10;0
28822;2666;966;10;13;10;0
28824;2654;966;10;13;10;0
28825;2642;966;10;13;10;0
28828;2630;966;10;13;10;0
28829;2618;966;10;13;10;0
28835;2606;966;10;13;10;0
28836;2318;966;10;13;10;0
28843;2306;966;10;13;10;0
28844;2294;966;10;13;10;0
28845;2018;966;10;13;10;0
28846;1994;966;10;13;10;0
28847;1982;966;10;13;10;0
28849;1970;966;10;13;10;0
28851;1958;966;10;13;10;0
28855;1946;966;10;13;10;0
28856;1934;966;10;13;10;0
28857;1922;966;10;13;10;0
28858;1910;966;10;13;10;0
28860;1898;966;10;13;10;0
28861;1886;966;10;13;10;0
28864;1874;966;10;13;10;0
28865;1862;966;10;13;10;0
28866;1850;966;10;13;10;0
28867;1838;966;10;13;10;0
28871;1826;966;10;13;10;0
28872;1814;966;10;13;10;0
28874;1802;966;10;13;10;0
28875;1790;966;10;13;10;0
28879;1778;966;10;13;10;0
28884;2006;966;10;13;10;0
28888;2030;966;10;13;10;0
28889;2282;966;10;13;10;0
28890;2042;966;10;13;10;0
28891;2270;966;10;13;10;0
28892;2258;966;10;13;10;0
28893;2246;966;10;13;10;0
28895;2234;966;10;13;10;0
28900;2222;966;10;13;10;0
28902;2210;966;10;13;10;0
28903;2198;966;10;13;10;0
28905;2186;966;10;13;10;0
28907;2174;966;10;13;10;0
28908;2162;966;10;13;10;0
28909;2150;966;10;13;10;0
28911;2138;966;10;13;10;0
28913;2126;966;10;13;10;0
28915;2114;966;10;13;10;0
28916;2102;966;10;13;10;0
28919;2090;966;10;13;10;0
28921;2078;966;10;13;10;0
28925;2066;966;10;13;10;0
28932;2054;966;10;13;10;0
28937;650;966;10;13;10;0
28938;638;966;10;13;10;0
28940;626;966;10;13;10;0
28944;482;966;10;13;10;0
28948;3302;951;10;13;10;0
28949;3290;951;10;13;10;0
28951;3278;951;10;13;10;0
28952;3266;951;10;13;10;0
28953;3254;951;10;13;10;0
28954;3242;951;10;13;10;0
28956;3230;951;10;13;10;0
28960;3218;951;10;13;10;0
28961;3206;951;10;13;10;0
28962;3194;951;10;13;10;0
28966;3182;951;10;13;10;0
28975;3170;951;10;13;10;0
28976;3158;951;10;13;10;0
28977;3146;951;10;13;10;0
28982;3134;951;10;13;10;0
28988;3122;951;10;13;10;0
28991;3110;951;10;13;10;0
28992;3098;951;10;13;10;0
28995;3086;951;10;13;10;0
28997;3314;951;10;13;10;0
28998;3338;951;10;13;10;0
28999;3590;951;10;13;10;0
29001;3350;951;10;13;10;0
29002;3578;951;10;13;10;0
29004;3566;951;10;13;10;0
29006;3554;951;10;13;10;0
29007;3542;951;10;13;10;0
29008;3530;951;10;13;10;0
29009;3518;951;10;13;10;0
29010;3506;951;10;13;10;0
29013;3494;951;10;13;10;0
29014;3482;951;10;13;10;0
29017;3470;951;10;13;10;0
29018;3458;951;10;13;10;0
29020;3446;951;10;13;10;0
29022;3434;951;10;13;10;0
29026;3422;951;10;13;10;0
29028;3410;951;10;13;10;0
29029;3398;951;10;13;10;0
29030;3386;951;10;13;10;0
29031;3374;951;10;13;10;0
29032;3362;951;10;13;10;0
29033;3074;951;10;13;10;0
29036;3326;951;10;13;10;0
29038;3062;951;10;13;10;0
29042;2774;951;10;13;10;0
29047;2750;951;10;13;10;0
29048;2738;951;10;13;10;0
29053;2726;951;10;13;10;0
29060;2714;951;10;13;10;0
29064;2702;951;10;13;10;0
29066;2690;951;10;13;10;0
29071;2678;951;10;13;10;0
29074;2666;951;10;13;10;0
29076;2654;951;10;13;10;0
29077;2642;951;10;13;10;0
29079;2630;951;10;13;10;0
29081;2618;951;10;13;10;0
29087;2606;951;10;13;10;0
29088;2594;951;10;13;10;0
29096;2582;951;10;13;10;0
29100;2570;951;10;13;10;0
29105;2558;951;10;13;10;0
29109;2546;951;10;13;10;0
29113;2534;951;10;13;10;0
29118;2762;951;10;13;10;0
29121;2786;951;10;13;10;0
29123;3038;951;10;13;10;0
29124;2798;951;10;13;10;0
29128;3026;951;10;13;10;0
29129;3014;951;10;13;10;0
29130;3002;951;10;13;10;0
29134;2990;951;10;13;10;0
29136;2978;951;10;13;10;0
29138;2966;951;10;13;10;0
29140;2954;951;10;13;10;0
29141;2942;951;10;13;10;0
29143;2930;951;10;13;10;0
29145;2918;951;10;13;10;0
29146;2906;951;10;13;10;0
29148;2894;951;10;13;10;0
29151;2882;951;10;13;10;0
29152;2870;951;10;13;10;0
29157;2858;951;10;13;10;0
29158;2846;951;10;13;10;0
29159;2834;951;10;13;10;0
29164;2822;951;10;13;10;0
29165;2810;951;10;13;10;0
29166;3050;951;10;13;10;0
29172;3602;951;10;13;10;0
29173;3614;951;10;13;10;0
29174;3626;951;10;13;10;0
29176;314;966;10;13;10;0
29177;302;966;10;13;10;0
29179;290;966;10;13;10;0
29180;278;966;10;13;10;0
29182;266;966;10;13;10;0
29183;254;966;10;13;10;0
29190;242;966;10;13;10;0
29191;230;966;10;13;10;0
29196;218;966;10;13;10;0
29197;206;966;10;13;10;0
29200;194;966;10;13;10;0
29211;182;966;10;13;10;0
29213;170;966;10;13;10;0
29224;158;966;10;13;10;0
29226;146;966;10;13;10;0
29228;134;966;10;13;10;0
29229;122;966;10;13;10;0
29232;110;966;10;13;10;0
29233;98;966;10;13;10;0
29234;326;966;10;13;10;0
29237;338;966;10;13;10;0
29238;350;966;10;13;10;0
29239;362;966;10;13;10;0
29240;602;966;10;13;10;0
29241;590;966;10;13;10;0
29242;578;966;10;13;10;0
29243;566;966;10;13;10;0
29244;554;966;10;13;10;0
29245;542;966;10;13;10;0
29246;530;966;10;13;10;0
29247;518;966;10;13;10;0
29248;506;966;10;13;10;0
29254;614;966;10;13;10;0
29255;494;966;10;13;10;0
29256;470;966;10;13;10;0
29259;458;966;10;13;10;0
29260;446;966;10;13;10;0
29261;434;966;10;13;10;0
29266;422;966;10;13;10;0
29270;410;966;10;13;10;0
29272;398;966;10;13;10;0
29273;386;966;10;13;10;0
29275;374;966;10;13;10;0
29277;86;966;10;13;10;0
29279;74;966;10;13;10;0
29280;62;966;10;13;10;0
29281;3878;951;10;13;10;0
29282;3854;951;10;13;10;0
29284;3842;951;10;13;10;0
29286;3830;951;10;13;10;0
29287;3818;951;10;13;10;0
29289;3806;951;10;13;10;0
29295;3794;951;10;13;10;0
29298;3782;951;10;13;10;0
29300;3770;951;10;13;10;0
29301;3758;951;10;13;10;0
29305;3746;951;10;13;10;0
29306;3734;951;10;13;10;0
29307;3722;951;10;13;10;0
29309;3710;951;10;13;10;0
29310;3698;951;10;13;10;0
29312;3686;951;10;13;10;0
29313;3674;951;10;13;10;0
29314;3662;951;10;13;10;0
29316;3650;951;10;13;10;0
29319;3638;951;10;13;10;0
29322;3866;951;10;13;10;0
29325;3890;951;10;13;10;0
29330;50;966;10;13;10;0
29334;3902;951;10;13;10;0
29339;38;966;10;13;10;0
29343;26;966;10;13;10;0
29344;14;966;10;13;10;0
29345;2;966;10;13;10;0
29346;4082;951;10;13;10;0
29351;4070;951;10;13;10;0
29356;4058;951;10;13;10;0
29359;4046;951;10;13;10;0
29360;4034;951;10;13;10;0
29362;4022;951;10;13;10;0
29366;4010;951;10;13;10;0
29367;3998;951;10;13;10;0
29369;3986;951;10;13;10;0
29373;3974;951;10;13;10;0
29376;3962;951;10;13;10;0
29377;3950;951;10;13;10;0
29378;3938;951;10;13;10;0
29379;3926;951;10;13;10;0
29380;3914;951;10;13;10;0
29382;2162;936;10;13;10;0
29384;2150;936;10;13;10;0
29390;2138;936;10;13;10;0
29392;1022;936;10;13;10;0
29394;362;921;10;13;10;0
29398;350;921;10;13;10;0
29399;338;921;10;13;10;0
29401;326;921;10;13;10;0
29402;314;921;10;13;10;0
29403;302;921;10;13;10;0
29405;290;921;10;13;10;0
29406;278;921;10;13;10;0
29408;266;921;10;13;10;0
29409;254;921;10;13;10;0
29410;242;921;10;13;10;0
29417;230;921;10;13;10;0
29420;218;921;10;13;10;0
29421;206;921;10;13;10;0
29422;194;921;10;13;10;0
29424;182;921;10;13;10;0
29425;170;921;10;13;10;0
29426;158;921;10;13;10;0
29427;146;921;10;13;10;0
29431;374;921;10;13;10;0
29432;398;921;10;13;10;0
29433;650;921;10;13;10;0
29434;410;921;10;13;10;0
29436;638;921;10;13;10;0
29437;626;921;10;13;10;0
29441;614;921;10;13;10;0
29450;602;921;10;13;10;0
29454;590;921;10;13;10;0
29459;578;921;10;13;10;0
29462;566;921;10;13;10;0
29463;554;921;10;13;10;0
29465;542;921;10;13;10;0
29467;530;921;10;13;10;0
29468;518;921;10;13;10;0
29469;506;921;10;13;10;0
29470;494;921;10;13;10;0
29471;482;921;10;13;10;0
29473;470;921;10;13;10;0
29474;458;921;10;13;10;0
29477;446;921;10;13;10;0
29481;434;921;10;13;10;0
29482;422;921;10;13;10;0
29483;134;921;10;13;10;0
29484;386;921;10;13;10;0
29486;122;921;10;13;10;0
29487;3926;906;10;13;10;0
29492;3902;906;10;13;10;0
29494;3890;906;10;13;10;0
29495;3878;906;10;13;10;0
29499;3866;906;10;13;10;0
29500;3854;906;10;13;10;0
29502;3842;906;10;13;10;0
29503;3830;906;10;13;10;0
29505;3818;906;10;13;10;0
29507;3806;906;10;13;10;0
29508;3794;906;10;13;10;0
29509;3782;906;10;13;10;0
29511;3770;906;10;13;10;0
29517;3758;906;10;13;10;0
29518;3746;906;10;13;10;0
29519;3734;906;10;13;10;0
29520;3722;906;10;13;10;0
29522;3710;906;10;13;10;0
29527;3698;906;10;13;10;0
29536;3686;906;10;13;10;0
29538;3914;906;10;13;10;0
29539;3938;906;10;13;10;0
29544;98;921;10;13;10;0
29546;3950;906;10;13;10;0
29549;86;921;10;13;10;0
29551;74;921;10;13;10;0
29552;62;921;10;13;10;0
29554;50;921;10;13;10;0
29556;38;921;10;13;10;0
29557;26;921;10;13;10;0
29559;14;921;10;13;10;0
29560;2;921;10;13;10;0
29562;4082;906;10;13;10;0
29563;4070;906;10;13;10;0
29564;4058;906;10;13;10;0
29566;4046;906;10;13;10;0
29568;4034;906;10;13;10;0
29572;4022;906;10;13;10;0
29574;4010;906;10;13;10;0
29575;3998;906;10;13;10;0
29577;3986;906;10;13;10;0
29578;3974;906;10;13;10;0
29579;3962;906;10;13;10;0
29589;110;921;10;13;10;0
29590;662;921;10;13;10;0
29592;674;921;10;13;10;0
29595;686;921;10;13;10;0
29599;1466;921;10;13;10;0
29600;1454;921;10;13;10;0
29602;1442;921;10;13;10;0
29605;1430;921;10;13;10;0
29608;1418;921;10;13;10;0
29609;1406;921;10;13;10;0
29611;1394;921;10;13;10;0
29615;1382;921;10;13;10;0
29616;1370;921;10;13;10;0
29618;1358;921;10;13;10;0
29619;1346;921;10;13;10;0
29623;1334;921;10;13;10;0
29627;1322;921;10;13;10;0
29632;1310;921;10;13;10;0
29634;1298;921;10;13;10;0
29637;1286;921;10;13;10;0
29640;1274;921;10;13;10;0
29641;1262;921;10;13;10;0
29642;1250;921;10;13;10;0
29645;1478;921;10;13;10;0
29646;1490;921;10;13;10;0
29647;1502;921;10;13;10;0
29648;1514;921;10;13;10;0
29649;1754;921;10;13;10;0
29657;1742;921;10;13;10;0
29661;1730;921;10;13;10;0
29662;1718;921;10;13;10;0
29664;1706;921;10;13;10;0
29665;1694;921;10;13;10;0
29667;1682;921;10;13;10;0
29669;1670;921;10;13;10;0
29673;1658;921;10;13;10;0
29674;1766;921;10;13;10;0
29677;1646;921;10;13;10;0
29678;1622;921;10;13;10;0
29680;1610;921;10;13;10;0
29681;1598;921;10;13;10;0
29685;1586;921;10;13;10;0
29688;1574;921;10;13;10;0
29690;1562;921;10;13;10;0
29693;1550;921;10;13;10;0
29694;1538;921;10;13;10;0
29697;1526;921;10;13;10;0
29699;1238;921;10;13;10;0
29700;1226;921;10;13;10;0
29701;1214;921;10;13;10;0
29702;938;921;10;13;10;0
29703;914;921;10;13;10;0
29705;902;921;10;13;10;0
29706;890;921;10;13;10;0
29709;878;921;10;13;10;0
29712;866;921;10;13;10;0
29722;854;921;10;13;10;0
29723;842;921;10;13;10;0
29729;830;921;10;13;10;0
29730;818;921;10;13;10;0
29732;806;921;10;13;10;0
29733;794;921;10;13;10;0
29734;782;921;10;13;10;0
29736;770;921;10;13;10;0
29738;758;921;10;13;10;0
29740;746;921;10;13;10;0
29741;734;921;10;13;10;0
29742;722;921;10;13;10;0
29743;710;921;10;13;10;0
29744;698;921;10;13;10;0
29746;926;921;10;13;10;0
29747;950;921;10;13;10;0
29748;1202;921;10;13;10;0
29749;962;921;10;13;10;0
29750;1190;921;10;13;10;0
29754;1178;921;10;13;10;0
29756;1166;921;10;13;10;0
29759;1154;921;10;13;10;0
29760;1142;921;10;13;10;0
29761;1130;921;10;13;10;0
29764;1118;921;10;13;10;0
29771;1106;921;10;13;10;0
29781;1094;921;10;13;10;0
29783;1082;921;10;13;10;0
29785;1070;921;10;13;10;0
29786;1058;921;10;13;10;0
29787;1046;921;10;13;10;0
29788;1034;921;10;13;10;0
29790;1022;921;10;13;10;0
29791;1010;921;10;13;10;0
29792;998;921;10;13;10;0
29794;986;921;10;13;10;0
29795;974;921;10;13;10;0
29796;3674;906;10;13;10;0
29801;1634;921;10;13;10;0
29802;3662;906;10;13;10;0
29805;3506;906;10;13;10;0
29806;2234;906;10;13;10;0
29807;2222;906;10;13;10;0
29808;2210;906;10;13;10;0
29809;2198;906;10;13;10;0
29810;2186;906;10;13;10;0
29811;2174;906;10;13;10;0
29814;2162;906;10;13;10;0
29822;2150;906;10;13;10;0
29824;2138;906;10;13;10;0
29825;2126;906;10;13;10;0
29827;2114;906;10;13;10;0
29831;2102;906;10;13;10;0
29833;2090;906;10;13;10;0
29834;2078;906;10;13;10;0
29835;2066;906;10;13;10;0
29840;2054;906;10;13;10;0
29848;2042;906;10;13;10;0
29852;2030;906;10;13;10;0
29854;2018;906;10;13;10;0
29855;2246;906;10;13;10;0
29856;2270;906;10;13;10;0
29858;2522;906;10;13;10;0
29859;2282;906;10;13;10;0
29862;2510;906;10;13;10;0
29863;2498;906;10;13;10;0
29864;2486;906;10;13;10;0
29865;2474;906;10;13;10;0
29866;2462;906;10;13;10;0
29872;2450;906;10;13;10;0
29873;2438;906;10;13;10;0
29880;2426;906;10;13;10;0
29882;2414;906;10;13;10;0
29885;2402;906;10;13;10;0
29887;2390;906;10;13;10;0
29896;2378;906;10;13;10;0
29898;2366;906;10;13;10;0
29899;2354;906;10;13;10;0
29903;2342;906;10;13;10;0
29908;2330;906;10;13;10;0
29910;2318;906;10;13;10;0
29914;2306;906;10;13;10;0
29916;2294;906;10;13;10;0
29918;2006;906;10;13;10;0
29920;2258;906;10;13;10;0
29922;1994;906;10;13;10;0
29923;1706;906;10;13;10;0
29924;1682;906;10;13;10;0
29926;1670;906;10;13;10;0
29927;1658;906;10;13;10;0
29929;1646;906;10;13;10;0
29934;1634;906;10;13;10;0
29935;1622;906;10;13;10;0
29936;1610;906;10;13;10;0
29937;1598;906;10;13;10;0
29938;1586;906;10;13;10;0
29942;1574;906;10;13;10;0
29943;1562;906;10;13;10;0
29944;1550;906;10;13;10;0
29955;1538;906;10;13;10;0
29956;1526;906;10;13;10;0
29957;1514;906;10;13;10;0
29964;1502;906;10;13;10;0
29965;1490;906;10;13;10;0
29966;1478;906;10;13;10;0
29969;1466;906;10;13;10;0
29971;1694;906;10;13;10;0
29973;1718;906;10;13;10;0
29976;1970;906;10;13;10;0
29978;1730;906;10;13;10;0
29980;1958;906;10;13;10;0
29982;1946;906;10;13;10;0
29983;1934;906;10;13;10;0
29985;1922;906;10;13;10;0
29986;1910;906;10;13;10;0
29987;1898;906;10;13;10;0
29989;1886;906;10;13;10;0
29990;1874;906;10;13;10;0
29992;1862;906;10;13;10;0
29993;1850;906;10;13;10;0
29995;1838;906;10;13;10;0
29996;1826;906;10;13;10;0
29997;1814;906;10;13;10;0
29999;1802;906;10;13;10;0
30000;1790;906;10;13;10;0
30001;1778;906;10;13;10;0
30002;1766;906;10;13;10;0
30003;1754;906;10;13;10;0
30004;1742;906;10;13;10;0
30005;1982;906;10;13;10;0
30007;2534;906;10;13;10;0
30008;2546;906;10;13;10;0
30010;2558;906;10;13;10;0
30011;3338;906;10;13;10;0
30012;3326;906;10;13;10;0
30013;3314;906;10;13;10;0
30014;3302;906;10;13;10;0
30016;3290;906;10;13;10;0
30020;3278;906;10;13;10;0
30021;3266;906;10;13;10;0
30022;3254;906;10;13;10;0
30023;3242;906;10;13;10;0
30025;3230;906;10;13;10;0
30026;3218;906;10;13;10;0
30027;3206;906;10;13;10;0
30028;3194;906;10;13;10;0
30029;3182;906;10;13;10;0
30030;3170;906;10;13;10;0
30031;3158;906;10;13;10;0
30033;3146;906;10;13;10;0
30036;3134;906;10;13;10;0
30041;3122;906;10;13;10;0
30042;3350;906;10;13;10;0
30043;3362;906;10;13;10;0
30044;3374;906;10;13;10;0
30045;3386;906;10;13;10;0
30048;3626;906;10;13;10;0
30050;3614;906;10;13;10;0
30052;3602;906;10;13;10;0
30053;3590;906;10;13;10;0
30054;3578;906;10;13;10;0
30055;3566;906;10;13;10;0
30057;3554;906;10;13;10;0
30058;3542;906;10;13;10;0
30059;3530;906;10;13;10;0
30060;3638;906;10;13;10;0
30061;3518;906;10;13;10;0
30063;3494;906;10;13;10;0
30064;3482;906;10;13;10;0
30066;3470;906;10;13;10;0
30067;3458;906;10;13;10;0
30068;3446;906;10;13;10;0
30070;3434;906;10;13;10;0
30071;3422;906;10;13;10;0
30072;3410;906;10;13;10;0
30074;3398;906;10;13;10;0
30078;3110;906;10;13;10;0
30079;3098;906;10;13;10;0
30082;3086;906;10;13;10;0
30086;2810;906;10;13;10;0
30087;2786;906;10;13;10;0
30089;2774;906;10;13;10;0
30090;2762;906;10;13;10;0
30091;2750;906;10;13;10;0
30094;2738;906;10;13;10;0
30095;2726;906;10;13;10;0
30097;2714;906;10;13;10;0
30098;2702;906;10;13;10;0
30100;2690;906;10;13;10;0
30102;2678;906;10;13;10;0
30103;2666;906;10;13;10;0
30105;2654;906;10;13;10;0
30106;2642;906;10;13;10;0
30109;2630;906;10;13;10;0
30111;2618;906;10;13;10;0
30113;2606;906;10;13;10;0
30114;2594;906;10;13;10;0
30115;2582;906;10;13;10;0
30116;2570;906;10;13;10;0
30117;2798;906;10;13;10;0
30122;2822;906;10;13;10;0
30123;3074;906;10;13;10;0
30126;2834;906;10;13;10;0
30127;3062;906;10;13;10;0
30129;3050;906;10;13;10;0
30130;3038;906;10;13;10;0
30131;3026;906;10;13;10;0
30132;3014;906;10;13;10;0
30133;3002;906;10;13;10;0
30136;2990;906;10;13;10;0
30137;2978;906;10;13;10;0
30139;2966;906;10;13;10;0
30140;2954;906;10;13;10;0
30141;2942;906;10;13;10;0
30142;2930;906;10;13;10;0
30144;2918;906;10;13;10;0
30146;2906;906;10;13;10;0
30147;2894;906;10;13;10;0
30149;2882;906;10;13;10;0
30151;2870;906;10;13;10;0
30152;2858;906;10;13;10;0
30153;2846;906;10;13;10;0
30154;3650;906;10;13;10;0
30157;1778;921;10;13;10;0
30162;1790;921;10;13;10;0
30164;1802;921;10;13;10;0
30165;710;936;10;13;10;0
30168;698;936;10;13;10;0
30169;686;936;10;13;10;0
30171;674;936;10;13;10;0
30174;662;936;10;13;10;0
30176;650;936;10;13;10;0
30178;638;936;10;13;10;0
30179;626;936;10;13;10;0
30180;614;936;10;13;10;0
30183;602;936;10;13;10;0
30184;590;936;10;13;10;0
30185;578;936;10;13;10;0
30186;566;936;10;13;10;0
30192;554;936;10;13;10;0
30193;542;936;10;13;10;0
30194;530;936;10;13;10;0
30195;518;936;10;13;10;0
30196;506;936;10;13;10;0
30201;494;936;10;13;10;0
30202;722;936;10;13;10;0
30204;734;936;10;13;10;0
30206;746;936;10;13;10;0
30207;758;936;10;13;10;0
30208;998;936;10;13;10;0
30209;986;936;10;13;10;0
30217;974;936;10;13;10;0
30219;962;936;10;13;10;0
30221;950;936;10;13;10;0
30224;938;936;10;13;10;0
30227;926;936;10;13;10;0
30230;914;936;10;13;10;0
30233;902;936;10;13;10;0
30236;1010;936;10;13;10;0
30238;890;936;10;13;10;0
30239;866;936;10;13;10;0
30240;854;936;10;13;10;0
30241;842;936;10;13;10;0
30242;830;936;10;13;10;0
30244;818;936;10;13;10;0
30246;806;936;10;13;10;0
30247;794;936;10;13;10;0
30249;782;936;10;13;10;0
30250;770;936;10;13;10;0
30251;482;936;10;13;10;0
30254;470;936;10;13;10;0
30256;458;936;10;13;10;0
30260;182;936;10;13;10;0
30264;158;936;10;13;10;0
30266;146;936;10;13;10;0
30267;134;936;10;13;10;0
30268;122;936;10;13;10;0
30270;110;936;10;13;10;0
30272;98;936;10;13;10;0
30274;86;936;10;13;10;0
30278;74;936;10;13;10;0
30279;62;936;10;13;10;0
30280;50;936;10;13;10;0
30284;38;936;10;13;10;0
30286;26;936;10;13;10;0
30290;14;936;10;13;10;0
30294;2;936;10;13;10;0
30296;4082;921;10;13;10;0
30300;4070;921;10;13;10;0
30302;4058;921;10;13;10;0
30303;4046;921;10;13;10;0
30305;4034;921;10;13;10;0
30306;170;936;10;13;10;0
30307;194;936;10;13;10;0
30308;446;936;10;13;10;0
30309;206;936;10;13;10;0
30310;434;936;10;13;10;0
30311;422;936;10;13;10;0
30312;410;936;10;13;10;0
30313;398;936;10;13;10;0
30314;386;936;10;13;10;0
30315;374;936;10;13;10;0
30316;362;936;10;13;10;0
30318;350;936;10;13;10;0
30320;338;936;10;13;10;0
30321;326;936;10;13;10;0
30322;314;936;10;13;10;0
30326;302;936;10;13;10;0
30328;290;936;10;13;10;0
30329;278;936;10;13;10;0
30330;266;936;10;13;10;0
30331;254;936;10;13;10;0
30332;242;936;10;13;10;0
30333;230;936;10;13;10;0
30334;218;936;10;13;10;0
30336;878;936;10;13;10;0
30337;1034;936;10;13;10;0
30338;1994;936;10;13;10;0
30339;1046;936;10;13;10;0
30340;1826;936;10;13;10;0
30342;1814;936;10;13;10;0
30343;1802;936;10;13;10;0
30344;1790;936;10;13;10;0
30347;1778;936;10;13;10;0
30350;1766;936;10;13;10;0
30352;1754;936;10;13;10;0
30353;1742;936;10;13;10;0
30355;1730;936;10;13;10;0
30358;1718;936;10;13;10;0
30361;1706;936;10;13;10;0
30362;1694;936;10;13;10;0
30363;1682;936;10;13;10;0
30366;1670;936;10;13;10;0
30372;1658;936;10;13;10;0
30382;1646;936;10;13;10;0
30384;1634;936;10;13;10;0
30385;1622;936;10;13;10;0
30388;1610;936;10;13;10;0
30391;1838;936;10;13;10;0
30392;1850;936;10;13;10;0
30393;1862;936;10;13;10;0
30394;1874;936;10;13;10;0
30399;2114;936;10;13;10;0
30402;2102;936;10;13;10;0
30403;2090;936;10;13;10;0
30405;2078;936;10;13;10;0
30406;2066;936;10;13;10;0
30408;2054;936;10;13;10;0
30410;2042;936;10;13;10;0
30413;2030;936;10;13;10;0
30414;2018;936;10;13;10;0
30415;2126;936;10;13;10;0
30416;2006;936;10;13;10;0
30417;1982;936;10;13;10;0
30418;1970;936;10;13;10;0
30420;1958;936;10;13;10;0
30422;1946;936;10;13;10;0
30423;1934;936;10;13;10;0
30424;1922;936;10;13;10;0
30427;1910;936;10;13;10;0
30428;1898;936;10;13;10;0
30430;1886;936;10;13;10;0
30431;1598;936;10;13;10;0
30433;1586;936;10;13;10;0
30435;1574;936;10;13;10;0
30436;1298;936;10;13;10;0
30437;1274;936;10;13;10;0
30439;1262;936;10;13;10;0
30442;1250;936;10;13;10;0
30444;1238;936;10;13;10;0
30446;1226;936;10;13;10;0
30447;1214;936;10;13;10;0
30449;1202;936;10;13;10;0
30450;1190;936;10;13;10;0
30452;1178;936;10;13;10;0
30455;1166;936;10;13;10;0
30456;1154;936;10;13;10;0
30457;1142;936;10;13;10;0
30458;1130;936;10;13;10;0
30459;1118;936;10;13;10;0
30460;1106;936;10;13;10;0
30462;1094;936;10;13;10;0
30464;1082;936;10;13;10;0
30465;1070;936;10;13;10;0
30468;1058;936;10;13;10;0
30471;1286;936;10;13;10;0
30472;1310;936;10;13;10;0
30473;1562;936;10;13;10;0
30475;1322;936;10;13;10;0
30476;1550;936;10;13;10;0
30489;1538;936;10;13;10;0
30490;1526;936;10;13;10;0
30491;1514;936;10;13;10;0
30493;1502;936;10;13;10;0
30494;1490;936;10;13;10;0
30495;1478;936;10;13;10;0
30496;1466;936;10;13;10;0
30500;1454;936;10;13;10;0
30501;1442;936;10;13;10;0
30502;1430;936;10;13;10;0
30504;1418;936;10;13;10;0
30505;1406;936;10;13;10;0
30509;1394;936;10;13;10;0
30511;1382;936;10;13;10;0
30518;1370;936;10;13;10;0
30519;1358;936;10;13;10;0
30520;1346;936;10;13;10;0
30522;1334;936;10;13;10;0
30524;4022;921;10;13;10;0
30526;4010;921;10;13;10;0
30528;3998;921;10;13;10;0
30529;3854;921;10;13;10;0
30534;2582;921;10;13;10;0
30535;2570;921;10;13;10;0
30543;2558;921;10;13;10;0
30544;2546;921;10;13;10;0
30545;2534;921;10;13;10;0
30554;2522;921;10;13;10;0
30555;2510;921;10;13;10;0
30556;2498;921;10;13;10;0
30558;2486;921;10;13;10;0
30561;2474;921;10;13;10;0
30562;2462;921;10;13;10;0
30563;2450;921;10;13;10;0
30565;2438;921;10;13;10;0
30566;2426;921;10;13;10;0
30568;2414;921;10;13;10;0
30569;2402;921;10;13;10;0
30570;2390;921;10;13;10;0
30571;2378;921;10;13;10;0
30572;2366;921;10;13;10;0
30573;2594;921;10;13;10;0
30578;2618;921;10;13;10;0
30585;2870;921;10;13;10;0
30589;2630;921;10;13;10;0
30590;2858;921;10;13;10;0
30591;2846;921;10;13;10;0
30596;2834;921;10;13;10;0
30597;2822;921;10;13;10;0
30599;2810;921;10;13;10;0
30601;2798;921;10;13;10;0
30603;2786;921;10;13;10;0
30604;2774;921;10;13;10;0
30605;2762;921;10;13;10;0
30606;2750;921;10;13;10;0
30609;2738;921;10;13;10;0
30610;2726;921;10;13;10;0
30611;2714;921;10;13;10;0
30612;2702;921;10;13;10;0
30622;2690;921;10;13;10;0
30623;2678;921;10;13;10;0
30624;2666;921;10;13;10;0
30629;2654;921;10;13;10;0
30631;2642;921;10;13;10;0
30633;2354;921;10;13;10;0
30634;2606;921;10;13;10;0
30636;2342;921;10;13;10;0
30637;2054;921;10;13;10;0
30640;2030;921;10;13;10;0
30643;2018;921;10;13;10;0
30646;2006;921;10;13;10;0
30649;1994;921;10;13;10;0
30651;1982;921;10;13;10;0
30652;1970;921;10;13;10;0
30653;1958;921;10;13;10;0
30655;1946;921;10;13;10;0
30663;1934;921;10;13;10;0
30667;1922;921;10;13;10;0
30669;1910;921;10;13;10;0
30675;1898;921;10;13;10;0
30678;1886;921;10;13;10;0
30679;1874;921;10;13;10;0
30682;1862;921;10;13;10;0
30683;1850;921;10;13;10;0
30684;1838;921;10;13;10;0
30690;1826;921;10;13;10;0
30691;1814;921;10;13;10;0
30693;2042;921;10;13;10;0
30695;2066;921;10;13;10;0
30697;2318;921;10;13;10;0
30699;2078;921;10;13;10;0
30700;2306;921;10;13;10;0
30701;2294;921;10;13;10;0
30702;2282;921;10;13;10;0
30703;2270;921;10;13;10;0
30707;2258;921;10;13;10;0
30712;2246;921;10;13;10;0
30715;2234;921;10;13;10;0
30716;2222;921;10;13;10;0
30717;2210;921;10;13;10;0
30718;2198;921;10;13;10;0
30719;2186;921;10;13;10;0
30721;2174;921;10;13;10;0
30722;2162;921;10;13;10;0
30728;2150;921;10;13;10;0
30732;2138;921;10;13;10;0
30733;2126;921;10;13;10;0
30738;2114;921;10;13;10;0
30740;2102;921;10;13;10;0
30741;2090;921;10;13;10;0
30742;2330;921;10;13;10;0
30743;2882;921;10;13;10;0
30745;2894;921;10;13;10;0
30746;2906;921;10;13;10;0
30749;3686;921;10;13;10;0
30751;3674;921;10;13;10;0
30752;3662;921;10;13;10;0
30755;3650;921;10;13;10;0
30757;3638;921;10;13;10;0
30758;3626;921;10;13;10;0
30759;3614;921;10;13;10;0
30765;3602;921;10;13;10;0
30768;3590;921;10;13;10;0
30769;3578;921;10;13;10;0
30770;3566;921;10;13;10;0
30772;3554;921;10;13;10;0
30773;3542;921;10;13;10;0
30775;3530;921;10;13;10;0
30776;3518;921;10;13;10;0
30778;3506;921;10;13;10;0
30782;3494;921;10;13;10;0
30783;3482;921;10;13;10;0
30784;3470;921;10;13;10;0
30787;3698;921;10;13;10;0
30789;3710;921;10;13;10;0
30798;3722;921;10;13;10;0
30800;3734;921;10;13;10;0
30801;3974;921;10;13;10;0
30802;3962;921;10;13;10;0
30803;3950;921;10;13;10;0
30805;3938;921;10;13;10;0
30813;3926;921;10;13;10;0
30820;3914;921;10;13;10;0
30822;3902;921;10;13;10;0
30827;3890;921;10;13;10;0
30828;3878;921;10;13;10;0
30830;3986;921;10;13;10;0
30831;3866;921;10;13;10;0
30834;3842;921;10;13;10;0
30836;3830;921;10;13;10;0
30839;3818;921;10;13;10;0
30844;3806;921;10;13;10;0
30847;3794;921;10;13;10;0
30849;3782;921;10;13;10;0
30854;3770;921;10;13;10;0
30855;3758;921;10;13;10;0
30857;3746;921;10;13;10;0
30860;3458;921;10;13;10;0
30861;3446;921;10;13;10;0
30862;3434;921;10;13;10;0
30865;3158;921;10;13;10;0
30867;3134;921;10;13;10;0
30869;3122;921;10;13;10;0
30870;3110;921;10;13;10;0
30871;3098;921;10;13;10;0
30872;3086;921;10;13;10;0
30874;3074;921;10;13;10;0
30875;3062;921;10;13;10;0
30876;3050;921;10;13;10;0
30879;3038;921;10;13;10;0
30880;3026;921;10;13;10;0
30883;3014;921;10;13;10;0
30887;3002;921;10;13;10;0
30889;2990;921;10;13;10;0
30890;2978;921;10;13;10;0
30895;2966;921;10;13;10;0
30896;2954;921;10;13;10;0
30897;2942;921;10;13;10;0
30898;2930;921;10;13;10;0
30899;2918;921;10;13;10;0
30900;3146;921;10;13;10;0
30901;3170;921;10;13;10;0
30906;3422;921;10;13;10;0
30908;3182;921;10;13;10;0
30910;3410;921;10;13;10;0
30913;3398;921;10;13;10;0
30917;3386;921;10;13;10;0
30918;3374;921;10;13;10;0
30922;3362;921;10;13;10;0
30923;3350;921;10;13;10;0
30928;3338;921;10;13;10;0
30929;3326;921;10;13;10;0
30932;3314;921;10;13;10;0
30933;3302;921;10;13;10;0
30936;3290;921;10;13;10;0
30937;3278;921;10;13;10;0
30938;3266;921;10;13;10;0
30940;3254;921;10;13;10;0
30945;3242;921;10;13;10;0
30951;3230;921;10;13;10;0
30952;3218;921;10;13;10;0
30956;3206;921;10;13;10;0
30959;3194;921;10;13;10;0
30964;2498;951;10;13;10;0
30967;2870;966;10;13;10;0
30970;3926;1011;10;13;10;0
30971;2882;966;10;13;10;0
30973;2498;1011;10;13;10;0
30977;2486;1011;10;13;10;0
30983;2474;1011;10;13;10;0
30990;2462;1011;10;13;10;0
30992;2450;1011;10;13;10;0
30993;2438;1011;10;13;10;0
30994;2426;1011;10;13;10;0
31001;2414;1011;10;13;10;0
31009;2402;1011;10;13;10;0
31012;2390;1011;10;13;10;0
31014;2378;1011;10;13;10;0
31018;2366;1011;10;13;10;0
31019;2354;1011;10;13;10;0
31020;2342;1011;10;13;10;0
31025;2330;1011;10;13;10;0
31027;2318;1011;10;13;10;0
31028;2306;1011;10;13;10;0
31034;2294;1011;10;13;10;0
31036;2282;1011;10;13;10;0
31037;2510;1011;10;13;10;0
31038;2522;1011;10;13;10;0
31040;2534;1011;10;13;10;0
31041;2546;1011;10;13;10;0
31042;2786;1011;10;13;10;0
31045;2774;1011;10;13;10;0
31046;2762;1011;10;13;10;0
31047;2750;1011;10;13;10;0
31048;2738;1011;10;13;10;0
31049;2726;1011;10;13;10;0
31054;2714;1011;10;13;10;0
31056;2702;1011;10;13;10;0
31059;2690;1011;10;13;10;0
31061;2798;1011;10;13;10;0
31062;2678;1011;10;13;10;0
31063;2654;1011;10;13;10;0
31066;2642;1011;10;13;10;0
31067;2630;1011;10;13;10;0
31068;2618;1011;10;13;10;0
31069;2606;1011;10;13;10;0
31070;2594;1011;10;13;10;0
31071;2582;1011;10;13;10;0
31072;2570;1011;10;13;10;0
31074;2558;1011;10;13;10;0
31077;2270;1011;10;13;10;0
31080;2258;1011;10;13;10;0
31085;2246;1011;10;13;10;0
31087;1970;1011;10;13;10;0
31095;1946;1011;10;13;10;0
31096;1934;1011;10;13;10;0
31098;1922;1011;10;13;10;0
31100;1910;1011;10;13;10;0
31103;1898;1011;10;13;10;0
31104;1886;1011;10;13;10;0
31105;1874;1011;10;13;10;0
31108;1862;1011;10;13;10;0
31109;1850;1011;10;13;10;0
31114;1838;1011;10;13;10;0
31117;1826;1011;10;13;10;0
31118;1814;1011;10;13;10;0
31119;1802;1011;10;13;10;0
31124;1790;1011;10;13;10;0
31125;1778;1011;10;13;10;0
31130;1766;1011;10;13;10;0
31131;1754;1011;10;13;10;0
31133;1742;1011;10;13;10;0
31137;1730;1011;10;13;10;0
31140;1958;1011;10;13;10;0
31142;1982;1011;10;13;10;0
31143;2234;1011;10;13;10;0
31146;1994;1011;10;13;10;0
31150;2222;1011;10;13;10;0
31152;2210;1011;10;13;10;0
31153;2198;1011;10;13;10;0
31155;2186;1011;10;13;10;0
31161;2174;1011;10;13;10;0
31162;2162;1011;10;13;10;0
31163;2150;1011;10;13;10;0
31165;2138;1011;10;13;10;0
31166;2126;1011;10;13;10;0
31167;2114;1011;10;13;10;0
31168;2102;1011;10;13;10;0
31169;2090;1011;10;13;10;0
31171;2078;1011;10;13;10;0
31174;2066;1011;10;13;10;0
31176;2054;1011;10;13;10;0
31177;2042;1011;10;13;10;0
31178;2030;1011;10;13;10;0
31179;2018;1011;10;13;10;0
31181;2006;1011;10;13;10;0
31185;2666;1011;10;13;10;0
31186;2822;1011;10;13;10;0
31189;3782;1011;10;13;10;0
31192;2834;1011;10;13;10;0
31197;3614;1011;10;13;10;0
31199;3602;1011;10;13;10;0
31201;3590;1011;10;13;10;0
31203;3578;1011;10;13;10;0
31204;3566;1011;10;13;10;0
31206;3554;1011;10;13;10;0
31207;3542;1011;10;13;10;0
31209;3530;1011;10;13;10;0
31211;3518;1011;10;13;10;0
31212;3506;1011;10;13;10;0
31213;3494;1011;10;13;10;0
31215;3482;1011;10;13;10;0
31216;3470;1011;10;13;10;0
31224;3458;1011;10;13;10;0
31227;3446;1011;10;13;10;0
31229;3434;1011;10;13;10;0
31232;3422;1011;10;13;10;0
31234;3410;1011;10;13;10;0
31235;3398;1011;10;13;10;0
31236;3626;1011;10;13;10;0
31237;3638;1011;10;13;10;0
31240;3650;1011;10;13;10;0
31241;3662;1011;10;13;10;0
31243;3902;1011;10;13;10;0
31245;3890;1011;10;13;10;0
31246;3878;1011;10;13;10;0
31252;3866;1011;10;13;10;0
31255;3854;1011;10;13;10;0
31256;3842;1011;10;13;10;0
31257;3830;1011;10;13;10;0
31258;3818;1011;10;13;10;0
31260;3806;1011;10;13;10;0
31262;3914;1011;10;13;10;0
31263;3794;1011;10;13;10;0
31264;3770;1011;10;13;10;0
31267;3758;1011;10;13;10;0
31278;3746;1011;10;13;10;0
31281;3734;1011;10;13;10;0
31282;3722;1011;10;13;10;0
31283;3710;1011;10;13;10;0
31287;3698;1011;10;13;10;0
31289;3686;1011;10;13;10;0
31291;3674;1011;10;13;10;0
31292;3386;1011;10;13;10;0
31293;3374;1011;10;13;10;0
31294;3362;1011;10;13;10;0
31295;3086;1011;10;13;10;0
31296;3062;1011;10;13;10;0
31298;3050;1011;10;13;10;0
31299;3038;1011;10;13;10;0
31302;3026;1011;10;13;10;0
31303;3014;1011;10;13;10;0
31305;3002;1011;10;13;10;0
31307;2990;1011;10;13;10;0
31308;2978;1011;10;13;10;0
31309;2966;1011;10;13;10;0
31310;2954;1011;10;13;10;0
31311;2942;1011;10;13;10;0
31312;2930;1011;10;13;10;0
31313;2918;1011;10;13;10;0
31319;2906;1011;10;13;10;0
31328;2894;1011;10;13;10;0
31329;2882;1011;10;13;10;0
31330;2870;1011;10;13;10;0
31331;2858;1011;10;13;10;0
31336;2846;1011;10;13;10;0
31337;3074;1011;10;13;10;0
31338;3098;1011;10;13;10;0
31339;3350;1011;10;13;10;0
31344;3110;1011;10;13;10;0
31348;3338;1011;10;13;10;0
31350;3326;1011;10;13;10;0
31351;3314;1011;10;13;10;0
31353;3302;1011;10;13;10;0
31354;3290;1011;10;13;10;0
31357;3278;1011;10;13;10;0
31359;3266;1011;10;13;10;0
31361;3254;1011;10;13;10;0
31363;3242;1011;10;13;10;0
31364;3230;1011;10;13;10;0
31368;3218;1011;10;13;10;0
31373;3206;1011;10;13;10;0
31377;3194;1011;10;13;10;0
31378;3182;1011;10;13;10;0
31379;3170;1011;10;13;10;0
31381;3158;1011;10;13;10;0
31382;3146;1011;10;13;10;0
31383;3134;1011;10;13;10;0
31384;3122;1011;10;13;10;0
31388;1718;1011;10;13;10;0
31389;1706;1011;10;13;10;0
31391;1694;1011;10;13;10;0
31392;1550;1011;10;13;10;0
31395;278;1011;10;13;10;0
31397;266;1011;10;13;10;0
31398;254;1011;10;13;10;0
31401;242;1011;10;13;10;0
31402;230;1011;10;13;10;0
31406;218;1011;10;13;10;0
31407;206;1011;10;13;10;0
31408;194;1011;10;13;10;0
31411;182;1011;10;13;10;0
31414;170;1011;10;13;10;0
31416;158;1011;10;13;10;0
31418;146;1011;10;13;10;0
31419;134;1011;10;13;10;0
31423;122;1011;10;13;10;0
31427;110;1011;10;13;10;0
31428;98;1011;10;13;10;0
31429;86;1011;10;13;10;0
31431;74;1011;10;13;10;0
31432;62;1011;10;13;10;0
31434;290;1011;10;13;10;0
31435;314;1011;10;13;10;0
31437;566;1011;10;13;10;0
31439;326;1011;10;13;10;0
31441;554;1011;10;13;10;0
31442;542;1011;10;13;10;0
31443;530;1011;10;13;10;0
31444;518;1011;10;13;10;0
31445;506;1011;10;13;10;0
31446;494;1011;10;13;10;0
31449;482;1011;10;13;10;0
31450;470;1011;10;13;10;0
31452;458;1011;10;13;10;0
31453;446;1011;10;13;10;0
31454;434;1011;10;13;10;0
31455;422;1011;10;13;10;0
31456;410;1011;10;13;10;0
31457;398;1011;10;13;10;0
31458;386;1011;10;13;10;0
31459;374;1011;10;13;10;0
31461;362;1011;10;13;10;0
31462;350;1011;10;13;10;0
31466;338;1011;10;13;10;0
31469;50;1011;10;13;10;0
31471;302;1011;10;13;10;0
31472;38;1011;10;13;10;0
31478;3842;996;10;13;10;0
31480;3818;996;10;13;10;0
31481;3806;996;10;13;10;0
31482;3794;996;10;13;10;0
31485;3782;996;10;13;10;0
31487;3770;996;10;13;10;0
31490;3758;996;10;13;10;0
31491;3746;996;10;13;10;0
31492;3734;996;10;13;10;0
31494;3722;996;10;13;10;0
31496;3710;996;10;13;10;0
31498;3698;996;10;13;10;0
31499;3686;996;10;13;10;0
31503;3674;996;10;13;10;0
31505;3662;996;10;13;10;0
31508;3650;996;10;13;10;0
31512;3638;996;10;13;10;0
31513;3626;996;10;13;10;0
31515;3614;996;10;13;10;0
31518;3602;996;10;13;10;0
31520;3830;996;10;13;10;0
31524;3854;996;10;13;10;0
31525;14;1011;10;13;10;0
31526;3866;996;10;13;10;0
31528;2;1011;10;13;10;0
31530;4082;996;10;13;10;0
31531;4070;996;10;13;10;0
31532;4058;996;10;13;10;0
31533;4046;996;10;13;10;0
31534;4034;996;10;13;10;0
31539;4022;996;10;13;10;0
31541;4010;996;10;13;10;0
31542;3998;996;10;13;10;0
31545;3986;996;10;13;10;0
31546;3974;996;10;13;10;0
31548;3962;996;10;13;10;0
31557;3950;996;10;13;10;0
31558;3938;996;10;13;10;0
31560;3926;996;10;13;10;0
31561;3914;996;10;13;10;0
31562;3902;996;10;13;10;0
31563;3890;996;10;13;10;0
31564;3878;996;10;13;10;0
31565;26;1011;10;13;10;0
31567;578;1011;10;13;10;0
31568;590;1011;10;13;10;0
31569;602;1011;10;13;10;0
31570;1382;1011;10;13;10;0
31572;1370;1011;10;13;10;0
31574;1358;1011;10;13;10;0
31579;1346;1011;10;13;10;0
31580;1334;1011;10;13;10;0
31581;1322;1011;10;13;10;0
31584;1310;1011;10;13;10;0
31589;1298;1011;10;13;10;0
31590;1286;1011;10;13;10;0
31591;1274;1011;10;13;10;0
31596;1262;1011;10;13;10;0
31598;1250;1011;10;13;10;0
31599;1238;1011;10;13;10;0
31600;1226;1011;10;13;10;0
31601;1214;1011;10;13;10;0
31602;1202;1011;10;13;10;0
31603;1190;1011;10;13;10;0
31604;1178;1011;10;13;10;0
31605;1166;1011;10;13;10;0
31607;1394;1011;10;13;10;0
31609;1406;1011;10;13;10;0
31610;1418;1011;10;13;10;0
31611;1430;1011;10;13;10;0
31614;1670;1011;10;13;10;0
31616;1658;1011;10;13;10;0
31620;1646;1011;10;13;10;0
31622;1634;1011;10;13;10;0
31623;1622;1011;10;13;10;0
31627;1610;1011;10;13;10;0
31629;1598;1011;10;13;10;0
31630;1586;1011;10;13;10;0
31631;1574;1011;10;13;10;0
31632;1682;1011;10;13;10;0
31634;1562;1011;10;13;10;0
31636;1538;1011;10;13;10;0
31637;1526;1011;10;13;10;0
31639;1514;1011;10;13;10;0
31640;1502;1011;10;13;10;0
31641;1490;1011;10;13;10;0
31642;1478;1011;10;13;10;0
31644;1466;1011;10;13;10;0
31645;1454;1011;10;13;10;0
31647;1442;1011;10;13;10;0
31648;1154;1011;10;13;10;0
31649;1142;1011;10;13;10;0
31654;1130;1011;10;13;10;0
31657;854;1011;10;13;10;0
31658;830;1011;10;13;10;0
31659;818;1011;10;13;10;0
31660;806;1011;10;13;10;0
31661;794;1011;10;13;10;0
31665;782;1011;10;13;10;0
31668;770;1011;10;13;10;0
31672;758;1011;10;13;10;0
31680;746;1011;10;13;10;0
31681;734;1011;10;13;10;0
31684;722;1011;10;13;10;0
31686;710;1011;10;13;10;0
31687;698;1011;10;13;10;0
31689;686;1011;10;13;10;0
31691;674;1011;10;13;10;0
31692;662;1011;10;13;10;0
31695;650;1011;10;13;10;0
31699;638;1011;10;13;10;0
31705;626;1011;10;13;10;0
31707;614;1011;10;13;10;0
31709;842;1011;10;13;10;0
31712;866;1011;10;13;10;0
31713;1118;1011;10;13;10;0
31716;878;1011;10;13;10;0
31717;1106;1011;10;13;10;0
31718;1094;1011;10;13;10;0
31721;1082;1011;10;13;10;0
31722;1070;1011;10;13;10;0
31725;1058;1011;10;13;10;0
31726;1046;1011;10;13;10;0
31729;1034;1011;10;13;10;0
31731;1022;1011;10;13;10;0
31734;1010;1011;10;13;10;0
31735;998;1011;10;13;10;0
31742;986;1011;10;13;10;0
31744;974;1011;10;13;10;0
31751;962;1011;10;13;10;0
31755;950;1011;10;13;10;0
31756;938;1011;10;13;10;0
31757;926;1011;10;13;10;0
31761;914;1011;10;13;10;0
31762;902;1011;10;13;10;0
31763;890;1011;10;13;10;0
31764;2810;1011;10;13;10;0
31767;3938;1011;10;13;10;0
31774;3170;1026;10;13;10;0
31775;3950;1011;10;13;10;0
31777;2858;1026;10;13;10;0
31779;2846;1026;10;13;10;0
31783;2834;1026;10;13;10;0
31786;2822;1026;10;13;10;0
31787;2810;1026;10;13;10;0
31792;2798;1026;10;13;10;0
31799;2786;1026;10;13;10;0
31800;2774;1026;10;13;10;0
31805;2762;1026;10;13;10;0
31806;2750;1026;10;13;10;0
31807;2738;1026;10;13;10;0
31808;2726;1026;10;13;10;0
31809;2714;1026;10;13;10;0
31811;2702;1026;10;13;10;0
31820;2690;1026;10;13;10;0
31821;2678;1026;10;13;10;0
31823;2666;1026;10;13;10;0
31824;2654;1026;10;13;10;0
31827;2642;1026;10;13;10;0
31828;2870;1026;10;13;10;0
31830;2882;1026;10;13;10;0
31831;2894;1026;10;13;10;0
31832;2906;1026;10;13;10;0
31833;3146;1026;10;13;10;0
31836;3134;1026;10;13;10;0
31839;3122;1026;10;13;10;0
31840;3110;1026;10;13;10;0
31843;3098;1026;10;13;10;0
31844;3086;1026;10;13;10;0
31845;3074;1026;10;13;10;0
31852;3062;1026;10;13;10;0
31854;3050;1026;10;13;10;0
31858;3158;1026;10;13;10;0
31859;3038;1026;10;13;10;0
31861;3014;1026;10;13;10;0
31864;3002;1026;10;13;10;0
31867;2990;1026;10;13;10;0
31869;2978;1026;10;13;10;0
31870;2966;1026;10;13;10;0
31873;2954;1026;10;13;10;0
31874;2942;1026;10;13;10;0
31875;2930;1026;10;13;10;0
31876;2918;1026;10;13;10;0
31881;2630;1026;10;13;10;0
31883;2618;1026;10;13;10;0
31885;2606;1026;10;13;10;0
31888;2330;1026;10;13;10;0
31889;2306;1026;10;13;10;0
31890;2294;1026;10;13;10;0
31893;2282;1026;10;13;10;0
31895;2270;1026;10;13;10;0
31896;2258;1026;10;13;10;0
31899;2246;1026;10;13;10;0
31901;2234;1026;10;13;10;0
31903;2222;1026;10;13;10;0
31905;2210;1026;10;13;10;0
31906;2198;1026;10;13;10;0
31908;2186;1026;10;13;10;0
31909;2174;1026;10;13;10;0
31911;2162;1026;10;13;10;0
31912;2150;1026;10;13;10;0
31914;2138;1026;10;13;10;0
31915;2126;1026;10;13;10;0
31917;2114;1026;10;13;10;0
31918;2102;1026;10;13;10;0
31921;2090;1026;10;13;10;0
31922;2318;1026;10;13;10;0
31923;2342;1026;10;13;10;0
31924;2594;1026;10;13;10;0
31925;2354;1026;10;13;10;0
31929;2582;1026;10;13;10;0
31930;2570;1026;10;13;10;0
31932;2558;1026;10;13;10;0
31933;2546;1026;10;13;10;0
31934;2534;1026;10;13;10;0
31935;2522;1026;10;13;10;0
31936;2510;1026;10;13;10;0
31938;2498;1026;10;13;10;0
31941;2486;1026;10;13;10;0
31944;2474;1026;10;13;10;0
31945;2462;1026;10;13;10;0
31946;2450;1026;10;13;10;0
31948;2438;1026;10;13;10;0
31949;2426;1026;10;13;10;0
31950;2414;1026;10;13;10;0
31954;2402;1026;10;13;10;0
31957;2390;1026;10;13;10;0
31958;2378;1026;10;13;10;0
31959;2366;1026;10;13;10;0
31960;3026;1026;10;13;10;0
31961;3182;1026;10;13;10;0
31964;50;1041;10;13;10;0
31965;3194;1026;10;13;10;0
31966;3974;1026;10;13;10;0
31967;3962;1026;10;13;10;0
31968;3950;1026;10;13;10;0
31970;3938;1026;10;13;10;0
31975;3926;1026;10;13;10;0
31980;3914;1026;10;13;10;0
31981;3902;1026;10;13;10;0
31983;3890;1026;10;13;10;0
31984;3878;1026;10;13;10;0
31986;3866;1026;10;13;10;0
31988;3854;1026;10;13;10;0
31990;3842;1026;10;13;10;0
31992;3830;1026;10;13;10;0
31994;3818;1026;10;13;10;0
31995;3806;1026;10;13;10;0
31998;3794;1026;10;13;10;0
32000;3782;1026;10;13;10;0
32002;3770;1026;10;13;10;0
32004;3758;1026;10;13;10;0
32005;3986;1026;10;13;10;0
32006;3998;1026;10;13;10;0
32007;4010;1026;10;13;10;0
32008;4022;1026;10;13;10;0
32009;170;1041;10;13;10;0
32010;158;1041;10;13;10;0
32011;146;1041;10;13;10;0
32013;134;1041;10;13;10;0
32016;122;1041;10;13;10;0
32019;110;1041;10;13;10;0
32020;98;1041;10;13;10;0
32021;86;1041;10;13;10;0
32023;74;1041;10;13;10;0
32024;182;1041;10;13;10;0
32025;62;1041;10;13;10;0
32026;38;1041;10;13;10;0
32027;26;1041;10;13;10;0
32028;14;1041;10;13;10;0
32032;2;1041;10;13;10;0
32033;4082;1026;10;13;10;0
32034;4070;1026;10;13;10;0
32037;4058;1026;10;13;10;0
32039;4046;1026;10;13;10;0
32043;4034;1026;10;13;10;0
32044;3746;1026;10;13;10;0
32046;3734;1026;10;13;10;0
32047;3722;1026;10;13;10;0
32048;3446;1026;10;13;10;0
32049;3422;1026;10;13;10;0
32050;3410;1026;10;13;10;0
32051;3398;1026;10;13;10;0
32053;3386;1026;10;13;10;0
32057;3374;1026;10;13;10;0
32058;3362;1026;10;13;10;0
32060;3350;1026;10;13;10;0
32063;3338;1026;10;13;10;0
32064;3326;1026;10;13;10;0
32066;3314;1026;10;13;10;0
32067;3302;1026;10;13;10;0
32068;3290;1026;10;13;10;0
32069;3278;1026;10;13;10;0
32070;3266;1026;10;13;10;0
32075;3254;1026;10;13;10;0
32076;3242;1026;10;13;10;0
32078;3230;1026;10;13;10;0
32079;3218;1026;10;13;10;0
32080;3206;1026;10;13;10;0
32085;3434;1026;10;13;10;0
32086;3458;1026;10;13;10;0
32090;3710;1026;10;13;10;0
32091;3470;1026;10;13;10;0
32092;3698;1026;10;13;10;0
32093;3686;1026;10;13;10;0
32094;3674;1026;10;13;10;0
32097;3662;1026;10;13;10;0
32098;3650;1026;10;13;10;0
32099;3638;1026;10;13;10;0
32102;3626;1026;10;13;10;0
32104;3614;1026;10;13;10;0
32110;3602;1026;10;13;10;0
32112;3590;1026;10;13;10;0
32113;3578;1026;10;13;10;0
32114;3566;1026;10;13;10;0
32115;3554;1026;10;13;10;0
32117;3542;1026;10;13;10;0
32118;3530;1026;10;13;10;0
32121;3518;1026;10;13;10;0
32122;3506;1026;10;13;10;0
32125;3494;1026;10;13;10;0
32129;3482;1026;10;13;10;0
32137;2078;1026;10;13;10;0
32143;2066;1026;10;13;10;0
32145;2054;1026;10;13;10;0
32147;1910;1026;10;13;10;0
32152;638;1026;10;13;10;0
32153;626;1026;10;13;10;0
32154;614;1026;10;13;10;0
32155;602;1026;10;13;10;0
32156;590;1026;10;13;10;0
32158;578;1026;10;13;10;0
32159;566;1026;10;13;10;0
32160;554;1026;10;13;10;0
32162;542;1026;10;13;10;0
32163;530;1026;10;13;10;0
32166;518;1026;10;13;10;0
32170;506;1026;10;13;10;0
32171;494;1026;10;13;10;0
32172;482;1026;10;13;10;0
32173;470;1026;10;13;10;0
32174;458;1026;10;13;10;0
32175;446;1026;10;13;10;0
32176;434;1026;10;13;10;0
32177;422;1026;10;13;10;0
32178;650;1026;10;13;10;0
32179;674;1026;10;13;10;0
32180;926;1026;10;13;10;0
32181;686;1026;10;13;10;0
32184;914;1026;10;13;10;0
32186;902;1026;10;13;10;0
32187;890;1026;10;13;10;0
32189;878;1026;10;13;10;0
32190;866;1026;10;13;10;0
32191;854;1026;10;13;10;0
32193;842;1026;10;13;10;0
32196;830;1026;10;13;10;0
32199;818;1026;10;13;10;0
32202;806;1026;10;13;10;0
32203;794;1026;10;13;10;0
32205;782;1026;10;13;10;0
32207;770;1026;10;13;10;0
32209;758;1026;10;13;10;0
32210;746;1026;10;13;10;0
32213;734;1026;10;13;10;0
32216;722;1026;10;13;10;0
32217;710;1026;10;13;10;0
32218;698;1026;10;13;10;0
32220;410;1026;10;13;10;0
32221;662;1026;10;13;10;0
32222;398;1026;10;13;10;0
32224;110;1026;10;13;10;0
32225;86;1026;10;13;10;0
32227;74;1026;10;13;10;0
32228;62;1026;10;13;10;0
32232;50;1026;10;13;10;0
32233;38;1026;10;13;10;0
32236;26;1026;10;13;10;0
32239;14;1026;10;13;10;0
32241;2;1026;10;13;10;0
32242;4082;1011;10;13;10;0
32244;4070;1011;10;13;10;0
32249;4058;1011;10;13;10;0
32251;4046;1011;10;13;10;0
32257;4034;1011;10;13;10;0
32260;4022;1011;10;13;10;0
32261;4010;1011;10;13;10;0
32264;3998;1011;10;13;10;0
32265;3986;1011;10;13;10;0
32266;3974;1011;10;13;10;0
32267;3962;1011;10;13;10;0
32272;98;1026;10;13;10;0
32273;122;1026;10;13;10;0
32274;374;1026;10;13;10;0
32277;134;1026;10;13;10;0
32283;362;1026;10;13;10;0
32285;350;1026;10;13;10;0
32286;338;1026;10;13;10;0
32287;326;1026;10;13;10;0
32289;314;1026;10;13;10;0
32290;302;1026;10;13;10;0
32291;290;1026;10;13;10;0
32294;278;1026;10;13;10;0
32295;266;1026;10;13;10;0
32299;254;1026;10;13;10;0
32301;242;1026;10;13;10;0
32302;230;1026;10;13;10;0
32303;218;1026;10;13;10;0
32305;206;1026;10;13;10;0
32306;194;1026;10;13;10;0
32307;182;1026;10;13;10;0
32308;170;1026;10;13;10;0
32309;158;1026;10;13;10;0
32311;146;1026;10;13;10;0
32313;386;1026;10;13;10;0
32314;938;1026;10;13;10;0
32315;950;1026;10;13;10;0
32317;962;1026;10;13;10;0
32318;1742;1026;10;13;10;0
32319;1730;1026;10;13;10;0
32321;1718;1026;10;13;10;0
32323;1706;1026;10;13;10;0
32325;1694;1026;10;13;10;0
32326;1682;1026;10;13;10;0
32327;1670;1026;10;13;10;0
32328;1658;1026;10;13;10;0
32330;1646;1026;10;13;10;0
32331;1634;1026;10;13;10;0
32333;1622;1026;10;13;10;0
32337;1610;1026;10;13;10;0
32338;1598;1026;10;13;10;0
32340;1586;1026;10;13;10;0
32341;1574;1026;10;13;10;0
32342;1562;1026;10;13;10;0
32345;1550;1026;10;13;10;0
32346;1538;1026;10;13;10;0
32349;1526;1026;10;13;10;0
32350;1754;1026;10;13;10;0
32353;1766;1026;10;13;10;0
32358;1778;1026;10;13;10;0
32359;1790;1026;10;13;10;0
32361;2030;1026;10;13;10;0
32362;2018;1026;10;13;10;0
32363;2006;1026;10;13;10;0
32365;1994;1026;10;13;10;0
32366;1982;1026;10;13;10;0
32368;1970;1026;10;13;10;0
32371;1958;1026;10;13;10;0
32377;1946;1026;10;13;10;0
32379;1934;1026;10;13;10;0
32380;2042;1026;10;13;10;0
32381;1922;1026;10;13;10;0
32382;1898;1026;10;13;10;0
32383;1886;1026;10;13;10;0
32386;1874;1026;10;13;10;0
32387;1862;1026;10;13;10;0
32391;1850;1026;10;13;10;0
32392;1838;1026;10;13;10;0
32393;1826;1026;10;13;10;0
32396;1814;1026;10;13;10;0
32397;1802;1026;10;13;10;0
32398;1514;1026;10;13;10;0
32399;1502;1026;10;13;10;0
32400;1490;1026;10;13;10;0
32402;1214;1026;10;13;10;0
32403;1190;1026;10;13;10;0
32404;1178;1026;10;13;10;0
32406;1166;1026;10;13;10;0
32408;1154;1026;10;13;10;0
32411;1142;1026;10;13;10;0
32412;1130;1026;10;13;10;0
32416;1118;1026;10;13;10;0
32418;1106;1026;10;13;10;0
32420;1094;1026;10;13;10;0
32422;1082;1026;10;13;10;0
32423;1070;1026;10;13;10;0
32424;1058;1026;10;13;10;0
32425;1046;1026;10;13;10;0
32426;1034;1026;10;13;10;0
32427;1022;1026;10;13;10;0
32428;1010;1026;10;13;10;0
32429;998;1026;10;13;10;0
32431;986;1026;10;13;10;0
32433;974;1026;10;13;10;0
32434;1202;1026;10;13;10;0
32435;1226;1026;10;13;10;0
32437;1478;1026;10;13;10;0
32438;1238;1026;10;13;10;0
32439;1466;1026;10;13;10;0
32440;1454;1026;10;13;10;0
32441;1442;1026;10;13;10;0
32442;1430;1026;10;13;10;0
32443;1418;1026;10;13;10;0
32445;1406;1026;10;13;10;0
32447;1394;1026;10;13;10;0
32451;1382;1026;10;13;10;0
32452;1370;1026;10;13;10;0
32453;1358;1026;10;13;10;0
32454;1346;1026;10;13;10;0
32455;1334;1026;10;13;10;0
32456;1322;1026;10;13;10;0
32457;1310;1026;10;13;10;0
32458;1298;1026;10;13;10;0
32460;1286;1026;10;13;10;0
32461;1274;1026;10;13;10;0
32462;1262;1026;10;13;10;0
32463;1250;1026;10;13;10;0
32465;3590;996;10;13;10;0
32466;3578;996;10;13;10;0
32467;3566;996;10;13;10;0
32468;2450;996;10;13;10;0
32469;1790;981;10;13;10;0
32472;1778;981;10;13;10;0
32473;1766;981;10;13;10;0
32474;1754;981;10;13;10;0
32476;1742;981;10;13;10;0
32477;1730;981;10;13;10;0
32478;1718;981;10;13;10;0
32479;1706;981;10;13;10;0
32480;1694;981;10;13;10;0
32482;1682;981;10;13;10;0
32483;1670;981;10;13;10;0
32485;1658;981;10;13;10;0
32486;1646;981;10;13;10;0
32487;1634;981;10;13;10;0
32489;1622;981;10;13;10;0
32490;1610;981;10;13;10;0
32491;1598;981;10;13;10;0
32493;1586;981;10;13;10;0
32494;1574;981;10;13;10;0
32495;1802;981;10;13;10;0
32496;1826;981;10;13;10;0
32499;2078;981;10;13;10;0
32500;1838;981;10;13;10;0
32501;2066;981;10;13;10;0
32503;2054;981;10;13;10;0
32504;2042;981;10;13;10;0
32508;2030;981;10;13;10;0
32509;2018;981;10;13;10;0
32511;2006;981;10;13;10;0
32512;1994;981;10;13;10;0
32515;1982;981;10;13;10;0
32516;1970;981;10;13;10;0
32517;1958;981;10;13;10;0
32518;1946;981;10;13;10;0
32519;1934;981;10;13;10;0
32520;1922;981;10;13;10;0
32521;1910;981;10;13;10;0
32526;1898;981;10;13;10;0
32527;1886;981;10;13;10;0
32531;1874;981;10;13;10;0
32532;1862;981;10;13;10;0
32533;1850;981;10;13;10;0
32534;1562;981;10;13;10;0
32536;1814;981;10;13;10;0
32537;1550;981;10;13;10;0
32538;1262;981;10;13;10;0
32541;1238;981;10;13;10;0
32544;1226;981;10;13;10;0
32545;1214;981;10;13;10;0
32548;1202;981;10;13;10;0
32550;1190;981;10;13;10;0
32552;1178;981;10;13;10;0
32553;1166;981;10;13;10;0
32554;1154;981;10;13;10;0
32555;1142;981;10;13;10;0
32556;1130;981;10;13;10;0
32557;1118;981;10;13;10;0
32558;1106;981;10;13;10;0
32560;1094;981;10;13;10;0
32564;1082;981;10;13;10;0
32566;1070;981;10;13;10;0
32568;1058;981;10;13;10;0
32570;1046;981;10;13;10;0
32573;1034;981;10;13;10;0
32580;1022;981;10;13;10;0
32581;1250;981;10;13;10;0
32584;1274;981;10;13;10;0
32588;1526;981;10;13;10;0
32589;1286;981;10;13;10;0
32590;1514;981;10;13;10;0
32591;1502;981;10;13;10;0
32592;1490;981;10;13;10;0
32593;1478;981;10;13;10;0
32596;1466;981;10;13;10;0
32597;1454;981;10;13;10;0
32599;1442;981;10;13;10;0
32600;1430;981;10;13;10;0
32602;1418;981;10;13;10;0
32607;1406;981;10;13;10;0
32608;1394;981;10;13;10;0
32609;1382;981;10;13;10;0
32610;1370;981;10;13;10;0
32611;1358;981;10;13;10;0
32615;1346;981;10;13;10;0
32616;1334;981;10;13;10;0
32617;1322;981;10;13;10;0
32618;1310;981;10;13;10;0
32619;1298;981;10;13;10;0
32622;1538;981;10;13;10;0
32624;2090;981;10;13;10;0
32626;2102;981;10;13;10;0
32629;2114;981;10;13;10;0
32631;2894;981;10;13;10;0
32632;2882;981;10;13;10;0
32633;2870;981;10;13;10;0
32641;2858;981;10;13;10;0
32642;2846;981;10;13;10;0
32643;2834;981;10;13;10;0
32645;2822;981;10;13;10;0
32646;2810;981;10;13;10;0
32647;2798;981;10;13;10;0
32648;2786;981;10;13;10;0
32650;2774;981;10;13;10;0
32651;2762;981;10;13;10;0
32652;2750;981;10;13;10;0
32654;2738;981;10;13;10;0
32660;2726;981;10;13;10;0
32663;2714;981;10;13;10;0
32666;2702;981;10;13;10;0
32669;2690;981;10;13;10;0
32670;2678;981;10;13;10;0
32673;2906;981;10;13;10;0
32675;2918;981;10;13;10;0
32676;2930;981;10;13;10;0
32677;2942;981;10;13;10;0
32679;3182;981;10;13;10;0
32680;3170;981;10;13;10;0
32681;3158;981;10;13;10;0
32686;3146;981;10;13;10;0
32687;3134;981;10;13;10;0
32688;3122;981;10;13;10;0
32690;3110;981;10;13;10;0
32694;3098;981;10;13;10;0
32696;3086;981;10;13;10;0
32697;3194;981;10;13;10;0
32700;3074;981;10;13;10;0
32701;3050;981;10;13;10;0
32703;3038;981;10;13;10;0
32705;3026;981;10;13;10;0
32709;3014;981;10;13;10;0
32710;3002;981;10;13;10;0
32714;2990;981;10;13;10;0
32716;2978;981;10;13;10;0
32718;2966;981;10;13;10;0
32722;2954;981;10;13;10;0
32724;2666;981;10;13;10;0
32725;2654;981;10;13;10;0
32728;2642;981;10;13;10;0
32735;2366;981;10;13;10;0
32736;2342;981;10;13;10;0
32737;2330;981;10;13;10;0
32741;2318;981;10;13;10;0
32742;2306;981;10;13;10;0
32745;2294;981;10;13;10;0
32747;2282;981;10;13;10;0
32748;2270;981;10;13;10;0
32750;2258;981;10;13;10;0
32752;2246;981;10;13;10;0
32753;2234;981;10;13;10;0
32755;2222;981;10;13;10;0
32761;2210;981;10;13;10;0
32762;2198;981;10;13;10;0
32763;2186;981;10;13;10;0
32764;2174;981;10;13;10;0
32768;2162;981;10;13;10;0
32769;2150;981;10;13;10;0
32771;2138;981;10;13;10;0
32772;2126;981;10;13;10;0
32773;2354;981;10;13;10;0
32774;2378;981;10;13;10;0
32779;2630;981;10;13;10;0
32780;2390;981;10;13;10;0
32781;2618;981;10;13;10;0
32784;2606;981;10;13;10;0
32785;2594;981;10;13;10;0
32786;2582;981;10;13;10;0
32788;2570;981;10;13;10;0
32789;2558;981;10;13;10;0
32790;2546;981;10;13;10;0
32791;2534;981;10;13;10;0
32792;2522;981;10;13;10;0
32793;2510;981;10;13;10;0
32796;2498;981;10;13;10;0
32800;2486;981;10;13;10;0
32801;2474;981;10;13;10;0
32802;2462;981;10;13;10;0
32805;2450;981;10;13;10;0
32806;2438;981;10;13;10;0
32807;2426;981;10;13;10;0
32808;2414;981;10;13;10;0
32809;2402;981;10;13;10;0
32810;1010;981;10;13;10;0
32819;3062;981;10;13;10;0
32822;998;981;10;13;10;0
32823;842;981;10;13;10;0
32824;3662;966;10;13;10;0
32827;3650;966;10;13;10;0
32829;3638;966;10;13;10;0
32831;3626;966;10;13;10;0
32834;3614;966;10;13;10;0
32835;3602;966;10;13;10;0
32838;3590;966;10;13;10;0
32842;3578;966;10;13;10;0
32843;3566;966;10;13;10;0
32844;3554;966;10;13;10;0
32845;3542;966;10;13;10;0
32850;3530;966;10;13;10;0
32852;3518;966;10;13;10;0
32854;3506;966;10;13;10;0
32856;3494;966;10;13;10;0
32858;3482;966;10;13;10;0
32862;3470;966;10;13;10;0
32863;3458;966;10;13;10;0
32865;3446;966;10;13;10;0
32866;3674;966;10;13;10;0
32872;3698;966;10;13;10;0
32874;3950;966;10;13;10;0
32879;3710;966;10;13;10;0
32880;3938;966;10;13;10;0
32881;3926;966;10;13;10;0
32882;3914;966;10;13;10;0
32883;3902;966;10;13;10;0
32884;3890;966;10;13;10;0
32885;3878;966;10;13;10;0
32886;3866;966;10;13;10;0
32887;3854;966;10;13;10;0
32889;3842;966;10;13;10;0
32893;3830;966;10;13;10;0
32894;3818;966;10;13;10;0
32895;3806;966;10;13;10;0
32899;3794;966;10;13;10;0
32900;3782;966;10;13;10;0
32901;3770;966;10;13;10;0
32902;3758;966;10;13;10;0
32903;3746;966;10;13;10;0
32905;3734;966;10;13;10;0
32907;3722;966;10;13;10;0
32908;3434;966;10;13;10;0
32911;3686;966;10;13;10;0
32915;3422;966;10;13;10;0
32916;3134;966;10;13;10;0
32917;3110;966;10;13;10;0
32918;3098;966;10;13;10;0
32920;3086;966;10;13;10;0
32922;3074;966;10;13;10;0
32923;3062;966;10;13;10;0
32925;3050;966;10;13;10;0
32928;3038;966;10;13;10;0
32929;3026;966;10;13;10;0
32930;3014;966;10;13;10;0
32932;3002;966;10;13;10;0
32933;2990;966;10;13;10;0
32937;2978;966;10;13;10;0
32938;2966;966;10;13;10;0
32939;2954;966;10;13;10;0
32940;2942;966;10;13;10;0
32941;2930;966;10;13;10;0
32942;2918;966;10;13;10;0
32943;2906;966;10;13;10;0
32945;2894;966;10;13;10;0
32946;3122;966;10;13;10;0
32948;3146;966;10;13;10;0
32950;3398;966;10;13;10;0
32954;3158;966;10;13;10;0
32957;3386;966;10;13;10;0
32958;3374;966;10;13;10;0
32959;3362;966;10;13;10;0
32960;3350;966;10;13;10;0
32961;3338;966;10;13;10;0
32963;3326;966;10;13;10;0
32964;3314;966;10;13;10;0
32966;3302;966;10;13;10;0
32972;3290;966;10;13;10;0
32974;3278;966;10;13;10;0
32977;3266;966;10;13;10;0
32982;3254;966;10;13;10;0
32983;3242;966;10;13;10;0
32985;3230;966;10;13;10;0
32986;3218;966;10;13;10;0
32987;3206;966;10;13;10;0
32988;3194;966;10;13;10;0
32989;3182;966;10;13;10;0
32990;3170;966;10;13;10;0
32993;3410;966;10;13;10;0
32996;3962;966;10;13;10;0
32997;3974;966;10;13;10;0
32999;3986;966;10;13;10;0
33005;674;981;10;13;10;0
33007;662;981;10;13;10;0
33008;650;981;10;13;10;0
33009;638;981;10;13;10;0
33011;626;981;10;13;10;0
33012;614;981;10;13;10;0
33014;602;981;10;13;10;0
33016;590;981;10;13;10;0
33018;578;981;10;13;10;0
33020;566;981;10;13;10;0
33021;554;981;10;13;10;0
33023;542;981;10;13;10;0
33026;530;981;10;13;10;0
33029;518;981;10;13;10;0
33030;506;981;10;13;10;0
33031;494;981;10;13;10;0
33032;482;981;10;13;10;0
33033;470;981;10;13;10;0
33034;458;981;10;13;10;0
33038;686;981;10;13;10;0
33039;698;981;10;13;10;0
33040;710;981;10;13;10;0
33041;722;981;10;13;10;0
33043;962;981;10;13;10;0
33044;950;981;10;13;10;0
33046;938;981;10;13;10;0
33047;926;981;10;13;10;0
33048;914;981;10;13;10;0
33050;902;981;10;13;10;0
33051;890;981;10;13;10;0
33053;878;981;10;13;10;0
33058;866;981;10;13;10;0
33059;974;981;10;13;10;0
33060;854;981;10;13;10;0
33062;830;981;10;13;10;0
33065;818;981;10;13;10;0
33067;806;981;10;13;10;0
33071;794;981;10;13;10;0
33072;782;981;10;13;10;0
33073;770;981;10;13;10;0
33075;758;981;10;13;10;0
33078;746;981;10;13;10;0
33079;734;981;10;13;10;0
33080;446;981;10;13;10;0
33081;434;981;10;13;10;0
33086;422;981;10;13;10;0
33090;146;981;10;13;10;0
33094;122;981;10;13;10;0
33096;110;981;10;13;10;0
33098;98;981;10;13;10;0
33099;86;981;10;13;10;0
33100;74;981;10;13;10;0
33102;62;981;10;13;10;0
33104;50;981;10;13;10;0
33105;38;981;10;13;10;0
33107;26;981;10;13;10;0
33108;14;981;10;13;10;0
33109;2;981;10;13;10;0
33113;4082;966;10;13;10;0
33114;4070;966;10;13;10;0
33119;4058;966;10;13;10;0
33125;4046;966;10;13;10;0
33126;4034;966;10;13;10;0
33129;4022;966;10;13;10;0
33131;4010;966;10;13;10;0
33133;3998;966;10;13;10;0
33134;134;981;10;13;10;0
33136;158;981;10;13;10;0
33137;410;981;10;13;10;0
33139;170;981;10;13;10;0
33140;398;981;10;13;10;0
33144;386;981;10;13;10;0
33145;374;981;10;13;10;0
33146;362;981;10;13;10;0
33147;350;981;10;13;10;0
33148;338;981;10;13;10;0
33150;326;981;10;13;10;0
33151;314;981;10;13;10;0
33152;302;981;10;13;10;0
33154;290;981;10;13;10;0
33155;278;981;10;13;10;0
33160;266;981;10;13;10;0
33162;254;981;10;13;10;0
33163;242;981;10;13;10;0
33166;230;981;10;13;10;0
33167;218;981;10;13;10;0
33171;206;981;10;13;10;0
33173;194;981;10;13;10;0
33176;182;981;10;13;10;0
33178;986;981;10;13;10;0
33179;3206;981;10;13;10;0
33180;3218;981;10;13;10;0
33181;3230;981;10;13;10;0
33182;2138;996;10;13;10;0
33184;2126;996;10;13;10;0
33187;2114;996;10;13;10;0
33188;2102;996;10;13;10;0
33189;2090;996;10;13;10;0
33192;2078;996;10;13;10;0
33193;2066;996;10;13;10;0
33200;2054;996;10;13;10;0
33203;2042;996;10;13;10;0
33205;2030;996;10;13;10;0
33206;2018;996;10;13;10;0
33208;2006;996;10;13;10;0
33210;1994;996;10;13;10;0
33211;1982;996;10;13;10;0
33213;1970;996;10;13;10;0
33214;1958;996;10;13;10;0
33215;1946;996;10;13;10;0
33216;1934;996;10;13;10;0
33218;1922;996;10;13;10;0
33219;2150;996;10;13;10;0
33222;2162;996;10;13;10;0
33224;2174;996;10;13;10;0
33225;2186;996;10;13;10;0
33226;2426;996;10;13;10;0
33229;2414;996;10;13;10;0
33231;2402;996;10;13;10;0
33233;2390;996;10;13;10;0
33235;2378;996;10;13;10;0
33240;2366;996;10;13;10;0
33241;2354;996;10;13;10;0
33242;2342;996;10;13;10;0
33247;2330;996;10;13;10;0
33248;2438;996;10;13;10;0
33250;2318;996;10;13;10;0
33251;2294;996;10;13;10;0
33253;2282;996;10;13;10;0
33255;2270;996;10;13;10;0
33256;2258;996;10;13;10;0
33258;2246;996;10;13;10;0
33260;2234;996;10;13;10;0
33261;2222;996;10;13;10;0
33267;2210;996;10;13;10;0
33268;2198;996;10;13;10;0
33274;1910;996;10;13;10;0
33275;1898;996;10;13;10;0
33276;1886;996;10;13;10;0
33278;1610;996;10;13;10;0
33280;1586;996;10;13;10;0
33281;1574;996;10;13;10;0
33282;1562;996;10;13;10;0
33284;1550;996;10;13;10;0
33285;1538;996;10;13;10;0
33286;1526;996;10;13;10;0
33287;1514;996;10;13;10;0
33288;1502;996;10;13;10;0
33289;1490;996;10;13;10;0
33290;1478;996;10;13;10;0
33292;1466;996;10;13;10;0
33293;1454;996;10;13;10;0
33294;1442;996;10;13;10;0
33296;1430;996;10;13;10;0
33298;1418;996;10;13;10;0
33300;1406;996;10;13;10;0
33302;1394;996;10;13;10;0
33303;1382;996;10;13;10;0
33304;1370;996;10;13;10;0
33307;1598;996;10;13;10;0
33308;1622;996;10;13;10;0
33310;1874;996;10;13;10;0
33311;1634;996;10;13;10;0
33314;1862;996;10;13;10;0
33315;1850;996;10;13;10;0
33318;1838;996;10;13;10;0
33320;1826;996;10;13;10;0
33321;1814;996;10;13;10;0
33322;1802;996;10;13;10;0
33323;1790;996;10;13;10;0
33324;1778;996;10;13;10;0
33326;1766;996;10;13;10;0
33328;1754;996;10;13;10;0
33329;1742;996;10;13;10;0
33331;1730;996;10;13;10;0
33333;1718;996;10;13;10;0
33334;1706;996;10;13;10;0
33335;1694;996;10;13;10;0
33336;1682;996;10;13;10;0
33337;1670;996;10;13;10;0
33338;1658;996;10;13;10;0
33344;1646;996;10;13;10;0
33351;2306;996;10;13;10;0
33353;2462;996;10;13;10;0
33355;3422;996;10;13;10;0
33359;2474;996;10;13;10;0
33368;3254;996;10;13;10;0
33369;3242;996;10;13;10;0
33370;3230;996;10;13;10;0
33373;3218;996;10;13;10;0
33375;3206;996;10;13;10;0
33378;3194;996;10;13;10;0
33380;3182;996;10;13;10;0
33382;3170;996;10;13;10;0
33384;3158;996;10;13;10;0
33386;3146;996;10;13;10;0
33387;3134;996;10;13;10;0
33390;3122;996;10;13;10;0
33391;3110;996;10;13;10;0
33392;3098;996;10;13;10;0
33393;3086;996;10;13;10;0
33394;3074;996;10;13;10;0
33395;3062;996;10;13;10;0
33398;3050;996;10;13;10;0
33399;3038;996;10;13;10;0
33400;3266;996;10;13;10;0
33401;3278;996;10;13;10;0
33402;3290;996;10;13;10;0
33406;3302;996;10;13;10;0
33410;3542;996;10;13;10;0
33411;3530;996;10;13;10;0
33418;3518;996;10;13;10;0
33419;3506;996;10;13;10;0
33421;3494;996;10;13;10;0
33422;3482;996;10;13;10;0
33426;3470;996;10;13;10;0
33431;3458;996;10;13;10;0
33433;3446;996;10;13;10;0
33436;3554;996;10;13;10;0
33437;3434;996;10;13;10;0
33439;3410;996;10;13;10;0
33440;3398;996;10;13;10;0
33441;3386;996;10;13;10;0
33443;3374;996;10;13;10;0
33445;3362;996;10;13;10;0
33446;3350;996;10;13;10;0
33447;3338;996;10;13;10;0
33449;3326;996;10;13;10;0
33450;3314;996;10;13;10;0
33451;3026;996;10;13;10;0
33452;3014;996;10;13;10;0
33453;3002;996;10;13;10;0
33454;2726;996;10;13;10;0
33455;2702;996;10;13;10;0
33456;2690;996;10;13;10;0
33457;2678;996;10;13;10;0
33459;2666;996;10;13;10;0
33461;2654;996;10;13;10;0
33463;2642;996;10;13;10;0
33464;2630;996;10;13;10;0
33465;2618;996;10;13;10;0
33467;2606;996;10;13;10;0
33469;2594;996;10;13;10;0
33470;2582;996;10;13;10;0
33477;2570;996;10;13;10;0
33479;2558;996;10;13;10;0
33480;2546;996;10;13;10;0
33483;2534;996;10;13;10;0
33485;2522;996;10;13;10;0
33486;2510;996;10;13;10;0
33487;2498;996;10;13;10;0
33489;2486;996;10;13;10;0
33490;2714;996;10;13;10;0
33491;2738;996;10;13;10;0
33492;2990;996;10;13;10;0
33493;2750;996;10;13;10;0
33494;2978;996;10;13;10;0
33495;2966;996;10;13;10;0
33496;2954;996;10;13;10;0
33497;2942;996;10;13;10;0
33499;2930;996;10;13;10;0
33500;2918;996;10;13;10;0
33502;2906;996;10;13;10;0
33503;2894;996;10;13;10;0
33505;2882;996;10;13;10;0
33507;2870;996;10;13;10;0
33509;2858;996;10;13;10;0
33510;2846;996;10;13;10;0
33511;2834;996;10;13;10;0
33515;2822;996;10;13;10;0
33519;2810;996;10;13;10;0
33521;2798;996;10;13;10;0
33523;2786;996;10;13;10;0
33524;2774;996;10;13;10;0
33527;2762;996;10;13;10;0
33529;1358;996;10;13;10;0
33530;1346;996;10;13;10;0
33531;1334;996;10;13;10;0
33537;1190;996;10;13;10;0
33538;4010;981;10;13;10;0
33539;3998;981;10;13;10;0
33540;3986;981;10;13;10;0
33541;3974;981;10;13;10;0
33542;3962;981;10;13;10;0
33545;3950;981;10;13;10;0
33548;3938;981;10;13;10;0
33549;3926;981;10;13;10;0
33550;3914;981;10;13;10;0
33553;3902;981;10;13;10;0
33558;3890;981;10;13;10;0
33559;3878;981;10;13;10;0
33560;3866;981;10;13;10;0
33563;3854;981;10;13;10;0
33564;3842;981;10;13;10;0
33566;3830;981;10;13;10;0
33571;3818;981;10;13;10;0
33575;3806;981;10;13;10;0
33576;3794;981;10;13;10;0
33579;4022;981;10;13;10;0
33580;4046;981;10;13;10;0
33581;206;996;10;13;10;0
33583;4058;981;10;13;10;0
33585;194;996;10;13;10;0
33586;182;996;10;13;10;0
33588;170;996;10;13;10;0
33589;158;996;10;13;10;0
33590;146;996;10;13;10;0
33592;134;996;10;13;10;0
33593;122;996;10;13;10;0
33594;110;996;10;13;10;0
33596;98;996;10;13;10;0
33600;86;996;10;13;10;0
33603;74;996;10;13;10;0
33605;62;996;10;13;10;0
33606;50;996;10;13;10;0
33607;38;996;10;13;10;0
33609;26;996;10;13;10;0
33610;14;996;10;13;10;0
33614;2;996;10;13;10;0
33615;4082;981;10;13;10;0
33616;4070;981;10;13;10;0
33618;3782;981;10;13;10;0
33620;4034;981;10;13;10;0
33622;3770;981;10;13;10;0
33623;3482;981;10;13;10;0
33624;3458;981;10;13;10;0
33626;3446;981;10;13;10;0
33627;3434;981;10;13;10;0
33630;3422;981;10;13;10;0
33631;3410;981;10;13;10;0
33632;3398;981;10;13;10;0
33633;3386;981;10;13;10;0
33635;3374;981;10;13;10;0
33636;3362;981;10;13;10;0
33639;3350;981;10;13;10;0
33642;3338;981;10;13;10;0
33643;3326;981;10;13;10;0
33644;3314;981;10;13;10;0
33647;3302;981;10;13;10;0
33650;3290;981;10;13;10;0
33651;3278;981;10;13;10;0
33653;3266;981;10;13;10;0
33655;3254;981;10;13;10;0
33656;3242;981;10;13;10;0
33658;3470;981;10;13;10;0
33659;3494;981;10;13;10;0
33660;3746;981;10;13;10;0
33661;3506;981;10;13;10;0
33668;3734;981;10;13;10;0
33669;3722;981;10;13;10;0
33670;3710;981;10;13;10;0
33671;3698;981;10;13;10;0
33673;3686;981;10;13;10;0
33674;3674;981;10;13;10;0
33678;3662;981;10;13;10;0
33682;3650;981;10;13;10;0
33683;3638;981;10;13;10;0
33685;3626;981;10;13;10;0
33686;3614;981;10;13;10;0
33688;3602;981;10;13;10;0
33690;3590;981;10;13;10;0
33691;3578;981;10;13;10;0
33692;3566;981;10;13;10;0
33694;3554;981;10;13;10;0
33695;3542;981;10;13;10;0
33696;3530;981;10;13;10;0
33698;3518;981;10;13;10;0
33703;3758;981;10;13;10;0
33704;218;996;10;13;10;0
33705;230;996;10;13;10;0
33706;242;996;10;13;10;0
33707;1022;996;10;13;10;0
33713;1010;996;10;13;10;0
33714;998;996;10;13;10;0
33717;986;996;10;13;10;0
33719;974;996;10;13;10;0
33721;962;996;10;13;10;0
33722;950;996;10;13;10;0
33725;938;996;10;13;10;0
33727;926;996;10;13;10;0
33728;914;996;10;13;10;0
33729;902;996;10;13;10;0
33733;890;996;10;13;10;0
33735;878;996;10;13;10;0
33736;866;996;10;13;10;0
33737;854;996;10;13;10;0
33738;842;996;10;13;10;0
33740;830;996;10;13;10;0
33742;818;996;10;13;10;0
33743;806;996;10;13;10;0
33745;1034;996;10;13;10;0
33747;1046;996;10;13;10;0
33748;1058;996;10;13;10;0
33750;1070;996;10;13;10;0
33752;1310;996;10;13;10;0
33756;1298;996;10;13;10;0
33759;1286;996;10;13;10;0
33760;1274;996;10;13;10;0
33761;1262;996;10;13;10;0
33769;1250;996;10;13;10;0
33770;1238;996;10;13;10;0
33771;1226;996;10;13;10;0
33775;1214;996;10;13;10;0
33776;1322;996;10;13;10;0
33777;1202;996;10;13;10;0
33778;1178;996;10;13;10;0
33780;1166;996;10;13;10;0
33783;1154;996;10;13;10;0
33784;1142;996;10;13;10;0
33787;1130;996;10;13;10;0
33789;1118;996;10;13;10;0
33793;1106;996;10;13;10;0
33795;1094;996;10;13;10;0
33796;1082;996;10;13;10;0
33799;794;996;10;13;10;0
33802;782;996;10;13;10;0
33803;770;996;10;13;10;0
33804;494;996;10;13;10;0
33805;470;996;10;13;10;0
33806;458;996;10;13;10;0
33807;446;996;10;13;10;0
33811;434;996;10;13;10;0
33819;422;996;10;13;10;0
33821;410;996;10;13;10;0
33824;398;996;10;13;10;0
33826;386;996;10;13;10;0
33827;374;996;10;13;10;0
33828;362;996;10;13;10;0
33829;350;996;10;13;10;0
33831;338;996;10;13;10;0
33832;326;996;10;13;10;0
33833;314;996;10;13;10;0
33834;302;996;10;13;10;0
33836;290;996;10;13;10;0
33841;278;996;10;13;10;0
33845;266;996;10;13;10;0
33848;254;996;10;13;10;0
33851;482;996;10;13;10;0
33852;506;996;10;13;10;0
33853;758;996;10;13;10;0
33862;518;996;10;13;10;0
33863;746;996;10;13;10;0
33865;734;996;10;13;10;0
33870;722;996;10;13;10;0
33874;710;996;10;13;10;0
33878;698;996;10;13;10;0
33879;686;996;10;13;10;0
33881;674;996;10;13;10;0
33882;662;996;10;13;10;0
33883;650;996;10;13;10;0
33889;638;996;10;13;10;0
33890;626;996;10;13;10;0
33891;614;996;10;13;10;0
33894;602;996;10;13;10;0
33895;590;996;10;13;10;0
33897;578;996;10;13;10;0
33899;566;996;10;13;10;0
33900;554;996;10;13;10;0
33901;542;996;10;13;10;0
33902;530;996;10;13;10;0
33903;1454;906;10;13;10;0
33905;1442;906;10;13;10;0
33907;1430;906;10;13;10;0
33909;1070;891;10;13;10;0
33910;2318;816;10;13;10;0
33911;2306;816;10;13;10;0
33913;2294;816;10;13;10;0
33914;2282;816;10;13;10;0
33922;2270;816;10;13;10;0
33924;2258;816;10;13;10;0
33931;2246;816;10;13;10;0
33933;2234;816;10;13;10;0
33936;2222;816;10;13;10;0
33938;2210;816;10;13;10;0
33940;2198;816;10;13;10;0
33943;2186;816;10;13;10;0
33945;2174;816;10;13;10;0
33948;2162;816;10;13;10;0
33949;2150;816;10;13;10;0
33950;2138;816;10;13;10;0
33951;2126;816;10;13;10;0
33953;2114;816;10;13;10;0
33960;2102;816;10;13;10;0
33965;2330;816;10;13;10;0
33967;2354;816;10;13;10;0
33970;2606;816;10;13;10;0
33972;2366;816;10;13;10;0
33976;2594;816;10;13;10;0
33977;2582;816;10;13;10;0
33979;2570;816;10;13;10;0
33980;2558;816;10;13;10;0
33982;2546;816;10;13;10;0
33983;2534;816;10;13;10;0
33984;2522;816;10;13;10;0
33985;2510;816;10;13;10;0
33988;2498;816;10;13;10;0
33990;2486;816;10;13;10;0
33991;2474;816;10;13;10;0
33993;2462;816;10;13;10;0
33994;2450;816;10;13;10;0
33995;2438;816;10;13;10;0
33997;2426;816;10;13;10;0
34000;2414;816;10;13;10;0
34001;2402;816;10;13;10;0
34003;2390;816;10;13;10;0
34006;2378;816;10;13;10;0
34009;2090;816;10;13;10;0
34010;2342;816;10;13;10;0
34013;2078;816;10;13;10;0
34015;1790;816;10;13;10;0
34022;1766;816;10;13;10;0
34026;1754;816;10;13;10;0
34028;1742;816;10;13;10;0
34030;1730;816;10;13;10;0
34031;1718;816;10;13;10;0
34032;1706;816;10;13;10;0
34035;1694;816;10;13;10;0
34036;1682;816;10;13;10;0
34039;1670;816;10;13;10;0
34044;1658;816;10;13;10;0
34045;1646;816;10;13;10;0
34047;1634;816;10;13;10;0
34048;1622;816;10;13;10;0
34054;1610;816;10;13;10;0
34065;1598;816;10;13;10;0
34067;1586;816;10;13;10;0
34068;1574;816;10;13;10;0
34069;1562;816;10;13;10;0
34071;1550;816;10;13;10;0
34072;1778;816;10;13;10;0
34074;1802;816;10;13;10;0
34078;2054;816;10;13;10;0
34079;1814;816;10;13;10;0
34081;2042;816;10;13;10;0
34083;2030;816;10;13;10;0
34085;2018;816;10;13;10;0
34086;2006;816;10;13;10;0
34091;1994;816;10;13;10;0
34092;1982;816;10;13;10;0
34093;1970;816;10;13;10;0
34100;1958;816;10;13;10;0
34101;1946;816;10;13;10;0
34103;1934;816;10;13;10;0
34104;1922;816;10;13;10;0
34106;1910;816;10;13;10;0
34107;1898;816;10;13;10;0
34108;1886;816;10;13;10;0
34109;1874;816;10;13;10;0
34112;1862;816;10;13;10;0
34113;1850;816;10;13;10;0
34115;1838;816;10;13;10;0
34120;1826;816;10;13;10;0
34121;2066;816;10;13;10;0
34122;2618;816;10;13;10;0
34123;2630;816;10;13;10;0
34126;2642;816;10;13;10;0
34130;3422;816;10;13;10;0
34133;3410;816;10;13;10;0
34135;3398;816;10;13;10;0
34136;3386;816;10;13;10;0
34137;3374;816;10;13;10;0
34138;3362;816;10;13;10;0
34142;3350;816;10;13;10;0
34147;3338;816;10;13;10;0
34148;3326;816;10;13;10;0
34152;3314;816;10;13;10;0
34153;3302;816;10;13;10;0
34154;3290;816;10;13;10;0
34157;3278;816;10;13;10;0
34162;3266;816;10;13;10;0
34164;3254;816;10;13;10;0
34167;3242;816;10;13;10;0
34169;3230;816;10;13;10;0
34174;3218;816;10;13;10;0
34176;3206;816;10;13;10;0
34177;3434;816;10;13;10;0
34180;3446;816;10;13;10;0
34181;3458;816;10;13;10;0
34183;3470;816;10;13;10;0
34184;3710;816;10;13;10;0
34186;3698;816;10;13;10;0
34188;3686;816;10;13;10;0
34191;3674;816;10;13;10;0
34192;3662;816;10;13;10;0
34193;3650;816;10;13;10;0
34196;3638;816;10;13;10;0
34199;3626;816;10;13;10;0
34201;3614;816;10;13;10;0
34203;3722;816;10;13;10;0
34204;3602;816;10;13;10;0
34212;3578;816;10;13;10;0
34214;3566;816;10;13;10;0
34216;3554;816;10;13;10;0
34217;3542;816;10;13;10;0
34218;3530;816;10;13;10;0
34219;3518;816;10;13;10;0
34220;3506;816;10;13;10;0
34222;3494;816;10;13;10;0
34223;3482;816;10;13;10;0
34224;3194;816;10;13;10;0
34228;3182;816;10;13;10;0
34230;3170;816;10;13;10;0
34232;2894;816;10;13;10;0
34233;2870;816;10;13;10;0
34234;2858;816;10;13;10;0
34238;2846;816;10;13;10;0
34241;2834;816;10;13;10;0
34249;2822;816;10;13;10;0
34253;2810;816;10;13;10;0
34255;2798;816;10;13;10;0
34256;2786;816;10;13;10;0
34259;2774;816;10;13;10;0
34261;2762;816;10;13;10;0
34268;2750;816;10;13;10;0
34269;2738;816;10;13;10;0
34276;2726;816;10;13;10;0
34277;2714;816;10;13;10;0
34278;2702;816;10;13;10;0
34280;2690;816;10;13;10;0
34281;2678;816;10;13;10;0
34282;2666;816;10;13;10;0
34292;2654;816;10;13;10;0
34295;2882;816;10;13;10;0
34297;2906;816;10;13;10;0
34298;3158;816;10;13;10;0
34299;2918;816;10;13;10;0
34302;3146;816;10;13;10;0
34303;3134;816;10;13;10;0
34306;3122;816;10;13;10;0
34308;3110;816;10;13;10;0
34309;3098;816;10;13;10;0
34310;3086;816;10;13;10;0
34311;3074;816;10;13;10;0
34314;3062;816;10;13;10;0
34315;3050;816;10;13;10;0
34321;3038;816;10;13;10;0
34323;3026;816;10;13;10;0
34326;3014;816;10;13;10;0
34327;3002;816;10;13;10;0
34330;2990;816;10;13;10;0
34334;2978;816;10;13;10;0
34337;2966;816;10;13;10;0
34338;2954;816;10;13;10;0
34342;2942;816;10;13;10;0
34347;2930;816;10;13;10;0
34349;1538;816;10;13;10;0
34351;3590;816;10;13;10;0
34352;1526;816;10;13;10;0
34360;1370;816;10;13;10;0
34365;98;816;10;13;10;0
34367;86;816;10;13;10;0
34374;74;816;10;13;10;0
34378;62;816;10;13;10;0
34381;50;816;10;13;10;0
34382;38;816;10;13;10;0
34383;26;816;10;13;10;0
34384;14;816;10;13;10;0
34385;2;816;10;13;10;0
34388;4082;801;10;13;10;0
34389;4070;801;10;13;10;0
34394;4058;801;10;13;10;0
34395;4046;801;10;13;10;0
34396;4034;801;10;13;10;0
34398;4022;801;10;13;10;0
34399;4010;801;10;13;10;0
34402;3998;801;10;13;10;0
34407;3986;801;10;13;10;0
34411;3974;801;10;13;10;0
34412;110;816;10;13;10;0
34415;134;816;10;13;10;0
34417;386;816;10;13;10;0
34425;146;816;10;13;10;0
34426;374;816;10;13;10;0
34427;362;816;10;13;10;0
34429;350;816;10;13;10;0
34430;338;816;10;13;10;0
34432;326;816;10;13;10;0
34433;314;816;10;13;10;0
34434;302;816;10;13;10;0
34442;290;816;10;13;10;0
34443;278;816;10;13;10;0
34444;266;816;10;13;10;0
34451;254;816;10;13;10;0
34453;242;816;10;13;10;0
34457;230;816;10;13;10;0
34460;218;816;10;13;10;0
34467;206;816;10;13;10;0
34468;194;816;10;13;10;0
34471;182;816;10;13;10;0
34473;170;816;10;13;10;0
34474;158;816;10;13;10;0
34475;3962;801;10;13;10;0
34479;122;816;10;13;10;0
34480;3950;801;10;13;10;0
34481;3662;801;10;13;10;0
34484;3638;801;10;13;10;0
34485;3626;801;10;13;10;0
34486;3614;801;10;13;10;0
34490;3602;801;10;13;10;0
34496;3590;801;10;13;10;0
34500;3578;801;10;13;10;0
34502;3566;801;10;13;10;0
34503;3554;801;10;13;10;0
34505;3542;801;10;13;10;0
34506;3530;801;10;13;10;0
34507;3518;801;10;13;10;0
34509;3506;801;10;13;10;0
34510;3494;801;10;13;10;0
34512;3482;801;10;13;10;0
34516;3470;801;10;13;10;0
34520;3458;801;10;13;10;0
34521;3446;801;10;13;10;0
34523;3434;801;10;13;10;0
34526;3422;801;10;13;10;0
34527;3650;801;10;13;10;0
34532;3674;801;10;13;10;0
34537;3926;801;10;13;10;0
34540;3686;801;10;13;10;0
34541;3914;801;10;13;10;0
34542;3902;801;10;13;10;0
34543;3890;801;10;13;10;0
34544;3878;801;10;13;10;0
34552;3866;801;10;13;10;0
34553;3854;801;10;13;10;0
34554;3842;801;10;13;10;0
34555;3830;801;10;13;10;0
34558;3818;801;10;13;10;0
34560;3806;801;10;13;10;0
34562;3794;801;10;13;10;0
34563;3782;801;10;13;10;0
34566;3770;801;10;13;10;0
34567;3758;801;10;13;10;0
34568;3746;801;10;13;10;0
34569;3734;801;10;13;10;0
34570;3722;801;10;13;10;0
34571;3710;801;10;13;10;0
34573;3698;801;10;13;10;0
34577;3938;801;10;13;10;0
34578;398;816;10;13;10;0
34579;410;816;10;13;10;0
34581;422;816;10;13;10;0
34583;1202;816;10;13;10;0
34584;1190;816;10;13;10;0
34586;1178;816;10;13;10;0
34588;1166;816;10;13;10;0
34590;1154;816;10;13;10;0
34593;1142;816;10;13;10;0
34594;1130;816;10;13;10;0
34595;1118;816;10;13;10;0
34597;1106;816;10;13;10;0
34601;1094;816;10;13;10;0
34606;1082;816;10;13;10;0
34609;1070;816;10;13;10;0
34612;1058;816;10;13;10;0
34615;1046;816;10;13;10;0
34619;1034;816;10;13;10;0
34622;1022;816;10;13;10;0
34623;1010;816;10;13;10;0
34631;998;816;10;13;10;0
34632;986;816;10;13;10;0
34633;1214;816;10;13;10;0
34635;1226;816;10;13;10;0
34636;1238;816;10;13;10;0
34638;1250;816;10;13;10;0
34643;1490;816;10;13;10;0
34645;1478;816;10;13;10;0
34647;1466;816;10;13;10;0
34649;1454;816;10;13;10;0
34655;1442;816;10;13;10;0
34656;1430;816;10;13;10;0
34659;1418;816;10;13;10;0
34660;1406;816;10;13;10;0
34662;1394;816;10;13;10;0
34664;1502;816;10;13;10;0
34666;1382;816;10;13;10;0
34670;1358;816;10;13;10;0
34672;1346;816;10;13;10;0
34676;1334;816;10;13;10;0
34678;1322;816;10;13;10;0
34680;1310;816;10;13;10;0
34681;1298;816;10;13;10;0
34683;1286;816;10;13;10;0
34684;1274;816;10;13;10;0
34685;1262;816;10;13;10;0
34686;974;816;10;13;10;0
34687;962;816;10;13;10;0
34690;950;816;10;13;10;0
34691;674;816;10;13;10;0
34692;650;816;10;13;10;0
34693;638;816;10;13;10;0
34694;626;816;10;13;10;0
34696;614;816;10;13;10;0
34701;602;816;10;13;10;0
34702;590;816;10;13;10;0
34707;578;816;10;13;10;0
34711;566;816;10;13;10;0
34718;554;816;10;13;10;0
34719;542;816;10;13;10;0
34722;530;816;10;13;10;0
34723;518;816;10;13;10;0
34728;506;816;10;13;10;0
34731;494;816;10;13;10;0
34733;482;816;10;13;10;0
34735;470;816;10;13;10;0
34739;458;816;10;13;10;0
34746;446;816;10;13;10;0
34747;434;816;10;13;10;0
34749;662;816;10;13;10;0
34752;686;816;10;13;10;0
34756;938;816;10;13;10;0
34758;698;816;10;13;10;0
34759;926;816;10;13;10;0
34760;914;816;10;13;10;0
34762;902;816;10;13;10;0
34763;890;816;10;13;10;0
34766;878;816;10;13;10;0
34768;866;816;10;13;10;0
34769;854;816;10;13;10;0
34770;842;816;10;13;10;0
34779;830;816;10;13;10;0
34784;818;816;10;13;10;0
34791;806;816;10;13;10;0
34794;794;816;10;13;10;0
34796;782;816;10;13;10;0
34799;770;816;10;13;10;0
34802;758;816;10;13;10;0
34803;746;816;10;13;10;0
34806;734;816;10;13;10;0
34807;722;816;10;13;10;0
34809;710;816;10;13;10;0
34811;1514;816;10;13;10;0
34814;3734;816;10;13;10;0
34819;3746;816;10;13;10;0
34820;3758;816;10;13;10;0
34821;2666;831;10;13;10;0
34827;2654;831;10;13;10;0
34829;2642;831;10;13;10;0
34830;2630;831;10;13;10;0
34831;2618;831;10;13;10;0
34833;2606;831;10;13;10;0
34836;2594;831;10;13;10;0
34837;2582;831;10;13;10;0
34838;2570;831;10;13;10;0
34847;2558;831;10;13;10;0
34849;2546;831;10;13;10;0
34850;2534;831;10;13;10;0
34851;2522;831;10;13;10;0
34855;2510;831;10;13;10;0
34865;2498;831;10;13;10;0
34866;2486;831;10;13;10;0
34869;2474;831;10;13;10;0
34870;2462;831;10;13;10;0
34873;2450;831;10;13;10;0
34875;2678;831;10;13;10;0
34876;2690;831;10;13;10;0
34880;2702;831;10;13;10;0
34882;2714;831;10;13;10;0
34884;2954;831;10;13;10;0
34885;2942;831;10;13;10;0
34886;2930;831;10;13;10;0
34890;2918;831;10;13;10;0
34892;2906;831;10;13;10;0
34893;2894;831;10;13;10;0
34898;2882;831;10;13;10;0
34899;2870;831;10;13;10;0
34900;2858;831;10;13;10;0
34901;2966;831;10;13;10;0
34902;2846;831;10;13;10;0
34903;2822;831;10;13;10;0
34905;2810;831;10;13;10;0
34906;2798;831;10;13;10;0
34907;2786;831;10;13;10;0
34909;2774;831;10;13;10;0
34910;2762;831;10;13;10;0
34913;2750;831;10;13;10;0
34914;2738;831;10;13;10;0
34915;2726;831;10;13;10;0
34917;2438;831;10;13;10;0
34920;2426;831;10;13;10;0
34921;2414;831;10;13;10;0
34923;2138;831;10;13;10;0
34924;2114;831;10;13;10;0
34928;2102;831;10;13;10;0
34930;2090;831;10;13;10;0
34933;2078;831;10;13;10;0
34935;2066;831;10;13;10;0
34937;2054;831;10;13;10;0
34941;2042;831;10;13;10;0
34942;2030;831;10;13;10;0
34943;2018;831;10;13;10;0
34945;2006;831;10;13;10;0
34946;1994;831;10;13;10;0
34948;1982;831;10;13;10;0
34949;1970;831;10;13;10;0
34952;1958;831;10;13;10;0
34955;1946;831;10;13;10;0
34957;1934;831;10;13;10;0
34962;1922;831;10;13;10;0
34963;1910;831;10;13;10;0
34966;1898;831;10;13;10;0
34967;2126;831;10;13;10;0
34969;2150;831;10;13;10;0
34972;2402;831;10;13;10;0
34974;2162;831;10;13;10;0
34978;2390;831;10;13;10;0
34980;2378;831;10;13;10;0
34986;2366;831;10;13;10;0
34987;2354;831;10;13;10;0
34989;2342;831;10;13;10;0
34990;2330;831;10;13;10;0
34992;2318;831;10;13;10;0
34993;2306;831;10;13;10;0
34996;2294;831;10;13;10;0
34997;2282;831;10;13;10;0
34999;2270;831;10;13;10;0
35007;2258;831;10;13;10;0
35009;2246;831;10;13;10;0
35010;2234;831;10;13;10;0
35011;2222;831;10;13;10;0
35012;2210;831;10;13;10;0
35013;2198;831;10;13;10;0
35014;2186;831;10;13;10;0
35015;2174;831;10;13;10;0
35018;2834;831;10;13;10;0
35022;2990;831;10;13;10;0
35023;3950;831;10;13;10;0
35026;3002;831;10;13;10;0
35028;3782;831;10;13;10;0
35029;3770;831;10;13;10;0
35032;3758;831;10;13;10;0
35033;3746;831;10;13;10;0
35036;3734;831;10;13;10;0
35037;3722;831;10;13;10;0
35039;3710;831;10;13;10;0
35041;3698;831;10;13;10;0
35042;3686;831;10;13;10;0
35044;3674;831;10;13;10;0
35045;3662;831;10;13;10;0
35048;3650;831;10;13;10;0
35055;3638;831;10;13;10;0
35056;3626;831;10;13;10;0
35057;3614;831;10;13;10;0
35058;3602;831;10;13;10;0
35059;3590;831;10;13;10;0
35060;3578;831;10;13;10;0
35064;3566;831;10;13;10;0
35065;3794;831;10;13;10;0
35068;3806;831;10;13;10;0
35069;3818;831;10;13;10;0
35070;3830;831;10;13;10;0
35072;4070;831;10;13;10;0
35074;4058;831;10;13;10;0
35076;4046;831;10;13;10;0
35079;4034;831;10;13;10;0
35082;4022;831;10;13;10;0
35084;4010;831;10;13;10;0
35088;3998;831;10;13;10;0
35090;3986;831;10;13;10;0
35091;3974;831;10;13;10;0
35092;4082;831;10;13;10;0
35093;3962;831;10;13;10;0
35096;3938;831;10;13;10;0
35097;3926;831;10;13;10;0
35098;3914;831;10;13;10;0
35101;3902;831;10;13;10;0
35102;3890;831;10;13;10;0
35103;3878;831;10;13;10;0
35105;3866;831;10;13;10;0
35109;3854;831;10;13;10;0
35114;3842;831;10;13;10;0
35115;3554;831;10;13;10;0
35122;3542;831;10;13;10;0
35124;3530;831;10;13;10;0
35125;3254;831;10;13;10;0
35126;3230;831;10;13;10;0
35128;3218;831;10;13;10;0
35131;3206;831;10;13;10;0
35133;3194;831;10;13;10;0
35137;3182;831;10;13;10;0
35139;3170;831;10;13;10;0
35140;3158;831;10;13;10;0
35148;3146;831;10;13;10;0
35149;3134;831;10;13;10;0
35158;3122;831;10;13;10;0
35166;3110;831;10;13;10;0
35167;3098;831;10;13;10;0
35168;3086;831;10;13;10;0
35172;3074;831;10;13;10;0
35174;3062;831;10;13;10;0
35178;3050;831;10;13;10;0
35180;3038;831;10;13;10;0
35181;3026;831;10;13;10;0
35183;3014;831;10;13;10;0
35186;3242;831;10;13;10;0
35188;3266;831;10;13;10;0
35191;3518;831;10;13;10;0
35198;3278;831;10;13;10;0
35199;3506;831;10;13;10;0
35201;3494;831;10;13;10;0
35203;3482;831;10;13;10;0
35205;3470;831;10;13;10;0
35206;3458;831;10;13;10;0
35207;3446;831;10;13;10;0
35208;3434;831;10;13;10;0
35210;3422;831;10;13;10;0
35211;3410;831;10;13;10;0
35215;3398;831;10;13;10;0
35219;3386;831;10;13;10;0
35222;3374;831;10;13;10;0
35223;3362;831;10;13;10;0
35224;3350;831;10;13;10;0
35226;3338;831;10;13;10;0
35228;3326;831;10;13;10;0
35233;3314;831;10;13;10;0
35236;3302;831;10;13;10;0
35238;3290;831;10;13;10;0
35239;1886;831;10;13;10;0
35241;1874;831;10;13;10;0
35242;1862;831;10;13;10;0
35244;1718;831;10;13;10;0
35247;446;831;10;13;10;0
35250;434;831;10;13;10;0
35251;422;831;10;13;10;0
35255;410;831;10;13;10;0
35258;398;831;10;13;10;0
35261;386;831;10;13;10;0
35263;374;831;10;13;10;0
35264;362;831;10;13;10;0
35265;350;831;10;13;10;0
35266;338;831;10;13;10;0
35268;326;831;10;13;10;0
35269;314;831;10;13;10;0
35270;302;831;10;13;10;0
35272;290;831;10;13;10;0
35273;278;831;10;13;10;0
35274;266;831;10;13;10;0
35276;254;831;10;13;10;0
35278;242;831;10;13;10;0
35281;230;831;10;13;10;0
35282;458;831;10;13;10;0
35284;482;831;10;13;10;0
35290;734;831;10;13;10;0
35292;494;831;10;13;10;0
35293;722;831;10;13;10;0
35299;710;831;10;13;10;0
35301;698;831;10;13;10;0
35302;686;831;10;13;10;0
35303;674;831;10;13;10;0
35309;662;831;10;13;10;0
35316;650;831;10;13;10;0
35320;638;831;10;13;10;0
35324;626;831;10;13;10;0
35328;614;831;10;13;10;0
35329;602;831;10;13;10;0
35330;590;831;10;13;10;0
35331;578;831;10;13;10;0
35335;566;831;10;13;10;0
35336;554;831;10;13;10;0
35337;542;831;10;13;10;0
35338;530;831;10;13;10;0
35340;518;831;10;13;10;0
35342;506;831;10;13;10;0
35343;218;831;10;13;10;0
35344;470;831;10;13;10;0
35345;206;831;10;13;10;0
35347;4010;816;10;13;10;0
35349;3986;816;10;13;10;0
35350;3974;816;10;13;10;0
35351;3962;816;10;13;10;0
35352;3950;816;10;13;10;0
35355;3938;816;10;13;10;0
35357;3926;816;10;13;10;0
35359;3914;816;10;13;10;0
35362;3902;816;10;13;10;0
35363;3890;816;10;13;10;0
35365;3878;816;10;13;10;0
35367;3866;816;10;13;10;0
35370;3854;816;10;13;10;0
35373;3842;816;10;13;10;0
35377;3830;816;10;13;10;0
35379;3818;816;10;13;10;0
35380;3806;816;10;13;10;0
35382;3794;816;10;13;10;0
35386;3782;816;10;13;10;0
35387;3770;816;10;13;10;0
35388;3998;816;10;13;10;0
35389;4022;816;10;13;10;0
35390;182;831;10;13;10;0
35393;4034;816;10;13;10;0
35398;170;831;10;13;10;0
35400;158;831;10;13;10;0
35406;146;831;10;13;10;0
35408;134;831;10;13;10;0
35409;122;831;10;13;10;0
35410;110;831;10;13;10;0
35412;98;831;10;13;10;0
35413;86;831;10;13;10;0
35414;74;831;10;13;10;0
35416;62;831;10;13;10;0
35419;50;831;10;13;10;0
35421;38;831;10;13;10;0
35422;26;831;10;13;10;0
35424;14;831;10;13;10;0
35425;2;831;10;13;10;0
35426;4082;816;10;13;10;0
35427;4070;816;10;13;10;0
35430;4058;816;10;13;10;0
35432;4046;816;10;13;10;0
35433;194;831;10;13;10;0
35435;746;831;10;13;10;0
35436;758;831;10;13;10;0
35437;770;831;10;13;10;0
35438;1550;831;10;13;10;0
35440;1538;831;10;13;10;0
35441;1526;831;10;13;10;0
35442;1514;831;10;13;10;0
35443;1502;831;10;13;10;0
35449;1490;831;10;13;10;0
35451;1478;831;10;13;10;0
35452;1466;831;10;13;10;0
35458;1454;831;10;13;10;0
35460;1442;831;10;13;10;0
35461;1430;831;10;13;10;0
35462;1418;831;10;13;10;0
35463;1406;831;10;13;10;0
35465;1394;831;10;13;10;0
35466;1382;831;10;13;10;0
35468;1370;831;10;13;10;0
35469;1358;831;10;13;10;0
35473;1346;831;10;13;10;0
35474;1334;831;10;13;10;0
35475;1562;831;10;13;10;0
35476;1574;831;10;13;10;0
35477;1586;831;10;13;10;0
35480;1598;831;10;13;10;0
35482;1838;831;10;13;10;0
35486;1826;831;10;13;10;0
35488;1814;831;10;13;10;0
35489;1802;831;10;13;10;0
35491;1790;831;10;13;10;0
35492;1778;831;10;13;10;0
35493;1766;831;10;13;10;0
35494;1754;831;10;13;10;0
35495;1742;831;10;13;10;0
35496;1850;831;10;13;10;0
35498;1730;831;10;13;10;0
35500;1706;831;10;13;10;0
35501;1694;831;10;13;10;0
35504;1682;831;10;13;10;0
35506;1670;831;10;13;10;0
35510;1658;831;10;13;10;0
35513;1646;831;10;13;10;0
35516;1634;831;10;13;10;0
35519;1622;831;10;13;10;0
35522;1610;831;10;13;10;0
35524;1322;831;10;13;10;0
35526;1310;831;10;13;10;0
35527;1298;831;10;13;10;0
35529;1022;831;10;13;10;0
35531;998;831;10;13;10;0
35532;986;831;10;13;10;0
35533;974;831;10;13;10;0
35535;962;831;10;13;10;0
35538;950;831;10;13;10;0
35542;938;831;10;13;10;0
35543;926;831;10;13;10;0
35546;914;831;10;13;10;0
35547;902;831;10;13;10;0
35548;890;831;10;13;10;0
35550;878;831;10;13;10;0
35552;866;831;10;13;10;0
35553;854;831;10;13;10;0
35554;842;831;10;13;10;0
35556;830;831;10;13;10;0
35558;818;831;10;13;10;0
35559;806;831;10;13;10;0
35562;794;831;10;13;10;0
35563;782;831;10;13;10;0
35565;1010;831;10;13;10;0
35566;1034;831;10;13;10;0
35569;1286;831;10;13;10;0
35571;1046;831;10;13;10;0
35572;1274;831;10;13;10;0
35574;1262;831;10;13;10;0
35575;1250;831;10;13;10;0
35576;1238;831;10;13;10;0
35578;1226;831;10;13;10;0
35580;1214;831;10;13;10;0
35582;1202;831;10;13;10;0
35584;1190;831;10;13;10;0
35585;1178;831;10;13;10;0
35586;1166;831;10;13;10;0
35588;1154;831;10;13;10;0
35589;1142;831;10;13;10;0
35591;1130;831;10;13;10;0
35594;1118;831;10;13;10;0
35596;1106;831;10;13;10;0
35598;1094;831;10;13;10;0
35600;1082;831;10;13;10;0
35604;1070;831;10;13;10;0
35606;1058;831;10;13;10;0
35607;3410;801;10;13;10;0
35609;2978;831;10;13;10;0
35610;3398;801;10;13;10;0
35611;2270;801;10;13;10;0
35613;1610;786;10;13;10;0
35616;1598;786;10;13;10;0
35617;1586;786;10;13;10;0
35618;1574;786;10;13;10;0
35622;1562;786;10;13;10;0
35624;1550;786;10;13;10;0
35627;1538;786;10;13;10;0
35628;1526;786;10;13;10;0
35630;1514;786;10;13;10;0
35635;1502;786;10;13;10;0
35641;1490;786;10;13;10;0
35646;1478;786;10;13;10;0
35649;1466;786;10;13;10;0
35654;1454;786;10;13;10;0
35657;1442;786;10;13;10;0
35658;1430;786;10;13;10;0
35660;1418;786;10;13;10;0
35662;1406;786;10;13;10;0
35663;1394;786;10;13;10;0
35670;1622;786;10;13;10;0
35672;1646;786;10;13;10;0
35673;1898;786;10;13;10;0
35674;1658;786;10;13;10;0
35675;1886;786;10;13;10;0
35676;1874;786;10;13;10;0
35679;1862;786;10;13;10;0
35680;1850;786;10;13;10;0
35686;1838;786;10;13;10;0
35690;1826;786;10;13;10;0
35691;1814;786;10;13;10;0
35692;1802;786;10;13;10;0
35693;1790;786;10;13;10;0
35695;1778;786;10;13;10;0
35696;1766;786;10;13;10;0
35697;1754;786;10;13;10;0
35698;1742;786;10;13;10;0
35700;1730;786;10;13;10;0
35703;1718;786;10;13;10;0
35709;1706;786;10;13;10;0
35711;1694;786;10;13;10;0
35712;1682;786;10;13;10;0
35715;1670;786;10;13;10;0
35722;1382;786;10;13;10;0
35724;1634;786;10;13;10;0
35726;1370;786;10;13;10;0
35728;1082;786;10;13;10;0
35730;1058;786;10;13;10;0
35731;1046;786;10;13;10;0
35733;1034;786;10;13;10;0
35734;1022;786;10;13;10;0
35737;1010;786;10;13;10;0
35738;998;786;10;13;10;0
35740;986;786;10;13;10;0
35742;974;786;10;13;10;0
35744;962;786;10;13;10;0
35745;950;786;10;13;10;0
35746;938;786;10;13;10;0
35747;926;786;10;13;10;0
35748;914;786;10;13;10;0
35749;902;786;10;13;10;0
35751;890;786;10;13;10;0
35752;878;786;10;13;10;0
35753;866;786;10;13;10;0
35754;854;786;10;13;10;0
35755;842;786;10;13;10;0
35757;1070;786;10;13;10;0
35758;1094;786;10;13;10;0
35759;1346;786;10;13;10;0
35760;1106;786;10;13;10;0
35762;1334;786;10;13;10;0
35763;1322;786;10;13;10;0
35766;1310;786;10;13;10;0
35768;1298;786;10;13;10;0
35769;1286;786;10;13;10;0
35770;1274;786;10;13;10;0
35772;1262;786;10;13;10;0
35773;1250;786;10;13;10;0
35774;1238;786;10;13;10;0
35775;1226;786;10;13;10;0
35776;1214;786;10;13;10;0
35777;1202;786;10;13;10;0
35779;1190;786;10;13;10;0
35780;1178;786;10;13;10;0
35781;1166;786;10;13;10;0
35782;1154;786;10;13;10;0
35784;1142;786;10;13;10;0
35785;1130;786;10;13;10;0
35786;1118;786;10;13;10;0
35787;1358;786;10;13;10;0
35788;1910;786;10;13;10;0
35789;1922;786;10;13;10;0
35791;1934;786;10;13;10;0
35793;2714;786;10;13;10;0
35795;2702;786;10;13;10;0
35797;2690;786;10;13;10;0
35799;2678;786;10;13;10;0
35800;2666;786;10;13;10;0
35801;2654;786;10;13;10;0
35802;2642;786;10;13;10;0
35803;2630;786;10;13;10;0
35805;2618;786;10;13;10;0
35806;2606;786;10;13;10;0
35807;2594;786;10;13;10;0
35808;2582;786;10;13;10;0
35809;2570;786;10;13;10;0
35810;2558;786;10;13;10;0
35811;2546;786;10;13;10;0
35812;2534;786;10;13;10;0
35813;2522;786;10;13;10;0
35814;2510;786;10;13;10;0
35815;2498;786;10;13;10;0
35819;2726;786;10;13;10;0
35820;2738;786;10;13;10;0
35821;2750;786;10;13;10;0
35822;2762;786;10;13;10;0
35823;3002;786;10;13;10;0
35824;2990;786;10;13;10;0
35825;2978;786;10;13;10;0
35826;2966;786;10;13;10;0
35827;2954;786;10;13;10;0
35828;2942;786;10;13;10;0
35829;2930;786;10;13;10;0
35830;2918;786;10;13;10;0
35831;2906;786;10;13;10;0
35832;3014;786;10;13;10;0
35834;2894;786;10;13;10;0
35835;2870;786;10;13;10;0
35836;2858;786;10;13;10;0
35837;2846;786;10;13;10;0
35838;2834;786;10;13;10;0
35839;2822;786;10;13;10;0
35840;2810;786;10;13;10;0
35841;2798;786;10;13;10;0
35842;2786;786;10;13;10;0
35843;2774;786;10;13;10;0
35844;2486;786;10;13;10;0
35845;2474;786;10;13;10;0
35846;2462;786;10;13;10;0
35848;2186;786;10;13;10;0
35850;2162;786;10;13;10;0
35851;2150;786;10;13;10;0
35853;2138;786;10;13;10;0
35854;2126;786;10;13;10;0
35855;2114;786;10;13;10;0
35856;2102;786;10;13;10;0
35857;2090;786;10;13;10;0
35858;2078;786;10;13;10;0
35859;2066;786;10;13;10;0
35860;2054;786;10;13;10;0
35861;2042;786;10;13;10;0
35863;2030;786;10;13;10;0
35866;2018;786;10;13;10;0
35868;2006;786;10;13;10;0
35872;1994;786;10;13;10;0
35873;1982;786;10;13;10;0
35874;1970;786;10;13;10;0
35875;1958;786;10;13;10;0
35876;1946;786;10;13;10;0
35878;2174;786;10;13;10;0
35880;2198;786;10;13;10;0
35881;2450;786;10;13;10;0
35884;2210;786;10;13;10;0
35885;2438;786;10;13;10;0
35888;2426;786;10;13;10;0
35889;2414;786;10;13;10;0
35892;2402;786;10;13;10;0
35894;2390;786;10;13;10;0
35895;2378;786;10;13;10;0
35896;2366;786;10;13;10;0
35898;2354;786;10;13;10;0
35903;2342;786;10;13;10;0
35905;2330;786;10;13;10;0
35910;2318;786;10;13;10;0
35912;2306;786;10;13;10;0
35913;2294;786;10;13;10;0
35914;2282;786;10;13;10;0
35915;2270;786;10;13;10;0
35916;2258;786;10;13;10;0
35918;2246;786;10;13;10;0
35920;2234;786;10;13;10;0
35924;2222;786;10;13;10;0
35925;830;786;10;13;10;0
35930;2882;786;10;13;10;0
35937;818;786;10;13;10;0
35938;662;786;10;13;10;0
35946;3482;771;10;13;10;0
35947;3470;771;10;13;10;0
35948;3458;771;10;13;10;0
35949;3446;771;10;13;10;0
35955;3434;771;10;13;10;0
35960;3422;771;10;13;10;0
35961;3410;771;10;13;10;0
35962;3398;771;10;13;10;0
35964;3386;771;10;13;10;0
35970;3374;771;10;13;10;0
35973;3362;771;10;13;10;0
35977;3350;771;10;13;10;0
35978;3338;771;10;13;10;0
35980;3326;771;10;13;10;0
35981;3314;771;10;13;10;0
35982;3302;771;10;13;10;0
35987;3290;771;10;13;10;0
35988;3278;771;10;13;10;0
35992;3266;771;10;13;10;0
35997;3494;771;10;13;10;0
35998;3518;771;10;13;10;0
36000;3770;771;10;13;10;0
36001;3530;771;10;13;10;0
36002;3758;771;10;13;10;0
36003;3746;771;10;13;10;0
36007;3734;771;10;13;10;0
36008;3722;771;10;13;10;0
36009;3710;771;10;13;10;0
36010;3698;771;10;13;10;0
36011;3686;771;10;13;10;0
36012;3674;771;10;13;10;0
36013;3662;771;10;13;10;0
36014;3650;771;10;13;10;0
36015;3638;771;10;13;10;0
36016;3626;771;10;13;10;0
36018;3614;771;10;13;10;0
36019;3602;771;10;13;10;0
36020;3590;771;10;13;10;0
36022;3578;771;10;13;10;0
36023;3566;771;10;13;10;0
36024;3554;771;10;13;10;0
36027;3542;771;10;13;10;0
36028;3254;771;10;13;10;0
36029;3506;771;10;13;10;0
36031;3242;771;10;13;10;0
36032;2954;771;10;13;10;0
36033;2930;771;10;13;10;0
36034;2918;771;10;13;10;0
36035;2906;771;10;13;10;0
36036;2894;771;10;13;10;0
36037;2882;771;10;13;10;0
36039;2870;771;10;13;10;0
36040;2858;771;10;13;10;0
36042;2846;771;10;13;10;0
36045;2834;771;10;13;10;0
36046;2822;771;10;13;10;0
36049;2810;771;10;13;10;0
36050;2798;771;10;13;10;0
36051;2786;771;10;13;10;0
36058;2774;771;10;13;10;0
36059;2762;771;10;13;10;0
36060;2750;771;10;13;10;0
36062;2738;771;10;13;10;0
36064;2726;771;10;13;10;0
36065;2714;771;10;13;10;0
36066;2942;771;10;13;10;0
36067;2966;771;10;13;10;0
36068;3218;771;10;13;10;0
36070;2978;771;10;13;10;0
36074;3206;771;10;13;10;0
36076;3194;771;10;13;10;0
36077;3182;771;10;13;10;0
36084;3170;771;10;13;10;0
36088;3158;771;10;13;10;0
36090;3146;771;10;13;10;0
36091;3134;771;10;13;10;0
36092;3122;771;10;13;10;0
36093;3110;771;10;13;10;0
36100;3098;771;10;13;10;0
36101;3086;771;10;13;10;0
36103;3074;771;10;13;10;0
36104;3062;771;10;13;10;0
36106;3050;771;10;13;10;0
36107;3038;771;10;13;10;0
36109;3026;771;10;13;10;0
36111;3014;771;10;13;10;0
36112;3002;771;10;13;10;0
36113;2990;771;10;13;10;0
36115;3230;771;10;13;10;0
36116;3782;771;10;13;10;0
36118;3794;771;10;13;10;0
36119;3806;771;10;13;10;0
36123;494;786;10;13;10;0
36124;482;786;10;13;10;0
36125;470;786;10;13;10;0
36126;458;786;10;13;10;0
36127;446;786;10;13;10;0
36129;434;786;10;13;10;0
36130;422;786;10;13;10;0
36131;410;786;10;13;10;0
36132;398;786;10;13;10;0
36133;386;786;10;13;10;0
36134;374;786;10;13;10;0
36135;362;786;10;13;10;0
36136;350;786;10;13;10;0
36137;338;786;10;13;10;0
36138;326;786;10;13;10;0
36139;314;786;10;13;10;0
36140;302;786;10;13;10;0
36141;290;786;10;13;10;0
36142;278;786;10;13;10;0
36143;506;786;10;13;10;0
36144;518;786;10;13;10;0
36145;530;786;10;13;10;0
36148;542;786;10;13;10;0
36149;782;786;10;13;10;0
36151;770;786;10;13;10;0
36152;758;786;10;13;10;0
36153;746;786;10;13;10;0
36154;734;786;10;13;10;0
36155;722;786;10;13;10;0
36156;710;786;10;13;10;0
36158;698;786;10;13;10;0
36159;686;786;10;13;10;0
36161;794;786;10;13;10;0
36162;674;786;10;13;10;0
36163;650;786;10;13;10;0
36164;638;786;10;13;10;0
36170;626;786;10;13;10;0
36171;614;786;10;13;10;0
36172;602;786;10;13;10;0
36174;590;786;10;13;10;0
36175;578;786;10;13;10;0
36176;566;786;10;13;10;0
36180;554;786;10;13;10;0
36182;266;786;10;13;10;0
36184;254;786;10;13;10;0
36186;242;786;10;13;10;0
36187;4058;771;10;13;10;0
36188;4034;771;10;13;10;0
36190;4022;771;10;13;10;0
36192;4010;771;10;13;10;0
36193;3998;771;10;13;10;0
36194;3986;771;10;13;10;0
36195;3974;771;10;13;10;0
36196;3962;771;10;13;10;0
36198;3950;771;10;13;10;0
36199;3938;771;10;13;10;0
36203;3926;771;10;13;10;0
36205;3914;771;10;13;10;0
36208;3902;771;10;13;10;0
36209;3890;771;10;13;10;0
36211;3878;771;10;13;10;0
36212;3866;771;10;13;10;0
36213;3854;771;10;13;10;0
36214;3842;771;10;13;10;0
36215;3830;771;10;13;10;0
36225;3818;771;10;13;10;0
36228;4046;771;10;13;10;0
36229;4070;771;10;13;10;0
36234;230;786;10;13;10;0
36235;4082;771;10;13;10;0
36244;218;786;10;13;10;0
36245;206;786;10;13;10;0
36246;194;786;10;13;10;0
36249;182;786;10;13;10;0
36255;170;786;10;13;10;0
36259;158;786;10;13;10;0
36264;146;786;10;13;10;0
36271;134;786;10;13;10;0
36275;122;786;10;13;10;0
36276;110;786;10;13;10;0
36280;98;786;10;13;10;0
36282;86;786;10;13;10;0
36286;74;786;10;13;10;0
36287;62;786;10;13;10;0
36290;50;786;10;13;10;0
36291;38;786;10;13;10;0
36292;26;786;10;13;10;0
36294;14;786;10;13;10;0
36299;2;786;10;13;10;0
36300;806;786;10;13;10;0
36302;3026;786;10;13;10;0
36303;3038;786;10;13;10;0
36305;3050;786;10;13;10;0
36308;1958;801;10;13;10;0
36310;1946;801;10;13;10;0
36311;1934;801;10;13;10;0
36314;1922;801;10;13;10;0
36315;1910;801;10;13;10;0
36317;1898;801;10;13;10;0
36319;1886;801;10;13;10;0
36321;1874;801;10;13;10;0
36323;1862;801;10;13;10;0
36324;1850;801;10;13;10;0
36326;1838;801;10;13;10;0
36328;1826;801;10;13;10;0
36329;1814;801;10;13;10;0
36330;1802;801;10;13;10;0
36331;1790;801;10;13;10;0
36335;1778;801;10;13;10;0
36339;1766;801;10;13;10;0
36341;1754;801;10;13;10;0
36342;1742;801;10;13;10;0
36343;1970;801;10;13;10;0
36345;1982;801;10;13;10;0
36346;1994;801;10;13;10;0
36347;2006;801;10;13;10;0
36348;2246;801;10;13;10;0
36351;2234;801;10;13;10;0
36357;2222;801;10;13;10;0
36360;2210;801;10;13;10;0
36361;2198;801;10;13;10;0
36362;2186;801;10;13;10;0
36364;2174;801;10;13;10;0
36366;2162;801;10;13;10;0
36367;2150;801;10;13;10;0
36368;2258;801;10;13;10;0
36371;2138;801;10;13;10;0
36380;2114;801;10;13;10;0
36381;2102;801;10;13;10;0
36382;2090;801;10;13;10;0
36383;2078;801;10;13;10;0
36385;2066;801;10;13;10;0
36386;2054;801;10;13;10;0
36392;2042;801;10;13;10;0
36393;2030;801;10;13;10;0
36394;2018;801;10;13;10;0
36395;1730;801;10;13;10;0
36397;1718;801;10;13;10;0
36398;1706;801;10;13;10;0
36399;1430;801;10;13;10;0
36400;1406;801;10;13;10;0
36401;1394;801;10;13;10;0
36404;1382;801;10;13;10;0
36405;1370;801;10;13;10;0
36409;1358;801;10;13;10;0
36412;1346;801;10;13;10;0
36413;1334;801;10;13;10;0
36416;1322;801;10;13;10;0
36418;1310;801;10;13;10;0
36420;1298;801;10;13;10;0
36423;1286;801;10;13;10;0
36424;1274;801;10;13;10;0
36425;1262;801;10;13;10;0
36426;1250;801;10;13;10;0
36427;1238;801;10;13;10;0
36428;1226;801;10;13;10;0
36432;1214;801;10;13;10;0
36435;1202;801;10;13;10;0
36436;1190;801;10;13;10;0
36437;1418;801;10;13;10;0
36441;1442;801;10;13;10;0
36442;1694;801;10;13;10;0
36447;1454;801;10;13;10;0
36448;1682;801;10;13;10;0
36451;1670;801;10;13;10;0
36452;1658;801;10;13;10;0
36454;1646;801;10;13;10;0
36455;1634;801;10;13;10;0
36457;1622;801;10;13;10;0
36460;1610;801;10;13;10;0
36461;1598;801;10;13;10;0
36464;1586;801;10;13;10;0
36466;1574;801;10;13;10;0
36468;1562;801;10;13;10;0
36470;1550;801;10;13;10;0
36474;1538;801;10;13;10;0
36475;1526;801;10;13;10;0
36476;1514;801;10;13;10;0
36478;1502;801;10;13;10;0
36479;1490;801;10;13;10;0
36480;1478;801;10;13;10;0
36481;1466;801;10;13;10;0
36482;2126;801;10;13;10;0
36484;2282;801;10;13;10;0
36485;3242;801;10;13;10;0
36487;2294;801;10;13;10;0
36489;3074;801;10;13;10;0
36490;3062;801;10;13;10;0
36491;3050;801;10;13;10;0
36493;3038;801;10;13;10;0
36495;3026;801;10;13;10;0
36497;3014;801;10;13;10;0
36499;3002;801;10;13;10;0
36500;2990;801;10;13;10;0
36501;2978;801;10;13;10;0
36505;2966;801;10;13;10;0
36508;2954;801;10;13;10;0
36509;2942;801;10;13;10;0
36510;2930;801;10;13;10;0
36513;2918;801;10;13;10;0
36517;2906;801;10;13;10;0
36522;2894;801;10;13;10;0
36523;2882;801;10;13;10;0
36524;2870;801;10;13;10;0
36525;2858;801;10;13;10;0
36527;3086;801;10;13;10;0
36528;3098;801;10;13;10;0
36529;3110;801;10;13;10;0
36530;3122;801;10;13;10;0
36538;3362;801;10;13;10;0
36540;3350;801;10;13;10;0
36542;3338;801;10;13;10;0
36544;3326;801;10;13;10;0
36545;3314;801;10;13;10;0
36549;3302;801;10;13;10;0
36550;3290;801;10;13;10;0
36552;3278;801;10;13;10;0
36554;3266;801;10;13;10;0
36555;3374;801;10;13;10;0
36556;3254;801;10;13;10;0
36557;3230;801;10;13;10;0
36559;3218;801;10;13;10;0
36562;3206;801;10;13;10;0
36564;3194;801;10;13;10;0
36566;3182;801;10;13;10;0
36570;3170;801;10;13;10;0
36571;3158;801;10;13;10;0
36575;3146;801;10;13;10;0
36578;3134;801;10;13;10;0
36579;2846;801;10;13;10;0
36584;2834;801;10;13;10;0
36587;2822;801;10;13;10;0
36594;2546;801;10;13;10;0
36600;2522;801;10;13;10;0
36601;2510;801;10;13;10;0
36603;2498;801;10;13;10;0
36604;2486;801;10;13;10;0
36605;2474;801;10;13;10;0
36606;2462;801;10;13;10;0
36611;2450;801;10;13;10;0
36612;2438;801;10;13;10;0
36613;2426;801;10;13;10;0
36617;2414;801;10;13;10;0
36618;2402;801;10;13;10;0
36619;2390;801;10;13;10;0
36620;2378;801;10;13;10;0
36626;2366;801;10;13;10;0
36627;2354;801;10;13;10;0
36628;2342;801;10;13;10;0
36629;2330;801;10;13;10;0
36633;2318;801;10;13;10;0
36635;2306;801;10;13;10;0
36636;2534;801;10;13;10;0
36637;2558;801;10;13;10;0
36638;2810;801;10;13;10;0
36639;2570;801;10;13;10;0
36645;2798;801;10;13;10;0
36646;2786;801;10;13;10;0
36649;2774;801;10;13;10;0
36650;2762;801;10;13;10;0
36653;2750;801;10;13;10;0
36655;2738;801;10;13;10;0
36659;2726;801;10;13;10;0
36662;2714;801;10;13;10;0
36664;2702;801;10;13;10;0
36665;2690;801;10;13;10;0
36667;2678;801;10;13;10;0
36670;2666;801;10;13;10;0
36671;2654;801;10;13;10;0
36672;2642;801;10;13;10;0
36674;2630;801;10;13;10;0
36676;2618;801;10;13;10;0
36677;2606;801;10;13;10;0
36678;2594;801;10;13;10;0
36681;2582;801;10;13;10;0
36684;1178;801;10;13;10;0
36685;1166;801;10;13;10;0
36686;1154;801;10;13;10;0
36692;1010;801;10;13;10;0
36695;3830;786;10;13;10;0
36700;3818;786;10;13;10;0
36703;3806;786;10;13;10;0
36705;3794;786;10;13;10;0
36706;3782;786;10;13;10;0
36707;3770;786;10;13;10;0
36708;3758;786;10;13;10;0
36710;3746;786;10;13;10;0
36711;3734;786;10;13;10;0
36712;3722;786;10;13;10;0
36713;3710;786;10;13;10;0
36716;3698;786;10;13;10;0
36717;3686;786;10;13;10;0
36718;3674;786;10;13;10;0
36719;3662;786;10;13;10;0
36720;3650;786;10;13;10;0
36721;3638;786;10;13;10;0
36723;3626;786;10;13;10;0
36724;3614;786;10;13;10;0
36725;3842;786;10;13;10;0
36731;3866;786;10;13;10;0
36732;26;801;10;13;10;0
36733;3878;786;10;13;10;0
36735;14;801;10;13;10;0
36739;2;801;10;13;10;0
36740;4082;786;10;13;10;0
36741;4070;786;10;13;10;0
36742;4058;786;10;13;10;0
36743;4046;786;10;13;10;0
36744;4034;786;10;13;10;0
36745;4022;786;10;13;10;0
36746;4010;786;10;13;10;0
36747;3998;786;10;13;10;0
36749;3986;786;10;13;10;0
36750;3974;786;10;13;10;0
36751;3962;786;10;13;10;0
36752;3950;786;10;13;10;0
36753;3938;786;10;13;10;0
36755;3926;786;10;13;10;0
36757;3914;786;10;13;10;0
36758;3902;786;10;13;10;0
36759;3890;786;10;13;10;0
36760;3602;786;10;13;10;0
36761;3854;786;10;13;10;0
36763;3590;786;10;13;10;0
36764;3302;786;10;13;10;0
36766;3278;786;10;13;10;0
36767;3266;786;10;13;10;0
36770;3254;786;10;13;10;0
36771;3242;786;10;13;10;0
36774;3230;786;10;13;10;0
36775;3218;786;10;13;10;0
36776;3206;786;10;13;10;0
36777;3194;786;10;13;10;0
36779;3182;786;10;13;10;0
36781;3170;786;10;13;10;0
36782;3158;786;10;13;10;0
36783;3146;786;10;13;10;0
36784;3134;786;10;13;10;0
36785;3122;786;10;13;10;0
36786;3110;786;10;13;10;0
36789;3098;786;10;13;10;0
36790;3086;786;10;13;10;0
36791;3074;786;10;13;10;0
36793;3062;786;10;13;10;0
36794;3290;786;10;13;10;0
36795;3314;786;10;13;10;0
36796;3566;786;10;13;10;0
36797;3326;786;10;13;10;0
36798;3554;786;10;13;10;0
36799;3542;786;10;13;10;0
36801;3530;786;10;13;10;0
36802;3518;786;10;13;10;0
36804;3506;786;10;13;10;0
36805;3494;786;10;13;10;0
36806;3482;786;10;13;10;0
36807;3470;786;10;13;10;0
36808;3458;786;10;13;10;0
36811;3446;786;10;13;10;0
36812;3434;786;10;13;10;0
36814;3422;786;10;13;10;0
36816;3410;786;10;13;10;0
36817;3398;786;10;13;10;0
36819;3386;786;10;13;10;0
36820;3374;786;10;13;10;0
36824;3362;786;10;13;10;0
36825;3350;786;10;13;10;0
36826;3338;786;10;13;10;0
36827;3578;786;10;13;10;0
36828;38;801;10;13;10;0
36829;50;801;10;13;10;0
36830;62;801;10;13;10;0
36831;842;801;10;13;10;0
36834;830;801;10;13;10;0
36835;818;801;10;13;10;0
36836;806;801;10;13;10;0
36837;794;801;10;13;10;0
36838;782;801;10;13;10;0
36840;770;801;10;13;10;0
36841;758;801;10;13;10;0
36842;746;801;10;13;10;0
36843;734;801;10;13;10;0
36845;722;801;10;13;10;0
36847;710;801;10;13;10;0
36848;698;801;10;13;10;0
36851;686;801;10;13;10;0
36852;674;801;10;13;10;0
36853;662;801;10;13;10;0
36855;650;801;10;13;10;0
36856;638;801;10;13;10;0
36857;626;801;10;13;10;0
36858;854;801;10;13;10;0
36861;866;801;10;13;10;0
36864;878;801;10;13;10;0
36865;890;801;10;13;10;0
36866;1130;801;10;13;10;0
36867;1118;801;10;13;10;0
36868;1106;801;10;13;10;0
36869;1094;801;10;13;10;0
36870;1082;801;10;13;10;0
36872;1070;801;10;13;10;0
36873;1058;801;10;13;10;0
36874;1046;801;10;13;10;0
36875;1034;801;10;13;10;0
36877;1142;801;10;13;10;0
36878;1022;801;10;13;10;0
36879;998;801;10;13;10;0
36880;986;801;10;13;10;0
36881;974;801;10;13;10;0
36882;962;801;10;13;10;0
36883;950;801;10;13;10;0
36884;938;801;10;13;10;0
36885;926;801;10;13;10;0
36886;914;801;10;13;10;0
36887;902;801;10;13;10;0
36889;614;801;10;13;10;0
36890;602;801;10;13;10;0
36891;590;801;10;13;10;0
36893;314;801;10;13;10;0
36894;290;801;10;13;10;0
36895;278;801;10;13;10;0
36896;266;801;10;13;10;0
36897;254;801;10;13;10;0
36898;242;801;10;13;10;0
36899;230;801;10;13;10;0
36903;218;801;10;13;10;0
36910;206;801;10;13;10;0
36911;194;801;10;13;10;0
36913;182;801;10;13;10;0
36914;170;801;10;13;10;0
36917;158;801;10;13;10;0
36918;146;801;10;13;10;0
36920;134;801;10;13;10;0
36921;122;801;10;13;10;0
36923;110;801;10;13;10;0
36924;98;801;10;13;10;0
36926;86;801;10;13;10;0
36929;74;801;10;13;10;0
36930;302;801;10;13;10;0
36933;326;801;10;13;10;0
36935;578;801;10;13;10;0
36937;338;801;10;13;10;0
36938;566;801;10;13;10;0
36939;554;801;10;13;10;0
36941;542;801;10;13;10;0
36942;530;801;10;13;10;0
36943;518;801;10;13;10;0
36944;506;801;10;13;10;0
36945;494;801;10;13;10;0
36946;482;801;10;13;10;0
36947;470;801;10;13;10;0
36948;458;801;10;13;10;0
36949;446;801;10;13;10;0
36950;434;801;10;13;10;0
36951;422;801;10;13;10;0
36952;410;801;10;13;10;0
36953;398;801;10;13;10;0
36955;386;801;10;13;10;0
36956;374;801;10;13;10;0
36957;362;801;10;13;10;0
36958;350;801;10;13;10;0
36960;3386;801;10;13;10;0
36961;2;846;10;13;10;0
36962;14;846;10;13;10;0
36963;26;846;10;13;10;0
36965;3734;876;10;13;10;0
36968;3722;876;10;13;10;0
36969;3710;876;10;13;10;0
36970;3698;876;10;13;10;0
36973;3686;876;10;13;10;0
36974;3674;876;10;13;10;0
36975;3662;876;10;13;10;0
36978;3650;876;10;13;10;0
36980;3638;876;10;13;10;0
36981;3626;876;10;13;10;0
36982;3614;876;10;13;10;0
36983;3602;876;10;13;10;0
36984;3590;876;10;13;10;0
36986;3578;876;10;13;10;0
36988;3566;876;10;13;10;0
36989;3554;876;10;13;10;0
36991;3542;876;10;13;10;0
36992;3530;876;10;13;10;0
36993;3518;876;10;13;10;0
36994;3746;876;10;13;10;0
36995;3758;876;10;13;10;0
36996;3770;876;10;13;10;0
36999;3782;876;10;13;10;0
37000;4022;876;10;13;10;0
37001;4010;876;10;13;10;0
37002;3998;876;10;13;10;0
37003;3986;876;10;13;10;0
37007;3974;876;10;13;10;0
37008;3962;876;10;13;10;0
37009;3950;876;10;13;10;0
37011;3938;876;10;13;10;0
37013;3926;876;10;13;10;0
37017;4034;876;10;13;10;0
37019;3914;876;10;13;10;0
37021;3890;876;10;13;10;0
37026;3878;876;10;13;10;0
37027;3866;876;10;13;10;0
37030;3854;876;10;13;10;0
37032;3842;876;10;13;10;0
37034;3830;876;10;13;10;0
37038;3818;876;10;13;10;0
37039;3806;876;10;13;10;0
37040;3794;876;10;13;10;0
37041;3506;876;10;13;10;0
37043;3494;876;10;13;10;0
37044;3482;876;10;13;10;0
37045;3206;876;10;13;10;0
37046;3182;876;10;13;10;0
37048;3170;876;10;13;10;0
37049;3158;876;10;13;10;0
37051;3146;876;10;13;10;0
37057;3134;876;10;13;10;0
37059;3122;876;10;13;10;0
37060;3110;876;10;13;10;0
37061;3098;876;10;13;10;0
37063;3086;876;10;13;10;0
37066;3074;876;10;13;10;0
37070;3062;876;10;13;10;0
37073;3050;876;10;13;10;0
37079;3038;876;10;13;10;0
37081;3026;876;10;13;10;0
37082;3014;876;10;13;10;0
37083;3002;876;10;13;10;0
37084;2990;876;10;13;10;0
37085;2978;876;10;13;10;0
37086;2966;876;10;13;10;0
37087;3194;876;10;13;10;0
37089;3218;876;10;13;10;0
37090;3470;876;10;13;10;0
37092;3230;876;10;13;10;0
37095;3458;876;10;13;10;0
37096;3446;876;10;13;10;0
37100;3434;876;10;13;10;0
37101;3422;876;10;13;10;0
37103;3410;876;10;13;10;0
37108;3398;876;10;13;10;0
37109;3386;876;10;13;10;0
37111;3374;876;10;13;10;0
37112;3362;876;10;13;10;0
37117;3350;876;10;13;10;0
37118;3338;876;10;13;10;0
37122;3326;876;10;13;10;0
37129;3314;876;10;13;10;0
37138;3302;876;10;13;10;0
37140;3290;876;10;13;10;0
37141;3278;876;10;13;10;0
37143;3266;876;10;13;10;0
37144;3254;876;10;13;10;0
37145;3242;876;10;13;10;0
37150;3902;876;10;13;10;0
37154;4058;876;10;13;10;0
37159;926;891;10;13;10;0
37165;4070;876;10;13;10;0
37167;758;891;10;13;10;0
37168;746;891;10;13;10;0
37169;734;891;10;13;10;0
37170;722;891;10;13;10;0
37172;710;891;10;13;10;0
37177;698;891;10;13;10;0
37178;686;891;10;13;10;0
37190;674;891;10;13;10;0
37192;662;891;10;13;10;0
37193;650;891;10;13;10;0
37194;638;891;10;13;10;0
37195;626;891;10;13;10;0
37196;614;891;10;13;10;0
37197;602;891;10;13;10;0
37198;590;891;10;13;10;0
37199;578;891;10;13;10;0
37200;566;891;10;13;10;0
37202;554;891;10;13;10;0
37204;542;891;10;13;10;0
37206;770;891;10;13;10;0
37207;782;891;10;13;10;0
37208;794;891;10;13;10;0
37210;806;891;10;13;10;0
37212;1046;891;10;13;10;0
37213;1034;891;10;13;10;0
37214;1022;891;10;13;10;0
37217;1010;891;10;13;10;0
37218;998;891;10;13;10;0
37219;986;891;10;13;10;0
37221;974;891;10;13;10;0
37222;962;891;10;13;10;0
37225;950;891;10;13;10;0
37226;1058;891;10;13;10;0
37228;938;891;10;13;10;0
37230;914;891;10;13;10;0
37231;902;891;10;13;10;0
37233;890;891;10;13;10;0
37234;878;891;10;13;10;0
37235;866;891;10;13;10;0
37236;854;891;10;13;10;0
37237;842;891;10;13;10;0
37238;830;891;10;13;10;0
37239;818;891;10;13;10;0
37240;530;891;10;13;10;0
37247;518;891;10;13;10;0
37250;506;891;10;13;10;0
37251;230;891;10;13;10;0
37255;206;891;10;13;10;0
37257;194;891;10;13;10;0
37259;182;891;10;13;10;0
37261;170;891;10;13;10;0
37262;158;891;10;13;10;0
37264;146;891;10;13;10;0
37266;134;891;10;13;10;0
37270;122;891;10;13;10;0
37271;110;891;10;13;10;0
37274;98;891;10;13;10;0
37275;86;891;10;13;10;0
37276;74;891;10;13;10;0
37278;62;891;10;13;10;0
37282;50;891;10;13;10;0
37283;38;891;10;13;10;0
37284;26;891;10;13;10;0
37290;14;891;10;13;10;0
37291;2;891;10;13;10;0
37292;4082;876;10;13;10;0
37294;218;891;10;13;10;0
37295;242;891;10;13;10;0
37297;494;891;10;13;10;0
37300;254;891;10;13;10;0
37301;482;891;10;13;10;0
37304;470;891;10;13;10;0
37306;458;891;10;13;10;0
37312;446;891;10;13;10;0
37313;434;891;10;13;10;0
37317;422;891;10;13;10;0
37318;410;891;10;13;10;0
37319;398;891;10;13;10;0
37320;386;891;10;13;10;0
37321;374;891;10;13;10;0
37322;362;891;10;13;10;0
37323;350;891;10;13;10;0
37324;338;891;10;13;10;0
37325;326;891;10;13;10;0
37326;314;891;10;13;10;0
37327;302;891;10;13;10;0
37328;290;891;10;13;10;0
37329;278;891;10;13;10;0
37331;266;891;10;13;10;0
37332;2954;876;10;13;10;0
37333;2942;876;10;13;10;0
37334;2930;876;10;13;10;0
37335;2786;876;10;13;10;0
37336;1514;876;10;13;10;0
37337;1502;876;10;13;10;0
37339;1490;876;10;13;10;0
37340;1478;876;10;13;10;0
37341;1466;876;10;13;10;0
37343;1454;876;10;13;10;0
37345;1442;876;10;13;10;0
37347;1430;876;10;13;10;0
37348;1418;876;10;13;10;0
37350;1406;876;10;13;10;0
37351;1394;876;10;13;10;0
37353;1382;876;10;13;10;0
37357;1370;876;10;13;10;0
37365;1358;876;10;13;10;0
37366;1346;876;10;13;10;0
37367;1334;876;10;13;10;0
37369;1322;876;10;13;10;0
37370;1310;876;10;13;10;0
37372;1298;876;10;13;10;0
37375;1526;876;10;13;10;0
37376;1550;876;10;13;10;0
37377;1802;876;10;13;10;0
37380;1562;876;10;13;10;0
37383;1790;876;10;13;10;0
37384;1778;876;10;13;10;0
37385;1766;876;10;13;10;0
37386;1754;876;10;13;10;0
37389;1742;876;10;13;10;0
37390;1730;876;10;13;10;0
37392;1718;876;10;13;10;0
37393;1706;876;10;13;10;0
37396;1694;876;10;13;10;0
37397;1682;876;10;13;10;0
37404;1670;876;10;13;10;0
37406;1658;876;10;13;10;0
37411;1646;876;10;13;10;0
37413;1634;876;10;13;10;0
37414;1622;876;10;13;10;0
37415;1610;876;10;13;10;0
37417;1598;876;10;13;10;0
37418;1586;876;10;13;10;0
37420;1574;876;10;13;10;0
37422;1286;876;10;13;10;0
37424;1538;876;10;13;10;0
37428;1274;876;10;13;10;0
37431;986;876;10;13;10;0
37432;962;876;10;13;10;0
37433;950;876;10;13;10;0
37434;938;876;10;13;10;0
37437;926;876;10;13;10;0
37438;914;876;10;13;10;0
37439;902;876;10;13;10;0
37440;890;876;10;13;10;0
37444;878;876;10;13;10;0
37445;866;876;10;13;10;0
37446;854;876;10;13;10;0
37448;842;876;10;13;10;0
37449;830;876;10;13;10;0
37451;818;876;10;13;10;0
37453;806;876;10;13;10;0
37456;794;876;10;13;10;0
37457;782;876;10;13;10;0
37461;770;876;10;13;10;0
37463;758;876;10;13;10;0
37465;746;876;10;13;10;0
37466;974;876;10;13;10;0
37467;998;876;10;13;10;0
37469;1250;876;10;13;10;0
37470;1010;876;10;13;10;0
37474;1238;876;10;13;10;0
37476;1226;876;10;13;10;0
37478;1214;876;10;13;10;0
37480;1202;876;10;13;10;0
37484;1190;876;10;13;10;0
37485;1178;876;10;13;10;0
37489;1166;876;10;13;10;0
37490;1154;876;10;13;10;0
37491;1142;876;10;13;10;0
37492;1130;876;10;13;10;0
37496;1118;876;10;13;10;0
37498;1106;876;10;13;10;0
37499;1094;876;10;13;10;0
37500;1082;876;10;13;10;0
37502;1070;876;10;13;10;0
37503;1058;876;10;13;10;0
37504;1046;876;10;13;10;0
37507;1034;876;10;13;10;0
37509;1022;876;10;13;10;0
37514;1262;876;10;13;10;0
37518;1814;876;10;13;10;0
37521;1826;876;10;13;10;0
37523;1838;876;10;13;10;0
37525;2618;876;10;13;10;0
37526;2606;876;10;13;10;0
37528;2594;876;10;13;10;0
37530;2582;876;10;13;10;0
37531;2570;876;10;13;10;0
37532;2558;876;10;13;10;0
37536;2546;876;10;13;10;0
37539;2534;876;10;13;10;0
37541;2522;876;10;13;10;0
37542;2510;876;10;13;10;0
37543;2498;876;10;13;10;0
37544;2486;876;10;13;10;0
37545;2474;876;10;13;10;0
37546;2462;876;10;13;10;0
37547;2450;876;10;13;10;0
37548;2438;876;10;13;10;0
37549;2426;876;10;13;10;0
37550;2414;876;10;13;10;0
37554;2402;876;10;13;10;0
37555;2630;876;10;13;10;0
37558;2642;876;10;13;10;0
37559;2654;876;10;13;10;0
37561;2666;876;10;13;10;0
37563;2906;876;10;13;10;0
37564;2894;876;10;13;10;0
37569;2882;876;10;13;10;0
37570;2870;876;10;13;10;0
37571;2858;876;10;13;10;0
37573;2846;876;10;13;10;0
37574;2834;876;10;13;10;0
37575;2822;876;10;13;10;0
37577;2810;876;10;13;10;0
37580;2918;876;10;13;10;0
37583;2798;876;10;13;10;0
37584;2774;876;10;13;10;0
37586;2762;876;10;13;10;0
37589;2750;876;10;13;10;0
37593;2738;876;10;13;10;0
37604;2726;876;10;13;10;0
37606;2714;876;10;13;10;0
37608;2702;876;10;13;10;0
37609;2690;876;10;13;10;0
37610;2678;876;10;13;10;0
37613;2390;876;10;13;10;0
37615;2378;876;10;13;10;0
37616;2366;876;10;13;10;0
37617;2090;876;10;13;10;0
37618;2066;876;10;13;10;0
37619;2054;876;10;13;10;0
37624;2042;876;10;13;10;0
37626;2030;876;10;13;10;0
37628;2018;876;10;13;10;0
37632;2006;876;10;13;10;0
37634;1994;876;10;13;10;0
37636;1982;876;10;13;10;0
37638;1970;876;10;13;10;0
37647;1958;876;10;13;10;0
37648;1946;876;10;13;10;0
37650;1934;876;10;13;10;0
37653;1922;876;10;13;10;0
37656;1910;876;10;13;10;0
37657;1898;876;10;13;10;0
37658;1886;876;10;13;10;0
37659;1874;876;10;13;10;0
37662;1862;876;10;13;10;0
37664;1850;876;10;13;10;0
37665;2078;876;10;13;10;0
37666;2102;876;10;13;10;0
37667;2354;876;10;13;10;0
37668;2114;876;10;13;10;0
37670;2342;876;10;13;10;0
37671;2330;876;10;13;10;0
37672;2318;876;10;13;10;0
37673;2306;876;10;13;10;0
37675;2294;876;10;13;10;0
37676;2282;876;10;13;10;0
37678;2270;876;10;13;10;0
37679;2258;876;10;13;10;0
37682;2246;876;10;13;10;0
37683;2234;876;10;13;10;0
37685;2222;876;10;13;10;0
37686;2210;876;10;13;10;0
37688;2198;876;10;13;10;0
37690;2186;876;10;13;10;0
37691;2174;876;10;13;10;0
37692;2162;876;10;13;10;0
37694;2150;876;10;13;10;0
37697;2138;876;10;13;10;0
37700;2126;876;10;13;10;0
37701;4046;876;10;13;10;0
37702;1082;891;10;13;10;0
37703;314;906;10;13;10;0
37704;1094;891;10;13;10;0
37706;2;906;10;13;10;0
37707;4082;891;10;13;10;0
37709;4070;891;10;13;10;0
37716;4058;891;10;13;10;0
37718;4046;891;10;13;10;0
37720;4034;891;10;13;10;0
37721;4022;891;10;13;10;0
37722;4010;891;10;13;10;0
37723;3998;891;10;13;10;0
37724;3986;891;10;13;10;0
37728;3974;891;10;13;10;0
37733;3962;891;10;13;10;0
37737;3950;891;10;13;10;0
37740;3938;891;10;13;10;0
37742;3926;891;10;13;10;0
37744;3914;891;10;13;10;0
37749;3902;891;10;13;10;0
37750;3890;891;10;13;10;0
37754;3878;891;10;13;10;0
37756;14;906;10;13;10;0
37758;26;906;10;13;10;0
37762;38;906;10;13;10;0
37765;50;906;10;13;10;0
37770;290;906;10;13;10;0
37772;278;906;10;13;10;0
37775;266;906;10;13;10;0
37780;254;906;10;13;10;0
37782;242;906;10;13;10;0
37783;230;906;10;13;10;0
37784;218;906;10;13;10;0
37786;206;906;10;13;10;0
37789;194;906;10;13;10;0
37793;302;906;10;13;10;0
37794;182;906;10;13;10;0
37796;158;906;10;13;10;0
37798;146;906;10;13;10;0
37799;134;906;10;13;10;0
37801;122;906;10;13;10;0
37804;110;906;10;13;10;0
37805;98;906;10;13;10;0
37806;86;906;10;13;10;0
37807;74;906;10;13;10;0
37808;62;906;10;13;10;0
37811;3866;891;10;13;10;0
37813;3854;891;10;13;10;0
37814;3842;891;10;13;10;0
37815;3566;891;10;13;10;0
37817;3542;891;10;13;10;0
37827;3530;891;10;13;10;0
37828;3518;891;10;13;10;0
37832;3506;891;10;13;10;0
37836;3494;891;10;13;10;0
37837;3482;891;10;13;10;0
37840;3470;891;10;13;10;0
37841;3458;891;10;13;10;0
37846;3446;891;10;13;10;0
37847;3434;891;10;13;10;0
37848;3422;891;10;13;10;0
37852;3410;891;10;13;10;0
37853;3398;891;10;13;10;0
37854;3386;891;10;13;10;0
37855;3374;891;10;13;10;0
37857;3362;891;10;13;10;0
37858;3350;891;10;13;10;0
37860;3338;891;10;13;10;0
37861;3326;891;10;13;10;0
37864;3554;891;10;13;10;0
37877;3578;891;10;13;10;0
37879;3830;891;10;13;10;0
37881;3590;891;10;13;10;0
37885;3818;891;10;13;10;0
37891;3806;891;10;13;10;0
37895;3794;891;10;13;10;0
37903;3782;891;10;13;10;0
37904;3770;891;10;13;10;0
37906;3758;891;10;13;10;0
37907;3746;891;10;13;10;0
37908;3734;891;10;13;10;0
37912;3722;891;10;13;10;0
37913;3710;891;10;13;10;0
37914;3698;891;10;13;10;0
37920;3686;891;10;13;10;0
37921;3674;891;10;13;10;0
37924;3662;891;10;13;10;0
37927;3650;891;10;13;10;0
37928;3638;891;10;13;10;0
37931;3626;891;10;13;10;0
37934;3614;891;10;13;10;0
37938;3602;891;10;13;10;0
37939;170;906;10;13;10;0
37941;326;906;10;13;10;0
37942;1286;906;10;13;10;0
37944;338;906;10;13;10;0
37946;1118;906;10;13;10;0
37949;1106;906;10;13;10;0
37951;1094;906;10;13;10;0
37952;1082;906;10;13;10;0
37953;1070;906;10;13;10;0
37956;1058;906;10;13;10;0
37962;1046;906;10;13;10;0
37964;1034;906;10;13;10;0
37969;1022;906;10;13;10;0
37970;1010;906;10;13;10;0
37971;998;906;10;13;10;0
37978;986;906;10;13;10;0
37979;974;906;10;13;10;0
37982;962;906;10;13;10;0
37984;950;906;10;13;10;0
37986;938;906;10;13;10;0
37987;926;906;10;13;10;0
37988;914;906;10;13;10;0
37994;902;906;10;13;10;0
37995;1130;906;10;13;10;0
37997;1142;906;10;13;10;0
38000;1154;906;10;13;10;0
38002;1166;906;10;13;10;0
38005;1406;906;10;13;10;0
38007;1394;906;10;13;10;0
38012;1382;906;10;13;10;0
38013;1370;906;10;13;10;0
38014;1358;906;10;13;10;0
38015;1346;906;10;13;10;0
38017;1334;906;10;13;10;0
38021;1322;906;10;13;10;0
38024;1310;906;10;13;10;0
38025;1418;906;10;13;10;0
38026;1298;906;10;13;10;0
38029;1274;906;10;13;10;0
38030;1262;906;10;13;10;0
38034;1250;906;10;13;10;0
38035;1238;906;10;13;10;0
38039;1226;906;10;13;10;0
38041;1214;906;10;13;10;0
38043;1202;906;10;13;10;0
38045;1190;906;10;13;10;0
38046;1178;906;10;13;10;0
38047;890;906;10;13;10;0
38048;878;906;10;13;10;0
38049;866;906;10;13;10;0
38050;590;906;10;13;10;0
38051;566;906;10;13;10;0
38053;554;906;10;13;10;0
38054;542;906;10;13;10;0
38055;530;906;10;13;10;0
38056;518;906;10;13;10;0
38057;506;906;10;13;10;0
38062;494;906;10;13;10;0
38063;482;906;10;13;10;0
38065;470;906;10;13;10;0
38067;458;906;10;13;10;0
38068;446;906;10;13;10;0
38069;434;906;10;13;10;0
38075;422;906;10;13;10;0
38078;410;906;10;13;10;0
38079;398;906;10;13;10;0
38080;386;906;10;13;10;0
38081;374;906;10;13;10;0
38082;362;906;10;13;10;0
38083;350;906;10;13;10;0
38085;578;906;10;13;10;0
38086;602;906;10;13;10;0
38094;854;906;10;13;10;0
38096;614;906;10;13;10;0
38101;842;906;10;13;10;0
38102;830;906;10;13;10;0
38107;818;906;10;13;10;0
38108;806;906;10;13;10;0
38109;794;906;10;13;10;0
38112;782;906;10;13;10;0
38113;770;906;10;13;10;0
38115;758;906;10;13;10;0
38116;746;906;10;13;10;0
38119;734;906;10;13;10;0
38124;722;906;10;13;10;0
38125;710;906;10;13;10;0
38126;698;906;10;13;10;0
38128;686;906;10;13;10;0
38129;674;906;10;13;10;0
38130;662;906;10;13;10;0
38133;650;906;10;13;10;0
38134;638;906;10;13;10;0
38135;626;906;10;13;10;0
38136;3314;891;10;13;10;0
38138;3302;891;10;13;10;0
38139;3290;891;10;13;10;0
38142;3146;891;10;13;10;0
38143;1874;891;10;13;10;0
38144;1862;891;10;13;10;0
38145;1850;891;10;13;10;0
38146;1838;891;10;13;10;0
38148;1826;891;10;13;10;0
38149;1814;891;10;13;10;0
38152;1802;891;10;13;10;0
38153;1790;891;10;13;10;0
38154;1778;891;10;13;10;0
38155;1766;891;10;13;10;0
38156;1754;891;10;13;10;0
38160;1742;891;10;13;10;0
38161;1730;891;10;13;10;0
38163;1718;891;10;13;10;0
38167;1706;891;10;13;10;0
38169;1694;891;10;13;10;0
38170;1682;891;10;13;10;0
38177;1670;891;10;13;10;0
38178;1658;891;10;13;10;0
38179;1886;891;10;13;10;0
38180;1910;891;10;13;10;0
38181;2162;891;10;13;10;0
38182;1922;891;10;13;10;0
38184;2150;891;10;13;10;0
38186;2138;891;10;13;10;0
38189;2126;891;10;13;10;0
38190;2114;891;10;13;10;0
38191;2102;891;10;13;10;0
38192;2090;891;10;13;10;0
38194;2078;891;10;13;10;0
38198;2066;891;10;13;10;0
38200;2054;891;10;13;10;0
38201;2042;891;10;13;10;0
38202;2030;891;10;13;10;0
38203;2018;891;10;13;10;0
38208;2006;891;10;13;10;0
38209;1994;891;10;13;10;0
38210;1982;891;10;13;10;0
38212;1970;891;10;13;10;0
38215;1958;891;10;13;10;0
38218;1946;891;10;13;10;0
38220;1934;891;10;13;10;0
38221;1646;891;10;13;10;0
38224;1898;891;10;13;10;0
38225;1634;891;10;13;10;0
38230;1346;891;10;13;10;0
38236;1322;891;10;13;10;0
38243;1310;891;10;13;10;0
38253;1298;891;10;13;10;0
38255;1286;891;10;13;10;0
38256;1274;891;10;13;10;0
38259;1262;891;10;13;10;0
38262;1250;891;10;13;10;0
38263;1238;891;10;13;10;0
38271;1226;891;10;13;10;0
38272;1214;891;10;13;10;0
38274;1202;891;10;13;10;0
38275;1190;891;10;13;10;0
38278;1178;891;10;13;10;0
38279;1166;891;10;13;10;0
38280;1154;891;10;13;10;0
38281;1142;891;10;13;10;0
38282;1130;891;10;13;10;0
38283;1118;891;10;13;10;0
38286;1106;891;10;13;10;0
38287;1334;891;10;13;10;0
38289;1358;891;10;13;10;0
38290;1610;891;10;13;10;0
38291;1370;891;10;13;10;0
38292;1598;891;10;13;10;0
38294;1586;891;10;13;10;0
38296;1574;891;10;13;10;0
38297;1562;891;10;13;10;0
38304;1550;891;10;13;10;0
38305;1538;891;10;13;10;0
38306;1526;891;10;13;10;0
38307;1514;891;10;13;10;0
38308;1502;891;10;13;10;0
38309;1490;891;10;13;10;0
38311;1478;891;10;13;10;0
38312;1466;891;10;13;10;0
38313;1454;891;10;13;10;0
38314;1442;891;10;13;10;0
38315;1430;891;10;13;10;0
38316;1418;891;10;13;10;0
38317;1406;891;10;13;10;0
38321;1394;891;10;13;10;0
38322;1382;891;10;13;10;0
38329;1622;891;10;13;10;0
38330;2174;891;10;13;10;0
38331;2186;891;10;13;10;0
38332;2198;891;10;13;10;0
38334;2978;891;10;13;10;0
38339;2966;891;10;13;10;0
38342;2954;891;10;13;10;0
38343;2942;891;10;13;10;0
38344;2930;891;10;13;10;0
38345;2918;891;10;13;10;0
38346;2906;891;10;13;10;0
38347;2894;891;10;13;10;0
38348;2882;891;10;13;10;0
38349;2870;891;10;13;10;0
38352;2858;891;10;13;10;0
38356;2846;891;10;13;10;0
38357;2834;891;10;13;10;0
38358;2822;891;10;13;10;0
38360;2810;891;10;13;10;0
38364;2798;891;10;13;10;0
38366;2786;891;10;13;10;0
38369;2774;891;10;13;10;0
38370;2762;891;10;13;10;0
38373;2990;891;10;13;10;0
38376;3002;891;10;13;10;0
38377;3014;891;10;13;10;0
38378;3026;891;10;13;10;0
38379;3266;891;10;13;10;0
38380;3254;891;10;13;10;0
38381;3242;891;10;13;10;0
38382;3230;891;10;13;10;0
38383;3218;891;10;13;10;0
38384;3206;891;10;13;10;0
38386;3194;891;10;13;10;0
38388;3182;891;10;13;10;0
38389;3170;891;10;13;10;0
38391;3278;891;10;13;10;0
38392;3158;891;10;13;10;0
38393;3134;891;10;13;10;0
38394;3122;891;10;13;10;0
38395;3110;891;10;13;10;0
38397;3098;891;10;13;10;0
38398;3086;891;10;13;10;0
38400;3074;891;10;13;10;0
38401;3062;891;10;13;10;0
38402;3050;891;10;13;10;0
38405;3038;891;10;13;10;0
38408;2750;891;10;13;10;0
38409;2738;891;10;13;10;0
38412;2726;891;10;13;10;0
38414;2450;891;10;13;10;0
38416;2426;891;10;13;10;0
38417;2414;891;10;13;10;0
38420;2402;891;10;13;10;0
38425;2390;891;10;13;10;0
38428;2378;891;10;13;10;0
38431;2366;891;10;13;10;0
38433;2354;891;10;13;10;0
38434;2342;891;10;13;10;0
38440;2330;891;10;13;10;0
38442;2318;891;10;13;10;0
38444;2306;891;10;13;10;0
38446;2294;891;10;13;10;0
38447;2282;891;10;13;10;0
38449;2270;891;10;13;10;0
38450;2258;891;10;13;10;0
38451;2246;891;10;13;10;0
38452;2234;891;10;13;10;0
38453;2222;891;10;13;10;0
38454;2210;891;10;13;10;0
38459;2438;891;10;13;10;0
38463;2462;891;10;13;10;0
38464;2714;891;10;13;10;0
38466;2474;891;10;13;10;0
38468;2702;891;10;13;10;0
38469;2690;891;10;13;10;0
38470;2678;891;10;13;10;0
38471;2666;891;10;13;10;0
38472;2654;891;10;13;10;0
38475;2642;891;10;13;10;0
38476;2630;891;10;13;10;0
38477;2618;891;10;13;10;0
38479;2606;891;10;13;10;0
38480;2594;891;10;13;10;0
38484;2582;891;10;13;10;0
38485;2570;891;10;13;10;0
38488;2558;891;10;13;10;0
38491;2546;891;10;13;10;0
38492;2534;891;10;13;10;0
38493;2522;891;10;13;10;0
38494;2510;891;10;13;10;0
38495;2498;891;10;13;10;0
38496;2486;891;10;13;10;0
38497;734;876;10;13;10;0
38498;722;876;10;13;10;0
38499;710;876;10;13;10;0
38500;3686;861;10;13;10;0
38501;3026;846;10;13;10;0
38502;3014;846;10;13;10;0
38503;3002;846;10;13;10;0
38504;2990;846;10;13;10;0
38505;2978;846;10;13;10;0
38506;2966;846;10;13;10;0
38508;2954;846;10;13;10;0
38512;2942;846;10;13;10;0
38514;2930;846;10;13;10;0
38515;2918;846;10;13;10;0
38516;2906;846;10;13;10;0
38517;2894;846;10;13;10;0
38518;2882;846;10;13;10;0
38519;2870;846;10;13;10;0
38520;2858;846;10;13;10;0
38522;2846;846;10;13;10;0
38525;2834;846;10;13;10;0
38530;2822;846;10;13;10;0
38532;2810;846;10;13;10;0
38533;3038;846;10;13;10;0
38534;3062;846;10;13;10;0
38536;3314;846;10;13;10;0
38538;3074;846;10;13;10;0
38539;3302;846;10;13;10;0
38541;3290;846;10;13;10;0
38542;3278;846;10;13;10;0
38543;3266;846;10;13;10;0
38544;3254;846;10;13;10;0
38548;3242;846;10;13;10;0
38549;3230;846;10;13;10;0
38551;3218;846;10;13;10;0
38552;3206;846;10;13;10;0
38553;3194;846;10;13;10;0
38555;3182;846;10;13;10;0
38556;3170;846;10;13;10;0
38560;3158;846;10;13;10;0
38563;3146;846;10;13;10;0
38567;3134;846;10;13;10;0
38568;3122;846;10;13;10;0
38570;3110;846;10;13;10;0
38576;3098;846;10;13;10;0
38577;3086;846;10;13;10;0
38578;2798;846;10;13;10;0
38580;3050;846;10;13;10;0
38582;2786;846;10;13;10;0
38583;2498;846;10;13;10;0
38584;2474;846;10;13;10;0
38585;2462;846;10;13;10;0
38587;2450;846;10;13;10;0
38588;2438;846;10;13;10;0
38589;2426;846;10;13;10;0
38590;2414;846;10;13;10;0
38592;2402;846;10;13;10;0
38593;2390;846;10;13;10;0
38595;2378;846;10;13;10;0
38596;2366;846;10;13;10;0
38597;2354;846;10;13;10;0
38598;2342;846;10;13;10;0
38599;2330;846;10;13;10;0
38601;2318;846;10;13;10;0
38602;2306;846;10;13;10;0
38603;2294;846;10;13;10;0
38604;2282;846;10;13;10;0
38605;2270;846;10;13;10;0
38606;2258;846;10;13;10;0
38607;2486;846;10;13;10;0
38609;2510;846;10;13;10;0
38610;2762;846;10;13;10;0
38613;2522;846;10;13;10;0
38614;2750;846;10;13;10;0
38617;2738;846;10;13;10;0
38619;2726;846;10;13;10;0
38620;2714;846;10;13;10;0
38622;2702;846;10;13;10;0
38626;2690;846;10;13;10;0
38627;2678;846;10;13;10;0
38632;2666;846;10;13;10;0
38633;2654;846;10;13;10;0
38634;2642;846;10;13;10;0
38635;2630;846;10;13;10;0
38639;2618;846;10;13;10;0
38640;2606;846;10;13;10;0
38642;2594;846;10;13;10;0
38643;2582;846;10;13;10;0
38646;2570;846;10;13;10;0
38647;2558;846;10;13;10;0
38649;2546;846;10;13;10;0
38651;2534;846;10;13;10;0
38654;2774;846;10;13;10;0
38656;3326;846;10;13;10;0
38658;3338;846;10;13;10;0
38660;3350;846;10;13;10;0
38662;38;861;10;13;10;0
38663;26;861;10;13;10;0
38664;14;861;10;13;10;0
38665;2;861;10;13;10;0
38666;4082;846;10;13;10;0
38669;4070;846;10;13;10;0
38670;4058;846;10;13;10;0
38671;4046;846;10;13;10;0
38673;4034;846;10;13;10;0
38675;4022;846;10;13;10;0
38678;4010;846;10;13;10;0
38681;3998;846;10;13;10;0
38684;3986;846;10;13;10;0
38685;3974;846;10;13;10;0
38686;3962;846;10;13;10;0
38692;3950;846;10;13;10;0
38694;3938;846;10;13;10;0
38695;3926;846;10;13;10;0
38696;3914;846;10;13;10;0
38698;50;861;10;13;10;0
38701;62;861;10;13;10;0
38704;74;861;10;13;10;0
38706;86;861;10;13;10;0
38712;326;861;10;13;10;0
38713;314;861;10;13;10;0
38717;302;861;10;13;10;0
38718;290;861;10;13;10;0
38721;278;861;10;13;10;0
38722;266;861;10;13;10;0
38724;254;861;10;13;10;0
38726;242;861;10;13;10;0
38728;230;861;10;13;10;0
38729;338;861;10;13;10;0
38737;218;861;10;13;10;0
38738;194;861;10;13;10;0
38742;182;861;10;13;10;0
38745;170;861;10;13;10;0
38746;158;861;10;13;10;0
38747;146;861;10;13;10;0
38748;134;861;10;13;10;0
38750;122;861;10;13;10;0
38752;110;861;10;13;10;0
38753;98;861;10;13;10;0
38754;3902;846;10;13;10;0
38756;3890;846;10;13;10;0
38757;3878;846;10;13;10;0
38758;3602;846;10;13;10;0
38760;3578;846;10;13;10;0
38761;3566;846;10;13;10;0
38763;3554;846;10;13;10;0
38765;3542;846;10;13;10;0
38769;3530;846;10;13;10;0
38771;3518;846;10;13;10;0
38772;3506;846;10;13;10;0
38774;3494;846;10;13;10;0
38777;3482;846;10;13;10;0
38778;3470;846;10;13;10;0
38780;3458;846;10;13;10;0
38785;3446;846;10;13;10;0
38788;3434;846;10;13;10;0
38789;3422;846;10;13;10;0
38790;3410;846;10;13;10;0
38795;3398;846;10;13;10;0
38797;3386;846;10;13;10;0
38799;3374;846;10;13;10;0
38800;3362;846;10;13;10;0
38801;3590;846;10;13;10;0
38805;3614;846;10;13;10;0
38808;3866;846;10;13;10;0
38812;3626;846;10;13;10;0
38816;3854;846;10;13;10;0
38819;3842;846;10;13;10;0
38822;3830;846;10;13;10;0
38824;3818;846;10;13;10;0
38827;3806;846;10;13;10;0
38828;3794;846;10;13;10;0
38829;3782;846;10;13;10;0
38834;3770;846;10;13;10;0
38835;3758;846;10;13;10;0
38836;3746;846;10;13;10;0
38849;3734;846;10;13;10;0
38851;3722;846;10;13;10;0
38854;3710;846;10;13;10;0
38856;3698;846;10;13;10;0
38857;3686;846;10;13;10;0
38859;3674;846;10;13;10;0
38860;3662;846;10;13;10;0
38867;3650;846;10;13;10;0
38873;3638;846;10;13;10;0
38876;2246;846;10;13;10;0
38878;206;861;10;13;10;0
38881;2234;846;10;13;10;0
38886;2078;846;10;13;10;0
38887;806;846;10;13;10;0
38889;794;846;10;13;10;0
38890;782;846;10;13;10;0
38891;770;846;10;13;10;0
38892;758;846;10;13;10;0
38893;746;846;10;13;10;0
38894;734;846;10;13;10;0
38897;722;846;10;13;10;0
38898;710;846;10;13;10;0
38899;698;846;10;13;10;0
38901;686;846;10;13;10;0
38902;674;846;10;13;10;0
38905;662;846;10;13;10;0
38907;650;846;10;13;10;0
38910;638;846;10;13;10;0
38911;626;846;10;13;10;0
38913;614;846;10;13;10;0
38914;602;846;10;13;10;0
38915;590;846;10;13;10;0
38917;818;846;10;13;10;0
38918;842;846;10;13;10;0
38919;1094;846;10;13;10;0
38920;854;846;10;13;10;0
38922;1082;846;10;13;10;0
38924;1070;846;10;13;10;0
38926;1058;846;10;13;10;0
38927;1046;846;10;13;10;0
38928;1034;846;10;13;10;0
38929;1022;846;10;13;10;0
38930;1010;846;10;13;10;0
38931;998;846;10;13;10;0
38935;986;846;10;13;10;0
38936;974;846;10;13;10;0
38938;962;846;10;13;10;0
38940;950;846;10;13;10;0
38945;938;846;10;13;10;0
38948;926;846;10;13;10;0
38955;914;846;10;13;10;0
38956;902;846;10;13;10;0
38957;890;846;10;13;10;0
38960;878;846;10;13;10;0
38964;866;846;10;13;10;0
38967;578;846;10;13;10;0
38968;830;846;10;13;10;0
38969;566;846;10;13;10;0
38971;278;846;10;13;10;0
38972;254;846;10;13;10;0
38973;242;846;10;13;10;0
38982;230;846;10;13;10;0
38987;218;846;10;13;10;0
38988;206;846;10;13;10;0
38989;194;846;10;13;10;0
38990;182;846;10;13;10;0
38991;170;846;10;13;10;0
38995;158;846;10;13;10;0
38996;146;846;10;13;10;0
38997;134;846;10;13;10;0
38999;122;846;10;13;10;0
39000;110;846;10;13;10;0
39001;98;846;10;13;10;0
39002;86;846;10;13;10;0
39003;74;846;10;13;10;0
39006;62;846;10;13;10;0
39010;50;846;10;13;10;0
39013;38;846;10;13;10;0
39015;266;846;10;13;10;0
39019;290;846;10;13;10;0
39023;542;846;10;13;10;0
39024;302;846;10;13;10;0
39025;530;846;10;13;10;0
39027;518;846;10;13;10;0
39028;506;846;10;13;10;0
39029;494;846;10;13;10;0
39030;482;846;10;13;10;0
39031;470;846;10;13;10;0
39033;458;846;10;13;10;0
39034;446;846;10;13;10;0
39035;434;846;10;13;10;0
39037;422;846;10;13;10;0
39038;410;846;10;13;10;0
39039;398;846;10;13;10;0
39041;386;846;10;13;10;0
39042;374;846;10;13;10;0
39044;362;846;10;13;10;0
39045;350;846;10;13;10;0
39046;338;846;10;13;10;0
39047;326;846;10;13;10;0
39048;314;846;10;13;10;0
39050;554;846;10;13;10;0
39052;1106;846;10;13;10;0
39056;1118;846;10;13;10;0
39057;1130;846;10;13;10;0
39059;1910;846;10;13;10;0
39060;1898;846;10;13;10;0
39062;1886;846;10;13;10;0
39063;1874;846;10;13;10;0
39064;1862;846;10;13;10;0
39066;1850;846;10;13;10;0
39068;1838;846;10;13;10;0
39069;1826;846;10;13;10;0
39072;1814;846;10;13;10;0
39076;1802;846;10;13;10;0
39079;1790;846;10;13;10;0
39080;1778;846;10;13;10;0
39082;1766;846;10;13;10;0
39087;1754;846;10;13;10;0
39089;1742;846;10;13;10;0
39091;1730;846;10;13;10;0
39094;1718;846;10;13;10;0
39095;1706;846;10;13;10;0
39098;1694;846;10;13;10;0
39100;1922;846;10;13;10;0
39107;1934;846;10;13;10;0
39108;1946;846;10;13;10;0
39110;1958;846;10;13;10;0
39112;2198;846;10;13;10;0
39118;2186;846;10;13;10;0
39122;2174;846;10;13;10;0
39125;2162;846;10;13;10;0
39128;2150;846;10;13;10;0
39130;2138;846;10;13;10;0
39131;2126;846;10;13;10;0
39132;2114;846;10;13;10;0
39134;2102;846;10;13;10;0
39135;2210;846;10;13;10;0
39138;2090;846;10;13;10;0
39141;2066;846;10;13;10;0
39143;2054;846;10;13;10;0
39144;2042;846;10;13;10;0
39145;2030;846;10;13;10;0
39146;2018;846;10;13;10;0
39147;2006;846;10;13;10;0
39149;1994;846;10;13;10;0
39150;1982;846;10;13;10;0
39151;1970;846;10;13;10;0
39154;1682;846;10;13;10;0
39156;1670;846;10;13;10;0
39164;1658;846;10;13;10;0
39165;1382;846;10;13;10;0
39166;1358;846;10;13;10;0
39171;1346;846;10;13;10;0
39173;1334;846;10;13;10;0
39177;1322;846;10;13;10;0
39178;1310;846;10;13;10;0
39180;1298;846;10;13;10;0
39184;1286;846;10;13;10;0
39185;1274;846;10;13;10;0
39186;1262;846;10;13;10;0
39187;1250;846;10;13;10;0
39188;1238;846;10;13;10;0
39192;1226;846;10;13;10;0
39194;1214;846;10;13;10;0
39195;1202;846;10;13;10;0
39197;1190;846;10;13;10;0
39198;1178;846;10;13;10;0
39200;1166;846;10;13;10;0
39201;1154;846;10;13;10;0
39204;1142;846;10;13;10;0
39208;1370;846;10;13;10;0
39212;1394;846;10;13;10;0
39214;1646;846;10;13;10;0
39221;1406;846;10;13;10;0
39224;1634;846;10;13;10;0
39229;1622;846;10;13;10;0
39230;1610;846;10;13;10;0
39231;1598;846;10;13;10;0
39232;1586;846;10;13;10;0
39234;1574;846;10;13;10;0
39235;1562;846;10;13;10;0
39237;1550;846;10;13;10;0
39240;1538;846;10;13;10;0
39241;1526;846;10;13;10;0
39243;1514;846;10;13;10;0
39244;1502;846;10;13;10;0
39248;1490;846;10;13;10;0
39249;1478;846;10;13;10;0
39250;1466;846;10;13;10;0
39253;1454;846;10;13;10;0
39255;1442;846;10;13;10;0
39260;1430;846;10;13;10;0
39262;1418;846;10;13;10;0
39269;2222;846;10;13;10;0
39272;350;861;10;13;10;0
39274;362;861;10;13;10;0
39277;374;861;10;13;10;0
39278;3374;861;10;13;10;0
39279;3362;861;10;13;10;0
39280;3350;861;10;13;10;0
39281;3338;861;10;13;10;0
39282;3326;861;10;13;10;0
39285;3314;861;10;13;10;0
39286;3302;861;10;13;10;0
39290;3290;861;10;13;10;0
39292;3278;861;10;13;10;0
39295;3266;861;10;13;10;0
39296;3254;861;10;13;10;0
39297;3242;861;10;13;10;0
39300;3230;861;10;13;10;0
39301;3218;861;10;13;10;0
39302;3206;861;10;13;10;0
39304;3194;861;10;13;10;0
39307;3182;861;10;13;10;0
39309;3170;861;10;13;10;0
39311;3158;861;10;13;10;0
39312;3386;861;10;13;10;0
39313;3398;861;10;13;10;0
39314;3410;861;10;13;10;0
39315;3422;861;10;13;10;0
39316;3662;861;10;13;10;0
39317;3650;861;10;13;10;0
39318;3638;861;10;13;10;0
39319;3626;861;10;13;10;0
39320;3614;861;10;13;10;0
39321;3602;861;10;13;10;0
39333;3590;861;10;13;10;0
39336;3578;861;10;13;10;0
39340;3566;861;10;13;10;0
39341;3674;861;10;13;10;0
39342;3554;861;10;13;10;0
39345;3530;861;10;13;10;0
39347;3518;861;10;13;10;0
39348;3506;861;10;13;10;0
39356;3494;861;10;13;10;0
39361;3482;861;10;13;10;0
39363;3470;861;10;13;10;0
39364;3458;861;10;13;10;0
39365;3446;861;10;13;10;0
39366;3434;861;10;13;10;0
39367;3146;861;10;13;10;0
39368;3134;861;10;13;10;0
39376;3122;861;10;13;10;0
39377;2846;861;10;13;10;0
39378;2822;861;10;13;10;0
39381;2810;861;10;13;10;0
39384;2798;861;10;13;10;0
39385;2786;861;10;13;10;0
39387;2774;861;10;13;10;0
39389;2762;861;10;13;10;0
39391;2750;861;10;13;10;0
39393;2738;861;10;13;10;0
39394;2726;861;10;13;10;0
39405;2714;861;10;13;10;0
39406;2702;861;10;13;10;0
39409;2690;861;10;13;10;0
39410;2678;861;10;13;10;0
39416;2666;861;10;13;10;0
39419;2654;861;10;13;10;0
39423;2642;861;10;13;10;0
39425;2630;861;10;13;10;0
39429;2618;861;10;13;10;0
39438;2606;861;10;13;10;0
39439;2834;861;10;13;10;0
39442;2858;861;10;13;10;0
39443;3110;861;10;13;10;0
39446;2870;861;10;13;10;0
39449;3098;861;10;13;10;0
39464;3086;861;10;13;10;0
39467;3074;861;10;13;10;0
39470;3062;861;10;13;10;0
39471;3050;861;10;13;10;0
39472;3038;861;10;13;10;0
39477;3026;861;10;13;10;0
39479;3014;861;10;13;10;0
39486;3002;861;10;13;10;0
39488;2990;861;10;13;10;0
39489;2978;861;10;13;10;0
39490;2966;861;10;13;10;0
39491;2954;861;10;13;10;0
39492;2942;861;10;13;10;0
39493;2930;861;10;13;10;0
39498;2918;861;10;13;10;0
39500;2906;861;10;13;10;0
39501;2894;861;10;13;10;0
39506;2882;861;10;13;10;0
39509;3542;861;10;13;10;0
39511;3698;861;10;13;10;0
39514;566;876;10;13;10;0
39515;3710;861;10;13;10;0
39519;398;876;10;13;10;0
39522;386;876;10;13;10;0
39523;374;876;10;13;10;0
39524;362;876;10;13;10;0
39525;350;876;10;13;10;0
39529;338;876;10;13;10;0
39530;326;876;10;13;10;0
39531;314;876;10;13;10;0
39532;302;876;10;13;10;0
39533;290;876;10;13;10;0
39534;278;876;10;13;10;0
39535;266;876;10;13;10;0
39536;254;876;10;13;10;0
39537;242;876;10;13;10;0
39539;230;876;10;13;10;0
39540;218;876;10;13;10;0
39542;206;876;10;13;10;0
39544;194;876;10;13;10;0
39545;182;876;10;13;10;0
39547;410;876;10;13;10;0
39548;422;876;10;13;10;0
39550;434;876;10;13;10;0
39551;446;876;10;13;10;0
39553;686;876;10;13;10;0
39554;674;876;10;13;10;0
39556;662;876;10;13;10;0
39558;650;876;10;13;10;0
39559;638;876;10;13;10;0
39560;626;876;10;13;10;0
39563;614;876;10;13;10;0
39564;602;876;10;13;10;0
39567;590;876;10;13;10;0
39569;698;876;10;13;10;0
39575;578;876;10;13;10;0
39578;554;876;10;13;10;0
39581;542;876;10;13;10;0
39582;530;876;10;13;10;0
39584;518;876;10;13;10;0
39585;506;876;10;13;10;0
39588;494;876;10;13;10;0
39589;482;876;10;13;10;0
39592;470;876;10;13;10;0
39597;458;876;10;13;10;0
39599;170;876;10;13;10;0
39600;158;876;10;13;10;0
39601;146;876;10;13;10;0
39606;3962;861;10;13;10;0
39607;3938;861;10;13;10;0
39608;3926;861;10;13;10;0
39609;3914;861;10;13;10;0
39612;3902;861;10;13;10;0
39614;3890;861;10;13;10;0
39616;3878;861;10;13;10;0
39617;3866;861;10;13;10;0
39618;3854;861;10;13;10;0
39620;3842;861;10;13;10;0
39621;3830;861;10;13;10;0
39631;3818;861;10;13;10;0
39633;3806;861;10;13;10;0
39634;3794;861;10;13;10;0
39635;3782;861;10;13;10;0
39636;3770;861;10;13;10;0
39637;3758;861;10;13;10;0
39638;3746;861;10;13;10;0
39640;3734;861;10;13;10;0
39646;3722;861;10;13;10;0
39647;3950;861;10;13;10;0
39649;3974;861;10;13;10;0
39650;134;876;10;13;10;0
39651;3986;861;10;13;10;0
39654;122;876;10;13;10;0
39658;110;876;10;13;10;0
39659;98;876;10;13;10;0
39661;86;876;10;13;10;0
39662;74;876;10;13;10;0
39663;62;876;10;13;10;0
39665;50;876;10;13;10;0
39668;38;876;10;13;10;0
39671;26;876;10;13;10;0
39673;14;876;10;13;10;0
39675;2;876;10;13;10;0
39683;4082;861;10;13;10;0
39686;4070;861;10;13;10;0
39688;4058;861;10;13;10;0
39693;4046;861;10;13;10;0
39695;4034;861;10;13;10;0
39699;4022;861;10;13;10;0
39704;4010;861;10;13;10;0
39706;3998;861;10;13;10;0
39711;2594;861;10;13;10;0
39714;2582;861;10;13;10;0
39715;2570;861;10;13;10;0
39717;2426;861;10;13;10;0
39718;1154;861;10;13;10;0
39719;1142;861;10;13;10;0
39720;1130;861;10;13;10;0
39721;1118;861;10;13;10;0
39722;1106;861;10;13;10;0
39726;1094;861;10;13;10;0
39727;1082;861;10;13;10;0
39729;1070;861;10;13;10;0
39730;1058;861;10;13;10;0
39739;1046;861;10;13;10;0
39740;1034;861;10;13;10;0
39742;1022;861;10;13;10;0
39745;1010;861;10;13;10;0
39746;998;861;10;13;10;0
39747;986;861;10;13;10;0
39748;974;861;10;13;10;0
39749;962;861;10;13;10;0
39750;950;861;10;13;10;0
39751;938;861;10;13;10;0
39752;1166;861;10;13;10;0
39757;1190;861;10;13;10;0
39758;1442;861;10;13;10;0
39759;1202;861;10;13;10;0
39761;1430;861;10;13;10;0
39764;1418;861;10;13;10;0
39768;1406;861;10;13;10;0
39770;1394;861;10;13;10;0
39775;1382;861;10;13;10;0
39776;1370;861;10;13;10;0
39782;1358;861;10;13;10;0
39784;1346;861;10;13;10;0
39785;1334;861;10;13;10;0
39791;1322;861;10;13;10;0
39796;1310;861;10;13;10;0
39799;1298;861;10;13;10;0
39805;1286;861;10;13;10;0
39808;1274;861;10;13;10;0
39811;1262;861;10;13;10;0
39819;1250;861;10;13;10;0
39822;1238;861;10;13;10;0
39824;1226;861;10;13;10;0
39825;1214;861;10;13;10;0
39826;926;861;10;13;10;0
39827;1178;861;10;13;10;0
39830;914;861;10;13;10;0
39831;626;861;10;13;10;0
39839;602;861;10;13;10;0
39840;590;861;10;13;10;0
39848;578;861;10;13;10;0
39850;566;861;10;13;10;0
39851;554;861;10;13;10;0
39853;542;861;10;13;10;0
39854;530;861;10;13;10;0
39860;518;861;10;13;10;0
39864;506;861;10;13;10;0
39865;494;861;10;13;10;0
39872;482;861;10;13;10;0
39873;470;861;10;13;10;0
39874;458;861;10;13;10;0
39878;446;861;10;13;10;0
39879;434;861;10;13;10;0
39880;422;861;10;13;10;0
39881;410;861;10;13;10;0
39882;398;861;10;13;10;0
39887;386;861;10;13;10;0
39889;614;861;10;13;10;0
39890;638;861;10;13;10;0
39891;890;861;10;13;10;0
39892;650;861;10;13;10;0
39894;878;861;10;13;10;0
39895;866;861;10;13;10;0
39897;854;861;10;13;10;0
39899;842;861;10;13;10;0
39901;830;861;10;13;10;0
39905;818;861;10;13;10;0
39906;806;861;10;13;10;0
39907;794;861;10;13;10;0
39908;782;861;10;13;10;0
39911;770;861;10;13;10;0
39912;758;861;10;13;10;0
39914;746;861;10;13;10;0
39917;734;861;10;13;10;0
39920;722;861;10;13;10;0
39921;710;861;10;13;10;0
39922;698;861;10;13;10;0
39925;686;861;10;13;10;0
39927;674;861;10;13;10;0
39933;662;861;10;13;10;0
39938;902;861;10;13;10;0
39940;1454;861;10;13;10;0
39942;1466;861;10;13;10;0
39944;1478;861;10;13;10;0
39945;2258;861;10;13;10;0
39946;2246;861;10;13;10;0
39948;2234;861;10;13;10;0
39949;2222;861;10;13;10;0
39952;2210;861;10;13;10;0
39954;2198;861;10;13;10;0
39955;2186;861;10;13;10;0
39956;2174;861;10;13;10;0
39957;2162;861;10;13;10;0
39963;2150;861;10;13;10;0
39964;2138;861;10;13;10;0
39969;2126;861;10;13;10;0
39972;2114;861;10;13;10;0
39973;2102;861;10;13;10;0
39977;2090;861;10;13;10;0
39981;2078;861;10;13;10;0
39982;2066;861;10;13;10;0
39983;2054;861;10;13;10;0
39984;2042;861;10;13;10;0
39985;2270;861;10;13;10;0
39986;2282;861;10;13;10;0
39993;2294;861;10;13;10;0
39994;2306;861;10;13;10;0
39995;2546;861;10;13;10;0
39998;2534;861;10;13;10;0
40006;2522;861;10;13;10;0
40007;2510;861;10;13;10;0
40008;2498;861;10;13;10;0
40009;2486;861;10;13;10;0
40018;2474;861;10;13;10;0
40020;2462;861;10;13;10;0
40022;2450;861;10;13;10;0
40023;2558;861;10;13;10;0
40024;2438;861;10;13;10;0
40025;2414;861;10;13;10;0
40026;2402;861;10;13;10;0
40028;2390;861;10;13;10;0
40031;2378;861;10;13;10;0
40032;2366;861;10;13;10;0
40039;2354;861;10;13;10;0
40050;2342;861;10;13;10;0
40054;2330;861;10;13;10;0
40055;2318;861;10;13;10;0
40056;2030;861;10;13;10;0
40058;2018;861;10;13;10;0
40060;2006;861;10;13;10;0
40063;1730;861;10;13;10;0
40065;1706;861;10;13;10;0
40072;1694;861;10;13;10;0
40073;1682;861;10;13;10;0
40076;1670;861;10;13;10;0
40077;1658;861;10;13;10;0
40081;1646;861;10;13;10;0
40082;1634;861;10;13;10;0
40085;1622;861;10;13;10;0
40092;1610;861;10;13;10;0
40095;1598;861;10;13;10;0
40096;1586;861;10;13;10;0
40097;1574;861;10;13;10;0
40098;1562;861;10;13;10;0
40100;1550;861;10;13;10;0
40101;1538;861;10;13;10;0
40102;1526;861;10;13;10;0
40103;1514;861;10;13;10;0
40104;1502;861;10;13;10;0
40107;1490;861;10;13;10;0
40110;1718;861;10;13;10;0
40114;1742;861;10;13;10;0
40115;1994;861;10;13;10;0
40118;1754;861;10;13;10;0
40120;1982;861;10;13;10;0
40131;1970;861;10;13;10;0
40132;1958;861;10;13;10;0
40137;1946;861;10;13;10;0
40140;1934;861;10;13;10;0
40141;1922;861;10;13;10;0
40143;1910;861;10;13;10;0
40149;1898;861;10;13;10;0
40150;1886;861;10;13;10;0
40153;1874;861;10;13;10;0
40156;1862;861;10;13;10;0
40157;1850;861;10;13;10;0
40158;1838;861;10;13;10;0
40159;1826;861;10;13;10;0
40165;1814;861;10;13;10;0
40167;1802;861;10;13;10;0
40169;1790;861;10;13;10;0
40171;1778;861;10;13;10;0
40172;2798;516;10;13;10;0
40175;2810;516;10;13;10;0
40176;2858;966;10;13;10;0
40179;2786;516;10;13;10;0
40180;1622;261;10;13;10;0
40182;2486;171;10;13;10;0
40195;2474;171;10;13;10;0
40198;2462;171;10;13;10;0
40199;2450;171;10;13;10;0
40200;2438;171;10;13;10;0
40201;2426;171;10;13;10;0
40206;2414;171;10;13;10;0
40210;2402;171;10;13;10;0
40213;2390;171;10;13;10;0
40219;2378;171;10;13;10;0
40221;2366;171;10;13;10;0
40222;2354;171;10;13;10;0
40223;2342;171;10;13;10;0
40227;2330;171;10;13;10;0
40230;2318;171;10;13;10;0
40232;2306;171;10;13;10;0
40234;2294;171;10;13;10;0
40235;2282;171;10;13;10;0
40236;2270;171;10;13;10;0
40239;2498;171;10;13;10;0
40247;2522;171;10;13;10;0
40251;2774;171;10;13;10;0
40253;2534;171;10;13;10;0
40254;2762;171;10;13;10;0
40255;2750;171;10;13;10;0
40257;2738;171;10;13;10;0
40260;2726;171;10;13;10;0
40262;2714;171;10;13;10;0
40264;2702;171;10;13;10;0
40272;2690;171;10;13;10;0
40273;2678;171;10;13;10;0
40281;2666;171;10;13;10;0
40284;2654;171;10;13;10;0
40285;2642;171;10;13;10;0
40286;2630;171;10;13;10;0
40287;2618;171;10;13;10;0
40288;2606;171;10;13;10;0
40289;2594;171;10;13;10;0
40292;2582;171;10;13;10;0
40298;2570;171;10;13;10;0
40300;2558;171;10;13;10;0
40303;2546;171;10;13;10;0
40304;2258;171;10;13;10;0
40306;2510;171;10;13;10;0
40314;2246;171;10;13;10;0
40326;1958;171;10;13;10;0
40327;1934;171;10;13;10;0
40329;1922;171;10;13;10;0
40335;1910;171;10;13;10;0
40339;1898;171;10;13;10;0
40342;1886;171;10;13;10;0
40344;1874;171;10;13;10;0
40346;1862;171;10;13;10;0
40356;1850;171;10;13;10;0
40361;1838;171;10;13;10;0
40363;1826;171;10;13;10;0
40367;1814;171;10;13;10;0
40370;1802;171;10;13;10;0
40372;1790;171;10;13;10;0
40376;1778;171;10;13;10;0
40378;1766;171;10;13;10;0
40379;1754;171;10;13;10;0
40380;1742;171;10;13;10;0
40383;1730;171;10;13;10;0
40384;1718;171;10;13;10;0
40385;1946;171;10;13;10;0
40386;1970;171;10;13;10;0
40388;2222;171;10;13;10;0
40390;1982;171;10;13;10;0
40399;2210;171;10;13;10;0
40403;2198;171;10;13;10;0
40407;2186;171;10;13;10;0
40409;2174;171;10;13;10;0
40413;2162;171;10;13;10;0
40421;2150;171;10;13;10;0
40422;2138;171;10;13;10;0
40429;2126;171;10;13;10;0
40431;2114;171;10;13;10;0
40434;2102;171;10;13;10;0
40436;2090;171;10;13;10;0
40440;2078;171;10;13;10;0
40441;2066;171;10;13;10;0
40442;2054;171;10;13;10;0
40445;2042;171;10;13;10;0
40447;2030;171;10;13;10;0
40469;2018;171;10;13;10;0
40474;2006;171;10;13;10;0
40475;1994;171;10;13;10;0
40477;2234;171;10;13;10;0
40478;2786;171;10;13;10;0
40479;2798;171;10;13;10;0
40480;2810;171;10;13;10;0
40481;3590;171;10;13;10;0
40482;3578;171;10;13;10;0
40483;3566;171;10;13;10;0
40485;3554;171;10;13;10;0
40486;3542;171;10;13;10;0
40489;3530;171;10;13;10;0
40493;3518;171;10;13;10;0
40494;3506;171;10;13;10;0
40495;3494;171;10;13;10;0
40497;3482;171;10;13;10;0
40499;3470;171;10;13;10;0
40501;3458;171;10;13;10;0
40504;3446;171;10;13;10;0
40509;3434;171;10;13;10;0
40511;3422;171;10;13;10;0
40513;3410;171;10;13;10;0
40515;3398;171;10;13;10;0
40517;3386;171;10;13;10;0
40520;3374;171;10;13;10;0
40521;3602;171;10;13;10;0
40522;3614;171;10;13;10;0
40523;3626;171;10;13;10;0
40524;3638;171;10;13;10;0
40527;3878;171;10;13;10;0
40529;3866;171;10;13;10;0
40533;3854;171;10;13;10;0
40540;3842;171;10;13;10;0
40548;3830;171;10;13;10;0
40550;3818;171;10;13;10;0
40555;3806;171;10;13;10;0
40557;3794;171;10;13;10;0
40560;3782;171;10;13;10;0
40561;3890;171;10;13;10;0
40563;3770;171;10;13;10;0
40565;3746;171;10;13;10;0
40568;3734;171;10;13;10;0
40569;3722;171;10;13;10;0
40572;3710;171;10;13;10;0
40573;3698;171;10;13;10;0
40574;3686;171;10;13;10;0
40575;3674;171;10;13;10;0
40577;3662;171;10;13;10;0
40578;3650;171;10;13;10;0
40583;3362;171;10;13;10;0
40584;3350;171;10;13;10;0
40587;3338;171;10;13;10;0
40588;3062;171;10;13;10;0
40593;3038;171;10;13;10;0
40594;3026;171;10;13;10;0
40595;3014;171;10;13;10;0
40597;3002;171;10;13;10;0
40598;2990;171;10;13;10;0
40599;2978;171;10;13;10;0
40605;2966;171;10;13;10;0
40607;2954;171;10;13;10;0
40613;2942;171;10;13;10;0
40614;2930;171;10;13;10;0
40617;2918;171;10;13;10;0
40618;2906;171;10;13;10;0
40621;2894;171;10;13;10;0
40623;2882;171;10;13;10;0
40628;2870;171;10;13;10;0
40629;2858;171;10;13;10;0
40632;2846;171;10;13;10;0
40633;2834;171;10;13;10;0
40634;2822;171;10;13;10;0
40635;3050;171;10;13;10;0
40636;3074;171;10;13;10;0
40637;3326;171;10;13;10;0
40638;3086;171;10;13;10;0
40639;3314;171;10;13;10;0
40643;3302;171;10;13;10;0
40644;3290;171;10;13;10;0
40649;3278;171;10;13;10;0
40652;3266;171;10;13;10;0
40653;3254;171;10;13;10;0
40654;3242;171;10;13;10;0
40655;3230;171;10;13;10;0
40656;3218;171;10;13;10;0
40657;3206;171;10;13;10;0
40658;3194;171;10;13;10;0
40660;3182;171;10;13;10;0
40664;3170;171;10;13;10;0
40665;3158;171;10;13;10;0
40667;3146;171;10;13;10;0
40668;3134;171;10;13;10;0
40669;3122;171;10;13;10;0
40670;3110;171;10;13;10;0
40672;3098;171;10;13;10;0
40674;1706;171;10;13;10;0
40677;3758;171;10;13;10;0
40680;1694;171;10;13;10;0
40681;1538;171;10;13;10;0
40687;266;171;10;13;10;0
40692;254;171;10;13;10;0
40694;242;171;10;13;10;0
40695;230;171;10;13;10;0
40697;218;171;10;13;10;0
40699;206;171;10;13;10;0
40700;194;171;10;13;10;0
40701;182;171;10;13;10;0
40703;170;171;10;13;10;0
40711;158;171;10;13;10;0
40712;146;171;10;13;10;0
40714;134;171;10;13;10;0
40715;122;171;10;13;10;0
40718;110;171;10;13;10;0
40720;98;171;10;13;10;0
40723;86;171;10;13;10;0
40725;74;171;10;13;10;0
40729;62;171;10;13;10;0
40736;50;171;10;13;10;0
40737;278;171;10;13;10;0
40745;302;171;10;13;10;0
40748;554;171;10;13;10;0
40751;314;171;10;13;10;0
40753;542;171;10;13;10;0
40756;530;171;10;13;10;0
40761;518;171;10;13;10;0
40763;506;171;10;13;10;0
40766;494;171;10;13;10;0
40769;482;171;10;13;10;0
40778;470;171;10;13;10;0
40779;458;171;10;13;10;0
40782;446;171;10;13;10;0
40783;434;171;10;13;10;0
40784;422;171;10;13;10;0
40786;410;171;10;13;10;0
40788;398;171;10;13;10;0
40793;386;171;10;13;10;0
40796;374;171;10;13;10;0
40798;362;171;10;13;10;0
40799;350;171;10;13;10;0
40800;338;171;10;13;10;0
40801;326;171;10;13;10;0
40802;38;171;10;13;10;0
40803;290;171;10;13;10;0
40806;26;171;10;13;10;0
40807;3830;156;10;13;10;0
40810;3806;156;10;13;10;0
40812;3794;156;10;13;10;0
40818;3782;156;10;13;10;0
40822;3770;156;10;13;10;0
40823;3758;156;10;13;10;0
40831;3746;156;10;13;10;0
40836;3734;156;10;13;10;0
40839;3722;156;10;13;10;0
40842;3710;156;10;13;10;0
40843;3698;156;10;13;10;0
40844;3686;156;10;13;10;0
40845;3674;156;10;13;10;0
40848;3662;156;10;13;10;0
40852;3650;156;10;13;10;0
40853;3638;156;10;13;10;0
40856;3626;156;10;13;10;0
40857;3614;156;10;13;10;0
40858;3602;156;10;13;10;0
40860;3590;156;10;13;10;0
40861;3818;156;10;13;10;0
40863;3842;156;10;13;10;0
40864;2;171;10;13;10;0
40866;3854;156;10;13;10;0
40880;4082;156;10;13;10;0
40881;4070;156;10;13;10;0
40911;4058;156;10;13;10;0
40916;4046;156;10;13;10;0
40939;4034;156;10;13;10;0
40940;4022;156;10;13;10;0
40941;4010;156;10;13;10;0
44032;3998;156;10;13;10;0
44033;3986;156;10;13;10;0
44034;3974;156;10;13;10;0
44035;3962;156;10;13;10;0
44036;3950;156;10;13;10;0
44037;3938;156;10;13;10;0
44038;3926;156;10;13;10;0
44039;3914;156;10;13;10;0
44040;3902;156;10;13;10;0
44041;3890;156;10;13;10;0
44042;3878;156;10;13;10;0
44043;3866;156;10;13;10;0
44044;14;171;10;13;10;0
44045;566;171;10;13;10;0
44046;578;171;10;13;10;0
44047;590;171;10;13;10;0
44048;1370;171;10;13;10;0
44049;1358;171;10;13;10;0
44050;1346;171;10;13;10;0
44051;1334;171;10;13;10;0
44052;1322;171;10;13;10;0
44053;1310;171;10;13;10;0
44054;1298;171;10;13;10;0
44055;1286;171;10;13;10;0
44056;1274;171;10;13;10;0
44057;1262;171;10;13;10;0
44058;1250;171;10;13;10;0
44059;1238;171;10;13;10;0
44060;1226;171;10;13;10;0
44061;1214;171;10;13;10;0
44062;1202;171;10;13;10;0
44063;1190;171;10;13;10;0
44064;1178;171;10;13;10;0
44065;1166;171;10;13;10;0
44066;1154;171;10;13;10;0
44067;1382;171;10;13;10;0
44068;1394;171;10;13;10;0
44069;1406;171;10;13;10;0
44070;1418;171;10;13;10;0
44071;1658;171;10;13;10;0
44072;1646;171;10;13;10;0
44073;1634;171;10;13;10;0
44074;1622;171;10;13;10;0
44075;1610;171;10;13;10;0
44076;1598;171;10;13;10;0
44077;1586;171;10;13;10;0
44078;1574;171;10;13;10;0
44079;1562;171;10;13;10;0
44080;1670;171;10;13;10;0
44081;1550;171;10;13;10;0
44082;1526;171;10;13;10;0
44083;1514;171;10;13;10;0
44084;1502;171;10;13;10;0
44085;1490;171;10;13;10;0
44086;1478;171;10;13;10;0
44087;1466;171;10;13;10;0
44088;1454;171;10;13;10;0
44089;1442;171;10;13;10;0
44090;1430;171;10;13;10;0
44091;1142;171;10;13;10;0
44092;1130;171;10;13;10;0
44093;1118;171;10;13;10;0
44094;842;171;10;13;10;0
44095;818;171;10;13;10;0
44096;806;171;10;13;10;0
44097;794;171;10;13;10;0
44098;782;171;10;13;10;0
44099;770;171;10;13;10;0
44100;758;171;10;13;10;0
44101;746;171;10;13;10;0
44102;734;171;10;13;10;0
44103;722;171;10;13;10;0
44104;710;171;10;13;10;0
44105;698;171;10;13;10;0
44106;686;171;10;13;10;0
44107;674;171;10;13;10;0
44108;662;171;10;13;10;0
44109;650;171;10;13;10;0
44110;638;171;10;13;10;0
44111;626;171;10;13;10;0
44112;614;171;10;13;10;0
44113;602;171;10;13;10;0
44114;830;171;10;13;10;0
44115;854;171;10;13;10;0
44116;1106;171;10;13;10;0
44117;866;171;10;13;10;0
44118;1094;171;10;13;10;0
44119;1082;171;10;13;10;0
44120;1070;171;10;13;10;0
44121;1058;171;10;13;10;0
44122;1046;171;10;13;10;0
44123;1034;171;10;13;10;0
44124;1022;171;10;13;10;0
44125;1010;171;10;13;10;0
44126;998;171;10;13;10;0
44127;986;171;10;13;10;0
44128;974;171;10;13;10;0
44129;962;171;10;13;10;0
44130;950;171;10;13;10;0
44131;938;171;10;13;10;0
44132;926;171;10;13;10;0
44133;914;171;10;13;10;0
44134;902;171;10;13;10;0
44135;890;171;10;13;10;0
44136;878;171;10;13;10;0
44137;1682;171;10;13;10;0
44138;3902;171;10;13;10;0
44139;3914;171;10;13;10;0
44140;3926;171;10;13;10;0
44141;2834;186;10;13;10;0
44142;2822;186;10;13;10;0
44143;2810;186;10;13;10;0
44144;2798;186;10;13;10;0
44145;2786;186;10;13;10;0
44146;2774;186;10;13;10;0
44147;2762;186;10;13;10;0
44148;2750;186;10;13;10;0
44149;2738;186;10;13;10;0
44150;2726;186;10;13;10;0
44151;2714;186;10;13;10;0
44152;2702;186;10;13;10;0
44153;2690;186;10;13;10;0
44154;2678;186;10;13;10;0
44155;2666;186;10;13;10;0
44156;2654;186;10;13;10;0
44157;2642;186;10;13;10;0
44158;2630;186;10;13;10;0
44159;2618;186;10;13;10;0
44160;2846;186;10;13;10;0
44161;2858;186;10;13;10;0
44162;2870;186;10;13;10;0
44163;2882;186;10;13;10;0
44164;3122;186;10;13;10;0
44165;3110;186;10;13;10;0
44166;3098;186;10;13;10;0
44167;3086;186;10;13;10;0
44168;3074;186;10;13;10;0
44169;3062;186;10;13;10;0
44170;3050;186;10;13;10;0
44171;3038;186;10;13;10;0
44172;3026;186;10;13;10;0
44173;3134;186;10;13;10;0
44174;3014;186;10;13;10;0
44175;2990;186;10;13;10;0
44176;2978;186;10;13;10;0
44177;2966;186;10;13;10;0
44178;2954;186;10;13;10;0
44179;2942;186;10;13;10;0
44180;2930;186;10;13;10;0
44181;2918;186;10;13;10;0
44182;2906;186;10;13;10;0
44183;2894;186;10;13;10;0
44184;2606;186;10;13;10;0
44185;2594;186;10;13;10;0
44186;2582;186;10;13;10;0
44187;2306;186;10;13;10;0
44188;2282;186;10;13;10;0
44189;2270;186;10;13;10;0
44190;2258;186;10;13;10;0
44191;2246;186;10;13;10;0
44192;2234;186;10;13;10;0
44193;2222;186;10;13;10;0
44194;2210;186;10;13;10;0
44195;2198;186;10;13;10;0
44196;2186;186;10;13;10;0
44197;2174;186;10;13;10;0
44198;2162;186;10;13;10;0
44199;2150;186;10;13;10;0
44200;2138;186;10;13;10;0
44201;2126;186;10;13;10;0
44202;2114;186;10;13;10;0
44203;2102;186;10;13;10;0
44204;2090;186;10;13;10;0
44205;2078;186;10;13;10;0
44206;2066;186;10;13;10;0
44207;2294;186;10;13;10;0
44208;2318;186;10;13;10;0
44209;2570;186;10;13;10;0
44210;2330;186;10;13;10;0
44211;2558;186;10;13;10;0
44212;2546;186;10;13;10;0
44213;2534;186;10;13;10;0
44214;2522;186;10;13;10;0
44215;2510;186;10;13;10;0
44216;2498;186;10;13;10;0
44217;2486;186;10;13;10;0
44218;2474;186;10;13;10;0
44219;2462;186;10;13;10;0
44220;2450;186;10;13;10;0
44221;2438;186;10;13;10;0
44222;2426;186;10;13;10;0
44223;2414;186;10;13;10;0
44224;2402;186;10;13;10;0
44225;2390;186;10;13;10;0
44226;2378;186;10;13;10;0
44227;2366;186;10;13;10;0
44228;2354;186;10;13;10;0
44229;2342;186;10;13;10;0
44230;3002;186;10;13;10;0
44231;3158;186;10;13;10;0
44232;26;201;10;13;10;0
44233;3170;186;10;13;10;0
44234;3950;186;10;13;10;0
44235;3938;186;10;13;10;0
44236;3926;186;10;13;10;0
44237;3914;186;10;13;10;0
44238;3902;186;10;13;10;0
44239;3890;186;10;13;10;0
44240;3878;186;10;13;10;0
44241;3866;186;10;13;10;0
44242;3854;186;10;13;10;0
44243;3842;186;10;13;10;0
44244;3830;186;10;13;10;0
44245;3818;186;10;13;10;0
44246;3806;186;10;13;10;0
44247;3794;186;10;13;10;0
44248;3782;186;10;13;10;0
44249;3770;186;10;13;10;0
44250;3758;186;10;13;10;0
44251;3746;186;10;13;10;0
44252;3734;186;10;13;10;0
44253;3962;186;10;13;10;0
44254;3974;186;10;13;10;0
44255;3986;186;10;13;10;0
44256;3998;186;10;13;10;0
44257;146;201;10;13;10;0
44258;134;201;10;13;10;0
44259;122;201;10;13;10;0
44260;110;201;10;13;10;0
44261;98;201;10;13;10;0
44262;86;201;10;13;10;0
44263;74;201;10;13;10;0
44264;62;201;10;13;10;0
44265;50;201;10;13;10;0
44266;158;201;10;13;10;0
44267;38;201;10;13;10;0
44268;14;201;10;13;10;0
44269;2;201;10;13;10;0
44270;4082;186;10;13;10;0
44271;4070;186;10;13;10;0
44272;4058;186;10;13;10;0
44273;4046;186;10;13;10;0
44274;4034;186;10;13;10;0
44275;4022;186;10;13;10;0
44276;4010;186;10;13;10;0
44277;3722;186;10;13;10;0
44278;3710;186;10;13;10;0
44279;3698;186;10;13;10;0
44280;3422;186;10;13;10;0
44281;3398;186;10;13;10;0
44282;3386;186;10;13;10;0
44283;3374;186;10;13;10;0
44284;3362;186;10;13;10;0
44285;3350;186;10;13;10;0
44286;3338;186;10;13;10;0
44287;3326;186;10;13;10;0
44288;3314;186;10;13;10;0
44289;3302;186;10;13;10;0
44290;3290;186;10;13;10;0
44291;3278;186;10;13;10;0
44292;3266;186;10;13;10;0
44293;3254;186;10;13;10;0
44294;3242;186;10;13;10;0
44295;3230;186;10;13;10;0
44296;3218;186;10;13;10;0
44297;3206;186;10;13;10;0
44298;3194;186;10;13;10;0
44299;3182;186;10;13;10;0
44300;3410;186;10;13;10;0
44301;3434;186;10;13;10;0
44302;3686;186;10;13;10;0
44303;3446;186;10;13;10;0
44304;3674;186;10;13;10;0
44305;3662;186;10;13;10;0
44306;3650;186;10;13;10;0
44307;3638;186;10;13;10;0
44308;3626;186;10;13;10;0
44309;3614;186;10;13;10;0
44310;3602;186;10;13;10;0
44311;3590;186;10;13;10;0
44312;3578;186;10;13;10;0
44313;3566;186;10;13;10;0
44314;3554;186;10;13;10;0
44315;3542;186;10;13;10;0
44316;3530;186;10;13;10;0
44317;3518;186;10;13;10;0
44318;3506;186;10;13;10;0
44319;3494;186;10;13;10;0
44320;3482;186;10;13;10;0
44321;3470;186;10;13;10;0
44322;3458;186;10;13;10;0
44323;2054;186;10;13;10;0
44324;2042;186;10;13;10;0
44325;2030;186;10;13;10;0
44326;1886;186;10;13;10;0
44327;614;186;10;13;10;0
44328;602;186;10;13;10;0
44329;590;186;10;13;10;0
44330;578;186;10;13;10;0
44331;566;186;10;13;10;0
44332;554;186;10;13;10;0
44333;542;186;10;13;10;0
44334;530;186;10;13;10;0
44335;518;186;10;13;10;0
44336;506;186;10;13;10;0
44337;494;186;10;13;10;0
44338;482;186;10;13;10;0
44339;470;186;10;13;10;0
44340;458;186;10;13;10;0
44341;446;186;10;13;10;0
44342;434;186;10;13;10;0
44343;422;186;10;13;10;0
44344;410;186;10;13;10;0
44345;398;186;10;13;10;0
44346;626;186;10;13;10;0
44347;650;186;10;13;10;0
44348;902;186;10;13;10;0
44349;662;186;10;13;10;0
44350;890;186;10;13;10;0
44351;878;186;10;13;10;0
44352;866;186;10;13;10;0
44353;854;186;10;13;10;0
44354;842;186;10;13;10;0
44355;830;186;10;13;10;0
44356;818;186;10;13;10;0
44357;806;186;10;13;10;0
44358;794;186;10;13;10;0
44359;782;186;10;13;10;0
44360;770;186;10;13;10;0
44361;758;186;10;13;10;0
44362;746;186;10;13;10;0
44363;734;186;10;13;10;0
44364;722;186;10;13;10;0
44365;710;186;10;13;10;0
44366;698;186;10;13;10;0
44367;686;186;10;13;10;0
44368;674;186;10;13;10;0
44369;386;186;10;13;10;0
44370;638;186;10;13;10;0
44371;374;186;10;13;10;0
44372;86;186;10;13;10;0
44373;62;186;10;13;10;0
44374;50;186;10;13;10;0
44375;38;186;10;13;10;0
44376;26;186;10;13;10;0
44377;14;186;10;13;10;0
44378;2;186;10;13;10;0
44379;4082;171;10;13;10;0
44380;4070;171;10;13;10;0
44381;4058;171;10;13;10;0
44382;4046;171;10;13;10;0
44383;4034;171;10;13;10;0
44384;4022;171;10;13;10;0
44385;4010;171;10;13;10;0
44386;3998;171;10;13;10;0
44387;3986;171;10;13;10;0
44388;3974;171;10;13;10;0
44389;3962;171;10;13;10;0
44390;3950;171;10;13;10;0
44391;3938;171;10;13;10;0
44392;74;186;10;13;10;0
44393;98;186;10;13;10;0
44394;350;186;10;13;10;0
44395;110;186;10;13;10;0
44396;338;186;10;13;10;0
44397;326;186;10;13;10;0
44398;314;186;10;13;10;0
44399;302;186;10;13;10;0
44400;290;186;10;13;10;0
44401;278;186;10;13;10;0
44402;266;186;10;13;10;0
44403;254;186;10;13;10;0
44404;242;186;10;13;10;0
44405;230;186;10;13;10;0
44406;218;186;10;13;10;0
44407;206;186;10;13;10;0
44408;194;186;10;13;10;0
44409;182;186;10;13;10;0
44410;170;186;10;13;10;0
44411;158;186;10;13;10;0
44412;146;186;10;13;10;0
44413;134;186;10;13;10;0
44414;122;186;10;13;10;0
44415;362;186;10;13;10;0
44416;914;186;10;13;10;0
44417;926;186;10;13;10;0
44418;938;186;10;13;10;0
44419;1718;186;10;13;10;0
44420;1706;186;10;13;10;0
44421;1694;186;10;13;10;0
44422;1682;186;10;13;10;0
44423;1670;186;10;13;10;0
44424;1658;186;10;13;10;0
44425;1646;186;10;13;10;0
44426;1634;186;10;13;10;0
44427;1622;186;10;13;10;0
44428;1610;186;10;13;10;0
44429;1598;186;10;13;10;0
44430;1586;186;10;13;10;0
44431;1574;186;10;13;10;0
44432;1562;186;10;13;10;0
44433;1550;186;10;13;10;0
44434;1538;186;10;13;10;0
44435;1526;186;10;13;10;0
44436;1514;186;10;13;10;0
44437;1502;186;10;13;10;0
44438;1730;186;10;13;10;0
44439;1742;186;10;13;10;0
44440;1754;186;10;13;10;0
44441;1766;186;10;13;10;0
44442;2006;186;10;13;10;0
44443;1994;186;10;13;10;0
44444;1982;186;10;13;10;0
44445;1970;186;10;13;10;0
44446;1958;186;10;13;10;0
44447;1946;186;10;13;10;0
44448;1934;186;10;13;10;0
44449;1922;186;10;13;10;0
44450;1910;186;10;13;10;0
44451;2018;186;10;13;10;0
44452;1898;186;10;13;10;0
44453;1874;186;10;13;10;0
44454;1862;186;10;13;10;0
44455;1850;186;10;13;10;0
44456;1838;186;10;13;10;0
44457;1826;186;10;13;10;0
44458;1814;186;10;13;10;0
44459;1802;186;10;13;10;0
44460;1790;186;10;13;10;0
44461;1778;186;10;13;10;0
44462;1490;186;10;13;10;0
44463;1478;186;10;13;10;0
44464;1466;186;10;13;10;0
44465;1190;186;10;13;10;0
44466;1166;186;10;13;10;0
44467;1154;186;10;13;10;0
44468;1142;186;10;13;10;0
44469;1130;186;10;13;10;0
44470;1118;186;10;13;10;0
44471;1106;186;10;13;10;0
44472;1094;186;10;13;10;0
44473;1082;186;10;13;10;0
44474;1070;186;10;13;10;0
44475;1058;186;10;13;10;0
44476;1046;186;10;13;10;0
44477;1034;186;10;13;10;0
44478;1022;186;10;13;10;0
44479;1010;186;10;13;10;0
44480;998;186;10;13;10;0
44481;986;186;10;13;10;0
44482;974;186;10;13;10;0
44483;962;186;10;13;10;0
44484;950;186;10;13;10;0
44485;1178;186;10;13;10;0
44486;1202;186;10;13;10;0
44487;1454;186;10;13;10;0
44488;1214;186;10;13;10;0
44489;1442;186;10;13;10;0
44490;1430;186;10;13;10;0
44491;1418;186;10;13;10;0
44492;1406;186;10;13;10;0
44493;1394;186;10;13;10;0
44494;1382;186;10;13;10;0
44495;1370;186;10;13;10;0
44496;1358;186;10;13;10;0
44497;1346;186;10;13;10;0
44498;1334;186;10;13;10;0
44499;1322;186;10;13;10;0
44500;1310;186;10;13;10;0
44501;1298;186;10;13;10;0
44502;1286;186;10;13;10;0
44503;1274;186;10;13;10;0
44504;1262;186;10;13;10;0
44505;1250;186;10;13;10;0
44506;1238;186;10;13;10;0
44507;1226;186;10;13;10;0
44508;3578;156;10;13;10;0
44509;3146;186;10;13;10;0
44510;3566;156;10;13;10;0
44511;2438;156;10;13;10;0
44512;1778;141;10;13;10;0
44513;1766;141;10;13;10;0
44514;1754;141;10;13;10;0
44515;1742;141;10;13;10;0
44516;1730;141;10;13;10;0
44517;1718;141;10;13;10;0
44518;1706;141;10;13;10;0
44519;1694;141;10;13;10;0
44520;1682;141;10;13;10;0
44521;1670;141;10;13;10;0
44522;1658;141;10;13;10;0
44523;1646;141;10;13;10;0
44524;1634;141;10;13;10;0
44525;1622;141;10;13;10;0
44526;1610;141;10;13;10;0
44527;1598;141;10;13;10;0
44528;1586;141;10;13;10;0
44529;1574;141;10;13;10;0
44530;1562;141;10;13;10;0
44531;1790;141;10;13;10;0
44532;1814;141;10;13;10;0
44533;2066;141;10;13;10;0
44534;1826;141;10;13;10;0
44535;2054;141;10;13;10;0
44536;2042;141;10;13;10;0
44537;2030;141;10;13;10;0
44538;2018;141;10;13;10;0
44539;2006;141;10;13;10;0
44540;1994;141;10;13;10;0
44541;1982;141;10;13;10;0
44542;1970;141;10;13;10;0
44543;1958;141;10;13;10;0
44544;1946;141;10;13;10;0
44545;1934;141;10;13;10;0
44546;1922;141;10;13;10;0
44547;1910;141;10;13;10;0
44548;1898;141;10;13;10;0
44549;1886;141;10;13;10;0
44550;1874;141;10;13;10;0
44551;1862;141;10;13;10;0
44552;1850;141;10;13;10;0
44553;1838;141;10;13;10;0
44554;1550;141;10;13;10;0
44555;1802;141;10;13;10;0
44556;1538;141;10;13;10;0
44557;1250;141;10;13;10;0
44558;1226;141;10;13;10;0
44559;1214;141;10;13;10;0
44560;1202;141;10;13;10;0
44561;1190;141;10;13;10;0
44562;1178;141;10;13;10;0
44563;1166;141;10;13;10;0
44564;1154;141;10;13;10;0
44565;1142;141;10;13;10;0
44566;1130;141;10;13;10;0
44567;1118;141;10;13;10;0
44568;1106;141;10;13;10;0
44569;1094;141;10;13;10;0
44570;1082;141;10;13;10;0
44571;1070;141;10;13;10;0
44572;1058;141;10;13;10;0
44573;1046;141;10;13;10;0
44574;1034;141;10;13;10;0
44575;1022;141;10;13;10;0
44576;1010;141;10;13;10;0
44577;1238;141;10;13;10;0
44578;1262;141;10;13;10;0
44579;1514;141;10;13;10;0
44580;1274;141;10;13;10;0
44581;1502;141;10;13;10;0
44582;1490;141;10;13;10;0
44583;1478;141;10;13;10;0
44584;1466;141;10;13;10;0
44585;1454;141;10;13;10;0
44586;1442;141;10;13;10;0
44587;1430;141;10;13;10;0
44588;1418;141;10;13;10;0
44589;1406;141;10;13;10;0
44590;1394;141;10;13;10;0
44591;1382;141;10;13;10;0
44592;1370;141;10;13;10;0
44593;1358;141;10;13;10;0
44594;1346;141;10;13;10;0
44595;1334;141;10;13;10;0
44596;1322;141;10;13;10;0
44597;1310;141;10;13;10;0
44598;1298;141;10;13;10;0
44599;1286;141;10;13;10;0
44600;1526;141;10;13;10;0
44601;2078;141;10;13;10;0
44602;2090;141;10;13;10;0
44603;2102;141;10;13;10;0
44604;2882;141;10;13;10;0
44605;2870;141;10;13;10;0
44606;2858;141;10;13;10;0
44607;2846;141;10;13;10;0
44608;2834;141;10;13;10;0
44609;2822;141;10;13;10;0
44610;2810;141;10;13;10;0
44611;2798;141;10;13;10;0
44612;2786;141;10;13;10;0
44613;2774;141;10;13;10;0
44614;2762;141;10;13;10;0
44615;2750;141;10;13;10;0
44616;2738;141;10;13;10;0
44617;2726;141;10;13;10;0
44618;2714;141;10;13;10;0
44619;2702;141;10;13;10;0
44620;2690;141;10;13;10;0
44621;2678;141;10;13;10;0
44622;2666;141;10;13;10;0
44623;2894;141;10;13;10;0
44624;2906;141;10;13;10;0
44625;2918;141;10;13;10;0
44626;2930;141;10;13;10;0
44627;3170;141;10;13;10;0
44628;3158;141;10;13;10;0
44629;3146;141;10;13;10;0
44630;3134;141;10;13;10;0
44631;3122;141;10;13;10;0
44632;3110;141;10;13;10;0
44633;3098;141;10;13;10;0
44634;3086;141;10;13;10;0
44635;3074;141;10;13;10;0
44636;3182;141;10;13;10;0
44637;3062;141;10;13;10;0
44638;3038;141;10;13;10;0
44639;3026;141;10;13;10;0
44640;3014;141;10;13;10;0
44641;3002;141;10;13;10;0
44642;2990;141;10;13;10;0
44643;2978;141;10;13;10;0
44644;2966;141;10;13;10;0
44645;2954;141;10;13;10;0
44646;2942;141;10;13;10;0
44647;2654;141;10;13;10;0
44648;2642;141;10;13;10;0
44649;2630;141;10;13;10;0
44650;2354;141;10;13;10;0
44651;2330;141;10;13;10;0
44652;2318;141;10;13;10;0
44653;2306;141;10;13;10;0
44654;2294;141;10;13;10;0
44655;2282;141;10;13;10;0
44656;2270;141;10;13;10;0
44657;2258;141;10;13;10;0
44658;2246;141;10;13;10;0
44659;2234;141;10;13;10;0
44660;2222;141;10;13;10;0
44661;2210;141;10;13;10;0
44662;2198;141;10;13;10;0
44663;2186;141;10;13;10;0
44664;2174;141;10;13;10;0
44665;2162;141;10;13;10;0
44666;2150;141;10;13;10;0
44667;2138;141;10;13;10;0
44668;2126;141;10;13;10;0
44669;2114;141;10;13;10;0
44670;2342;141;10;13;10;0
44671;2366;141;10;13;10;0
44672;2618;141;10;13;10;0
44673;2378;141;10;13;10;0
44674;2606;141;10;13;10;0
44675;2594;141;10;13;10;0
44676;2582;141;10;13;10;0
44677;2570;141;10;13;10;0
44678;2558;141;10;13;10;0
44679;2546;141;10;13;10;0
44680;2534;141;10;13;10;0
44681;2522;141;10;13;10;0
44682;2510;141;10;13;10;0
44683;2498;141;10;13;10;0
44684;2486;141;10;13;10;0
44685;2474;141;10;13;10;0
44686;2462;141;10;13;10;0
44687;2450;141;10;13;10;0
44688;2438;141;10;13;10;0
44689;2426;141;10;13;10;0
44690;2414;141;10;13;10;0
44691;2402;141;10;13;10;0
44692;2390;141;10;13;10;0
44693;998;141;10;13;10;0
44694;3050;141;10;13;10;0
44695;986;141;10;13;10;0
44696;830;141;10;13;10;0
44697;3650;126;10;13;10;0
44698;3638;126;10;13;10;0
44699;3626;126;10;13;10;0
44700;3614;126;10;13;10;0
44701;3602;126;10;13;10;0
44702;3590;126;10;13;10;0
44703;3578;126;10;13;10;0
44704;3566;126;10;13;10;0
44705;3554;126;10;13;10;0
44706;3542;126;10;13;10;0
44707;3530;126;10;13;10;0
44708;3518;126;10;13;10;0
44709;3506;126;10;13;10;0
44710;3494;126;10;13;10;0
44711;3482;126;10;13;10;0
44712;3470;126;10;13;10;0
44713;3458;126;10;13;10;0
44714;3446;126;10;13;10;0
44715;3434;126;10;13;10;0
44716;3662;126;10;13;10;0
44717;3686;126;10;13;10;0
44718;3938;126;10;13;10;0
44719;3698;126;10;13;10;0
44720;3926;126;10;13;10;0
44721;3914;126;10;13;10;0
44722;3902;126;10;13;10;0
44723;3890;126;10;13;10;0
44724;3878;126;10;13;10;0
44725;3866;126;10;13;10;0
44726;3854;126;10;13;10;0
44727;3842;126;10;13;10;0
44728;3830;126;10;13;10;0
44729;3818;126;10;13;10;0
44730;3806;126;10;13;10;0
44731;3794;126;10;13;10;0
44732;3782;126;10;13;10;0
44733;3770;126;10;13;10;0
44734;3758;126;10;13;10;0
44735;3746;126;10;13;10;0
44736;3734;126;10;13;10;0
44737;3722;126;10;13;10;0
44738;3710;126;10;13;10;0
44739;3422;126;10;13;10;0
44740;3674;126;10;13;10;0
44741;3410;126;10;13;10;0
44742;3122;126;10;13;10;0
44743;3098;126;10;13;10;0
44744;3086;126;10;13;10;0
44745;3074;126;10;13;10;0
44746;3062;126;10;13;10;0
44747;3050;126;10;13;10;0
44748;3038;126;10;13;10;0
44749;3026;126;10;13;10;0
44750;3014;126;10;13;10;0
44751;3002;126;10;13;10;0
44752;2990;126;10;13;10;0
44753;2978;126;10;13;10;0
44754;2966;126;10;13;10;0
44755;2954;126;10;13;10;0
44756;2942;126;10;13;10;0
44757;2930;126;10;13;10;0
44758;2918;126;10;13;10;0
44759;2906;126;10;13;10;0
44760;2894;126;10;13;10;0
44761;2882;126;10;13;10;0
44762;3110;126;10;13;10;0
44763;3134;126;10;13;10;0
44764;3386;126;10;13;10;0
44765;3146;126;10;13;10;0
44766;3374;126;10;13;10;0
44767;3362;126;10;13;10;0
44768;3350;126;10;13;10;0
44769;3338;126;10;13;10;0
44770;3326;126;10;13;10;0
44771;3314;126;10;13;10;0
44772;3302;126;10;13;10;0
44773;3290;126;10;13;10;0
44774;3278;126;10;13;10;0
44775;3266;126;10;13;10;0
44776;3254;126;10;13;10;0
44777;3242;126;10;13;10;0
44778;3230;126;10;13;10;0
44779;3218;126;10;13;10;0
44780;3206;126;10;13;10;0
44781;3194;126;10;13;10;0
44782;3182;126;10;13;10;0
44783;3170;126;10;13;10;0
44784;3158;126;10;13;10;0
44785;3398;126;10;13;10;0
44786;3950;126;10;13;10;0
44787;3962;126;10;13;10;0
44788;3974;126;10;13;10;0
44789;662;141;10;13;10;0
44790;650;141;10;13;10;0
44791;638;141;10;13;10;0
44792;626;141;10;13;10;0
44793;614;141;10;13;10;0
44794;602;141;10;13;10;0
44795;590;141;10;13;10;0
44796;578;141;10;13;10;0
44797;566;141;10;13;10;0
44798;554;141;10;13;10;0
44799;542;141;10;13;10;0
44800;530;141;10;13;10;0
44801;518;141;10;13;10;0
44802;506;141;10;13;10;0
44803;494;141;10;13;10;0
44804;482;141;10;13;10;0
44805;470;141;10;13;10;0
44806;458;141;10;13;10;0
44807;446;141;10;13;10;0
44808;674;141;10;13;10;0
44809;686;141;10;13;10;0
44810;698;141;10;13;10;0
44811;710;141;10;13;10;0
44812;950;141;10;13;10;0
44813;938;141;10;13;10;0
44814;926;141;10;13;10;0
44815;914;141;10;13;10;0
44816;902;141;10;13;10;0
44817;890;141;10;13;10;0
44818;878;141;10;13;10;0
44819;866;141;10;13;10;0
44820;854;141;10;13;10;0
44821;962;141;10;13;10;0
44822;842;141;10;13;10;0
44823;818;141;10;13;10;0
44824;806;141;10;13;10;0
44825;794;141;10;13;10;0
44826;782;141;10;13;10;0
44827;770;141;10;13;10;0
44828;758;141;10;13;10;0
44829;746;141;10;13;10;0
44830;734;141;10;13;10;0
44831;722;141;10;13;10;0
44832;434;141;10;13;10;0
44833;422;141;10;13;10;0
44834;410;141;10;13;10;0
44835;134;141;10;13;10;0
44836;110;141;10;13;10;0
44837;98;141;10;13;10;0
44838;86;141;10;13;10;0
44839;74;141;10;13;10;0
44840;62;141;10;13;10;0
44841;50;141;10;13;10;0
44842;38;141;10;13;10;0
44843;26;141;10;13;10;0
44844;14;141;10;13;10;0
44845;2;141;10;13;10;0
44846;4082;126;10;13;10;0
44847;4070;126;10;13;10;0
44848;4058;126;10;13;10;0
44849;4046;126;10;13;10;0
44850;4034;126;10;13;10;0
44851;4022;126;10;13;10;0
44852;4010;126;10;13;10;0
44853;3998;126;10;13;10;0
44854;3986;126;10;13;10;0
44855;122;141;10;13;10;0
44856;146;141;10;13;10;0
44857;398;141;10;13;10;0
44858;158;141;10;13;10;0
44859;386;141;10;13;10;0
44860;374;141;10;13;10;0
44861;362;141;10;13;10;0
44862;350;141;10;13;10;0
44863;338;141;10;13;10;0
44864;326;141;10;13;10;0
44865;314;141;10;13;10;0
44866;302;141;10;13;10;0
44867;290;141;10;13;10;0
44868;278;141;10;13;10;0
44869;266;141;10;13;10;0
44870;254;141;10;13;10;0
44871;242;141;10;13;10;0
44872;230;141;10;13;10;0
44873;218;141;10;13;10;0
44874;206;141;10;13;10;0
44875;194;141;10;13;10;0
44876;182;141;10;13;10;0
44877;170;141;10;13;10;0
44878;974;141;10;13;10;0
44879;3194;141;10;13;10;0
44880;3206;141;10;13;10;0
44881;3218;141;10;13;10;0
44882;2126;156;10;13;10;0
44883;2114;156;10;13;10;0
44884;2102;156;10;13;10;0
44885;2090;156;10;13;10;0
44886;2078;156;10;13;10;0
44887;2066;156;10;13;10;0
44888;2054;156;10;13;10;0
44889;2042;156;10;13;10;0
44890;2030;156;10;13;10;0
44891;2018;156;10;13;10;0
44892;2006;156;10;13;10;0
44893;1994;156;10;13;10;0
44894;1982;156;10;13;10;0
44895;1970;156;10;13;10;0
44896;1958;156;10;13;10;0
44897;1946;156;10;13;10;0
44898;1934;156;10;13;10;0
44899;1922;156;10;13;10;0
44900;1910;156;10;13;10;0
44901;2138;156;10;13;10;0
44902;2150;156;10;13;10;0
44903;2162;156;10;13;10;0
44904;2174;156;10;13;10;0
44905;2414;156;10;13;10;0
44906;2402;156;10;13;10;0
44907;2390;156;10;13;10;0
44908;2378;156;10;13;10;0
44909;2366;156;10;13;10;0
44910;2354;156;10;13;10;0
44911;2342;156;10;13;10;0
44912;2330;156;10;13;10;0
44913;2318;156;10;13;10;0
44914;2426;156;10;13;10;0
44915;2306;156;10;13;10;0
44916;2282;156;10;13;10;0
44917;2270;156;10;13;10;0
44918;2258;156;10;13;10;0
44919;2246;156;10;13;10;0
44920;2234;156;10;13;10;0
44921;2222;156;10;13;10;0
44922;2210;156;10;13;10;0
44923;2198;156;10;13;10;0
44924;2186;156;10;13;10;0
44925;1898;156;10;13;10;0
44926;1886;156;10;13;10;0
44927;1874;156;10;13;10;0
44928;1598;156;10;13;10;0
44929;1574;156;10;13;10;0
44930;1562;156;10;13;10;0
44931;1550;156;10;13;10;0
44932;1538;156;10;13;10;0
44933;1526;156;10;13;10;0
44934;1514;156;10;13;10;0
44935;1502;156;10;13;10;0
44936;1490;156;10;13;10;0
44937;1478;156;10;13;10;0
44938;1466;156;10;13;10;0
44939;1454;156;10;13;10;0
44940;1442;156;10;13;10;0
44941;1430;156;10;13;10;0
44942;1418;156;10;13;10;0
44943;1406;156;10;13;10;0
44944;1394;156;10;13;10;0
44945;1382;156;10;13;10;0
44946;1370;156;10;13;10;0
44947;1358;156;10;13;10;0
44948;1586;156;10;13;10;0
44949;1610;156;10;13;10;0
44950;1862;156;10;13;10;0
44951;1622;156;10;13;10;0
44952;1850;156;10;13;10;0
44953;1838;156;10;13;10;0
44954;1826;156;10;13;10;0
44955;1814;156;10;13;10;0
44956;1802;156;10;13;10;0
44957;1790;156;10;13;10;0
44958;1778;156;10;13;10;0
44959;1766;156;10;13;10;0
44960;1754;156;10;13;10;0
44961;1742;156;10;13;10;0
44962;1730;156;10;13;10;0
44963;1718;156;10;13;10;0
44964;1706;156;10;13;10;0
44965;1694;156;10;13;10;0
44966;1682;156;10;13;10;0
44967;1670;156;10;13;10;0
44968;1658;156;10;13;10;0
44969;1646;156;10;13;10;0
44970;1634;156;10;13;10;0
44971;2294;156;10;13;10;0
44972;2450;156;10;13;10;0
44973;3410;156;10;13;10;0
44974;2462;156;10;13;10;0
44975;3242;156;10;13;10;0
44976;3230;156;10;13;10;0
44977;3218;156;10;13;10;0
44978;3206;156;10;13;10;0
44979;3194;156;10;13;10;0
44980;3182;156;10;13;10;0
44981;3170;156;10;13;10;0
44982;3158;156;10;13;10;0
44983;3146;156;10;13;10;0
44984;3134;156;10;13;10;0
44985;3122;156;10;13;10;0
44986;3110;156;10;13;10;0
44987;3098;156;10;13;10;0
44988;3086;156;10;13;10;0
44989;3074;156;10;13;10;0
44990;3062;156;10;13;10;0
44991;3050;156;10;13;10;0
44992;3038;156;10;13;10;0
44993;3026;156;10;13;10;0
44994;3254;156;10;13;10;0
44995;3266;156;10;13;10;0
44996;3278;156;10;13;10;0
44997;3290;156;10;13;10;0
44998;3530;156;10;13;10;0
44999;3518;156;10;13;10;0
45000;3506;156;10;13;10;0
45001;3494;156;10;13;10;0
45002;3482;156;10;13;10;0
45003;3470;156;10;13;10;0
45004;3458;156;10;13;10;0
45005;3446;156;10;13;10;0
45006;3434;156;10;13;10;0
45007;3542;156;10;13;10;0
45008;3422;156;10;13;10;0
45009;3398;156;10;13;10;0
45010;3386;156;10;13;10;0
45011;3374;156;10;13;10;0
45012;3362;156;10;13;10;0
45013;3350;156;10;13;10;0
45014;3338;156;10;13;10;0
45015;3326;156;10;13;10;0
45016;3314;156;10;13;10;0
45017;3302;156;10;13;10;0
45018;3014;156;10;13;10;0
45019;3002;156;10;13;10;0
45020;2990;156;10;13;10;0
45021;2714;156;10;13;10;0
45022;2690;156;10;13;10;0
45023;2678;156;10;13;10;0
45024;2666;156;10;13;10;0
45025;2654;156;10;13;10;0
45026;2642;156;10;13;10;0
45027;2630;156;10;13;10;0
45028;2618;156;10;13;10;0
45029;2606;156;10;13;10;0
45030;2594;156;10;13;10;0
45031;2582;156;10;13;10;0
45032;2570;156;10;13;10;0
45033;2558;156;10;13;10;0
45034;2546;156;10;13;10;0
45035;2534;156;10;13;10;0
45036;2522;156;10;13;10;0
45037;2510;156;10;13;10;0
45038;2498;156;10;13;10;0
45039;2486;156;10;13;10;0
45040;2474;156;10;13;10;0
45041;2702;156;10;13;10;0
45042;2726;156;10;13;10;0
45043;2978;156;10;13;10;0
45044;2738;156;10;13;10;0
45045;2966;156;10;13;10;0
45046;2954;156;10;13;10;0
45047;2942;156;10;13;10;0
45048;2930;156;10;13;10;0
45049;2918;156;10;13;10;0
45050;2906;156;10;13;10;0
45051;2894;156;10;13;10;0
45052;2882;156;10;13;10;0
45053;2870;156;10;13;10;0
45054;2858;156;10;13;10;0
45055;2846;156;10;13;10;0
45056;2834;156;10;13;10;0
45057;2822;156;10;13;10;0
45058;2810;156;10;13;10;0
45059;2798;156;10;13;10;0
45060;2786;156;10;13;10;0
45061;2774;156;10;13;10;0
45062;2762;156;10;13;10;0
45063;2750;156;10;13;10;0
45064;1346;156;10;13;10;0
45065;1334;156;10;13;10;0
45066;1322;156;10;13;10;0
45067;1178;156;10;13;10;0
45068;3998;141;10;13;10;0
45069;3986;141;10;13;10;0
45070;3974;141;10;13;10;0
45071;3962;141;10;13;10;0
45072;3950;141;10;13;10;0
45073;3938;141;10;13;10;0
45074;3926;141;10;13;10;0
45075;3914;141;10;13;10;0
45076;3902;141;10;13;10;0
45077;3890;141;10;13;10;0
45078;3878;141;10;13;10;0
45079;3866;141;10;13;10;0
45080;3854;141;10;13;10;0
45081;3842;141;10;13;10;0
45082;3830;141;10;13;10;0
45083;3818;141;10;13;10;0
45084;3806;141;10;13;10;0
45085;3794;141;10;13;10;0
45086;3782;141;10;13;10;0
45087;4010;141;10;13;10;0
45088;4034;141;10;13;10;0
45089;194;156;10;13;10;0
45090;4046;141;10;13;10;0
45091;182;156;10;13;10;0
45092;170;156;10;13;10;0
45093;158;156;10;13;10;0
45094;146;156;10;13;10;0
45095;134;156;10;13;10;0
45096;122;156;10;13;10;0
45097;110;156;10;13;10;0
45098;98;156;10;13;10;0
45099;86;156;10;13;10;0
45100;74;156;10;13;10;0
45101;62;156;10;13;10;0
45102;50;156;10;13;10;0
45103;38;156;10;13;10;0
45104;26;156;10;13;10;0
45105;14;156;10;13;10;0
45106;2;156;10;13;10;0
45107;4082;141;10;13;10;0
45108;4070;141;10;13;10;0
45109;4058;141;10;13;10;0
45110;3770;141;10;13;10;0
45111;4022;141;10;13;10;0
45112;3758;141;10;13;10;0
45113;3470;141;10;13;10;0
45114;3446;141;10;13;10;0
45115;3434;141;10;13;10;0
45116;3422;141;10;13;10;0
45117;3410;141;10;13;10;0
45118;3398;141;10;13;10;0
45119;3386;141;10;13;10;0
45120;3374;141;10;13;10;0
45121;3362;141;10;13;10;0
45122;3350;141;10;13;10;0
45123;3338;141;10;13;10;0
45124;3326;141;10;13;10;0
45125;3314;141;10;13;10;0
45126;3302;141;10;13;10;0
45127;3290;141;10;13;10;0
45128;3278;141;10;13;10;0
45129;3266;141;10;13;10;0
45130;3254;141;10;13;10;0
45131;3242;141;10;13;10;0
45132;3230;141;10;13;10;0
45133;3458;141;10;13;10;0
45134;3482;141;10;13;10;0
45135;3734;141;10;13;10;0
45136;3494;141;10;13;10;0
45137;3722;141;10;13;10;0
45138;3710;141;10;13;10;0
45139;3698;141;10;13;10;0
45140;3686;141;10;13;10;0
45141;3674;141;10;13;10;0
45142;3662;141;10;13;10;0
45143;3650;141;10;13;10;0
45144;3638;141;10;13;10;0
45145;3626;141;10;13;10;0
45146;3614;141;10;13;10;0
45147;3602;141;10;13;10;0
45148;3590;141;10;13;10;0
45149;3578;141;10;13;10;0
45150;3566;141;10;13;10;0
45151;3554;141;10;13;10;0
45152;3542;141;10;13;10;0
45153;3530;141;10;13;10;0
45154;3518;141;10;13;10;0
45155;3506;141;10;13;10;0
45156;3746;141;10;13;10;0
45157;206;156;10;13;10;0
45158;218;156;10;13;10;0
45159;230;156;10;13;10;0
45160;1010;156;10;13;10;0
45161;998;156;10;13;10;0
45162;986;156;10;13;10;0
45163;974;156;10;13;10;0
45164;962;156;10;13;10;0
45165;950;156;10;13;10;0
45166;938;156;10;13;10;0
45167;926;156;10;13;10;0
45168;914;156;10;13;10;0
45169;902;156;10;13;10;0
45170;890;156;10;13;10;0
45171;878;156;10;13;10;0
45172;866;156;10;13;10;0
45173;854;156;10;13;10;0
45174;842;156;10;13;10;0
45175;830;156;10;13;10;0
45176;818;156;10;13;10;0
45177;806;156;10;13;10;0
45178;794;156;10;13;10;0
45179;1022;156;10;13;10;0
45180;1034;156;10;13;10;0
45181;1046;156;10;13;10;0
45182;1058;156;10;13;10;0
45183;1298;156;10;13;10;0
45184;1286;156;10;13;10;0
45185;1274;156;10;13;10;0
45186;1262;156;10;13;10;0
45187;1250;156;10;13;10;0
45188;1238;156;10;13;10;0
45189;1226;156;10;13;10;0
45190;1214;156;10;13;10;0
45191;1202;156;10;13;10;0
45192;1310;156;10;13;10;0
45193;1190;156;10;13;10;0
45194;1166;156;10;13;10;0
45195;1154;156;10;13;10;0
45196;1142;156;10;13;10;0
45197;1130;156;10;13;10;0
45198;1118;156;10;13;10;0
45199;1106;156;10;13;10;0
45200;1094;156;10;13;10;0
45201;1082;156;10;13;10;0
45202;1070;156;10;13;10;0
45203;782;156;10;13;10;0
45204;770;156;10;13;10;0
45205;758;156;10;13;10;0
45206;482;156;10;13;10;0
45207;458;156;10;13;10;0
45208;446;156;10;13;10;0
45209;434;156;10;13;10;0
45210;422;156;10;13;10;0
45211;410;156;10;13;10;0
45212;398;156;10;13;10;0
45213;386;156;10;13;10;0
45214;374;156;10;13;10;0
45215;362;156;10;13;10;0
45216;350;156;10;13;10;0
45217;338;156;10;13;10;0
45218;326;156;10;13;10;0
45219;314;156;10;13;10;0
45220;302;156;10;13;10;0
45221;290;156;10;13;10;0
45222;278;156;10;13;10;0
45223;266;156;10;13;10;0
45224;254;156;10;13;10;0
45225;242;156;10;13;10;0
45226;470;156;10;13;10;0
45227;494;156;10;13;10;0
45228;746;156;10;13;10;0
45229;506;156;10;13;10;0
45230;734;156;10;13;10;0
45231;722;156;10;13;10;0
45232;710;156;10;13;10;0
45233;698;156;10;13;10;0
45234;686;156;10;13;10;0
45235;674;156;10;13;10;0
45236;662;156;10;13;10;0
45237;650;156;10;13;10;0
45238;638;156;10;13;10;0
45239;626;156;10;13;10;0
45240;614;156;10;13;10;0
45241;602;156;10;13;10;0
45242;590;156;10;13;10;0
45243;578;156;10;13;10;0
45244;566;156;10;13;10;0
45245;554;156;10;13;10;0
45246;542;156;10;13;10;0
45247;530;156;10;13;10;0
45248;518;156;10;13;10;0
45249;3554;156;10;13;10;0
45250;170;201;10;13;10;0
45251;182;201;10;13;10;0
45252;194;201;10;13;10;0
45253;3902;231;10;13;10;0
45254;3890;231;10;13;10;0
45255;3878;231;10;13;10;0
45256;3866;231;10;13;10;0
45257;3854;231;10;13;10;0
45258;3842;231;10;13;10;0
45259;3830;231;10;13;10;0
45260;3818;231;10;13;10;0
45261;3806;231;10;13;10;0
45262;3794;231;10;13;10;0
45263;3782;231;10;13;10;0
45264;3770;231;10;13;10;0
45265;3758;231;10;13;10;0
45266;3746;231;10;13;10;0
45267;3734;231;10;13;10;0
45268;3722;231;10;13;10;0
45269;3710;231;10;13;10;0
45270;3698;231;10;13;10;0
45271;3686;231;10;13;10;0
45272;3914;231;10;13;10;0
45273;3926;231;10;13;10;0
45274;3938;231;10;13;10;0
45275;3950;231;10;13;10;0
45276;98;246;10;13;10;0
45277;86;246;10;13;10;0
45278;74;246;10;13;10;0
45279;62;246;10;13;10;0
45280;50;246;10;13;10;0
45281;38;246;10;13;10;0
45282;26;246;10;13;10;0
45283;14;246;10;13;10;0
45284;2;246;10;13;10;0
45285;110;246;10;13;10;0
45286;4082;231;10;13;10;0
45287;4058;231;10;13;10;0
45288;4046;231;10;13;10;0
45289;4034;231;10;13;10;0
45290;4022;231;10;13;10;0
45291;4010;231;10;13;10;0
45292;3998;231;10;13;10;0
45293;3986;231;10;13;10;0
45294;3974;231;10;13;10;0
45295;3962;231;10;13;10;0
45296;3674;231;10;13;10;0
45297;3662;231;10;13;10;0
45298;3650;231;10;13;10;0
45299;3374;231;10;13;10;0
45300;3350;231;10;13;10;0
45301;3338;231;10;13;10;0
45302;3326;231;10;13;10;0
45303;3314;231;10;13;10;0
45304;3302;231;10;13;10;0
45305;3290;231;10;13;10;0
45306;3278;231;10;13;10;0
45307;3266;231;10;13;10;0
45308;3254;231;10;13;10;0
45309;3242;231;10;13;10;0
45310;3230;231;10;13;10;0
45311;3218;231;10;13;10;0
45312;3206;231;10;13;10;0
45313;3194;231;10;13;10;0
45314;3182;231;10;13;10;0
45315;3170;231;10;13;10;0
45316;3158;231;10;13;10;0
45317;3146;231;10;13;10;0
45318;3134;231;10;13;10;0
45319;3362;231;10;13;10;0
45320;3386;231;10;13;10;0
45321;3638;231;10;13;10;0
45322;3398;231;10;13;10;0
45323;3626;231;10;13;10;0
45324;3614;231;10;13;10;0
45325;3602;231;10;13;10;0
45326;3590;231;10;13;10;0
45327;3578;231;10;13;10;0
45328;3566;231;10;13;10;0
45329;3554;231;10;13;10;0
45330;3542;231;10;13;10;0
45331;3530;231;10;13;10;0
45332;3518;231;10;13;10;0
45333;3506;231;10;13;10;0
45334;3494;231;10;13;10;0
45335;3482;231;10;13;10;0
45336;3470;231;10;13;10;0
45337;3458;231;10;13;10;0
45338;3446;231;10;13;10;0
45339;3434;231;10;13;10;0
45340;3422;231;10;13;10;0
45341;3410;231;10;13;10;0
45342;4070;231;10;13;10;0
45343;134;246;10;13;10;0
45344;1094;246;10;13;10;0
45345;146;246;10;13;10;0
45346;926;246;10;13;10;0
45347;914;246;10;13;10;0
45348;902;246;10;13;10;0
45349;890;246;10;13;10;0
45350;878;246;10;13;10;0
45351;866;246;10;13;10;0
45352;854;246;10;13;10;0
45353;842;246;10;13;10;0
45354;830;246;10;13;10;0
45355;818;246;10;13;10;0
45356;806;246;10;13;10;0
45357;794;246;10;13;10;0
45358;782;246;10;13;10;0
45359;770;246;10;13;10;0
45360;758;246;10;13;10;0
45361;746;246;10;13;10;0
45362;734;246;10;13;10;0
45363;722;246;10;13;10;0
45364;710;246;10;13;10;0
45365;938;246;10;13;10;0
45366;950;246;10;13;10;0
45367;962;246;10;13;10;0
45368;974;246;10;13;10;0
45369;1214;246;10;13;10;0
45370;1202;246;10;13;10;0
45371;1190;246;10;13;10;0
45372;1178;246;10;13;10;0
45373;1166;246;10;13;10;0
45374;1154;246;10;13;10;0
45375;1142;246;10;13;10;0
45376;1130;246;10;13;10;0
45377;1118;246;10;13;10;0
45378;1226;246;10;13;10;0
45379;1106;246;10;13;10;0
45380;1082;246;10;13;10;0
45381;1070;246;10;13;10;0
45382;1058;246;10;13;10;0
45383;1046;246;10;13;10;0
45384;1034;246;10;13;10;0
45385;1022;246;10;13;10;0
45386;1010;246;10;13;10;0
45387;998;246;10;13;10;0
45388;986;246;10;13;10;0
45389;698;246;10;13;10;0
45390;686;246;10;13;10;0
45391;674;246;10;13;10;0
45392;398;246;10;13;10;0
45393;374;246;10;13;10;0
45394;362;246;10;13;10;0
45395;350;246;10;13;10;0
45396;338;246;10;13;10;0
45397;326;246;10;13;10;0
45398;314;246;10;13;10;0
45399;302;246;10;13;10;0
45400;290;246;10;13;10;0
45401;278;246;10;13;10;0
45402;266;246;10;13;10;0
45403;254;246;10;13;10;0
45404;242;246;10;13;10;0
45405;230;246;10;13;10;0
45406;218;246;10;13;10;0
45407;206;246;10;13;10;0
45408;194;246;10;13;10;0
45409;182;246;10;13;10;0
45410;170;246;10;13;10;0
45411;158;246;10;13;10;0
45412;386;246;10;13;10;0
45413;410;246;10;13;10;0
45414;662;246;10;13;10;0
45415;422;246;10;13;10;0
45416;650;246;10;13;10;0
45417;638;246;10;13;10;0
45418;626;246;10;13;10;0
45419;614;246;10;13;10;0
45420;602;246;10;13;10;0
45421;590;246;10;13;10;0
45422;578;246;10;13;10;0
45423;566;246;10;13;10;0
45424;554;246;10;13;10;0
45425;542;246;10;13;10;0
45426;530;246;10;13;10;0
45427;518;246;10;13;10;0
45428;506;246;10;13;10;0
45429;494;246;10;13;10;0
45430;482;246;10;13;10;0
45431;470;246;10;13;10;0
45432;458;246;10;13;10;0
45433;446;246;10;13;10;0
45434;434;246;10;13;10;0
45435;3122;231;10;13;10;0
45436;3110;231;10;13;10;0
45437;3098;231;10;13;10;0
45438;2954;231;10;13;10;0
45439;1682;231;10;13;10;0
45440;1670;231;10;13;10;0
45441;1658;231;10;13;10;0
45442;1646;231;10;13;10;0
45443;1634;231;10;13;10;0
45444;1622;231;10;13;10;0
45445;1610;231;10;13;10;0
45446;1598;231;10;13;10;0
45447;1586;231;10;13;10;0
45448;1574;231;10;13;10;0
45449;1562;231;10;13;10;0
45450;1550;231;10;13;10;0
45451;1538;231;10;13;10;0
45452;1526;231;10;13;10;0
45453;1514;231;10;13;10;0
45454;1502;231;10;13;10;0
45455;1490;231;10;13;10;0
45456;1478;231;10;13;10;0
45457;1466;231;10;13;10;0
45458;1694;231;10;13;10;0
45459;1718;231;10;13;10;0
45460;1970;231;10;13;10;0
45461;1730;231;10;13;10;0
45462;1958;231;10;13;10;0
45463;1946;231;10;13;10;0
45464;1934;231;10;13;10;0
45465;1922;231;10;13;10;0
45466;1910;231;10;13;10;0
45467;1898;231;10;13;10;0
45468;1886;231;10;13;10;0
45469;1874;231;10;13;10;0
45470;1862;231;10;13;10;0
45471;1850;231;10;13;10;0
45472;1838;231;10;13;10;0
45473;1826;231;10;13;10;0
45474;1814;231;10;13;10;0
45475;1802;231;10;13;10;0
45476;1790;231;10;13;10;0
45477;1778;231;10;13;10;0
45478;1766;231;10;13;10;0
45479;1754;231;10;13;10;0
45480;1742;231;10;13;10;0
45481;1454;231;10;13;10;0
45482;1706;231;10;13;10;0
45483;1442;231;10;13;10;0
45484;1154;231;10;13;10;0
45485;1130;231;10;13;10;0
45486;1118;231;10;13;10;0
45487;1106;231;10;13;10;0
45488;1094;231;10;13;10;0
45489;1082;231;10;13;10;0
45490;1070;231;10;13;10;0
45491;1058;231;10;13;10;0
45492;1046;231;10;13;10;0
45493;1034;231;10;13;10;0
45494;1022;231;10;13;10;0
45495;1010;231;10;13;10;0
45496;998;231;10;13;10;0
45497;986;231;10;13;10;0
45498;974;231;10;13;10;0
45499;962;231;10;13;10;0
45500;950;231;10;13;10;0
45501;938;231;10;13;10;0
45502;926;231;10;13;10;0
45503;914;231;10;13;10;0
45504;1142;231;10;13;10;0
45505;1166;231;10;13;10;0
45506;1418;231;10;13;10;0
45507;1178;231;10;13;10;0
45508;1406;231;10;13;10;0
45509;1394;231;10;13;10;0
45510;1382;231;10;13;10;0
45511;1370;231;10;13;10;0
45512;1358;231;10;13;10;0
45513;1346;231;10;13;10;0
45514;1334;231;10;13;10;0
45515;1322;231;10;13;10;0
45516;1310;231;10;13;10;0
45517;1298;231;10;13;10;0
45518;1286;231;10;13;10;0
45519;1274;231;10;13;10;0
45520;1262;231;10;13;10;0
45521;1250;231;10;13;10;0
45522;1238;231;10;13;10;0
45523;1226;231;10;13;10;0
45524;1214;231;10;13;10;0
45525;1202;231;10;13;10;0
45526;1190;231;10;13;10;0
45527;1430;231;10;13;10;0
45528;1982;231;10;13;10;0
45529;1994;231;10;13;10;0
45530;2006;231;10;13;10;0
45531;2786;231;10;13;10;0
45532;2774;231;10;13;10;0
45533;2762;231;10;13;10;0
45534;2750;231;10;13;10;0
45535;2738;231;10;13;10;0
45536;2726;231;10;13;10;0
45537;2714;231;10;13;10;0
45538;2702;231;10;13;10;0
45539;2690;231;10;13;10;0
45540;2678;231;10;13;10;0
45541;2666;231;10;13;10;0
45542;2654;231;10;13;10;0
45543;2642;231;10;13;10;0
45544;2630;231;10;13;10;0
45545;2618;231;10;13;10;0
45546;2606;231;10;13;10;0
45547;2594;231;10;13;10;0
45548;2582;231;10;13;10;0
45549;2570;231;10;13;10;0
45550;2798;231;10;13;10;0
45551;2810;231;10;13;10;0
45552;2822;231;10;13;10;0
45553;2834;231;10;13;10;0
45554;3074;231;10;13;10;0
45555;3062;231;10;13;10;0
45556;3050;231;10;13;10;0
45557;3038;231;10;13;10;0
45558;3026;231;10;13;10;0
45559;3014;231;10;13;10;0
45560;3002;231;10;13;10;0
45561;2990;231;10;13;10;0
45562;2978;231;10;13;10;0
45563;3086;231;10;13;10;0
45564;2966;231;10;13;10;0
45565;2942;231;10;13;10;0
45566;2930;231;10;13;10;0
45567;2918;231;10;13;10;0
45568;2906;231;10;13;10;0
45569;2894;231;10;13;10;0
45570;2882;231;10;13;10;0
45571;2870;231;10;13;10;0
45572;2858;231;10;13;10;0
45573;2846;231;10;13;10;0
45574;2558;231;10;13;10;0
45575;2546;231;10;13;10;0
45576;2534;231;10;13;10;0
45577;2258;231;10;13;10;0
45578;2234;231;10;13;10;0
45579;2222;231;10;13;10;0
45580;2210;231;10;13;10;0
45581;2198;231;10;13;10;0
45582;2186;231;10;13;10;0
45583;2174;231;10;13;10;0
45584;2162;231;10;13;10;0
45585;2150;231;10;13;10;0
45586;2138;231;10;13;10;0
45587;2126;231;10;13;10;0
45588;2114;231;10;13;10;0
45589;2102;231;10;13;10;0
45590;2090;231;10;13;10;0
45591;2078;231;10;13;10;0
45592;2066;231;10;13;10;0
45593;2054;231;10;13;10;0
45594;2042;231;10;13;10;0
45595;2030;231;10;13;10;0
45596;2018;231;10;13;10;0
45597;2246;231;10;13;10;0
45598;2270;231;10;13;10;0
45599;2522;231;10;13;10;0
45600;2282;231;10;13;10;0
45601;2510;231;10;13;10;0
45602;2498;231;10;13;10;0
45603;2486;231;10;13;10;0
45604;2474;231;10;13;10;0
45605;2462;231;10;13;10;0
45606;2450;231;10;13;10;0
45607;2438;231;10;13;10;0
45608;2426;231;10;13;10;0
45609;2414;231;10;13;10;0
45610;2402;231;10;13;10;0
45611;2390;231;10;13;10;0
45612;2378;231;10;13;10;0
45613;2366;231;10;13;10;0
45614;2354;231;10;13;10;0
45615;2342;231;10;13;10;0
45616;2330;231;10;13;10;0
45617;2318;231;10;13;10;0
45618;2306;231;10;13;10;0
45619;2294;231;10;13;10;0
45620;122;246;10;13;10;0
45621;1250;246;10;13;10;0
45622;482;261;10;13;10;0
45623;1262;246;10;13;10;0
45624;170;261;10;13;10;0
45625;158;261;10;13;10;0
45626;146;261;10;13;10;0
45627;134;261;10;13;10;0
45628;122;261;10;13;10;0
45629;110;261;10;13;10;0
45630;98;261;10;13;10;0
45631;86;261;10;13;10;0
45632;74;261;10;13;10;0
45633;62;261;10;13;10;0
45634;50;261;10;13;10;0
45635;38;261;10;13;10;0
45636;26;261;10;13;10;0
45637;14;261;10;13;10;0
45638;2;261;10;13;10;0
45639;4082;246;10;13;10;0
45640;4070;246;10;13;10;0
45641;4058;246;10;13;10;0
45642;4046;246;10;13;10;0
45643;182;261;10;13;10;0
45644;194;261;10;13;10;0
45645;206;261;10;13;10;0
45646;218;261;10;13;10;0
45647;458;261;10;13;10;0
45648;446;261;10;13;10;0
45649;434;261;10;13;10;0
45650;422;261;10;13;10;0
45651;410;261;10;13;10;0
45652;398;261;10;13;10;0
45653;386;261;10;13;10;0
45654;374;261;10;13;10;0
45655;362;261;10;13;10;0
45656;470;261;10;13;10;0
45657;350;261;10;13;10;0
45658;326;261;10;13;10;0
45659;314;261;10;13;10;0
45660;302;261;10;13;10;0
45661;290;261;10;13;10;0
45662;278;261;10;13;10;0
45663;266;261;10;13;10;0
45664;254;261;10;13;10;0
45665;242;261;10;13;10;0
45666;230;261;10;13;10;0
45667;4034;246;10;13;10;0
45668;4022;246;10;13;10;0
45669;4010;246;10;13;10;0
45670;3734;246;10;13;10;0
45671;3710;246;10;13;10;0
45672;3698;246;10;13;10;0
45673;3686;246;10;13;10;0
45674;3674;246;10;13;10;0
45675;3662;246;10;13;10;0
45676;3650;246;10;13;10;0
45677;3638;246;10;13;10;0
45678;3626;246;10;13;10;0
45679;3614;246;10;13;10;0
45680;3602;246;10;13;10;0
45681;3590;246;10;13;10;0
45682;3578;246;10;13;10;0
45683;3566;246;10;13;10;0
45684;3554;246;10;13;10;0
45685;3542;246;10;13;10;0
45686;3530;246;10;13;10;0
45687;3518;246;10;13;10;0
45688;3506;246;10;13;10;0
45689;3494;246;10;13;10;0
45690;3722;246;10;13;10;0
45691;3746;246;10;13;10;0
45692;3998;246;10;13;10;0
45693;3758;246;10;13;10;0
45694;3986;246;10;13;10;0
45695;3974;246;10;13;10;0
45696;3962;246;10;13;10;0
45697;3950;246;10;13;10;0
45698;3938;246;10;13;10;0
45699;3926;246;10;13;10;0
45700;3914;246;10;13;10;0
45701;3902;246;10;13;10;0
45702;3890;246;10;13;10;0
45703;3878;246;10;13;10;0
45704;3866;246;10;13;10;0
45705;3854;246;10;13;10;0
45706;3842;246;10;13;10;0
45707;3830;246;10;13;10;0
45708;3818;246;10;13;10;0
45709;3806;246;10;13;10;0
45710;3794;246;10;13;10;0
45711;3782;246;10;13;10;0
45712;3770;246;10;13;10;0
45713;338;261;10;13;10;0
45714;494;261;10;13;10;0
45715;1454;261;10;13;10;0
45716;506;261;10;13;10;0
45717;1286;261;10;13;10;0
45718;1274;261;10;13;10;0
45719;1262;261;10;13;10;0
45720;1250;261;10;13;10;0
45721;1238;261;10;13;10;0
45722;1226;261;10;13;10;0
45723;1214;261;10;13;10;0
45724;1202;261;10;13;10;0
45725;1190;261;10;13;10;0
45726;1178;261;10;13;10;0
45727;1166;261;10;13;10;0
45728;1154;261;10;13;10;0
45729;1142;261;10;13;10;0
45730;1130;261;10;13;10;0
45731;1118;261;10;13;10;0
45732;1106;261;10;13;10;0
45733;1094;261;10;13;10;0
45734;1082;261;10;13;10;0
45735;1070;261;10;13;10;0
45736;1298;261;10;13;10;0
45737;1310;261;10;13;10;0
45738;1322;261;10;13;10;0
45739;1334;261;10;13;10;0
45740;1574;261;10;13;10;0
45741;1562;261;10;13;10;0
45742;1550;261;10;13;10;0
45743;1538;261;10;13;10;0
45744;1526;261;10;13;10;0
45745;1514;261;10;13;10;0
45746;1502;261;10;13;10;0
45747;1490;261;10;13;10;0
45748;1478;261;10;13;10;0
45749;1586;261;10;13;10;0
45750;1466;261;10;13;10;0
45751;1442;261;10;13;10;0
45752;1430;261;10;13;10;0
45753;1418;261;10;13;10;0
45754;1406;261;10;13;10;0
45755;1394;261;10;13;10;0
45756;1382;261;10;13;10;0
45757;1370;261;10;13;10;0
45758;1358;261;10;13;10;0
45759;1346;261;10;13;10;0
45760;1058;261;10;13;10;0
45761;1046;261;10;13;10;0
45762;1034;261;10;13;10;0
45763;758;261;10;13;10;0
45764;734;261;10;13;10;0
45765;722;261;10;13;10;0
45766;710;261;10;13;10;0
45767;698;261;10;13;10;0
45768;686;261;10;13;10;0
45769;674;261;10;13;10;0
45770;662;261;10;13;10;0
45771;650;261;10;13;10;0
45772;638;261;10;13;10;0
45773;626;261;10;13;10;0
45774;614;261;10;13;10;0
45775;602;261;10;13;10;0
45776;590;261;10;13;10;0
45777;578;261;10;13;10;0
45778;566;261;10;13;10;0
45779;554;261;10;13;10;0
45780;542;261;10;13;10;0
45781;530;261;10;13;10;0
45782;518;261;10;13;10;0
45783;746;261;10;13;10;0
45784;770;261;10;13;10;0
45785;1022;261;10;13;10;0
45786;782;261;10;13;10;0
45787;1010;261;10;13;10;0
45788;998;261;10;13;10;0
45789;986;261;10;13;10;0
45790;974;261;10;13;10;0
45791;962;261;10;13;10;0
45792;950;261;10;13;10;0
45793;938;261;10;13;10;0
45794;926;261;10;13;10;0
45795;914;261;10;13;10;0
45796;902;261;10;13;10;0
45797;890;261;10;13;10;0
45798;878;261;10;13;10;0
45799;866;261;10;13;10;0
45800;854;261;10;13;10;0
45801;842;261;10;13;10;0
45802;830;261;10;13;10;0
45803;818;261;10;13;10;0
45804;806;261;10;13;10;0
45805;794;261;10;13;10;0
45806;3482;246;10;13;10;0
45807;3470;246;10;13;10;0
45808;3458;246;10;13;10;0
45809;3314;246;10;13;10;0
45810;2042;246;10;13;10;0
45811;2030;246;10;13;10;0
45812;2018;246;10;13;10;0
45813;2006;246;10;13;10;0
45814;1994;246;10;13;10;0
45815;1982;246;10;13;10;0
45816;1970;246;10;13;10;0
45817;1958;246;10;13;10;0
45818;1946;246;10;13;10;0
45819;1934;246;10;13;10;0
45820;1922;246;10;13;10;0
45821;1910;246;10;13;10;0
45822;1898;246;10;13;10;0
45823;1886;246;10;13;10;0
45824;1874;246;10;13;10;0
45825;1862;246;10;13;10;0
45826;1850;246;10;13;10;0
45827;1838;246;10;13;10;0
45828;1826;246;10;13;10;0
45829;2054;246;10;13;10;0
45830;2078;246;10;13;10;0
45831;2330;246;10;13;10;0
45832;2090;246;10;13;10;0
45833;2318;246;10;13;10;0
45834;2306;246;10;13;10;0
45835;2294;246;10;13;10;0
45836;2282;246;10;13;10;0
45837;2270;246;10;13;10;0
45838;2258;246;10;13;10;0
45839;2246;246;10;13;10;0
45840;2234;246;10;13;10;0
45841;2222;246;10;13;10;0
45842;2210;246;10;13;10;0
45843;2198;246;10;13;10;0
45844;2186;246;10;13;10;0
45845;2174;246;10;13;10;0
45846;2162;246;10;13;10;0
45847;2150;246;10;13;10;0
45848;2138;246;10;13;10;0
45849;2126;246;10;13;10;0
45850;2114;246;10;13;10;0
45851;2102;246;10;13;10;0
45852;1814;246;10;13;10;0
45853;2066;246;10;13;10;0
45854;1802;246;10;13;10;0
45855;1514;246;10;13;10;0
45856;1490;246;10;13;10;0
45857;1478;246;10;13;10;0
45858;1466;246;10;13;10;0
45859;1454;246;10;13;10;0
45860;1442;246;10;13;10;0
45861;1430;246;10;13;10;0
45862;1418;246;10;13;10;0
45863;1406;246;10;13;10;0
45864;1394;246;10;13;10;0
45865;1382;246;10;13;10;0
45866;1370;246;10;13;10;0
45867;1358;246;10;13;10;0
45868;1346;246;10;13;10;0
45869;1334;246;10;13;10;0
45870;1322;246;10;13;10;0
45871;1310;246;10;13;10;0
45872;1298;246;10;13;10;0
45873;1286;246;10;13;10;0
45874;1274;246;10;13;10;0
45875;1502;246;10;13;10;0
45876;1526;246;10;13;10;0
45877;1778;246;10;13;10;0
45878;1538;246;10;13;10;0
45879;1766;246;10;13;10;0
45880;1754;246;10;13;10;0
45881;1742;246;10;13;10;0
45882;1730;246;10;13;10;0
45883;1718;246;10;13;10;0
45884;1706;246;10;13;10;0
45885;1694;246;10;13;10;0
45886;1682;246;10;13;10;0
45887;1670;246;10;13;10;0
45888;1658;246;10;13;10;0
45889;1646;246;10;13;10;0
45890;1634;246;10;13;10;0
45891;1622;246;10;13;10;0
45892;1610;246;10;13;10;0
45893;1598;246;10;13;10;0
45894;1586;246;10;13;10;0
45895;1574;246;10;13;10;0
45896;1562;246;10;13;10;0
45897;1550;246;10;13;10;0
45898;1790;246;10;13;10;0
45899;2342;246;10;13;10;0
45900;2354;246;10;13;10;0
45901;2366;246;10;13;10;0
45902;3146;246;10;13;10;0
45903;3134;246;10;13;10;0
45904;3122;246;10;13;10;0
45905;3110;246;10;13;10;0
45906;3098;246;10;13;10;0
45907;3086;246;10;13;10;0
45908;3074;246;10;13;10;0
45909;3062;246;10;13;10;0
45910;3050;246;10;13;10;0
45911;3038;246;10;13;10;0
45912;3026;246;10;13;10;0
45913;3014;246;10;13;10;0
45914;3002;246;10;13;10;0
45915;2990;246;10;13;10;0
45916;2978;246;10;13;10;0
45917;2966;246;10;13;10;0
45918;2954;246;10;13;10;0
45919;2942;246;10;13;10;0
45920;2930;246;10;13;10;0
45921;3158;246;10;13;10;0
45922;3170;246;10;13;10;0
45923;3182;246;10;13;10;0
45924;3194;246;10;13;10;0
45925;3434;246;10;13;10;0
45926;3422;246;10;13;10;0
45927;3410;246;10;13;10;0
45928;3398;246;10;13;10;0
45929;3386;246;10;13;10;0
45930;3374;246;10;13;10;0
45931;3362;246;10;13;10;0
45932;3350;246;10;13;10;0
45933;3338;246;10;13;10;0
45934;3446;246;10;13;10;0
45935;3326;246;10;13;10;0
45936;3302;246;10;13;10;0
45937;3290;246;10;13;10;0
45938;3278;246;10;13;10;0
45939;3266;246;10;13;10;0
45940;3254;246;10;13;10;0
45941;3242;246;10;13;10;0
45942;3230;246;10;13;10;0
45943;3218;246;10;13;10;0
45944;3206;246;10;13;10;0
45945;2918;246;10;13;10;0
45946;2906;246;10;13;10;0
45947;2894;246;10;13;10;0
45948;2618;246;10;13;10;0
45949;2594;246;10;13;10;0
45950;2582;246;10;13;10;0
45951;2570;246;10;13;10;0
45952;2558;246;10;13;10;0
45953;2546;246;10;13;10;0
45954;2534;246;10;13;10;0
45955;2522;246;10;13;10;0
45956;2510;246;10;13;10;0
45957;2498;246;10;13;10;0
45958;2486;246;10;13;10;0
45959;2474;246;10;13;10;0
45960;2462;246;10;13;10;0
45961;2450;246;10;13;10;0
45962;2438;246;10;13;10;0
45963;2426;246;10;13;10;0
45964;2414;246;10;13;10;0
45965;2402;246;10;13;10;0
45966;2390;246;10;13;10;0
45967;2378;246;10;13;10;0
45968;2606;246;10;13;10;0
45969;2630;246;10;13;10;0
45970;2882;246;10;13;10;0
45971;2642;246;10;13;10;0
45972;2870;246;10;13;10;0
45973;2858;246;10;13;10;0
45974;2846;246;10;13;10;0
45975;2834;246;10;13;10;0
45976;2822;246;10;13;10;0
45977;2810;246;10;13;10;0
45978;2798;246;10;13;10;0
45979;2786;246;10;13;10;0
45980;2774;246;10;13;10;0
45981;2762;246;10;13;10;0
45982;2750;246;10;13;10;0
45983;2738;246;10;13;10;0
45984;2726;246;10;13;10;0
45985;2714;246;10;13;10;0
45986;2702;246;10;13;10;0
45987;2690;246;10;13;10;0
45988;2678;246;10;13;10;0
45989;2666;246;10;13;10;0
45990;2654;246;10;13;10;0
45991;902;231;10;13;10;0
45992;890;231;10;13;10;0
45993;878;231;10;13;10;0
45994;3854;216;10;13;10;0
45995;3194;201;10;13;10;0
45996;3182;201;10;13;10;0
45997;3170;201;10;13;10;0
45998;3158;201;10;13;10;0
45999;3146;201;10;13;10;0
46000;3134;201;10;13;10;0
46001;3122;201;10;13;10;0
46002;3110;201;10;13;10;0
46003;3098;201;10;13;10;0
46004;3086;201;10;13;10;0
46005;3074;201;10;13;10;0
46006;3062;201;10;13;10;0
46007;3050;201;10;13;10;0
46008;3038;201;10;13;10;0
46009;3026;201;10;13;10;0
46010;3014;201;10;13;10;0
46011;3002;201;10;13;10;0
46012;2990;201;10;13;10;0
46013;2978;201;10;13;10;0
46014;3206;201;10;13;10;0
46015;3230;201;10;13;10;0
46016;3482;201;10;13;10;0
46017;3242;201;10;13;10;0
46018;3470;201;10;13;10;0
46019;3458;201;10;13;10;0
46020;3446;201;10;13;10;0
46021;3434;201;10;13;10;0
46022;3422;201;10;13;10;0
46023;3410;201;10;13;10;0
46024;3398;201;10;13;10;0
46025;3386;201;10;13;10;0
46026;3374;201;10;13;10;0
46027;3362;201;10;13;10;0
46028;3350;201;10;13;10;0
46029;3338;201;10;13;10;0
46030;3326;201;10;13;10;0
46031;3314;201;10;13;10;0
46032;3302;201;10;13;10;0
46033;3290;201;10;13;10;0
46034;3278;201;10;13;10;0
46035;3266;201;10;13;10;0
46036;3254;201;10;13;10;0
46037;2966;201;10;13;10;0
46038;3218;201;10;13;10;0
46039;2954;201;10;13;10;0
46040;2666;201;10;13;10;0
46041;2642;201;10;13;10;0
46042;2630;201;10;13;10;0
46043;2618;201;10;13;10;0
46044;2606;201;10;13;10;0
46045;2594;201;10;13;10;0
46046;2582;201;10;13;10;0
46047;2570;201;10;13;10;0
46048;2558;201;10;13;10;0
46049;2546;201;10;13;10;0
46050;2534;201;10;13;10;0
46051;2522;201;10;13;10;0
46052;2510;201;10;13;10;0
46053;2498;201;10;13;10;0
46054;2486;201;10;13;10;0
46055;2474;201;10;13;10;0
46056;2462;201;10;13;10;0
46057;2450;201;10;13;10;0
46058;2438;201;10;13;10;0
46059;2426;201;10;13;10;0
46060;2654;201;10;13;10;0
46061;2678;201;10;13;10;0
46062;2930;201;10;13;10;0
46063;2690;201;10;13;10;0
46064;2918;201;10;13;10;0
46065;2906;201;10;13;10;0
46066;2894;201;10;13;10;0
46067;2882;201;10;13;10;0
46068;2870;201;10;13;10;0
46069;2858;201;10;13;10;0
46070;2846;201;10;13;10;0
46071;2834;201;10;13;10;0
46072;2822;201;10;13;10;0
46073;2810;201;10;13;10;0
46074;2798;201;10;13;10;0
46075;2786;201;10;13;10;0
46076;2774;201;10;13;10;0
46077;2762;201;10;13;10;0
46078;2750;201;10;13;10;0
46079;2738;201;10;13;10;0
46080;2726;201;10;13;10;0
46081;2714;201;10;13;10;0
46082;2702;201;10;13;10;0
46083;2942;201;10;13;10;0
46084;3494;201;10;13;10;0
46085;3506;201;10;13;10;0
46086;3518;201;10;13;10;0
46087;206;216;10;13;10;0
46088;194;216;10;13;10;0
46089;182;216;10;13;10;0
46090;170;216;10;13;10;0
46091;158;216;10;13;10;0
46092;146;216;10;13;10;0
46093;134;216;10;13;10;0
46094;122;216;10;13;10;0
46095;110;216;10;13;10;0
46096;98;216;10;13;10;0
46097;86;216;10;13;10;0
46098;74;216;10;13;10;0
46099;62;216;10;13;10;0
46100;50;216;10;13;10;0
46101;38;216;10;13;10;0
46102;26;216;10;13;10;0
46103;14;216;10;13;10;0
46104;2;216;10;13;10;0
46105;4082;201;10;13;10;0
46106;218;216;10;13;10;0
46107;230;216;10;13;10;0
46108;242;216;10;13;10;0
46109;254;216;10;13;10;0
46110;494;216;10;13;10;0
46111;482;216;10;13;10;0
46112;470;216;10;13;10;0
46113;458;216;10;13;10;0
46114;446;216;10;13;10;0
46115;434;216;10;13;10;0
46116;422;216;10;13;10;0
46117;410;216;10;13;10;0
46118;398;216;10;13;10;0
46119;506;216;10;13;10;0
46120;386;216;10;13;10;0
46121;362;216;10;13;10;0
46122;350;216;10;13;10;0
46123;338;216;10;13;10;0
46124;326;216;10;13;10;0
46125;314;216;10;13;10;0
46126;302;216;10;13;10;0
46127;290;216;10;13;10;0
46128;278;216;10;13;10;0
46129;266;216;10;13;10;0
46130;4070;201;10;13;10;0
46131;4058;201;10;13;10;0
46132;4046;201;10;13;10;0
46133;3770;201;10;13;10;0
46134;3746;201;10;13;10;0
46135;3734;201;10;13;10;0
46136;3722;201;10;13;10;0
46137;3710;201;10;13;10;0
46138;3698;201;10;13;10;0
46139;3686;201;10;13;10;0
46140;3674;201;10;13;10;0
46141;3662;201;10;13;10;0
46142;3650;201;10;13;10;0
46143;3638;201;10;13;10;0
46144;3626;201;10;13;10;0
46145;3614;201;10;13;10;0
46146;3602;201;10;13;10;0
46147;3590;201;10;13;10;0
46148;3578;201;10;13;10;0
46149;3566;201;10;13;10;0
46150;3554;201;10;13;10;0
46151;3542;201;10;13;10;0
46152;3530;201;10;13;10;0
46153;3758;201;10;13;10;0
46154;3782;201;10;13;10;0
46155;4034;201;10;13;10;0
46156;3794;201;10;13;10;0
46157;4022;201;10;13;10;0
46158;4010;201;10;13;10;0
46159;3998;201;10;13;10;0
46160;3986;201;10;13;10;0
46161;3974;201;10;13;10;0
46162;3962;201;10;13;10;0
46163;3950;201;10;13;10;0
46164;3938;201;10;13;10;0
46165;3926;201;10;13;10;0
46166;3914;201;10;13;10;0
46167;3902;201;10;13;10;0
46168;3890;201;10;13;10;0
46169;3878;201;10;13;10;0
46170;3866;201;10;13;10;0
46171;3854;201;10;13;10;0
46172;3842;201;10;13;10;0
46173;3830;201;10;13;10;0
46174;3818;201;10;13;10;0
46175;3806;201;10;13;10;0
46176;2414;201;10;13;10;0
46177;374;216;10;13;10;0
46178;2402;201;10;13;10;0
46179;2246;201;10;13;10;0
46180;974;201;10;13;10;0
46181;962;201;10;13;10;0
46182;950;201;10;13;10;0
46183;938;201;10;13;10;0
46184;926;201;10;13;10;0
46185;914;201;10;13;10;0
46186;902;201;10;13;10;0
46187;890;201;10;13;10;0
46188;878;201;10;13;10;0
46189;866;201;10;13;10;0
46190;854;201;10;13;10;0
46191;842;201;10;13;10;0
46192;830;201;10;13;10;0
46193;818;201;10;13;10;0
46194;806;201;10;13;10;0
46195;794;201;10;13;10;0
46196;782;201;10;13;10;0
46197;770;201;10;13;10;0
46198;758;201;10;13;10;0
46199;986;201;10;13;10;0
46200;1010;201;10;13;10;0
46201;1262;201;10;13;10;0
46202;1022;201;10;13;10;0
46203;1250;201;10;13;10;0
46204;1238;201;10;13;10;0
46205;1226;201;10;13;10;0
46206;1214;201;10;13;10;0
46207;1202;201;10;13;10;0
46208;1190;201;10;13;10;0
46209;1178;201;10;13;10;0
46210;1166;201;10;13;10;0
46211;1154;201;10;13;10;0
46212;1142;201;10;13;10;0
46213;1130;201;10;13;10;0
46214;1118;201;10;13;10;0
46215;1106;201;10;13;10;0
46216;1094;201;10;13;10;0
46217;1082;201;10;13;10;0
46218;1070;201;10;13;10;0
46219;1058;201;10;13;10;0
46220;1046;201;10;13;10;0
46221;1034;201;10;13;10;0
46222;746;201;10;13;10;0
46223;998;201;10;13;10;0
46224;734;201;10;13;10;0
46225;446;201;10;13;10;0
46226;422;201;10;13;10;0
46227;410;201;10;13;10;0
46228;398;201;10;13;10;0
46229;386;201;10;13;10;0
46230;374;201;10;13;10;0
46231;362;201;10;13;10;0
46232;350;201;10;13;10;0
46233;338;201;10;13;10;0
46234;326;201;10;13;10;0
46235;314;201;10;13;10;0
46236;302;201;10;13;10;0
46237;290;201;10;13;10;0
46238;278;201;10;13;10;0
46239;266;201;10;13;10;0
46240;254;201;10;13;10;0
46241;242;201;10;13;10;0
46242;230;201;10;13;10;0
46243;218;201;10;13;10;0
46244;206;201;10;13;10;0
46245;434;201;10;13;10;0
46246;458;201;10;13;10;0
46247;710;201;10;13;10;0
46248;470;201;10;13;10;0
46249;698;201;10;13;10;0
46250;686;201;10;13;10;0
46251;674;201;10;13;10;0
46252;662;201;10;13;10;0
46253;650;201;10;13;10;0
46254;638;201;10;13;10;0
46255;626;201;10;13;10;0
46256;614;201;10;13;10;0
46257;602;201;10;13;10;0
46258;590;201;10;13;10;0
46259;578;201;10;13;10;0
46260;566;201;10;13;10;0
46261;554;201;10;13;10;0
46262;542;201;10;13;10;0
46263;530;201;10;13;10;0
46264;518;201;10;13;10;0
46265;506;201;10;13;10;0
46266;494;201;10;13;10;0
46267;482;201;10;13;10;0
46268;722;201;10;13;10;0
46269;1274;201;10;13;10;0
46270;1286;201;10;13;10;0
46271;1298;201;10;13;10;0
46272;2078;201;10;13;10;0
46273;2066;201;10;13;10;0
46274;2054;201;10;13;10;0
46275;2042;201;10;13;10;0
46276;2030;201;10;13;10;0
46277;2018;201;10;13;10;0
46278;2006;201;10;13;10;0
46279;1994;201;10;13;10;0
46280;1982;201;10;13;10;0
46281;1970;201;10;13;10;0
46282;1958;201;10;13;10;0
46283;1946;201;10;13;10;0
46284;1934;201;10;13;10;0
46285;1922;201;10;13;10;0
46286;1910;201;10;13;10;0
46287;1898;201;10;13;10;0
46288;1886;201;10;13;10;0
46289;1874;201;10;13;10;0
46290;1862;201;10;13;10;0
46291;2090;201;10;13;10;0
46292;2102;201;10;13;10;0
46293;2114;201;10;13;10;0
46294;2126;201;10;13;10;0
46295;2366;201;10;13;10;0
46296;2354;201;10;13;10;0
46297;2342;201;10;13;10;0
46298;2330;201;10;13;10;0
46299;2318;201;10;13;10;0
46300;2306;201;10;13;10;0
46301;2294;201;10;13;10;0
46302;2282;201;10;13;10;0
46303;2270;201;10;13;10;0
46304;2378;201;10;13;10;0
46305;2258;201;10;13;10;0
46306;2234;201;10;13;10;0
46307;2222;201;10;13;10;0
46308;2210;201;10;13;10;0
46309;2198;201;10;13;10;0
46310;2186;201;10;13;10;0
46311;2174;201;10;13;10;0
46312;2162;201;10;13;10;0
46313;2150;201;10;13;10;0
46314;2138;201;10;13;10;0
46315;1850;201;10;13;10;0
46316;1838;201;10;13;10;0
46317;1826;201;10;13;10;0
46318;1550;201;10;13;10;0
46319;1526;201;10;13;10;0
46320;1514;201;10;13;10;0
46321;1502;201;10;13;10;0
46322;1490;201;10;13;10;0
46323;1478;201;10;13;10;0
46324;1466;201;10;13;10;0
46325;1454;201;10;13;10;0
46326;1442;201;10;13;10;0
46327;1430;201;10;13;10;0
46328;1418;201;10;13;10;0
46329;1406;201;10;13;10;0
46330;1394;201;10;13;10;0
46331;1382;201;10;13;10;0
46332;1370;201;10;13;10;0
46333;1358;201;10;13;10;0
46334;1346;201;10;13;10;0
46335;1334;201;10;13;10;0
46336;1322;201;10;13;10;0
46337;1310;201;10;13;10;0
46338;1538;201;10;13;10;0
46339;1562;201;10;13;10;0
46340;1814;201;10;13;10;0
46341;1574;201;10;13;10;0
46342;1802;201;10;13;10;0
46343;1790;201;10;13;10;0
46344;1778;201;10;13;10;0
46345;1766;201;10;13;10;0
46346;1754;201;10;13;10;0
46347;1742;201;10;13;10;0
46348;1730;201;10;13;10;0
46349;1718;201;10;13;10;0
46350;1706;201;10;13;10;0
46351;1694;201;10;13;10;0
46352;1682;201;10;13;10;0
46353;1670;201;10;13;10;0
46354;1658;201;10;13;10;0
46355;1646;201;10;13;10;0
46356;1634;201;10;13;10;0
46357;1622;201;10;13;10;0
46358;1610;201;10;13;10;0
46359;1598;201;10;13;10;0
46360;1586;201;10;13;10;0
46361;2390;201;10;13;10;0
46362;518;216;10;13;10;0
46363;530;216;10;13;10;0
46364;542;216;10;13;10;0
46365;3542;216;10;13;10;0
46366;3530;216;10;13;10;0
46367;3518;216;10;13;10;0
46368;3506;216;10;13;10;0
46369;3494;216;10;13;10;0
46370;3482;216;10;13;10;0
46371;3470;216;10;13;10;0
46372;3458;216;10;13;10;0
46373;3446;216;10;13;10;0
46374;3434;216;10;13;10;0
46375;3422;216;10;13;10;0
46376;3410;216;10;13;10;0
46377;3398;216;10;13;10;0
46378;3386;216;10;13;10;0
46379;3374;216;10;13;10;0
46380;3362;216;10;13;10;0
46381;3350;216;10;13;10;0
46382;3338;216;10;13;10;0
46383;3326;216;10;13;10;0
46384;3554;216;10;13;10;0
46385;3566;216;10;13;10;0
46386;3578;216;10;13;10;0
46387;3590;216;10;13;10;0
46388;3830;216;10;13;10;0
46389;3818;216;10;13;10;0
46390;3806;216;10;13;10;0
46391;3794;216;10;13;10;0
46392;3782;216;10;13;10;0
46393;3770;216;10;13;10;0
46394;3758;216;10;13;10;0
46395;3746;216;10;13;10;0
46396;3734;216;10;13;10;0
46397;3842;216;10;13;10;0
46398;3722;216;10;13;10;0
46399;3698;216;10;13;10;0
46400;3686;216;10;13;10;0
46401;3674;216;10;13;10;0
46402;3662;216;10;13;10;0
46403;3650;216;10;13;10;0
46404;3638;216;10;13;10;0
46405;3626;216;10;13;10;0
46406;3614;216;10;13;10;0
46407;3602;216;10;13;10;0
46408;3314;216;10;13;10;0
46409;3302;216;10;13;10;0
46410;3290;216;10;13;10;0
46411;3014;216;10;13;10;0
46412;2990;216;10;13;10;0
46413;2978;216;10;13;10;0
46414;2966;216;10;13;10;0
46415;2954;216;10;13;10;0
46416;2942;216;10;13;10;0
46417;2930;216;10;13;10;0
46418;2918;216;10;13;10;0
46419;2906;216;10;13;10;0
46420;2894;216;10;13;10;0
46421;2882;216;10;13;10;0
46422;2870;216;10;13;10;0
46423;2858;216;10;13;10;0
46424;2846;216;10;13;10;0
46425;2834;216;10;13;10;0
46426;2822;216;10;13;10;0
46427;2810;216;10;13;10;0
46428;2798;216;10;13;10;0
46429;2786;216;10;13;10;0
46430;2774;216;10;13;10;0
46431;3002;216;10;13;10;0
46432;3026;216;10;13;10;0
46433;3278;216;10;13;10;0
46434;3038;216;10;13;10;0
46435;3266;216;10;13;10;0
46436;3254;216;10;13;10;0
46437;3242;216;10;13;10;0
46438;3230;216;10;13;10;0
46439;3218;216;10;13;10;0
46440;3206;216;10;13;10;0
46441;3194;216;10;13;10;0
46442;3182;216;10;13;10;0
46443;3170;216;10;13;10;0
46444;3158;216;10;13;10;0
46445;3146;216;10;13;10;0
46446;3134;216;10;13;10;0
46447;3122;216;10;13;10;0
46448;3110;216;10;13;10;0
46449;3098;216;10;13;10;0
46450;3086;216;10;13;10;0
46451;3074;216;10;13;10;0
46452;3062;216;10;13;10;0
46453;3050;216;10;13;10;0
46454;3710;216;10;13;10;0
46455;3866;216;10;13;10;0
46456;734;231;10;13;10;0
46457;3878;216;10;13;10;0
46458;566;231;10;13;10;0
46459;554;231;10;13;10;0
46460;542;231;10;13;10;0
46461;530;231;10;13;10;0
46462;518;231;10;13;10;0
46463;506;231;10;13;10;0
46464;494;231;10;13;10;0
46465;482;231;10;13;10;0
46466;470;231;10;13;10;0
46467;458;231;10;13;10;0
46468;446;231;10;13;10;0
46469;434;231;10;13;10;0
46470;422;231;10;13;10;0
46471;410;231;10;13;10;0
46472;398;231;10;13;10;0
46473;386;231;10;13;10;0
46474;374;231;10;13;10;0
46475;362;231;10;13;10;0
46476;350;231;10;13;10;0
46477;578;231;10;13;10;0
46478;590;231;10;13;10;0
46479;602;231;10;13;10;0
46480;614;231;10;13;10;0
46481;854;231;10;13;10;0
46482;842;231;10;13;10;0
46483;830;231;10;13;10;0
46484;818;231;10;13;10;0
46485;806;231;10;13;10;0
46486;794;231;10;13;10;0
46487;782;231;10;13;10;0
46488;770;231;10;13;10;0
46489;758;231;10;13;10;0
46490;866;231;10;13;10;0
46491;746;231;10;13;10;0
46492;722;231;10;13;10;0
46493;710;231;10;13;10;0
46494;698;231;10;13;10;0
46495;686;231;10;13;10;0
46496;674;231;10;13;10;0
46497;662;231;10;13;10;0
46498;650;231;10;13;10;0
46499;638;231;10;13;10;0
46500;626;231;10;13;10;0
46501;338;231;10;13;10;0
46502;326;231;10;13;10;0
46503;314;231;10;13;10;0
46504;38;231;10;13;10;0
46505;14;231;10;13;10;0
46506;2;231;10;13;10;0
46507;4082;216;10;13;10;0
46508;4070;216;10;13;10;0
46509;4058;216;10;13;10;0
46510;4046;216;10;13;10;0
46511;4034;216;10;13;10;0
46512;4022;216;10;13;10;0
46513;4010;216;10;13;10;0
46514;3998;216;10;13;10;0
46515;3986;216;10;13;10;0
46516;3974;216;10;13;10;0
46517;3962;216;10;13;10;0
46518;3950;216;10;13;10;0
46519;3938;216;10;13;10;0
46520;3926;216;10;13;10;0
46521;3914;216;10;13;10;0
46522;3902;216;10;13;10;0
46523;3890;216;10;13;10;0
46524;26;231;10;13;10;0
46525;50;231;10;13;10;0
46526;302;231;10;13;10;0
46527;62;231;10;13;10;0
46528;290;231;10;13;10;0
46529;278;231;10;13;10;0
46530;266;231;10;13;10;0
46531;254;231;10;13;10;0
46532;242;231;10;13;10;0
46533;230;231;10;13;10;0
46534;218;231;10;13;10;0
46535;206;231;10;13;10;0
46536;194;231;10;13;10;0
46537;182;231;10;13;10;0
46538;170;231;10;13;10;0
46539;158;231;10;13;10;0
46540;146;231;10;13;10;0
46541;134;231;10;13;10;0
46542;122;231;10;13;10;0
46543;110;231;10;13;10;0
46544;98;231;10;13;10;0
46545;86;231;10;13;10;0
46546;74;231;10;13;10;0
46547;2762;216;10;13;10;0
46548;2750;216;10;13;10;0
46549;2738;216;10;13;10;0
46550;2594;216;10;13;10;0
46551;1322;216;10;13;10;0
46552;1310;216;10;13;10;0
46553;1298;216;10;13;10;0
46554;1286;216;10;13;10;0
46555;1274;216;10;13;10;0
46556;1262;216;10;13;10;0
46557;1250;216;10;13;10;0
46558;1238;216;10;13;10;0
46559;1226;216;10;13;10;0
46560;1214;216;10;13;10;0
46561;1202;216;10;13;10;0
46562;1190;216;10;13;10;0
46563;1178;216;10;13;10;0
46564;1166;216;10;13;10;0
46565;1154;216;10;13;10;0
46566;1142;216;10;13;10;0
46567;1130;216;10;13;10;0
46568;1118;216;10;13;10;0
46569;1106;216;10;13;10;0
46570;1334;216;10;13;10;0
46571;1358;216;10;13;10;0
46572;1610;216;10;13;10;0
46573;1370;216;10;13;10;0
46574;1598;216;10;13;10;0
46575;1586;216;10;13;10;0
46576;1574;216;10;13;10;0
46577;1562;216;10;13;10;0
46578;1550;216;10;13;10;0
46579;1538;216;10;13;10;0
46580;1526;216;10;13;10;0
46581;1514;216;10;13;10;0
46582;1502;216;10;13;10;0
46583;1490;216;10;13;10;0
46584;1478;216;10;13;10;0
46585;1466;216;10;13;10;0
46586;1454;216;10;13;10;0
46587;1442;216;10;13;10;0
46588;1430;216;10;13;10;0
46589;1418;216;10;13;10;0
46590;1406;216;10;13;10;0
46591;1394;216;10;13;10;0
46592;1382;216;10;13;10;0
46593;1094;216;10;13;10;0
46594;1346;216;10;13;10;0
46595;1082;216;10;13;10;0
46596;794;216;10;13;10;0
46597;770;216;10;13;10;0
46598;758;216;10;13;10;0
46599;746;216;10;13;10;0
46600;734;216;10;13;10;0
46601;722;216;10;13;10;0
46602;710;216;10;13;10;0
46603;698;216;10;13;10;0
46604;686;216;10;13;10;0
46605;674;216;10;13;10;0
46606;662;216;10;13;10;0
46607;650;216;10;13;10;0
46608;638;216;10;13;10;0
46609;626;216;10;13;10;0
46610;614;216;10;13;10;0
46611;602;216;10;13;10;0
46612;590;216;10;13;10;0
46613;578;216;10;13;10;0
46614;566;216;10;13;10;0
46615;554;216;10;13;10;0
46616;782;216;10;13;10;0
46617;806;216;10;13;10;0
46618;1058;216;10;13;10;0
46619;818;216;10;13;10;0
46620;1046;216;10;13;10;0
46621;1034;216;10;13;10;0
46622;1022;216;10;13;10;0
46623;1010;216;10;13;10;0
46624;998;216;10;13;10;0
46625;986;216;10;13;10;0
46626;974;216;10;13;10;0
46627;962;216;10;13;10;0
46628;950;216;10;13;10;0
46629;938;216;10;13;10;0
46630;926;216;10;13;10;0
46631;914;216;10;13;10;0
46632;902;216;10;13;10;0
46633;890;216;10;13;10;0
46634;878;216;10;13;10;0
46635;866;216;10;13;10;0
46636;854;216;10;13;10;0
46637;842;216;10;13;10;0
46638;830;216;10;13;10;0
46639;1070;216;10;13;10;0
46640;1622;216;10;13;10;0
46641;1634;216;10;13;10;0
46642;1646;216;10;13;10;0
46643;2426;216;10;13;10;0
46644;2414;216;10;13;10;0
46645;2402;216;10;13;10;0
46646;2390;216;10;13;10;0
46647;2378;216;10;13;10;0
46648;2366;216;10;13;10;0
46649;2354;216;10;13;10;0
46650;2342;216;10;13;10;0
46651;2330;216;10;13;10;0
46652;2318;216;10;13;10;0
46653;2306;216;10;13;10;0
46654;2294;216;10;13;10;0
46655;2282;216;10;13;10;0
46656;2270;216;10;13;10;0
46657;2258;216;10;13;10;0
46658;2246;216;10;13;10;0
46659;2234;216;10;13;10;0
46660;2222;216;10;13;10;0
46661;2210;216;10;13;10;0
46662;2438;216;10;13;10;0
46663;2450;216;10;13;10;0
46664;2462;216;10;13;10;0
46665;2474;216;10;13;10;0
46666;2714;216;10;13;10;0
46667;2702;216;10;13;10;0
46668;2690;216;10;13;10;0
46669;2678;216;10;13;10;0
46670;2666;216;10;13;10;0
46671;2654;216;10;13;10;0
46672;2642;216;10;13;10;0
46673;2630;216;10;13;10;0
46674;2618;216;10;13;10;0
46675;2726;216;10;13;10;0
46676;2606;216;10;13;10;0
46677;2582;216;10;13;10;0
46678;2570;216;10;13;10;0
46679;2558;216;10;13;10;0
46680;2546;216;10;13;10;0
46681;2534;216;10;13;10;0
46682;2522;216;10;13;10;0
46683;2510;216;10;13;10;0
46684;2498;216;10;13;10;0
46685;2486;216;10;13;10;0
46686;2198;216;10;13;10;0
46687;2186;216;10;13;10;0
46688;2174;216;10;13;10;0
46689;1898;216;10;13;10;0
46690;1874;216;10;13;10;0
46691;1862;216;10;13;10;0
46692;1850;216;10;13;10;0
46693;1838;216;10;13;10;0
46694;1826;216;10;13;10;0
46695;1814;216;10;13;10;0
46696;1802;216;10;13;10;0
46697;1790;216;10;13;10;0
46698;1778;216;10;13;10;0
46699;1766;216;10;13;10;0
46700;1754;216;10;13;10;0
46701;1742;216;10;13;10;0
46702;1730;216;10;13;10;0
46703;1718;216;10;13;10;0
46704;1706;216;10;13;10;0
46705;1694;216;10;13;10;0
46706;1682;216;10;13;10;0
46707;1670;216;10;13;10;0
46708;1658;216;10;13;10;0
46709;1886;216;10;13;10;0
46710;1910;216;10;13;10;0
46711;2162;216;10;13;10;0
46712;1922;216;10;13;10;0
46713;2150;216;10;13;10;0
46714;2138;216;10;13;10;0
46715;2126;216;10;13;10;0
46716;2114;216;10;13;10;0
46717;2102;216;10;13;10;0
46718;2090;216;10;13;10;0
46719;2078;216;10;13;10;0
46720;2066;216;10;13;10;0
46721;2054;216;10;13;10;0
46722;2042;216;10;13;10;0
46723;2030;216;10;13;10;0
46724;2018;216;10;13;10;0
46725;2006;216;10;13;10;0
46726;1994;216;10;13;10;0
46727;1982;216;10;13;10;0
46728;1970;216;10;13;10;0
46729;1958;216;10;13;10;0
46730;1946;216;10;13;10;0
46731;1934;216;10;13;10;0
46732;2858;126;10;13;10;0
46733;1238;246;10;13;10;0
46734;2846;126;10;13;10;0
46735;1058;111;10;13;10;0
46736;3734;36;10;13;10;0
46737;3722;36;10;13;10;0
46738;3710;36;10;13;10;0
46739;3698;36;10;13;10;0
46740;3686;36;10;13;10;0
46741;3674;36;10;13;10;0
46742;3662;36;10;13;10;0
46743;3650;36;10;13;10;0
46744;3638;36;10;13;10;0
46745;3626;36;10;13;10;0
46746;3614;36;10;13;10;0
46747;3602;36;10;13;10;0
46748;3590;36;10;13;10;0
46749;3578;36;10;13;10;0
46750;3566;36;10;13;10;0
46751;3554;36;10;13;10;0
46752;3542;36;10;13;10;0
46753;3530;36;10;13;10;0
46754;3518;36;10;13;10;0
46755;3746;36;10;13;10;0
46756;3770;36;10;13;10;0
46757;4022;36;10;13;10;0
46758;3782;36;10;13;10;0
46759;4010;36;10;13;10;0
46760;3998;36;10;13;10;0
46761;3986;36;10;13;10;0
46762;3974;36;10;13;10;0
46763;3962;36;10;13;10;0
46764;3950;36;10;13;10;0
46765;3938;36;10;13;10;0
46766;3926;36;10;13;10;0
46767;3914;36;10;13;10;0
46768;3902;36;10;13;10;0
46769;3890;36;10;13;10;0
46770;3878;36;10;13;10;0
46771;3866;36;10;13;10;0
46772;3854;36;10;13;10;0
46773;3842;36;10;13;10;0
46774;3830;36;10;13;10;0
46775;3818;36;10;13;10;0
46776;3806;36;10;13;10;0
46777;3794;36;10;13;10;0
46778;3506;36;10;13;10;0
46779;3758;36;10;13;10;0
46780;3494;36;10;13;10;0
46781;3206;36;10;13;10;0
46782;3182;36;10;13;10;0
46783;3170;36;10;13;10;0
46784;3158;36;10;13;10;0
46785;3146;36;10;13;10;0
46786;3134;36;10;13;10;0
46787;3122;36;10;13;10;0
46788;3110;36;10;13;10;0
46789;3098;36;10;13;10;0
46790;3086;36;10;13;10;0
46791;3074;36;10;13;10;0
46792;3062;36;10;13;10;0
46793;3050;36;10;13;10;0
46794;3038;36;10;13;10;0
46795;3026;36;10;13;10;0
46796;3014;36;10;13;10;0
46797;3002;36;10;13;10;0
46798;2990;36;10;13;10;0
46799;2978;36;10;13;10;0
46800;2966;36;10;13;10;0
46801;3194;36;10;13;10;0
46802;3218;36;10;13;10;0
46803;3470;36;10;13;10;0
46804;3230;36;10;13;10;0
46805;3458;36;10;13;10;0
46806;3446;36;10;13;10;0
46807;3434;36;10;13;10;0
46808;3422;36;10;13;10;0
46809;3410;36;10;13;10;0
46810;3398;36;10;13;10;0
46811;3386;36;10;13;10;0
46812;3374;36;10;13;10;0
46813;3362;36;10;13;10;0
46814;3350;36;10;13;10;0
46815;3338;36;10;13;10;0
46816;3326;36;10;13;10;0
46817;3314;36;10;13;10;0
46818;3302;36;10;13;10;0
46819;3290;36;10;13;10;0
46820;3278;36;10;13;10;0
46821;3266;36;10;13;10;0
46822;3254;36;10;13;10;0
46823;3242;36;10;13;10;0
46824;3482;36;10;13;10;0
46825;4034;36;10;13;10;0
46826;4046;36;10;13;10;0
46827;4058;36;10;13;10;0
46828;746;51;10;13;10;0
46829;734;51;10;13;10;0
46830;722;51;10;13;10;0
46831;710;51;10;13;10;0
46832;698;51;10;13;10;0
46833;686;51;10;13;10;0
46834;674;51;10;13;10;0
46835;662;51;10;13;10;0
46836;650;51;10;13;10;0
46837;638;51;10;13;10;0
46838;626;51;10;13;10;0
46839;614;51;10;13;10;0
46840;602;51;10;13;10;0
46841;590;51;10;13;10;0
46842;578;51;10;13;10;0
46843;566;51;10;13;10;0
46844;554;51;10;13;10;0
46845;542;51;10;13;10;0
46846;530;51;10;13;10;0
46847;758;51;10;13;10;0
46848;770;51;10;13;10;0
46849;782;51;10;13;10;0
46850;794;51;10;13;10;0
46851;1034;51;10;13;10;0
46852;1022;51;10;13;10;0
46853;1010;51;10;13;10;0
46854;998;51;10;13;10;0
46855;986;51;10;13;10;0
46856;974;51;10;13;10;0
46857;962;51;10;13;10;0
46858;950;51;10;13;10;0
46859;938;51;10;13;10;0
46860;1046;51;10;13;10;0
46861;926;51;10;13;10;0
46862;902;51;10;13;10;0
46863;890;51;10;13;10;0
46864;878;51;10;13;10;0
46865;866;51;10;13;10;0
46866;854;51;10;13;10;0
46867;842;51;10;13;10;0
46868;830;51;10;13;10;0
46869;818;51;10;13;10;0
46870;806;51;10;13;10;0
46871;518;51;10;13;10;0
46872;506;51;10;13;10;0
46873;494;51;10;13;10;0
46874;218;51;10;13;10;0
46875;194;51;10;13;10;0
46876;182;51;10;13;10;0
46877;170;51;10;13;10;0
46878;158;51;10;13;10;0
46879;146;51;10;13;10;0
46880;134;51;10;13;10;0
46881;122;51;10;13;10;0
46882;110;51;10;13;10;0
46883;98;51;10;13;10;0
46884;86;51;10;13;10;0
46885;74;51;10;13;10;0
46886;62;51;10;13;10;0
46887;50;51;10;13;10;0
46888;38;51;10;13;10;0
46889;26;51;10;13;10;0
46890;14;51;10;13;10;0
46891;2;51;10;13;10;0
46892;4082;36;10;13;10;0
46893;4070;36;10;13;10;0
46894;206;51;10;13;10;0
46895;230;51;10;13;10;0
46896;482;51;10;13;10;0
46897;242;51;10;13;10;0
46898;470;51;10;13;10;0
46899;458;51;10;13;10;0
46900;446;51;10;13;10;0
46901;434;51;10;13;10;0
46902;422;51;10;13;10;0
46903;410;51;10;13;10;0
46904;398;51;10;13;10;0
46905;386;51;10;13;10;0
46906;374;51;10;13;10;0
46907;362;51;10;13;10;0
46908;350;51;10;13;10;0
46909;338;51;10;13;10;0
46910;326;51;10;13;10;0
46911;314;51;10;13;10;0
46912;302;51;10;13;10;0
46913;290;51;10;13;10;0
46914;278;51;10;13;10;0
46915;266;51;10;13;10;0
46916;254;51;10;13;10;0
46917;2954;36;10;13;10;0
46918;914;51;10;13;10;0
46919;2942;36;10;13;10;0
46920;2786;36;10;13;10;0
46921;1514;36;10;13;10;0
46922;1502;36;10;13;10;0
46923;1490;36;10;13;10;0
46924;1478;36;10;13;10;0
46925;1466;36;10;13;10;0
46926;1454;36;10;13;10;0
46927;1442;36;10;13;10;0
46928;1430;36;10;13;10;0
46929;1418;36;10;13;10;0
46930;1406;36;10;13;10;0
46931;1394;36;10;13;10;0
46932;1382;36;10;13;10;0
46933;1370;36;10;13;10;0
46934;1358;36;10;13;10;0
46935;1346;36;10;13;10;0
46936;1334;36;10;13;10;0
46937;1322;36;10;13;10;0
46938;1310;36;10;13;10;0
46939;1298;36;10;13;10;0
46940;1526;36;10;13;10;0
46941;1550;36;10;13;10;0
46942;1802;36;10;13;10;0
46943;1562;36;10;13;10;0
46944;1790;36;10;13;10;0
46945;1778;36;10;13;10;0
46946;1766;36;10;13;10;0
46947;1754;36;10;13;10;0
46948;1742;36;10;13;10;0
46949;1730;36;10;13;10;0
46950;1718;36;10;13;10;0
46951;1706;36;10;13;10;0
46952;1694;36;10;13;10;0
46953;1682;36;10;13;10;0
46954;1670;36;10;13;10;0
46955;1658;36;10;13;10;0
46956;1646;36;10;13;10;0
46957;1634;36;10;13;10;0
46958;1622;36;10;13;10;0
46959;1610;36;10;13;10;0
46960;1598;36;10;13;10;0
46961;1586;36;10;13;10;0
46962;1574;36;10;13;10;0
46963;1286;36;10;13;10;0
46964;1538;36;10;13;10;0
46965;1274;36;10;13;10;0
46966;986;36;10;13;10;0
46967;962;36;10;13;10;0
46968;950;36;10;13;10;0
46969;938;36;10;13;10;0
46970;926;36;10;13;10;0
46971;914;36;10;13;10;0
46972;902;36;10;13;10;0
46973;890;36;10;13;10;0
46974;878;36;10;13;10;0
46975;866;36;10;13;10;0
46976;854;36;10;13;10;0
46977;842;36;10;13;10;0
46978;830;36;10;13;10;0
46979;818;36;10;13;10;0
46980;806;36;10;13;10;0
46981;794;36;10;13;10;0
46982;782;36;10;13;10;0
46983;770;36;10;13;10;0
46984;758;36;10;13;10;0
46985;746;36;10;13;10;0
46986;974;36;10;13;10;0
46987;998;36;10;13;10;0
46988;1250;36;10;13;10;0
46989;1010;36;10;13;10;0
46990;1238;36;10;13;10;0
46991;1226;36;10;13;10;0
46992;1214;36;10;13;10;0
46993;1202;36;10;13;10;0
46994;1190;36;10;13;10;0
46995;1178;36;10;13;10;0
46996;1166;36;10;13;10;0
46997;1154;36;10;13;10;0
46998;1142;36;10;13;10;0
46999;1130;36;10;13;10;0
47000;1118;36;10;13;10;0
47001;1106;36;10;13;10;0
47002;1094;36;10;13;10;0
47003;1082;36;10;13;10;0
47004;1070;36;10;13;10;0
47005;1058;36;10;13;10;0
47006;1046;36;10;13;10;0
47007;1034;36;10;13;10;0
47008;1022;36;10;13;10;0
47009;1262;36;10;13;10;0
47010;1814;36;10;13;10;0
47011;1826;36;10;13;10;0
47012;1838;36;10;13;10;0
47013;2618;36;10;13;10;0
47014;2606;36;10;13;10;0
47015;2594;36;10;13;10;0
47016;2582;36;10;13;10;0
47017;2570;36;10;13;10;0
47018;2558;36;10;13;10;0
47019;2546;36;10;13;10;0
47020;2534;36;10;13;10;0
47021;2522;36;10;13;10;0
47022;2510;36;10;13;10;0
47023;2498;36;10;13;10;0
47024;2486;36;10;13;10;0
47025;2474;36;10;13;10;0
47026;2462;36;10;13;10;0
47027;2450;36;10;13;10;0
47028;2438;36;10;13;10;0
47029;2426;36;10;13;10;0
47030;2414;36;10;13;10;0
47031;2402;36;10;13;10;0
47032;2630;36;10;13;10;0
47033;2642;36;10;13;10;0
47034;2654;36;10;13;10;0
47035;2666;36;10;13;10;0
47036;2906;36;10;13;10;0
47037;2894;36;10;13;10;0
47038;2882;36;10;13;10;0
47039;2870;36;10;13;10;0
47040;2858;36;10;13;10;0
47041;2846;36;10;13;10;0
47042;2834;36;10;13;10;0
47043;2822;36;10;13;10;0
47044;2810;36;10;13;10;0
47045;2918;36;10;13;10;0
47046;2798;36;10;13;10;0
47047;2774;36;10;13;10;0
47048;2762;36;10;13;10;0
47049;2750;36;10;13;10;0
47050;2738;36;10;13;10;0
47051;2726;36;10;13;10;0
47052;2714;36;10;13;10;0
47053;2702;36;10;13;10;0
47054;2690;36;10;13;10;0
47055;2678;36;10;13;10;0
47056;2390;36;10;13;10;0
47057;2378;36;10;13;10;0
47058;2366;36;10;13;10;0
47059;2090;36;10;13;10;0
47060;2066;36;10;13;10;0
47061;2054;36;10;13;10;0
47062;2042;36;10;13;10;0
47063;2030;36;10;13;10;0
47064;2018;36;10;13;10;0
47065;2006;36;10;13;10;0
47066;1994;36;10;13;10;0
47067;1982;36;10;13;10;0
47068;1970;36;10;13;10;0
47069;1958;36;10;13;10;0
47070;1946;36;10;13;10;0
47071;1934;36;10;13;10;0
47072;1922;36;10;13;10;0
47073;1910;36;10;13;10;0
47074;1898;36;10;13;10;0
47075;1886;36;10;13;10;0
47076;1874;36;10;13;10;0
47077;1862;36;10;13;10;0
47078;1850;36;10;13;10;0
47079;2078;36;10;13;10;0
47080;2102;36;10;13;10;0
47081;2354;36;10;13;10;0
47082;2114;36;10;13;10;0
47083;2342;36;10;13;10;0
47084;2330;36;10;13;10;0
47085;2318;36;10;13;10;0
47086;2306;36;10;13;10;0
47087;2294;36;10;13;10;0
47088;2282;36;10;13;10;0
47089;2270;36;10;13;10;0
47090;2258;36;10;13;10;0
47091;2246;36;10;13;10;0
47092;2234;36;10;13;10;0
47093;2222;36;10;13;10;0
47094;2210;36;10;13;10;0
47095;2198;36;10;13;10;0
47096;2186;36;10;13;10;0
47097;2174;36;10;13;10;0
47098;2162;36;10;13;10;0
47099;2150;36;10;13;10;0
47100;2138;36;10;13;10;0
47101;2126;36;10;13;10;0
47102;2930;36;10;13;10;0
47103;1058;51;10;13;10;0
47104;1070;51;10;13;10;0
47105;1082;51;10;13;10;0
47106;4082;51;10;13;10;0
47107;4070;51;10;13;10;0
47108;4058;51;10;13;10;0
47109;4046;51;10;13;10;0
47110;4034;51;10;13;10;0
47111;4022;51;10;13;10;0
47112;4010;51;10;13;10;0
47113;3998;51;10;13;10;0
47114;3986;51;10;13;10;0
47115;3974;51;10;13;10;0
47116;3962;51;10;13;10;0
47117;3950;51;10;13;10;0
47118;3938;51;10;13;10;0
47119;3926;51;10;13;10;0
47120;3914;51;10;13;10;0
47121;3902;51;10;13;10;0
47122;3890;51;10;13;10;0
47123;3878;51;10;13;10;0
47124;3866;51;10;13;10;0
47125;2;66;10;13;10;0
47126;14;66;10;13;10;0
47127;26;66;10;13;10;0
47128;38;66;10;13;10;0
47129;278;66;10;13;10;0
47130;266;66;10;13;10;0
47131;254;66;10;13;10;0
47132;242;66;10;13;10;0
47133;230;66;10;13;10;0
47134;218;66;10;13;10;0
47135;206;66;10;13;10;0
47136;194;66;10;13;10;0
47137;182;66;10;13;10;0
47138;290;66;10;13;10;0
47139;170;66;10;13;10;0
47140;146;66;10;13;10;0
47141;134;66;10;13;10;0
47142;122;66;10;13;10;0
47143;110;66;10;13;10;0
47144;98;66;10;13;10;0
47145;86;66;10;13;10;0
47146;74;66;10;13;10;0
47147;62;66;10;13;10;0
47148;50;66;10;13;10;0
47149;3854;51;10;13;10;0
47150;3842;51;10;13;10;0
47151;3830;51;10;13;10;0
47152;3554;51;10;13;10;0
47153;3530;51;10;13;10;0
47154;3518;51;10;13;10;0
47155;3506;51;10;13;10;0
47156;3494;51;10;13;10;0
47157;3482;51;10;13;10;0
47158;3470;51;10;13;10;0
47159;3458;51;10;13;10;0
47160;3446;51;10;13;10;0
47161;3434;51;10;13;10;0
47162;3422;51;10;13;10;0
47163;3410;51;10;13;10;0
47164;3398;51;10;13;10;0
47165;3386;51;10;13;10;0
47166;3374;51;10;13;10;0
47167;3362;51;10;13;10;0
47168;3350;51;10;13;10;0
47169;3338;51;10;13;10;0
47170;3326;51;10;13;10;0
47171;3314;51;10;13;10;0
47172;3542;51;10;13;10;0
47173;3566;51;10;13;10;0
47174;3818;51;10;13;10;0
47175;3578;51;10;13;10;0
47176;3806;51;10;13;10;0
47177;3794;51;10;13;10;0
47178;3782;51;10;13;10;0
47179;3770;51;10;13;10;0
47180;3758;51;10;13;10;0
47181;3746;51;10;13;10;0
47182;3734;51;10;13;10;0
47183;3722;51;10;13;10;0
47184;3710;51;10;13;10;0
47185;3698;51;10;13;10;0
47186;3686;51;10;13;10;0
47187;3674;51;10;13;10;0
47188;3662;51;10;13;10;0
47189;3650;51;10;13;10;0
47190;3638;51;10;13;10;0
47191;3626;51;10;13;10;0
47192;3614;51;10;13;10;0
47193;3602;51;10;13;10;0
47194;3590;51;10;13;10;0
47195;158;66;10;13;10;0
47196;314;66;10;13;10;0
47197;1274;66;10;13;10;0
47198;326;66;10;13;10;0
47199;1106;66;10;13;10;0
47200;1094;66;10;13;10;0
47201;1082;66;10;13;10;0
47202;1070;66;10;13;10;0
47203;1058;66;10;13;10;0
47204;1046;66;10;13;10;0
47205;1034;66;10;13;10;0
47206;1022;66;10;13;10;0
47207;1010;66;10;13;10;0
47208;998;66;10;13;10;0
47209;986;66;10;13;10;0
47210;974;66;10;13;10;0
47211;962;66;10;13;10;0
47212;950;66;10;13;10;0
47213;938;66;10;13;10;0
47214;926;66;10;13;10;0
47215;914;66;10;13;10;0
47216;902;66;10;13;10;0
47217;890;66;10;13;10;0
47218;1118;66;10;13;10;0
47219;1130;66;10;13;10;0
47220;1142;66;10;13;10;0
47221;1154;66;10;13;10;0
47222;1394;66;10;13;10;0
47223;1382;66;10;13;10;0
47224;1370;66;10;13;10;0
47225;1358;66;10;13;10;0
47226;1346;66;10;13;10;0
47227;1334;66;10;13;10;0
47228;1322;66;10;13;10;0
47229;1310;66;10;13;10;0
47230;1298;66;10;13;10;0
47231;1406;66;10;13;10;0
47232;1286;66;10;13;10;0
47233;1262;66;10;13;10;0
47234;1250;66;10;13;10;0
47235;1238;66;10;13;10;0
47236;1226;66;10;13;10;0
47237;1214;66;10;13;10;0
47238;1202;66;10;13;10;0
47239;1190;66;10;13;10;0
47240;1178;66;10;13;10;0
47241;1166;66;10;13;10;0
47242;878;66;10;13;10;0
47243;866;66;10;13;10;0
47244;854;66;10;13;10;0
47245;578;66;10;13;10;0
47246;554;66;10;13;10;0
47247;542;66;10;13;10;0
47248;530;66;10;13;10;0
47249;518;66;10;13;10;0
47250;506;66;10;13;10;0
47251;494;66;10;13;10;0
47252;482;66;10;13;10;0
47253;470;66;10;13;10;0
47254;458;66;10;13;10;0
47255;446;66;10;13;10;0
47256;434;66;10;13;10;0
47257;422;66;10;13;10;0
47258;410;66;10;13;10;0
47259;398;66;10;13;10;0
47260;386;66;10;13;10;0
47261;374;66;10;13;10;0
47262;362;66;10;13;10;0
47263;350;66;10;13;10;0
47264;338;66;10;13;10;0
47265;566;66;10;13;10;0
47266;590;66;10;13;10;0
47267;842;66;10;13;10;0
47268;602;66;10;13;10;0
47269;830;66;10;13;10;0
47270;818;66;10;13;10;0
47271;806;66;10;13;10;0
47272;794;66;10;13;10;0
47273;782;66;10;13;10;0
47274;770;66;10;13;10;0
47275;758;66;10;13;10;0
47276;746;66;10;13;10;0
47277;734;66;10;13;10;0
47278;722;66;10;13;10;0
47279;710;66;10;13;10;0
47280;698;66;10;13;10;0
47281;686;66;10;13;10;0
47282;674;66;10;13;10;0
47283;662;66;10;13;10;0
47284;650;66;10;13;10;0
47285;638;66;10;13;10;0
47286;626;66;10;13;10;0
47287;614;66;10;13;10;0
47288;3302;51;10;13;10;0
47289;3290;51;10;13;10;0
47290;3278;51;10;13;10;0
47291;3134;51;10;13;10;0
47292;1862;51;10;13;10;0
47293;1850;51;10;13;10;0
47294;1838;51;10;13;10;0
47295;1826;51;10;13;10;0
47296;1814;51;10;13;10;0
47297;1802;51;10;13;10;0
47298;1790;51;10;13;10;0
47299;1778;51;10;13;10;0
47300;1766;51;10;13;10;0
47301;1754;51;10;13;10;0
47302;1742;51;10;13;10;0
47303;1730;51;10;13;10;0
47304;1718;51;10;13;10;0
47305;1706;51;10;13;10;0
47306;1694;51;10;13;10;0
47307;1682;51;10;13;10;0
47308;1670;51;10;13;10;0
47309;1658;51;10;13;10;0
47310;1646;51;10;13;10;0
47311;1874;51;10;13;10;0
47312;1898;51;10;13;10;0
47313;2150;51;10;13;10;0
47314;1910;51;10;13;10;0
47315;2138;51;10;13;10;0
47316;2126;51;10;13;10;0
47317;2114;51;10;13;10;0
47318;2102;51;10;13;10;0
47319;2090;51;10;13;10;0
47320;2078;51;10;13;10;0
47321;2066;51;10;13;10;0
47322;2054;51;10;13;10;0
47323;2042;51;10;13;10;0
47324;2030;51;10;13;10;0
47325;2018;51;10;13;10;0
47326;2006;51;10;13;10;0
47327;1994;51;10;13;10;0
47328;1982;51;10;13;10;0
47329;1970;51;10;13;10;0
47330;1958;51;10;13;10;0
47331;1946;51;10;13;10;0
47332;1934;51;10;13;10;0
47333;1922;51;10;13;10;0
47334;1634;51;10;13;10;0
47335;1886;51;10;13;10;0
47336;1622;51;10;13;10;0
47337;1334;51;10;13;10;0
47338;1310;51;10;13;10;0
47339;1298;51;10;13;10;0
47340;1286;51;10;13;10;0
47341;1274;51;10;13;10;0
47342;1262;51;10;13;10;0
47343;1250;51;10;13;10;0
47344;1238;51;10;13;10;0
47345;1226;51;10;13;10;0
47346;1214;51;10;13;10;0
47347;1202;51;10;13;10;0
47348;1190;51;10;13;10;0
47349;1178;51;10;13;10;0
47350;1166;51;10;13;10;0
47351;1154;51;10;13;10;0
47352;1142;51;10;13;10;0
47353;1130;51;10;13;10;0
47354;1118;51;10;13;10;0
47355;1106;51;10;13;10;0
47356;1094;51;10;13;10;0
47357;1322;51;10;13;10;0
47358;1346;51;10;13;10;0
47359;1598;51;10;13;10;0
47360;1358;51;10;13;10;0
47361;1586;51;10;13;10;0
47362;1574;51;10;13;10;0
47363;1562;51;10;13;10;0
47364;1550;51;10;13;10;0
47365;1538;51;10;13;10;0
47366;1526;51;10;13;10;0
47367;1514;51;10;13;10;0
47368;1502;51;10;13;10;0
47369;1490;51;10;13;10;0
47370;1478;51;10;13;10;0
47371;1466;51;10;13;10;0
47372;1454;51;10;13;10;0
47373;1442;51;10;13;10;0
47374;1430;51;10;13;10;0
47375;1418;51;10;13;10;0
47376;1406;51;10;13;10;0
47377;1394;51;10;13;10;0
47378;1382;51;10;13;10;0
47379;1370;51;10;13;10;0
47380;1610;51;10;13;10;0
47381;2162;51;10;13;10;0
47382;2174;51;10;13;10;0
47383;2186;51;10;13;10;0
47384;2966;51;10;13;10;0
47385;2954;51;10;13;10;0
47386;2942;51;10;13;10;0
47387;2930;51;10;13;10;0
47388;2918;51;10;13;10;0
47389;2906;51;10;13;10;0
47390;2894;51;10;13;10;0
47391;2882;51;10;13;10;0
47392;2870;51;10;13;10;0
47393;2858;51;10;13;10;0
47394;2846;51;10;13;10;0
47395;2834;51;10;13;10;0
47396;2822;51;10;13;10;0
47397;2810;51;10;13;10;0
47398;2798;51;10;13;10;0
47399;2786;51;10;13;10;0
47400;2774;51;10;13;10;0
47401;2762;51;10;13;10;0
47402;2750;51;10;13;10;0
47403;2978;51;10;13;10;0
47404;2990;51;10;13;10;0
47405;3002;51;10;13;10;0
47406;3014;51;10;13;10;0
47407;3254;51;10;13;10;0
47408;3242;51;10;13;10;0
47409;3230;51;10;13;10;0
47410;3218;51;10;13;10;0
47411;3206;51;10;13;10;0
47412;3194;51;10;13;10;0
47413;3182;51;10;13;10;0
47414;3170;51;10;13;10;0
47415;3158;51;10;13;10;0
47416;3266;51;10;13;10;0
47417;3146;51;10;13;10;0
47418;3122;51;10;13;10;0
47419;3110;51;10;13;10;0
47420;3098;51;10;13;10;0
47421;3086;51;10;13;10;0
47422;3074;51;10;13;10;0
47423;3062;51;10;13;10;0
47424;3050;51;10;13;10;0
47425;3038;51;10;13;10;0
47426;3026;51;10;13;10;0
47427;2738;51;10;13;10;0
47428;2726;51;10;13;10;0
47429;2714;51;10;13;10;0
47430;2438;51;10;13;10;0
47431;2414;51;10;13;10;0
47432;2402;51;10;13;10;0
47433;2390;51;10;13;10;0
47434;2378;51;10;13;10;0
47435;2366;51;10;13;10;0
47436;2354;51;10;13;10;0
47437;2342;51;10;13;10;0
47438;2330;51;10;13;10;0
47439;2318;51;10;13;10;0
47440;2306;51;10;13;10;0
47441;2294;51;10;13;10;0
47442;2282;51;10;13;10;0
47443;2270;51;10;13;10;0
47444;2258;51;10;13;10;0
47445;2246;51;10;13;10;0
47446;2234;51;10;13;10;0
47447;2222;51;10;13;10;0
47448;2210;51;10;13;10;0
47449;2198;51;10;13;10;0
47450;2426;51;10;13;10;0
47451;2450;51;10;13;10;0
47452;2702;51;10;13;10;0
47453;2462;51;10;13;10;0
47454;2690;51;10;13;10;0
47455;2678;51;10;13;10;0
47456;2666;51;10;13;10;0
47457;2654;51;10;13;10;0
47458;2642;51;10;13;10;0
47459;2630;51;10;13;10;0
47460;2618;51;10;13;10;0
47461;2606;51;10;13;10;0
47462;2594;51;10;13;10;0
47463;2582;51;10;13;10;0
47464;2570;51;10;13;10;0
47465;2558;51;10;13;10;0
47466;2546;51;10;13;10;0
47467;2534;51;10;13;10;0
47468;2522;51;10;13;10;0
47469;2510;51;10;13;10;0
47470;2498;51;10;13;10;0
47471;2486;51;10;13;10;0
47472;2474;51;10;13;10;0
47473;722;36;10;13;10;0
47474;302;66;10;13;10;0
47475;710;36;10;13;10;0
47476;374;21;10;13;10;0
47477;3003;2;10;13;10;0
47478;2991;2;10;13;10;0
47479;2979;2;10;13;10;0
47480;2967;2;10;13;10;0
47481;2955;2;10;13;10;0
47482;2943;2;10;13;10;0
47483;2931;2;10;13;10;0
47484;2919;2;10;13;10;0
47485;2907;2;10;13;10;0
47486;2895;2;10;13;10;0
47487;2883;2;10;13;10;0
47488;2871;2;10;13;10;0
47489;2859;2;10;13;10;0
47490;2847;2;10;13;10;0
47491;2835;2;10;13;10;0
47492;2823;2;10;13;10;0
47493;2811;2;10;13;10;0
47494;2799;2;10;13;10;0
47495;2787;2;10;13;10;0
47496;3015;2;10;13;10;0
47497;3027;2;10;13;10;0
47498;3039;2;10;13;10;0
47499;3051;2;10;13;10;0
47500;3291;2;10;13;10;0
47501;3279;2;10;13;10;0
47502;3267;2;10;13;10;0
47503;3255;2;10;13;10;0
47504;3243;2;10;13;10;0
47505;3231;2;10;13;10;0
47506;3219;2;10;13;10;0
47507;3207;2;10;13;10;0
47508;3195;2;10;13;10;0
47509;3303;2;10;13;10;0
47510;3183;2;10;13;10;0
47511;3159;2;10;13;10;0
47512;3147;2;10;13;10;0
47513;3135;2;10;13;10;0
47514;3123;2;10;13;10;0
47515;3111;2;10;13;10;0
47516;3099;2;10;13;10;0
47517;3087;2;10;13;10;0
47518;3075;2;10;13;10;0
47519;3063;2;10;13;10;0
47520;2775;2;10;13;10;0
47521;2763;2;10;13;10;0
47522;2751;2;10;13;10;0
47523;2475;2;10;13;10;0
47524;2451;2;10;13;10;0
47525;2439;2;10;13;10;0
47526;2427;2;10;13;10;0
47527;2415;2;10;13;10;0
47528;2403;2;10;13;10;0
47529;2391;2;10;13;10;0
47530;2379;2;10;13;10;0
47531;2367;2;10;13;10;0
47532;2355;2;10;13;10;0
47533;2343;2;10;13;10;0
47534;2331;2;10;13;10;0
47535;2319;2;10;13;10;0
47536;2307;2;10;13;10;0
47537;2295;2;10;13;10;0
47538;2283;2;10;13;10;0
47539;2271;2;10;13;10;0
47540;2259;2;10;13;10;0
47541;2247;2;10;13;10;0
47542;2235;2;10;13;10;0
47543;2463;2;10;13;10;0
47544;2487;2;10;13;10;0
47545;2739;2;10;13;10;0
47546;2499;2;10;13;10;0
47547;2727;2;10;13;10;0
47548;2715;2;10;13;10;0
47549;2703;2;10;13;10;0
47550;2691;2;10;13;10;0
47551;2679;2;10;13;10;0
47552;2667;2;10;13;10;0
47553;2655;2;10;13;10;0
47554;2643;2;10;13;10;0
47555;2631;2;10;13;10;0
47556;2619;2;10;13;10;0
47557;2607;2;10;13;10;0
47558;2595;2;10;13;10;0
47559;2583;2;10;13;10;0
47560;2571;2;10;13;10;0
47561;2559;2;10;13;10;0
47562;2547;2;10;13;10;0
47563;2535;2;10;13;10;0
47564;2523;2;10;13;10;0
47565;2511;2;10;13;10;0
47566;3171;2;10;13;10;0
47567;3315;2;10;13;10;0
47568;3327;2;10;13;10;0
47569;3339;2;10;13;10;0
47570;38;21;10;13;10;0
47571;26;21;10;13;10;0
47572;14;21;10;13;10;0
47573;2;21;10;13;10;0
47574;4083;2;10;13;10;0
47575;4071;2;10;13;10;0
47576;4059;2;10;13;10;0
47577;4047;2;10;13;10;0
47578;4035;2;10;13;10;0
47579;4023;2;10;13;10;0
47580;4011;2;10;13;10;0
47581;3999;2;10;13;10;0
47582;3987;2;10;13;10;0
47583;3975;2;10;13;10;0
47584;3963;2;10;13;10;0
47585;3951;2;10;13;10;0
47586;3939;2;10;13;10;0
47587;3927;2;10;13;10;0
47588;3915;2;10;13;10;0
47589;50;21;10;13;10;0
47590;62;21;10;13;10;0
47591;74;21;10;13;10;0
47592;86;21;10;13;10;0
47593;326;21;10;13;10;0
47594;314;21;10;13;10;0
47595;302;21;10;13;10;0
47596;290;21;10;13;10;0
47597;278;21;10;13;10;0
47598;266;21;10;13;10;0
47599;254;21;10;13;10;0
47600;242;21;10;13;10;0
47601;230;21;10;13;10;0
47602;338;21;10;13;10;0
47603;218;21;10;13;10;0
47604;194;21;10;13;10;0
47605;182;21;10;13;10;0
47606;170;21;10;13;10;0
47607;158;21;10;13;10;0
47608;146;21;10;13;10;0
47609;134;21;10;13;10;0
47610;122;21;10;13;10;0
47611;110;21;10;13;10;0
47612;98;21;10;13;10;0
47613;3903;2;10;13;10;0
47614;206;21;10;13;10;0
47615;3891;2;10;13;10;0
47616;3735;2;10;13;10;0
47617;3567;2;10;13;10;0
47618;3555;2;10;13;10;0
47619;3543;2;10;13;10;0
47620;3531;2;10;13;10;0
47621;3519;2;10;13;10;0
47622;3507;2;10;13;10;0
47623;3495;2;10;13;10;0
47624;3483;2;10;13;10;0
47625;3471;2;10;13;10;0
47626;3459;2;10;13;10;0
47627;3447;2;10;13;10;0
47628;3435;2;10;13;10;0
47629;3423;2;10;13;10;0
47630;3411;2;10;13;10;0
47631;3399;2;10;13;10;0
47632;3387;2;10;13;10;0
47633;3375;2;10;13;10;0
47634;3363;2;10;13;10;0
47635;3351;2;10;13;10;0
47636;3579;2;10;13;10;0
47637;3591;2;10;13;10;0
47638;3603;2;10;13;10;0
47639;3615;2;10;13;10;0
47640;3855;2;10;13;10;0
47641;3843;2;10;13;10;0
47642;3831;2;10;13;10;0
47643;3819;2;10;13;10;0
47644;3807;2;10;13;10;0
47645;3795;2;10;13;10;0
47646;3783;2;10;13;10;0
47647;3771;2;10;13;10;0
47648;3759;2;10;13;10;0
47649;3867;2;10;13;10;0
47650;3747;2;10;13;10;0
47651;3723;2;10;13;10;0
47652;3711;2;10;13;10;0
47653;3699;2;10;13;10;0
47654;3687;2;10;13;10;0
47655;3675;2;10;13;10;0
47656;3663;2;10;13;10;0
47657;3651;2;10;13;10;0
47658;3639;2;10;13;10;0
47659;3627;2;10;13;10;0
47660;2223;2;10;13;10;0
47661;3879;2;10;13;10;0
47662;2211;2;10;13;10;0
47663;1119;2;10;13;10;0
47664;783;2;10;13;10;0
47665;771;2;10;13;10;0
47666;759;2;10;13;10;0
47667;747;2;10;13;10;0
47668;735;2;10;13;10;0
47669;723;2;10;13;10;0
47670;711;2;10;13;10;0
47671;699;2;10;13;10;0
47672;687;2;10;13;10;0
47673;675;2;10;13;10;0
47674;663;2;10;13;10;0
47675;651;2;10;13;10;0
47676;639;2;10;13;10;0
47677;627;2;10;13;10;0
47678;615;2;10;13;10;0
47679;603;2;10;13;10;0
47680;591;2;10;13;10;0
47681;579;2;10;13;10;0
47682;567;2;10;13;10;0
47683;795;2;10;13;10;0
47684;807;2;10;13;10;0
47685;819;2;10;13;10;0
47686;831;2;10;13;10;0
47687;1071;2;10;13;10;0
47688;1059;2;10;13;10;0
47689;1047;2;10;13;10;0
47690;1035;2;10;13;10;0
47691;1023;2;10;13;10;0
47692;1011;2;10;13;10;0
47693;999;2;10;13;10;0
47694;987;2;10;13;10;0
47695;975;2;10;13;10;0
47696;1083;2;10;13;10;0
47697;963;2;10;13;10;0
47698;939;2;10;13;10;0
47699;927;2;10;13;10;0
47700;915;2;10;13;10;0
47701;903;2;10;13;10;0
47702;891;2;10;13;10;0
47703;879;2;10;13;10;0
47704;867;2;10;13;10;0
47705;855;2;10;13;10;0
47706;843;2;10;13;10;0
47707;555;2;10;13;10;0
47708;543;2;10;13;10;0
47709;531;2;10;13;10;0
47710;291;2;10;13;10;0
47711;243;2;10;13;10;0
47712;231;2;10;13;10;0
47713;219;2;10;13;10;0
47714;207;2;10;13;10;0
47715;195;2;10;13;10;0
47716;183;2;10;13;10;0
47717;171;2;10;13;10;0
47718;159;2;10;13;10;0
47719;135;2;10;13;10;0
47720;255;2;10;13;10;0
47721;123;2;10;13;10;0
47722;111;2;10;13;10;0
47723;99;2;10;13;10;0
47724;87;2;10;13;10;0
47725;75;2;10;13;10;0
47726;63;2;10;13;10;0
47727;51;2;10;13;10;0
47728;39;2;10;13;10;0
47729;147;2;10;13;10;0
47730;267;2;10;13;10;0
47731;399;2;10;13;10;0
47732;279;2;10;13;10;0
47733;507;2;10;13;10;0
47734;495;2;10;13;10;0
47735;483;2;10;13;10;0
47736;471;2;10;13;10;0
47737;459;2;10;13;10;0
47738;447;2;10;13;10;0
47739;435;2;10;13;10;0
47740;423;2;10;13;10;0
47741;519;2;10;13;10;0
47742;411;2;10;13;10;0
47743;387;2;10;13;10;0
47744;375;2;10;13;10;0
47745;363;2;10;13;10;0
47746;351;2;10;13;10;0
47747;339;2;10;13;10;0
47748;327;2;10;13;10;0
47749;315;2;10;13;10;0
47750;303;2;10;13;10;0
47751;951;2;10;13;10;0
47752;1095;2;10;13;10;0
47753;1647;2;10;13;10;0
47754;1107;2;10;13;10;0
47755;1899;2;10;13;10;0
47756;1887;2;10;13;10;0
47757;1875;2;10;13;10;0
47758;1863;2;10;13;10;0
47759;1851;2;10;13;10;0
47760;1839;2;10;13;10;0
47761;1827;2;10;13;10;0
47762;1815;2;10;13;10;0
47763;1803;2;10;13;10;0
47764;1791;2;10;13;10;0
47765;1779;2;10;13;10;0
47766;1767;2;10;13;10;0
47767;1755;2;10;13;10;0
47768;1743;2;10;13;10;0
47769;1731;2;10;13;10;0
47770;1719;2;10;13;10;0
47771;1707;2;10;13;10;0
47772;1695;2;10;13;10;0
47773;1683;2;10;13;10;0
47774;1911;2;10;13;10;0
47775;1935;2;10;13;10;0
47776;2187;2;10;13;10;0
47777;1947;2;10;13;10;0
47778;2175;2;10;13;10;0
47779;2163;2;10;13;10;0
47780;2151;2;10;13;10;0
47781;2139;2;10;13;10;0
47782;2127;2;10;13;10;0
47783;2115;2;10;13;10;0
47784;2103;2;10;13;10;0
47785;2091;2;10;13;10;0
47786;2079;2;10;13;10;0
47787;2067;2;10;13;10;0
47788;2055;2;10;13;10;0
47789;2043;2;10;13;10;0
47790;2031;2;10;13;10;0
47791;2019;2;10;13;10;0
47792;2007;2;10;13;10;0
47793;1995;2;10;13;10;0
47794;1983;2;10;13;10;0
47795;1971;2;10;13;10;0
47796;1959;2;10;13;10;0
47797;1671;2;10;13;10;0
47798;1923;2;10;13;10;0
47799;1659;2;10;13;10;0
47800;1371;2;10;13;10;0
47801;1347;2;10;13;10;0
47802;1335;2;10;13;10;0
47803;1323;2;10;13;10;0
47804;1311;2;10;13;10;0
47805;1299;2;10;13;10;0
47806;1287;2;10;13;10;0
47807;1275;2;10;13;10;0
47808;1263;2;10;13;10;0
47809;1251;2;10;13;10;0
47810;1239;2;10;13;10;0
47811;1227;2;10;13;10;0
47812;1215;2;10;13;10;0
47813;1203;2;10;13;10;0
47814;1191;2;10;13;10;0
47815;1179;2;10;13;10;0
47816;1167;2;10;13;10;0
47817;1155;2;10;13;10;0
47818;1143;2;10;13;10;0
47819;1131;2;10;13;10;0
47820;1359;2;10;13;10;0
47821;1383;2;10;13;10;0
47822;1635;2;10;13;10;0
47823;1395;2;10;13;10;0
47824;1623;2;10;13;10;0
47825;1611;2;10;13;10;0
47826;1599;2;10;13;10;0
47827;1587;2;10;13;10;0
47828;1575;2;10;13;10;0
47829;1563;2;10;13;10;0
47830;1551;2;10;13;10;0
47831;1539;2;10;13;10;0
47832;1527;2;10;13;10;0
47833;1515;2;10;13;10;0
47834;1503;2;10;13;10;0
47835;1491;2;10;13;10;0
47836;1479;2;10;13;10;0
47837;1467;2;10;13;10;0
47838;1455;2;10;13;10;0
47839;1443;2;10;13;10;0
47840;1431;2;10;13;10;0
47841;1419;2;10;13;10;0
47842;1407;2;10;13;10;0
47843;2199;2;10;13;10;0
47844;350;21;10;13;10;0
47845;3686;21;10;13;10;0
47846;362;21;10;13;10;0
47847;3374;21;10;13;10;0
47848;3362;21;10;13;10;0
47849;3350;21;10;13;10;0
47850;3338;21;10;13;10;0
47851;3326;21;10;13;10;0
47852;3314;21;10;13;10;0
47853;3302;21;10;13;10;0
47854;3290;21;10;13;10;0
47855;3278;21;10;13;10;0
47856;3266;21;10;13;10;0
47857;3254;21;10;13;10;0
47858;3242;21;10;13;10;0
47859;3230;21;10;13;10;0
47860;3218;21;10;13;10;0
47861;3206;21;10;13;10;0
47862;3194;21;10;13;10;0
47863;3182;21;10;13;10;0
47864;3170;21;10;13;10;0
47865;3158;21;10;13;10;0
47866;3386;21;10;13;10;0
47867;3398;21;10;13;10;0
47868;3410;21;10;13;10;0
47869;3422;21;10;13;10;0
47870;3662;21;10;13;10;0
47871;3650;21;10;13;10;0
47872;3638;21;10;13;10;0
47873;3626;21;10;13;10;0
47874;3614;21;10;13;10;0
47875;3602;21;10;13;10;0
47876;3590;21;10;13;10;0
47877;3578;21;10;13;10;0
47878;3566;21;10;13;10;0
47879;3674;21;10;13;10;0
47880;3554;21;10;13;10;0
47881;3530;21;10;13;10;0
47882;3518;21;10;13;10;0
47883;3506;21;10;13;10;0
47884;3494;21;10;13;10;0
47885;3482;21;10;13;10;0
47886;3470;21;10;13;10;0
47887;3458;21;10;13;10;0
47888;3446;21;10;13;10;0
47889;3434;21;10;13;10;0
47890;3146;21;10;13;10;0
47891;3134;21;10;13;10;0
47892;3122;21;10;13;10;0
47893;2846;21;10;13;10;0
47894;2822;21;10;13;10;0
47895;2810;21;10;13;10;0
47896;2798;21;10;13;10;0
47897;2786;21;10;13;10;0
47898;2774;21;10;13;10;0
47899;2762;21;10;13;10;0
47900;2750;21;10;13;10;0
47901;2738;21;10;13;10;0
47902;2726;21;10;13;10;0
47903;2714;21;10;13;10;0
47904;2702;21;10;13;10;0
47905;2690;21;10;13;10;0
47906;2678;21;10;13;10;0
47907;2666;21;10;13;10;0
47908;2654;21;10;13;10;0
47909;2642;21;10;13;10;0
47910;2630;21;10;13;10;0
47911;2618;21;10;13;10;0
47912;2606;21;10;13;10;0
47913;2834;21;10;13;10;0
47914;2858;21;10;13;10;0
47915;3110;21;10;13;10;0
47916;2870;21;10;13;10;0
47917;3098;21;10;13;10;0
47918;3086;21;10;13;10;0
47919;3074;21;10;13;10;0
47920;3062;21;10;13;10;0
47921;3050;21;10;13;10;0
47922;3038;21;10;13;10;0
47923;3026;21;10;13;10;0
47924;3014;21;10;13;10;0
47925;3002;21;10;13;10;0
47926;2990;21;10;13;10;0
47927;2978;21;10;13;10;0
47928;2966;21;10;13;10;0
47929;2954;21;10;13;10;0
47930;2942;21;10;13;10;0
47931;2930;21;10;13;10;0
47932;2918;21;10;13;10;0
47933;2906;21;10;13;10;0
47934;2894;21;10;13;10;0
47935;2882;21;10;13;10;0
47936;3542;21;10;13;10;0
47937;3698;21;10;13;10;0
47938;566;36;10;13;10;0
47939;3710;21;10;13;10;0
47940;398;36;10;13;10;0
47941;386;36;10;13;10;0
47942;374;36;10;13;10;0
47943;362;36;10;13;10;0
47944;350;36;10;13;10;0
47945;338;36;10;13;10;0
47946;326;36;10;13;10;0
47947;314;36;10;13;10;0
47948;302;36;10;13;10;0
47949;290;36;10;13;10;0
47950;278;36;10;13;10;0
47951;266;36;10;13;10;0
47952;254;36;10;13;10;0
47953;242;36;10;13;10;0
47954;230;36;10;13;10;0
47955;218;36;10;13;10;0
47956;206;36;10;13;10;0
47957;194;36;10;13;10;0
47958;182;36;10;13;10;0
47959;410;36;10;13;10;0
47960;422;36;10;13;10;0
47961;434;36;10;13;10;0
47962;446;36;10;13;10;0
47963;686;36;10;13;10;0
47964;674;36;10;13;10;0
47965;662;36;10;13;10;0
47966;650;36;10;13;10;0
47967;638;36;10;13;10;0
47968;626;36;10;13;10;0
47969;614;36;10;13;10;0
47970;602;36;10;13;10;0
47971;590;36;10;13;10;0
47972;698;36;10;13;10;0
47973;578;36;10;13;10;0
47974;554;36;10;13;10;0
47975;542;36;10;13;10;0
47976;530;36;10;13;10;0
47977;518;36;10;13;10;0
47978;506;36;10;13;10;0
47979;494;36;10;13;10;0
47980;482;36;10;13;10;0
47981;470;36;10;13;10;0
47982;458;36;10;13;10;0
47983;170;36;10;13;10;0
47984;158;36;10;13;10;0
47985;146;36;10;13;10;0
47986;3962;21;10;13;10;0
47987;3938;21;10;13;10;0
47988;3926;21;10;13;10;0
47989;3914;21;10;13;10;0
47990;3902;21;10;13;10;0
47991;3890;21;10;13;10;0
47992;3878;21;10;13;10;0
47993;3866;21;10;13;10;0
47994;3854;21;10;13;10;0
47995;3842;21;10;13;10;0
47996;3830;21;10;13;10;0
47997;3818;21;10;13;10;0
47998;3806;21;10;13;10;0
47999;3794;21;10;13;10;0
48000;3782;21;10;13;10;0
48001;3770;21;10;13;10;0
48002;3758;21;10;13;10;0
48003;3746;21;10;13;10;0
48004;3734;21;10;13;10;0
48005;3722;21;10;13;10;0
48006;3950;21;10;13;10;0
48007;3974;21;10;13;10;0
48008;134;36;10;13;10;0
48009;3986;21;10;13;10;0
48010;122;36;10;13;10;0
48011;110;36;10;13;10;0
48012;98;36;10;13;10;0
48013;86;36;10;13;10;0
48014;74;36;10;13;10;0
48015;62;36;10;13;10;0
48016;50;36;10;13;10;0
48017;38;36;10;13;10;0
48018;26;36;10;13;10;0
48019;14;36;10;13;10;0
48020;2;36;10;13;10;0
48021;4082;21;10;13;10;0
48022;4070;21;10;13;10;0
48023;4058;21;10;13;10;0
48024;4046;21;10;13;10;0
48025;4034;21;10;13;10;0
48026;4022;21;10;13;10;0
48027;4010;21;10;13;10;0
48028;3998;21;10;13;10;0
48029;2594;21;10;13;10;0
48030;2582;21;10;13;10;0
48031;2570;21;10;13;10;0
48032;2426;21;10;13;10;0
48033;1154;21;10;13;10;0
48034;1142;21;10;13;10;0
48035;1130;21;10;13;10;0
48036;1118;21;10;13;10;0
48037;1106;21;10;13;10;0
48038;1094;21;10;13;10;0
48039;1082;21;10;13;10;0
48040;1070;21;10;13;10;0
48041;1058;21;10;13;10;0
48042;1046;21;10;13;10;0
48043;1034;21;10;13;10;0
48044;1022;21;10;13;10;0
48045;1010;21;10;13;10;0
48046;998;21;10;13;10;0
48047;986;21;10;13;10;0
48048;974;21;10;13;10;0
48049;962;21;10;13;10;0
48050;950;21;10;13;10;0
48051;938;21;10;13;10;0
48052;1166;21;10;13;10;0
48053;1190;21;10;13;10;0
48054;1442;21;10;13;10;0
48055;1202;21;10;13;10;0
48056;1430;21;10;13;10;0
48057;1418;21;10;13;10;0
48058;1406;21;10;13;10;0
48059;1394;21;10;13;10;0
48060;1382;21;10;13;10;0
48061;1370;21;10;13;10;0
48062;1358;21;10;13;10;0
48063;1346;21;10;13;10;0
48064;1334;21;10;13;10;0
48065;1322;21;10;13;10;0
48066;1310;21;10;13;10;0
48067;1298;21;10;13;10;0
48068;1286;21;10;13;10;0
48069;1274;21;10;13;10;0
48070;1262;21;10;13;10;0
48071;1250;21;10;13;10;0
48072;1238;21;10;13;10;0
48073;1226;21;10;13;10;0
48074;1214;21;10;13;10;0
48075;926;21;10;13;10;0
48076;1178;21;10;13;10;0
48077;914;21;10;13;10;0
48078;626;21;10;13;10;0
48079;602;21;10;13;10;0
48080;590;21;10;13;10;0
48081;578;21;10;13;10;0
48082;566;21;10;13;10;0
48083;554;21;10;13;10;0
48084;542;21;10;13;10;0
48085;530;21;10;13;10;0
48086;518;21;10;13;10;0
48087;506;21;10;13;10;0
48088;494;21;10;13;10;0
48089;482;21;10;13;10;0
48090;470;21;10;13;10;0
48091;458;21;10;13;10;0
48092;446;21;10;13;10;0
48093;434;21;10;13;10;0
48094;422;21;10;13;10;0
48095;410;21;10;13;10;0
48096;398;21;10;13;10;0
48097;386;21;10;13;10;0
48098;614;21;10;13;10;0
48099;638;21;10;13;10;0
48100;890;21;10;13;10;0
48101;650;21;10;13;10;0
48102;878;21;10;13;10;0
48103;866;21;10;13;10;0
48104;854;21;10;13;10;0
48105;842;21;10;13;10;0
48106;830;21;10;13;10;0
48107;818;21;10;13;10;0
48108;806;21;10;13;10;0
48109;794;21;10;13;10;0
48110;782;21;10;13;10;0
48111;770;21;10;13;10;0
48112;758;21;10;13;10;0
48113;746;21;10;13;10;0
48114;734;21;10;13;10;0
48115;722;21;10;13;10;0
48116;710;21;10;13;10;0
48117;698;21;10;13;10;0
48118;686;21;10;13;10;0
48119;674;21;10;13;10;0
48120;662;21;10;13;10;0
48121;902;21;10;13;10;0
48122;1454;21;10;13;10;0
48123;1466;21;10;13;10;0
48124;1478;21;10;13;10;0
48125;2258;21;10;13;10;0
48126;2246;21;10;13;10;0
48127;2234;21;10;13;10;0
48128;2222;21;10;13;10;0
48129;2210;21;10;13;10;0
48130;2198;21;10;13;10;0
48131;2186;21;10;13;10;0
48132;2174;21;10;13;10;0
48133;2162;21;10;13;10;0
48134;2150;21;10;13;10;0
48135;2138;21;10;13;10;0
48136;2126;21;10;13;10;0
48137;2114;21;10;13;10;0
48138;2102;21;10;13;10;0
48139;2090;21;10;13;10;0
48140;2078;21;10;13;10;0
48141;2066;21;10;13;10;0
48142;2054;21;10;13;10;0
48143;2042;21;10;13;10;0
48144;2270;21;10;13;10;0
48145;2282;21;10;13;10;0
48146;2294;21;10;13;10;0
48147;2306;21;10;13;10;0
48148;2546;21;10;13;10;0
48149;2534;21;10;13;10;0
48150;2522;21;10;13;10;0
48151;2510;21;10;13;10;0
48152;2498;21;10;13;10;0
48153;2486;21;10;13;10;0
48154;2474;21;10;13;10;0
48155;2462;21;10;13;10;0
48156;2450;21;10;13;10;0
48157;2558;21;10;13;10;0
48158;2438;21;10;13;10;0
48159;2414;21;10;13;10;0
48160;2402;21;10;13;10;0
48161;2390;21;10;13;10;0
48162;2378;21;10;13;10;0
48163;2366;21;10;13;10;0
48164;2354;21;10;13;10;0
48165;2342;21;10;13;10;0
48166;2330;21;10;13;10;0
48167;2318;21;10;13;10;0
48168;2030;21;10;13;10;0
48169;2018;21;10;13;10;0
48170;2006;21;10;13;10;0
48171;1730;21;10;13;10;0
48172;1706;21;10;13;10;0
48173;1694;21;10;13;10;0
48174;1682;21;10;13;10;0
48175;1670;21;10;13;10;0
48176;1658;21;10;13;10;0
48177;1646;21;10;13;10;0
48178;1634;21;10;13;10;0
48179;1622;21;10;13;10;0
48180;1610;21;10;13;10;0
48181;1598;21;10;13;10;0
48182;1586;21;10;13;10;0
48183;1574;21;10;13;10;0
48184;1562;21;10;13;10;0
48185;1550;21;10;13;10;0
48186;1538;21;10;13;10;0
48187;1526;21;10;13;10;0
48188;1514;21;10;13;10;0
48189;1502;21;10;13;10;0
48190;1490;21;10;13;10;0
48191;1718;21;10;13;10;0
48192;1742;21;10;13;10;0
48193;1994;21;10;13;10;0
48194;1754;21;10;13;10;0
48195;1982;21;10;13;10;0
48196;1970;21;10;13;10;0
48197;1958;21;10;13;10;0
48198;1946;21;10;13;10;0
48199;1934;21;10;13;10;0
48200;1922;21;10;13;10;0
48201;1910;21;10;13;10;0
48202;1898;21;10;13;10;0
48203;1886;21;10;13;10;0
48204;1874;21;10;13;10;0
48205;1862;21;10;13;10;0
48206;1850;21;10;13;10;0
48207;1838;21;10;13;10;0
48208;1826;21;10;13;10;0
48209;1814;21;10;13;10;0
48210;1802;21;10;13;10;0
48211;1790;21;10;13;10;0
48212;1778;21;10;13;10;0
48213;1766;21;10;13;10;0
48214;734;36;10;13;10;0
48215;1418;66;10;13;10;0
48216;2486;111;10;13;10;0
48217;1442;66;10;13;10;0
48218;1430;66;10;13;10;0
48219;1046;111;10;13;10;0
48220;1034;111;10;13;10;0
48221;1022;111;10;13;10;0
48222;1010;111;10;13;10;0
48223;998;111;10;13;10;0
48224;986;111;10;13;10;0
48225;974;111;10;13;10;0
48226;962;111;10;13;10;0
48227;950;111;10;13;10;0
48228;938;111;10;13;10;0
48229;926;111;10;13;10;0
48230;914;111;10;13;10;0
48231;902;111;10;13;10;0
48232;890;111;10;13;10;0
48233;878;111;10;13;10;0
48234;866;111;10;13;10;0
48235;854;111;10;13;10;0
48236;842;111;10;13;10;0
48237;1070;111;10;13;10;0
48238;1082;111;10;13;10;0
48239;1094;111;10;13;10;0
48240;1106;111;10;13;10;0
48241;1346;111;10;13;10;0
48242;1334;111;10;13;10;0
48243;1322;111;10;13;10;0
48244;1310;111;10;13;10;0
48245;1298;111;10;13;10;0
48246;1286;111;10;13;10;0
48247;1274;111;10;13;10;0
48248;1262;111;10;13;10;0
48249;1250;111;10;13;10;0
48250;1358;111;10;13;10;0
48251;1238;111;10;13;10;0
48252;1214;111;10;13;10;0
48253;1202;111;10;13;10;0
48254;1190;111;10;13;10;0
48255;1178;111;10;13;10;0
48256;1166;111;10;13;10;0
48257;1154;111;10;13;10;0
48258;1142;111;10;13;10;0
48259;1130;111;10;13;10;0
48260;1118;111;10;13;10;0
48261;830;111;10;13;10;0
48262;818;111;10;13;10;0
48263;806;111;10;13;10;0
48264;530;111;10;13;10;0
48265;506;111;10;13;10;0
48266;494;111;10;13;10;0
48267;482;111;10;13;10;0
48268;470;111;10;13;10;0
48269;458;111;10;13;10;0
48270;446;111;10;13;10;0
48271;434;111;10;13;10;0
48272;422;111;10;13;10;0
48273;410;111;10;13;10;0
48274;398;111;10;13;10;0
48275;386;111;10;13;10;0
48276;374;111;10;13;10;0
48277;362;111;10;13;10;0
48278;350;111;10;13;10;0
48279;338;111;10;13;10;0
48280;326;111;10;13;10;0
48281;314;111;10;13;10;0
48282;302;111;10;13;10;0
48283;290;111;10;13;10;0
48284;518;111;10;13;10;0
48285;542;111;10;13;10;0
48286;794;111;10;13;10;0
48287;554;111;10;13;10;0
48288;782;111;10;13;10;0
48289;770;111;10;13;10;0
48290;758;111;10;13;10;0
48291;746;111;10;13;10;0
48292;734;111;10;13;10;0
48293;722;111;10;13;10;0
48294;710;111;10;13;10;0
48295;698;111;10;13;10;0
48296;686;111;10;13;10;0
48297;674;111;10;13;10;0
48298;662;111;10;13;10;0
48299;650;111;10;13;10;0
48300;638;111;10;13;10;0
48301;626;111;10;13;10;0
48302;614;111;10;13;10;0
48303;602;111;10;13;10;0
48304;590;111;10;13;10;0
48305;578;111;10;13;10;0
48306;566;111;10;13;10;0
48307;1226;111;10;13;10;0
48308;1382;111;10;13;10;0
48309;2342;111;10;13;10;0
48310;1394;111;10;13;10;0
48311;2174;111;10;13;10;0
48312;2162;111;10;13;10;0
48313;2150;111;10;13;10;0
48314;2138;111;10;13;10;0
48315;2126;111;10;13;10;0
48316;2114;111;10;13;10;0
48317;2102;111;10;13;10;0
48318;2090;111;10;13;10;0
48319;2078;111;10;13;10;0
48320;2066;111;10;13;10;0
48321;2054;111;10;13;10;0
48322;2042;111;10;13;10;0
48323;2030;111;10;13;10;0
48324;2018;111;10;13;10;0
48325;2006;111;10;13;10;0
48326;1994;111;10;13;10;0
48327;1982;111;10;13;10;0
48328;1970;111;10;13;10;0
48329;1958;111;10;13;10;0
48330;2186;111;10;13;10;0
48331;2198;111;10;13;10;0
48332;2210;111;10;13;10;0
48333;2222;111;10;13;10;0
48334;2462;111;10;13;10;0
48335;2450;111;10;13;10;0
48336;2438;111;10;13;10;0
48337;2426;111;10;13;10;0
48338;2414;111;10;13;10;0
48339;2402;111;10;13;10;0
48340;2390;111;10;13;10;0
48341;2378;111;10;13;10;0
48342;2366;111;10;13;10;0
48343;2474;111;10;13;10;0
48344;2354;111;10;13;10;0
48345;2330;111;10;13;10;0
48346;2318;111;10;13;10;0
48347;2306;111;10;13;10;0
48348;2294;111;10;13;10;0
48349;2282;111;10;13;10;0
48350;2270;111;10;13;10;0
48351;2258;111;10;13;10;0
48352;2246;111;10;13;10;0
48353;2234;111;10;13;10;0
48354;1946;111;10;13;10;0
48355;1934;111;10;13;10;0
48356;1922;111;10;13;10;0
48357;1646;111;10;13;10;0
48358;1622;111;10;13;10;0
48359;1610;111;10;13;10;0
48360;1598;111;10;13;10;0
48361;1586;111;10;13;10;0
48362;1574;111;10;13;10;0
48363;1562;111;10;13;10;0
48364;1550;111;10;13;10;0
48365;1538;111;10;13;10;0
48366;1526;111;10;13;10;0
48367;1514;111;10;13;10;0
48368;1502;111;10;13;10;0
48369;1490;111;10;13;10;0
48370;1478;111;10;13;10;0
48371;1466;111;10;13;10;0
48372;1454;111;10;13;10;0
48373;1442;111;10;13;10;0
48374;1430;111;10;13;10;0
48375;1418;111;10;13;10;0
48376;1406;111;10;13;10;0
48377;1634;111;10;13;10;0
48378;1658;111;10;13;10;0
48379;1910;111;10;13;10;0
48380;1670;111;10;13;10;0
48381;1898;111;10;13;10;0
48382;1886;111;10;13;10;0
48383;1874;111;10;13;10;0
48384;1862;111;10;13;10;0
48385;1850;111;10;13;10;0
48386;1838;111;10;13;10;0
48387;1826;111;10;13;10;0
48388;1814;111;10;13;10;0
48389;1802;111;10;13;10;0
48390;1790;111;10;13;10;0
48391;1778;111;10;13;10;0
48392;1766;111;10;13;10;0
48393;1754;111;10;13;10;0
48394;1742;111;10;13;10;0
48395;1730;111;10;13;10;0
48396;1718;111;10;13;10;0
48397;1706;111;10;13;10;0
48398;1694;111;10;13;10;0
48399;1682;111;10;13;10;0
48400;278;111;10;13;10;0
48401;266;111;10;13;10;0
48402;254;111;10;13;10;0
48403;110;111;10;13;10;0
48404;2930;96;10;13;10;0
48405;2918;96;10;13;10;0
48406;2906;96;10;13;10;0
48407;2894;96;10;13;10;0
48408;2882;96;10;13;10;0
48409;2870;96;10;13;10;0
48410;2858;96;10;13;10;0
48411;2846;96;10;13;10;0
48412;2834;96;10;13;10;0
48413;2822;96;10;13;10;0
48414;2810;96;10;13;10;0
48415;2798;96;10;13;10;0
48416;2786;96;10;13;10;0
48417;2774;96;10;13;10;0
48418;2762;96;10;13;10;0
48419;2750;96;10;13;10;0
48420;2738;96;10;13;10;0
48421;2726;96;10;13;10;0
48422;2714;96;10;13;10;0
48423;2942;96;10;13;10;0
48424;2966;96;10;13;10;0
48425;3218;96;10;13;10;0
48426;2978;96;10;13;10;0
48427;3206;96;10;13;10;0
48428;3194;96;10;13;10;0
48429;3182;96;10;13;10;0
48430;3170;96;10;13;10;0
48431;3158;96;10;13;10;0
48432;3146;96;10;13;10;0
48433;3134;96;10;13;10;0
48434;3122;96;10;13;10;0
48435;3110;96;10;13;10;0
48436;3098;96;10;13;10;0
48437;3086;96;10;13;10;0
48438;3074;96;10;13;10;0
48439;3062;96;10;13;10;0
48440;3050;96;10;13;10;0
48441;3038;96;10;13;10;0
48442;3026;96;10;13;10;0
48443;3014;96;10;13;10;0
48444;3002;96;10;13;10;0
48445;2990;96;10;13;10;0
48446;2702;96;10;13;10;0
48447;2954;96;10;13;10;0
48448;2690;96;10;13;10;0
48449;2402;96;10;13;10;0
48450;2378;96;10;13;10;0
48451;2366;96;10;13;10;0
48452;2354;96;10;13;10;0
48453;2342;96;10;13;10;0
48454;2330;96;10;13;10;0
48455;2318;96;10;13;10;0
48456;2306;96;10;13;10;0
48457;2294;96;10;13;10;0
48458;2282;96;10;13;10;0
48459;2270;96;10;13;10;0
48460;2258;96;10;13;10;0
48461;2246;96;10;13;10;0
48462;2234;96;10;13;10;0
48463;2222;96;10;13;10;0
48464;2210;96;10;13;10;0
48465;2198;96;10;13;10;0
48466;2186;96;10;13;10;0
48467;2174;96;10;13;10;0
48468;2162;96;10;13;10;0
48469;2390;96;10;13;10;0
48470;2414;96;10;13;10;0
48471;2666;96;10;13;10;0
48472;2426;96;10;13;10;0
48473;2654;96;10;13;10;0
48474;2642;96;10;13;10;0
48475;2630;96;10;13;10;0
48476;2618;96;10;13;10;0
48477;2606;96;10;13;10;0
48478;2594;96;10;13;10;0
48479;2582;96;10;13;10;0
48480;2570;96;10;13;10;0
48481;2558;96;10;13;10;0
48482;2546;96;10;13;10;0
48483;2534;96;10;13;10;0
48484;2522;96;10;13;10;0
48485;2510;96;10;13;10;0
48486;2498;96;10;13;10;0
48487;2486;96;10;13;10;0
48488;2474;96;10;13;10;0
48489;2462;96;10;13;10;0
48490;2450;96;10;13;10;0
48491;2438;96;10;13;10;0
48492;2678;96;10;13;10;0
48493;3230;96;10;13;10;0
48494;3242;96;10;13;10;0
48495;3254;96;10;13;10;0
48496;4034;96;10;13;10;0
48497;4022;96;10;13;10;0
48498;4010;96;10;13;10;0
48499;3998;96;10;13;10;0
48500;3986;96;10;13;10;0
48501;3974;96;10;13;10;0
48502;3962;96;10;13;10;0
48503;3950;96;10;13;10;0
48504;3938;96;10;13;10;0
48505;3926;96;10;13;10;0
48506;3914;96;10;13;10;0
48507;3902;96;10;13;10;0
48508;3890;96;10;13;10;0
48509;3878;96;10;13;10;0
48510;3866;96;10;13;10;0
48511;3854;96;10;13;10;0
48512;3842;96;10;13;10;0
48513;3830;96;10;13;10;0
48514;3818;96;10;13;10;0
48515;4046;96;10;13;10;0
48516;4058;96;10;13;10;0
48517;4070;96;10;13;10;0
48518;4082;96;10;13;10;0
48519;230;111;10;13;10;0
48520;218;111;10;13;10;0
48521;206;111;10;13;10;0
48522;194;111;10;13;10;0
48523;182;111;10;13;10;0
48524;170;111;10;13;10;0
48525;158;111;10;13;10;0
48526;146;111;10;13;10;0
48527;134;111;10;13;10;0
48528;242;111;10;13;10;0
48529;122;111;10;13;10;0
48530;98;111;10;13;10;0
48531;86;111;10;13;10;0
48532;74;111;10;13;10;0
48533;62;111;10;13;10;0
48534;50;111;10;13;10;0
48535;38;111;10;13;10;0
48536;26;111;10;13;10;0
48537;14;111;10;13;10;0
48538;2;111;10;13;10;0
48539;3806;96;10;13;10;0
48540;3794;96;10;13;10;0
48541;3782;96;10;13;10;0
48542;3506;96;10;13;10;0
48543;3482;96;10;13;10;0
48544;3470;96;10;13;10;0
48545;3458;96;10;13;10;0
48546;3446;96;10;13;10;0
48547;3434;96;10;13;10;0
48548;3422;96;10;13;10;0
48549;3410;96;10;13;10;0
48550;3398;96;10;13;10;0
48551;3386;96;10;13;10;0
48552;3374;96;10;13;10;0
48553;3362;96;10;13;10;0
48554;3350;96;10;13;10;0
48555;3338;96;10;13;10;0
48556;3326;96;10;13;10;0
48557;3314;96;10;13;10;0
48558;3302;96;10;13;10;0
48559;3290;96;10;13;10;0
48560;3278;96;10;13;10;0
48561;3266;96;10;13;10;0
48562;3494;96;10;13;10;0
48563;3518;96;10;13;10;0
48564;3770;96;10;13;10;0
48565;3530;96;10;13;10;0
48566;3758;96;10;13;10;0
48567;3746;96;10;13;10;0
48568;3734;96;10;13;10;0
48569;3722;96;10;13;10;0
48570;3710;96;10;13;10;0
48571;3698;96;10;13;10;0
48572;3686;96;10;13;10;0
48573;3674;96;10;13;10;0
48574;3662;96;10;13;10;0
48575;3650;96;10;13;10;0
48576;3638;96;10;13;10;0
48577;3626;96;10;13;10;0
48578;3614;96;10;13;10;0
48579;3602;96;10;13;10;0
48580;3590;96;10;13;10;0
48581;3578;96;10;13;10;0
48582;3566;96;10;13;10;0
48583;3554;96;10;13;10;0
48584;3542;96;10;13;10;0
48585;1370;111;10;13;10;0
48586;2498;111;10;13;10;0
48587;1730;126;10;13;10;0
48588;2510;111;10;13;10;0
48589;1418;126;10;13;10;0
48590;1406;126;10;13;10;0
48591;1394;126;10;13;10;0
48592;1382;126;10;13;10;0
48593;1370;126;10;13;10;0
48594;1358;126;10;13;10;0
48595;1346;126;10;13;10;0
48596;1334;126;10;13;10;0
48597;1322;126;10;13;10;0
48598;1310;126;10;13;10;0
48599;1298;126;10;13;10;0
48600;1286;126;10;13;10;0
48601;1274;126;10;13;10;0
48602;1262;126;10;13;10;0
48603;1250;126;10;13;10;0
48604;1238;126;10;13;10;0
48605;1226;126;10;13;10;0
48606;1214;126;10;13;10;0
48607;1202;126;10;13;10;0
48608;1430;126;10;13;10;0
48609;1442;126;10;13;10;0
48610;1454;126;10;13;10;0
48611;1466;126;10;13;10;0
48612;1706;126;10;13;10;0
48613;1694;126;10;13;10;0
48614;1682;126;10;13;10;0
48615;1670;126;10;13;10;0
48616;1658;126;10;13;10;0
48617;1646;126;10;13;10;0
48618;1634;126;10;13;10;0
48619;1622;126;10;13;10;0
48620;1610;126;10;13;10;0
48621;1718;126;10;13;10;0
48622;1598;126;10;13;10;0
48623;1574;126;10;13;10;0
48624;1562;126;10;13;10;0
48625;1550;126;10;13;10;0
48626;1538;126;10;13;10;0
48627;1526;126;10;13;10;0
48628;1514;126;10;13;10;0
48629;1502;126;10;13;10;0
48630;1490;126;10;13;10;0
48631;1478;126;10;13;10;0
48632;1190;126;10;13;10;0
48633;1178;126;10;13;10;0
48634;1166;126;10;13;10;0
48635;890;126;10;13;10;0
48636;866;126;10;13;10;0
48637;854;126;10;13;10;0
48638;842;126;10;13;10;0
48639;830;126;10;13;10;0
48640;818;126;10;13;10;0
48641;806;126;10;13;10;0
48642;794;126;10;13;10;0
48643;782;126;10;13;10;0
48644;770;126;10;13;10;0
48645;758;126;10;13;10;0
48646;746;126;10;13;10;0
48647;734;126;10;13;10;0
48648;722;126;10;13;10;0
48649;710;126;10;13;10;0
48650;698;126;10;13;10;0
48651;686;126;10;13;10;0
48652;674;126;10;13;10;0
48653;662;126;10;13;10;0
48654;650;126;10;13;10;0
48655;878;126;10;13;10;0
48656;902;126;10;13;10;0
48657;1154;126;10;13;10;0
48658;914;126;10;13;10;0
48659;1142;126;10;13;10;0
48660;1130;126;10;13;10;0
48661;1118;126;10;13;10;0
48662;1106;126;10;13;10;0
48663;1094;126;10;13;10;0
48664;1082;126;10;13;10;0
48665;1070;126;10;13;10;0
48666;1058;126;10;13;10;0
48667;1046;126;10;13;10;0
48668;1034;126;10;13;10;0
48669;1022;126;10;13;10;0
48670;1010;126;10;13;10;0
48671;998;126;10;13;10;0
48672;986;126;10;13;10;0
48673;974;126;10;13;10;0
48674;962;126;10;13;10;0
48675;950;126;10;13;10;0
48676;938;126;10;13;10;0
48677;926;126;10;13;10;0
48678;1586;126;10;13;10;0
48679;1742;126;10;13;10;0
48680;2702;126;10;13;10;0
48681;1754;126;10;13;10;0
48682;2534;126;10;13;10;0
48683;2522;126;10;13;10;0
48684;2510;126;10;13;10;0
48685;2498;126;10;13;10;0
48686;2486;126;10;13;10;0
48687;2474;126;10;13;10;0
48688;2462;126;10;13;10;0
48689;2450;126;10;13;10;0
48690;2438;126;10;13;10;0
48691;2426;126;10;13;10;0
48692;2414;126;10;13;10;0
48693;2402;126;10;13;10;0
48694;2390;126;10;13;10;0
48695;2378;126;10;13;10;0
48696;2366;126;10;13;10;0
48697;2354;126;10;13;10;0
48698;2342;126;10;13;10;0
48699;2330;126;10;13;10;0
48700;2318;126;10;13;10;0
48701;2546;126;10;13;10;0
48702;2558;126;10;13;10;0
48703;2570;126;10;13;10;0
48704;2582;126;10;13;10;0
48705;2822;126;10;13;10;0
48706;2810;126;10;13;10;0
48707;2798;126;10;13;10;0
48708;2786;126;10;13;10;0
48709;2774;126;10;13;10;0
48710;2762;126;10;13;10;0
48711;2750;126;10;13;10;0
48712;2738;126;10;13;10;0
48713;2726;126;10;13;10;0
48714;2834;126;10;13;10;0
48715;2714;126;10;13;10;0
48716;2690;126;10;13;10;0
48717;2678;126;10;13;10;0
48718;2666;126;10;13;10;0
48719;2654;126;10;13;10;0
48720;2642;126;10;13;10;0
48721;2630;126;10;13;10;0
48722;2618;126;10;13;10;0
48723;2606;126;10;13;10;0
48724;2594;126;10;13;10;0
48725;2306;126;10;13;10;0
48726;2294;126;10;13;10;0
48727;2282;126;10;13;10;0
48728;2006;126;10;13;10;0
48729;1982;126;10;13;10;0
48730;1970;126;10;13;10;0
48731;1958;126;10;13;10;0
48732;1946;126;10;13;10;0
48733;1934;126;10;13;10;0
48734;1922;126;10;13;10;0
48735;1910;126;10;13;10;0
48736;1898;126;10;13;10;0
48737;1886;126;10;13;10;0
48738;1874;126;10;13;10;0
48739;1862;126;10;13;10;0
48740;1850;126;10;13;10;0
48741;1838;126;10;13;10;0
48742;1826;126;10;13;10;0
48743;1814;126;10;13;10;0
48744;1802;126;10;13;10;0
48745;1790;126;10;13;10;0
48746;1778;126;10;13;10;0
48747;1766;126;10;13;10;0
48748;1994;126;10;13;10;0
48749;2018;126;10;13;10;0
48750;2270;126;10;13;10;0
48751;2030;126;10;13;10;0
48752;2258;126;10;13;10;0
48753;2246;126;10;13;10;0
48754;2234;126;10;13;10;0
48755;2222;126;10;13;10;0
48756;2210;126;10;13;10;0
48757;2198;126;10;13;10;0
48758;2186;126;10;13;10;0
48759;2174;126;10;13;10;0
48760;2162;126;10;13;10;0
48761;2150;126;10;13;10;0
48762;2138;126;10;13;10;0
48763;2126;126;10;13;10;0
48764;2114;126;10;13;10;0
48765;2102;126;10;13;10;0
48766;2090;126;10;13;10;0
48767;2078;126;10;13;10;0
48768;2066;126;10;13;10;0
48769;2054;126;10;13;10;0
48770;2042;126;10;13;10;0
48771;638;126;10;13;10;0
48772;626;126;10;13;10;0
48773;614;126;10;13;10;0
48774;470;126;10;13;10;0
48775;3290;111;10;13;10;0
48776;3278;111;10;13;10;0
48777;3266;111;10;13;10;0
48778;3254;111;10;13;10;0
48779;3242;111;10;13;10;0
48780;3230;111;10;13;10;0
48781;3218;111;10;13;10;0
48782;3206;111;10;13;10;0
48783;3194;111;10;13;10;0
48784;3182;111;10;13;10;0
48785;3170;111;10;13;10;0
48786;3158;111;10;13;10;0
48787;3146;111;10;13;10;0
48788;3134;111;10;13;10;0
48789;3122;111;10;13;10;0
48790;3110;111;10;13;10;0
48791;3098;111;10;13;10;0
48792;3086;111;10;13;10;0
48793;3074;111;10;13;10;0
48794;3302;111;10;13;10;0
48795;3326;111;10;13;10;0
48796;3578;111;10;13;10;0
48797;3338;111;10;13;10;0
48798;3566;111;10;13;10;0
48799;3554;111;10;13;10;0
48800;3542;111;10;13;10;0
48801;3530;111;10;13;10;0
48802;3518;111;10;13;10;0
48803;3506;111;10;13;10;0
48804;3494;111;10;13;10;0
48805;3482;111;10;13;10;0
48806;3470;111;10;13;10;0
48807;3458;111;10;13;10;0
48808;3446;111;10;13;10;0
48809;3434;111;10;13;10;0
48810;3422;111;10;13;10;0
48811;3410;111;10;13;10;0
48812;3398;111;10;13;10;0
48813;3386;111;10;13;10;0
48814;3374;111;10;13;10;0
48815;3362;111;10;13;10;0
48816;3350;111;10;13;10;0
48817;3062;111;10;13;10;0
48818;3314;111;10;13;10;0
48819;3050;111;10;13;10;0
48820;2762;111;10;13;10;0
48821;2738;111;10;13;10;0
48822;2726;111;10;13;10;0
48823;2714;111;10;13;10;0
48824;2702;111;10;13;10;0
48825;2690;111;10;13;10;0
48826;2678;111;10;13;10;0
48827;2666;111;10;13;10;0
48828;2654;111;10;13;10;0
48829;2642;111;10;13;10;0
48830;2630;111;10;13;10;0
48831;2618;111;10;13;10;0
48832;2606;111;10;13;10;0
48833;2594;111;10;13;10;0
48834;2582;111;10;13;10;0
48835;2570;111;10;13;10;0
48836;2558;111;10;13;10;0
48837;2546;111;10;13;10;0
48838;2534;111;10;13;10;0
48839;2522;111;10;13;10;0
48840;2750;111;10;13;10;0
48841;2774;111;10;13;10;0
48842;3026;111;10;13;10;0
48843;2786;111;10;13;10;0
48844;3014;111;10;13;10;0
48845;3002;111;10;13;10;0
48846;2990;111;10;13;10;0
48847;2978;111;10;13;10;0
48848;2966;111;10;13;10;0
48849;2954;111;10;13;10;0
48850;2942;111;10;13;10;0
48851;2930;111;10;13;10;0
48852;2918;111;10;13;10;0
48853;2906;111;10;13;10;0
48854;2894;111;10;13;10;0
48855;2882;111;10;13;10;0
48856;2870;111;10;13;10;0
48857;2858;111;10;13;10;0
48858;2846;111;10;13;10;0
48859;2834;111;10;13;10;0
48860;2822;111;10;13;10;0
48861;2810;111;10;13;10;0
48862;2798;111;10;13;10;0
48863;3038;111;10;13;10;0
48864;3590;111;10;13;10;0
48865;3602;111;10;13;10;0
48866;3614;111;10;13;10;0
48867;302;126;10;13;10;0
48868;290;126;10;13;10;0
48869;278;126;10;13;10;0
48870;266;126;10;13;10;0
48871;254;126;10;13;10;0
48872;242;126;10;13;10;0
48873;230;126;10;13;10;0
48874;218;126;10;13;10;0
48875;206;126;10;13;10;0
48876;194;126;10;13;10;0
48877;182;126;10;13;10;0
48878;170;126;10;13;10;0
48879;158;126;10;13;10;0
48880;146;126;10;13;10;0
48881;134;126;10;13;10;0
48882;122;126;10;13;10;0
48883;110;126;10;13;10;0
48884;98;126;10;13;10;0
48885;86;126;10;13;10;0
48886;314;126;10;13;10;0
48887;326;126;10;13;10;0
48888;338;126;10;13;10;0
48889;350;126;10;13;10;0
48890;590;126;10;13;10;0
48891;578;126;10;13;10;0
48892;566;126;10;13;10;0
48893;554;126;10;13;10;0
48894;542;126;10;13;10;0
48895;530;126;10;13;10;0
48896;518;126;10;13;10;0
48897;506;126;10;13;10;0
48898;494;126;10;13;10;0
48899;602;126;10;13;10;0
48900;482;126;10;13;10;0
48901;458;126;10;13;10;0
48902;446;126;10;13;10;0
48903;434;126;10;13;10;0
48904;422;126;10;13;10;0
48905;410;126;10;13;10;0
48906;398;126;10;13;10;0
48907;386;126;10;13;10;0
48908;374;126;10;13;10;0
48909;362;126;10;13;10;0
48910;74;126;10;13;10;0
48911;62;126;10;13;10;0
48912;50;126;10;13;10;0
48913;3866;111;10;13;10;0
48914;3842;111;10;13;10;0
48915;3830;111;10;13;10;0
48916;3818;111;10;13;10;0
48917;3806;111;10;13;10;0
48918;3794;111;10;13;10;0
48919;3782;111;10;13;10;0
48920;3770;111;10;13;10;0
48921;3758;111;10;13;10;0
48922;3746;111;10;13;10;0
48923;3734;111;10;13;10;0
48924;3722;111;10;13;10;0
48925;3710;111;10;13;10;0
48926;3698;111;10;13;10;0
48927;3686;111;10;13;10;0
48928;3674;111;10;13;10;0
48929;3662;111;10;13;10;0
48930;3650;111;10;13;10;0
48931;3638;111;10;13;10;0
48932;3626;111;10;13;10;0
48933;3854;111;10;13;10;0
48934;3878;111;10;13;10;0
48935;38;126;10;13;10;0
48936;3890;111;10;13;10;0
48937;26;126;10;13;10;0
48938;14;126;10;13;10;0
48939;2;126;10;13;10;0
48940;4082;111;10;13;10;0
48941;4070;111;10;13;10;0
48942;4058;111;10;13;10;0
48943;4046;111;10;13;10;0
48944;4034;111;10;13;10;0
48945;4022;111;10;13;10;0
48946;4010;111;10;13;10;0
48947;3998;111;10;13;10;0
48948;3986;111;10;13;10;0
48949;3974;111;10;13;10;0
48950;3962;111;10;13;10;0
48951;3950;111;10;13;10;0
48952;3938;111;10;13;10;0
48953;3926;111;10;13;10;0
48954;3914;111;10;13;10;0
48955;3902;111;10;13;10;0
48956;2150;96;10;13;10;0
48957;2138;96;10;13;10;0
48958;2126;96;10;13;10;0
48959;1010;96;10;13;10;0
48960;350;81;10;13;10;0
48961;338;81;10;13;10;0
48962;326;81;10;13;10;0
48963;314;81;10;13;10;0
48964;302;81;10;13;10;0
48965;290;81;10;13;10;0
48966;278;81;10;13;10;0
48967;266;81;10;13;10;0
48968;254;81;10;13;10;0
48969;242;81;10;13;10;0
48970;230;81;10;13;10;0
48971;218;81;10;13;10;0
48972;206;81;10;13;10;0
48973;194;81;10;13;10;0
48974;182;81;10;13;10;0
48975;170;81;10;13;10;0
48976;158;81;10;13;10;0
48977;146;81;10;13;10;0
48978;134;81;10;13;10;0
48979;362;81;10;13;10;0
48980;386;81;10;13;10;0
48981;638;81;10;13;10;0
48982;398;81;10;13;10;0
48983;626;81;10;13;10;0
48984;614;81;10;13;10;0
48985;602;81;10;13;10;0
48986;590;81;10;13;10;0
48987;578;81;10;13;10;0
48988;566;81;10;13;10;0
48989;554;81;10;13;10;0
48990;542;81;10;13;10;0
48991;530;81;10;13;10;0
48992;518;81;10;13;10;0
48993;506;81;10;13;10;0
48994;494;81;10;13;10;0
48995;482;81;10;13;10;0
48996;470;81;10;13;10;0
48997;458;81;10;13;10;0
48998;446;81;10;13;10;0
48999;434;81;10;13;10;0
49000;422;81;10;13;10;0
49001;410;81;10;13;10;0
49002;122;81;10;13;10;0
49003;374;81;10;13;10;0
49004;110;81;10;13;10;0
49005;3914;66;10;13;10;0
49006;3890;66;10;13;10;0
49007;3878;66;10;13;10;0
49008;3866;66;10;13;10;0
49009;3854;66;10;13;10;0
49010;3842;66;10;13;10;0
49011;3830;66;10;13;10;0
49012;3818;66;10;13;10;0
49013;3806;66;10;13;10;0
49014;3794;66;10;13;10;0
49015;3782;66;10;13;10;0
49016;3770;66;10;13;10;0
49017;3758;66;10;13;10;0
49018;3746;66;10;13;10;0
49019;3734;66;10;13;10;0
49020;3722;66;10;13;10;0
49021;3710;66;10;13;10;0
49022;3698;66;10;13;10;0
49023;3686;66;10;13;10;0
49024;3674;66;10;13;10;0
49025;3902;66;10;13;10;0
49026;3926;66;10;13;10;0
49027;86;81;10;13;10;0
49028;3938;66;10;13;10;0
49029;74;81;10;13;10;0
49030;62;81;10;13;10;0
49031;50;81;10;13;10;0
49032;38;81;10;13;10;0
49033;26;81;10;13;10;0
49034;14;81;10;13;10;0
49035;2;81;10;13;10;0
49036;4082;66;10;13;10;0
49037;4070;66;10;13;10;0
49038;4058;66;10;13;10;0
49039;4046;66;10;13;10;0
49040;4034;66;10;13;10;0
49041;4022;66;10;13;10;0
49042;4010;66;10;13;10;0
49043;3998;66;10;13;10;0
49044;3986;66;10;13;10;0
49045;3974;66;10;13;10;0
49046;3962;66;10;13;10;0
49047;3950;66;10;13;10;0
49048;98;81;10;13;10;0
49049;650;81;10;13;10;0
49050;662;81;10;13;10;0
49051;674;81;10;13;10;0
49052;1454;81;10;13;10;0
49053;1442;81;10;13;10;0
49054;1430;81;10;13;10;0
49055;1418;81;10;13;10;0
49056;1406;81;10;13;10;0
49057;1394;81;10;13;10;0
49058;1382;81;10;13;10;0
49059;1370;81;10;13;10;0
49060;1358;81;10;13;10;0
49061;1346;81;10;13;10;0
49062;1334;81;10;13;10;0
49063;1322;81;10;13;10;0
49064;1310;81;10;13;10;0
49065;1298;81;10;13;10;0
49066;1286;81;10;13;10;0
49067;1274;81;10;13;10;0
49068;1262;81;10;13;10;0
49069;1250;81;10;13;10;0
49070;1238;81;10;13;10;0
49071;1466;81;10;13;10;0
49072;1478;81;10;13;10;0
49073;1490;81;10;13;10;0
49074;1502;81;10;13;10;0
49075;1742;81;10;13;10;0
49076;1730;81;10;13;10;0
49077;1718;81;10;13;10;0
49078;1706;81;10;13;10;0
49079;1694;81;10;13;10;0
49080;1682;81;10;13;10;0
49081;1670;81;10;13;10;0
49082;1658;81;10;13;10;0
49083;1646;81;10;13;10;0
49084;1754;81;10;13;10;0
49085;1634;81;10;13;10;0
49086;1610;81;10;13;10;0
49087;1598;81;10;13;10;0
49088;1586;81;10;13;10;0
49089;1574;81;10;13;10;0
49090;1562;81;10;13;10;0
49091;1550;81;10;13;10;0
49092;1538;81;10;13;10;0
49093;1526;81;10;13;10;0
49094;1514;81;10;13;10;0
49095;1226;81;10;13;10;0
49096;1214;81;10;13;10;0
49097;1202;81;10;13;10;0
49098;926;81;10;13;10;0
49099;902;81;10;13;10;0
49100;890;81;10;13;10;0
49101;878;81;10;13;10;0
49102;866;81;10;13;10;0
49103;854;81;10;13;10;0
49104;842;81;10;13;10;0
49105;830;81;10;13;10;0
49106;818;81;10;13;10;0
49107;806;81;10;13;10;0
49108;794;81;10;13;10;0
49109;782;81;10;13;10;0
49110;770;81;10;13;10;0
49111;758;81;10;13;10;0
49112;746;81;10;13;10;0
49113;734;81;10;13;10;0
49114;722;81;10;13;10;0
49115;710;81;10;13;10;0
49116;698;81;10;13;10;0
49117;686;81;10;13;10;0
49118;914;81;10;13;10;0
49119;938;81;10;13;10;0
49120;1190;81;10;13;10;0
49121;950;81;10;13;10;0
49122;1178;81;10;13;10;0
49123;1166;81;10;13;10;0
49124;1154;81;10;13;10;0
49125;1142;81;10;13;10;0
49126;1130;81;10;13;10;0
49127;1118;81;10;13;10;0
49128;1106;81;10;13;10;0
49129;1094;81;10;13;10;0
49130;1082;81;10;13;10;0
49131;1070;81;10;13;10;0
49132;1058;81;10;13;10;0
49133;1046;81;10;13;10;0
49134;1034;81;10;13;10;0
49135;1022;81;10;13;10;0
49136;1010;81;10;13;10;0
49137;998;81;10;13;10;0
49138;986;81;10;13;10;0
49139;974;81;10;13;10;0
49140;962;81;10;13;10;0
49141;3662;66;10;13;10;0
49142;1622;81;10;13;10;0
49143;3650;66;10;13;10;0
49144;3494;66;10;13;10;0
49145;2222;66;10;13;10;0
49146;2210;66;10;13;10;0
49147;2198;66;10;13;10;0
49148;2186;66;10;13;10;0
49149;2174;66;10;13;10;0
49150;2162;66;10;13;10;0
49151;2150;66;10;13;10;0
49152;2138;66;10;13;10;0
49153;2126;66;10;13;10;0
49154;2114;66;10;13;10;0
49155;2102;66;10;13;10;0
49156;2090;66;10;13;10;0
49157;2078;66;10;13;10;0
49158;2066;66;10;13;10;0
49159;2054;66;10;13;10;0
49160;2042;66;10;13;10;0
49161;2030;66;10;13;10;0
49162;2018;66;10;13;10;0
49163;2006;66;10;13;10;0
49164;2234;66;10;13;10;0
49165;2258;66;10;13;10;0
49166;2510;66;10;13;10;0
49167;2270;66;10;13;10;0
49168;2498;66;10;13;10;0
49169;2486;66;10;13;10;0
49170;2474;66;10;13;10;0
49171;2462;66;10;13;10;0
49172;2450;66;10;13;10;0
49173;2438;66;10;13;10;0
49174;2426;66;10;13;10;0
49175;2414;66;10;13;10;0
49176;2402;66;10;13;10;0
49177;2390;66;10;13;10;0
49178;2378;66;10;13;10;0
49179;2366;66;10;13;10;0
49180;2354;66;10;13;10;0
49181;2342;66;10;13;10;0
49182;2330;66;10;13;10;0
49183;2318;66;10;13;10;0
49184;2306;66;10;13;10;0
49185;2294;66;10;13;10;0
49186;2282;66;10;13;10;0
49187;1994;66;10;13;10;0
49188;2246;66;10;13;10;0
49189;1982;66;10;13;10;0
49190;1694;66;10;13;10;0
49191;1670;66;10;13;10;0
49192;1658;66;10;13;10;0
49193;1646;66;10;13;10;0
49194;1634;66;10;13;10;0
49195;1622;66;10;13;10;0
49196;1610;66;10;13;10;0
49197;1598;66;10;13;10;0
49198;1586;66;10;13;10;0
49199;1574;66;10;13;10;0
49200;1562;66;10;13;10;0
49201;1550;66;10;13;10;0
49202;1538;66;10;13;10;0
49203;1526;66;10;13;10;0
49204;1514;66;10;13;10;0
49205;1502;66;10;13;10;0
49206;1490;66;10;13;10;0
49207;1478;66;10;13;10;0
49208;1466;66;10;13;10;0
49209;1454;66;10;13;10;0
49210;1682;66;10;13;10;0
49211;1706;66;10;13;10;0
49212;1958;66;10;13;10;0
49213;1718;66;10;13;10;0
49214;1946;66;10;13;10;0
49215;1934;66;10;13;10;0
49216;1922;66;10;13;10;0
49217;1910;66;10;13;10;0
49218;1898;66;10;13;10;0
49219;1886;66;10;13;10;0
49220;1874;66;10;13;10;0
49221;1862;66;10;13;10;0
49222;1850;66;10;13;10;0
49223;1838;66;10;13;10;0
49224;1826;66;10;13;10;0
49225;1814;66;10;13;10;0
49226;1802;66;10;13;10;0
49227;1790;66;10;13;10;0
49228;1778;66;10;13;10;0
49229;1766;66;10;13;10;0
49230;1754;66;10;13;10;0
49231;1742;66;10;13;10;0
49232;1730;66;10;13;10;0
49233;1970;66;10;13;10;0
49234;2522;66;10;13;10;0
49235;2534;66;10;13;10;0
49236;2546;66;10;13;10;0
49237;3326;66;10;13;10;0
49238;3314;66;10;13;10;0
49239;3302;66;10;13;10;0
49240;3290;66;10;13;10;0
49241;3278;66;10;13;10;0
49242;3266;66;10;13;10;0
49243;3254;66;10;13;10;0
49244;3242;66;10;13;10;0
49245;3230;66;10;13;10;0
49246;3218;66;10;13;10;0
49247;3206;66;10;13;10;0
49248;3194;66;10;13;10;0
49249;3182;66;10;13;10;0
49250;3170;66;10;13;10;0
49251;3158;66;10;13;10;0
49252;3146;66;10;13;10;0
49253;3134;66;10;13;10;0
49254;3122;66;10;13;10;0
49255;3110;66;10;13;10;0
49256;3338;66;10;13;10;0
49257;3350;66;10;13;10;0
49258;3362;66;10;13;10;0
49259;3374;66;10;13;10;0
49260;3614;66;10;13;10;0
49261;3602;66;10;13;10;0
49262;3590;66;10;13;10;0
49263;3578;66;10;13;10;0
49264;3566;66;10;13;10;0
49265;3554;66;10;13;10;0
49266;3542;66;10;13;10;0
49267;3530;66;10;13;10;0
49268;3518;66;10;13;10;0
49269;3626;66;10;13;10;0
49270;3506;66;10;13;10;0
49271;3482;66;10;13;10;0
49272;3470;66;10;13;10;0
49273;3458;66;10;13;10;0
49274;3446;66;10;13;10;0
49275;3434;66;10;13;10;0
49276;3422;66;10;13;10;0
49277;3410;66;10;13;10;0
49278;3398;66;10;13;10;0
49279;3386;66;10;13;10;0
49280;3098;66;10;13;10;0
49281;3086;66;10;13;10;0
49282;3074;66;10;13;10;0
49283;2798;66;10;13;10;0
49284;2774;66;10;13;10;0
49285;2762;66;10;13;10;0
49286;2750;66;10;13;10;0
49287;2738;66;10;13;10;0
49288;2726;66;10;13;10;0
49289;2714;66;10;13;10;0
49290;2702;66;10;13;10;0
49291;2690;66;10;13;10;0
49292;2678;66;10;13;10;0
49293;2666;66;10;13;10;0
49294;2654;66;10;13;10;0
49295;2642;66;10;13;10;0
49296;2630;66;10;13;10;0
49297;2618;66;10;13;10;0
49298;2606;66;10;13;10;0
49299;2594;66;10;13;10;0
49300;2582;66;10;13;10;0
49301;2570;66;10;13;10;0
49302;2558;66;10;13;10;0
49303;2786;66;10;13;10;0
49304;2810;66;10;13;10;0
49305;3062;66;10;13;10;0
49306;2822;66;10;13;10;0
49307;3050;66;10;13;10;0
49308;3038;66;10;13;10;0
49309;3026;66;10;13;10;0
49310;3014;66;10;13;10;0
49311;3002;66;10;13;10;0
49312;2990;66;10;13;10;0
49313;2978;66;10;13;10;0
49314;2966;66;10;13;10;0
49315;2954;66;10;13;10;0
49316;2942;66;10;13;10;0
49317;2930;66;10;13;10;0
49318;2918;66;10;13;10;0
49319;2906;66;10;13;10;0
49320;2894;66;10;13;10;0
49321;2882;66;10;13;10;0
49322;2870;66;10;13;10;0
49323;2858;66;10;13;10;0
49324;2846;66;10;13;10;0
49325;2834;66;10;13;10;0
49326;3638;66;10;13;10;0
49327;1766;81;10;13;10;0
49328;1778;81;10;13;10;0
49329;1790;81;10;13;10;0
49330;698;96;10;13;10;0
49331;686;96;10;13;10;0
49332;674;96;10;13;10;0
49333;662;96;10;13;10;0
49334;650;96;10;13;10;0
49335;638;96;10;13;10;0
49336;626;96;10;13;10;0
49337;614;96;10;13;10;0
49338;602;96;10;13;10;0
49339;590;96;10;13;10;0
49340;578;96;10;13;10;0
49341;566;96;10;13;10;0
49342;554;96;10;13;10;0
49343;542;96;10;13;10;0
49344;530;96;10;13;10;0
49345;518;96;10;13;10;0
49346;506;96;10;13;10;0
49347;494;96;10;13;10;0
49348;482;96;10;13;10;0
49349;710;96;10;13;10;0
49350;722;96;10;13;10;0
49351;734;96;10;13;10;0
49352;746;96;10;13;10;0
49353;986;96;10;13;10;0
49354;974;96;10;13;10;0
49355;962;96;10;13;10;0
49356;950;96;10;13;10;0
49357;938;96;10;13;10;0
49358;926;96;10;13;10;0
49359;914;96;10;13;10;0
49360;902;96;10;13;10;0
49361;890;96;10;13;10;0
49362;998;96;10;13;10;0
49363;878;96;10;13;10;0
49364;854;96;10;13;10;0
49365;842;96;10;13;10;0
49366;830;96;10;13;10;0
49367;818;96;10;13;10;0
49368;806;96;10;13;10;0
49369;794;96;10;13;10;0
49370;782;96;10;13;10;0
49371;770;96;10;13;10;0
49372;758;96;10;13;10;0
49373;470;96;10;13;10;0
49374;458;96;10;13;10;0
49375;446;96;10;13;10;0
49376;170;96;10;13;10;0
49377;146;96;10;13;10;0
49378;134;96;10;13;10;0
49379;122;96;10;13;10;0
49380;110;96;10;13;10;0
49381;98;96;10;13;10;0
49382;86;96;10;13;10;0
49383;74;96;10;13;10;0
49384;62;96;10;13;10;0
49385;50;96;10;13;10;0
49386;38;96;10;13;10;0
49387;26;96;10;13;10;0
49388;14;96;10;13;10;0
49389;2;96;10;13;10;0
49390;4082;81;10;13;10;0
49391;4070;81;10;13;10;0
49392;4058;81;10;13;10;0
49393;4046;81;10;13;10;0
49394;4034;81;10;13;10;0
49395;4022;81;10;13;10;0
49396;158;96;10;13;10;0
49397;182;96;10;13;10;0
49398;434;96;10;13;10;0
49399;194;96;10;13;10;0
49400;422;96;10;13;10;0
49401;410;96;10;13;10;0
49402;398;96;10;13;10;0
49403;386;96;10;13;10;0
49404;374;96;10;13;10;0
49405;362;96;10;13;10;0
49406;350;96;10;13;10;0
49407;338;96;10;13;10;0
49408;326;96;10;13;10;0
49409;314;96;10;13;10;0
49410;302;96;10;13;10;0
49411;290;96;10;13;10;0
49412;278;96;10;13;10;0
49413;266;96;10;13;10;0
49414;254;96;10;13;10;0
49415;242;96;10;13;10;0
49416;230;96;10;13;10;0
49417;218;96;10;13;10;0
49418;206;96;10;13;10;0
49419;866;96;10;13;10;0
49420;1022;96;10;13;10;0
49421;1982;96;10;13;10;0
49422;1034;96;10;13;10;0
49423;1814;96;10;13;10;0
49424;1802;96;10;13;10;0
49425;1790;96;10;13;10;0
49426;1778;96;10;13;10;0
49427;1766;96;10;13;10;0
49428;1754;96;10;13;10;0
49429;1742;96;10;13;10;0
49430;1730;96;10;13;10;0
49431;1718;96;10;13;10;0
49432;1706;96;10;13;10;0
49433;1694;96;10;13;10;0
49434;1682;96;10;13;10;0
49435;1670;96;10;13;10;0
49436;1658;96;10;13;10;0
49437;1646;96;10;13;10;0
49438;1634;96;10;13;10;0
49439;1622;96;10;13;10;0
49440;1610;96;10;13;10;0
49441;1598;96;10;13;10;0
49442;1826;96;10;13;10;0
49443;1838;96;10;13;10;0
49444;1850;96;10;13;10;0
49445;1862;96;10;13;10;0
49446;2102;96;10;13;10;0
49447;2090;96;10;13;10;0
49448;2078;96;10;13;10;0
49449;2066;96;10;13;10;0
49450;2054;96;10;13;10;0
49451;2042;96;10;13;10;0
49452;2030;96;10;13;10;0
49453;2018;96;10;13;10;0
49454;2006;96;10;13;10;0
49455;2114;96;10;13;10;0
49456;1994;96;10;13;10;0
49457;1970;96;10;13;10;0
49458;1958;96;10;13;10;0
49459;1946;96;10;13;10;0
49460;1934;96;10;13;10;0
49461;1922;96;10;13;10;0
49462;1910;96;10;13;10;0
49463;1898;96;10;13;10;0
49464;1886;96;10;13;10;0
49465;1874;96;10;13;10;0
49466;1586;96;10;13;10;0
49467;1574;96;10;13;10;0
49468;1562;96;10;13;10;0
49469;1286;96;10;13;10;0
49470;1262;96;10;13;10;0
49471;1250;96;10;13;10;0
49472;1238;96;10;13;10;0
49473;1226;96;10;13;10;0
49474;1214;96;10;13;10;0
49475;1202;96;10;13;10;0
49476;1190;96;10;13;10;0
49477;1178;96;10;13;10;0
49478;1166;96;10;13;10;0
49479;1154;96;10;13;10;0
49480;1142;96;10;13;10;0
49481;1130;96;10;13;10;0
49482;1118;96;10;13;10;0
49483;1106;96;10;13;10;0
49484;1094;96;10;13;10;0
49485;1082;96;10;13;10;0
49486;1070;96;10;13;10;0
49487;1058;96;10;13;10;0
49488;1046;96;10;13;10;0
49489;1274;96;10;13;10;0
49490;1298;96;10;13;10;0
49491;1550;96;10;13;10;0
49492;1310;96;10;13;10;0
49493;1538;96;10;13;10;0
49494;1526;96;10;13;10;0
49495;1514;96;10;13;10;0
49496;1502;96;10;13;10;0
49497;1490;96;10;13;10;0
49498;1478;96;10;13;10;0
49499;1466;96;10;13;10;0
49500;1454;96;10;13;10;0
49501;1442;96;10;13;10;0
49502;1430;96;10;13;10;0
49503;1418;96;10;13;10;0
49504;1406;96;10;13;10;0
49505;1394;96;10;13;10;0
49506;1382;96;10;13;10;0
49507;1370;96;10;13;10;0
49508;1358;96;10;13;10;0
49509;1346;96;10;13;10;0
49510;1334;96;10;13;10;0
49511;1322;96;10;13;10;0
49512;4010;81;10;13;10;0
49513;3998;81;10;13;10;0
49514;3986;81;10;13;10;0
49515;3842;81;10;13;10;0
49516;2570;81;10;13;10;0
49517;2558;81;10;13;10;0
49518;2546;81;10;13;10;0
49519;2534;81;10;13;10;0
49520;2522;81;10;13;10;0
49521;2510;81;10;13;10;0
49522;2498;81;10;13;10;0
49523;2486;81;10;13;10;0
49524;2474;81;10;13;10;0
49525;2462;81;10;13;10;0
49526;2450;81;10;13;10;0
49527;2438;81;10;13;10;0
49528;2426;81;10;13;10;0
49529;2414;81;10;13;10;0
49530;2402;81;10;13;10;0
49531;2390;81;10;13;10;0
49532;2378;81;10;13;10;0
49533;2366;81;10;13;10;0
49534;2354;81;10;13;10;0
49535;2582;81;10;13;10;0
49536;2606;81;10;13;10;0
49537;2858;81;10;13;10;0
49538;2618;81;10;13;10;0
49539;2846;81;10;13;10;0
49540;2834;81;10;13;10;0
49541;2822;81;10;13;10;0
49542;2810;81;10;13;10;0
49543;2798;81;10;13;10;0
49544;2786;81;10;13;10;0
49545;2774;81;10;13;10;0
49546;2762;81;10;13;10;0
49547;2750;81;10;13;10;0
49548;2738;81;10;13;10;0
49549;2726;81;10;13;10;0
49550;2714;81;10;13;10;0
49551;2702;81;10;13;10;0
49552;2690;81;10;13;10;0
49553;2678;81;10;13;10;0
49554;2666;81;10;13;10;0
49555;2654;81;10;13;10;0
49556;2642;81;10;13;10;0
49557;2630;81;10;13;10;0
49558;2342;81;10;13;10;0
49559;2594;81;10;13;10;0
49560;2330;81;10;13;10;0
49561;2042;81;10;13;10;0
49562;2018;81;10;13;10;0
49563;2006;81;10;13;10;0
49564;1994;81;10;13;10;0
49565;1982;81;10;13;10;0
49566;1970;81;10;13;10;0
49567;1958;81;10;13;10;0
49568;1946;81;10;13;10;0
49569;1934;81;10;13;10;0
49570;1922;81;10;13;10;0
49571;1910;81;10;13;10;0
49572;1898;81;10;13;10;0
49573;1886;81;10;13;10;0
49574;1874;81;10;13;10;0
49575;1862;81;10;13;10;0
49576;1850;81;10;13;10;0
49577;1838;81;10;13;10;0
49578;1826;81;10;13;10;0
49579;1814;81;10;13;10;0
49580;1802;81;10;13;10;0
49581;2030;81;10;13;10;0
49582;2054;81;10;13;10;0
49583;2306;81;10;13;10;0
49584;2066;81;10;13;10;0
49585;2294;81;10;13;10;0
49586;2282;81;10;13;10;0
49587;2270;81;10;13;10;0
49588;2258;81;10;13;10;0
49589;2246;81;10;13;10;0
49590;2234;81;10;13;10;0
49591;2222;81;10;13;10;0
49592;2210;81;10;13;10;0
49593;2198;81;10;13;10;0
49594;2186;81;10;13;10;0
49595;2174;81;10;13;10;0
49596;2162;81;10;13;10;0
49597;2150;81;10;13;10;0
49598;2138;81;10;13;10;0
49599;2126;81;10;13;10;0
49600;2114;81;10;13;10;0
49601;2102;81;10;13;10;0
49602;2090;81;10;13;10;0
49603;2078;81;10;13;10;0
49604;2318;81;10;13;10;0
49605;2870;81;10;13;10;0
49606;2882;81;10;13;10;0
49607;2894;81;10;13;10;0
49608;3674;81;10;13;10;0
49609;3662;81;10;13;10;0
49610;3650;81;10;13;10;0
49611;3638;81;10;13;10;0
49612;3626;81;10;13;10;0
49613;3614;81;10;13;10;0
49614;3602;81;10;13;10;0
49615;3590;81;10;13;10;0
49616;3578;81;10;13;10;0
49617;3566;81;10;13;10;0
49618;3554;81;10;13;10;0
49619;3542;81;10;13;10;0
49620;3530;81;10;13;10;0
49621;3518;81;10;13;10;0
49622;3506;81;10;13;10;0
49623;3494;81;10;13;10;0
49624;3482;81;10;13;10;0
49625;3470;81;10;13;10;0
49626;3458;81;10;13;10;0
49627;3686;81;10;13;10;0
49628;3698;81;10;13;10;0
49629;3710;81;10;13;10;0
49630;3722;81;10;13;10;0
49631;3962;81;10;13;10;0
49632;3950;81;10;13;10;0
49633;3938;81;10;13;10;0
49634;3926;81;10;13;10;0
49635;3914;81;10;13;10;0
49636;3902;81;10;13;10;0
49637;3890;81;10;13;10;0
49638;3878;81;10;13;10;0
49639;3866;81;10;13;10;0
49640;3974;81;10;13;10;0
49641;3854;81;10;13;10;0
49642;3830;81;10;13;10;0
49643;3818;81;10;13;10;0
49644;3806;81;10;13;10;0
49645;3794;81;10;13;10;0
49646;3782;81;10;13;10;0
49647;3770;81;10;13;10;0
49648;3758;81;10;13;10;0
49649;3746;81;10;13;10;0
49650;3734;81;10;13;10;0
49651;3446;81;10;13;10;0
49652;3434;81;10;13;10;0
49653;3422;81;10;13;10;0
49654;3146;81;10;13;10;0
49655;3122;81;10;13;10;0
49656;3110;81;10;13;10;0
49657;3098;81;10;13;10;0
49658;3086;81;10;13;10;0
49659;3074;81;10;13;10;0
49660;3062;81;10;13;10;0
49661;3050;81;10;13;10;0
49662;3038;81;10;13;10;0
49663;3026;81;10;13;10;0
49664;3014;81;10;13;10;0
49665;3002;81;10;13;10;0
49666;2990;81;10;13;10;0
49667;2978;81;10;13;10;0
49668;2966;81;10;13;10;0
49669;2954;81;10;13;10;0
49670;2942;81;10;13;10;0
49671;2930;81;10;13;10;0
49672;2918;81;10;13;10;0
49673;2906;81;10;13;10;0
49674;3134;81;10;13;10;0
49675;3158;81;10;13;10;0
49676;3410;81;10;13;10;0
49677;3170;81;10;13;10;0
49678;3398;81;10;13;10;0
49679;3386;81;10;13;10;0
49680;3374;81;10;13;10;0
49681;3362;81;10;13;10;0
49682;3350;81;10;13;10;0
49683;3338;81;10;13;10;0
49684;3326;81;10;13;10;0
49685;3314;81;10;13;10;0
49686;3302;81;10;13;10;0
49687;3290;81;10;13;10;0
49688;3278;81;10;13;10;0
49689;3266;81;10;13;10;0
49690;3254;81;10;13;10;0
49691;3242;81;10;13;10;0
49692;3230;81;10;13;10;0
49693;3218;81;10;13;10;0
49694;3206;81;10;13;10;0
49695;3194;81;10;13;10;0
49696;3182;81;10;13;10;0
49697;2870;126;10;13;10;0
49698;1598;261;10;13;10;0
49699;4034;381;10;13;10;0
49700;1610;261;10;13;10;0
49701;3674;426;10;13;10;0
49702;3662;426;10;13;10;0
49703;3650;426;10;13;10;0
49704;3638;426;10;13;10;0
49705;3626;426;10;13;10;0
49706;3614;426;10;13;10;0
49707;3602;426;10;13;10;0
49708;3590;426;10;13;10;0
49709;3578;426;10;13;10;0
49710;3566;426;10;13;10;0
49711;3554;426;10;13;10;0
49712;3542;426;10;13;10;0
49713;3530;426;10;13;10;0
49714;3518;426;10;13;10;0
49715;3506;426;10;13;10;0
49716;3494;426;10;13;10;0
49717;3482;426;10;13;10;0
49718;3470;426;10;13;10;0
49719;3458;426;10;13;10;0
49720;3686;426;10;13;10;0
49721;3710;426;10;13;10;0
49722;3962;426;10;13;10;0
49723;3722;426;10;13;10;0
49724;3950;426;10;13;10;0
49725;3938;426;10;13;10;0
49726;3926;426;10;13;10;0
49727;3914;426;10;13;10;0
49728;3902;426;10;13;10;0
49729;3890;426;10;13;10;0
49730;3878;426;10;13;10;0
49731;3866;426;10;13;10;0
49732;3854;426;10;13;10;0
49733;3842;426;10;13;10;0
49734;3830;426;10;13;10;0
49735;3818;426;10;13;10;0
49736;3806;426;10;13;10;0
49737;3794;426;10;13;10;0
49738;3782;426;10;13;10;0
49739;3770;426;10;13;10;0
49740;3758;426;10;13;10;0
49741;3746;426;10;13;10;0
49742;3734;426;10;13;10;0
49743;3446;426;10;13;10;0
49744;3698;426;10;13;10;0
49745;3434;426;10;13;10;0
49746;3146;426;10;13;10;0
49747;3122;426;10;13;10;0
49748;3110;426;10;13;10;0
49749;3098;426;10;13;10;0
49750;3086;426;10;13;10;0
49751;3074;426;10;13;10;0
49752;3062;426;10;13;10;0
49753;3050;426;10;13;10;0
49754;3038;426;10;13;10;0
49755;3026;426;10;13;10;0
49756;3014;426;10;13;10;0
49757;3002;426;10;13;10;0
49758;2990;426;10;13;10;0
49759;2978;426;10;13;10;0
49760;2966;426;10;13;10;0
49761;2954;426;10;13;10;0
49762;2942;426;10;13;10;0
49763;2930;426;10;13;10;0
49764;2918;426;10;13;10;0
49765;2906;426;10;13;10;0
49766;3134;426;10;13;10;0
49767;3158;426;10;13;10;0
49768;3410;426;10;13;10;0
49769;3170;426;10;13;10;0
49770;3398;426;10;13;10;0
49771;3386;426;10;13;10;0
49772;3374;426;10;13;10;0
49773;3362;426;10;13;10;0
49774;3350;426;10;13;10;0
49775;3338;426;10;13;10;0
49776;3326;426;10;13;10;0
49777;3314;426;10;13;10;0
49778;3302;426;10;13;10;0
49779;3290;426;10;13;10;0
49780;3278;426;10;13;10;0
49781;3266;426;10;13;10;0
49782;3254;426;10;13;10;0
49783;3242;426;10;13;10;0
49784;3230;426;10;13;10;0
49785;3218;426;10;13;10;0
49786;3206;426;10;13;10;0
49787;3194;426;10;13;10;0
49788;3182;426;10;13;10;0
49789;3422;426;10;13;10;0
49790;3974;426;10;13;10;0
49791;3986;426;10;13;10;0
49792;3998;426;10;13;10;0
49793;686;441;10;13;10;0
49794;674;441;10;13;10;0
49795;662;441;10;13;10;0
49796;650;441;10;13;10;0
49797;638;441;10;13;10;0
49798;626;441;10;13;10;0
49799;614;441;10;13;10;0
49800;602;441;10;13;10;0
49801;590;441;10;13;10;0
49802;578;441;10;13;10;0
49803;566;441;10;13;10;0
49804;554;441;10;13;10;0
49805;542;441;10;13;10;0
49806;530;441;10;13;10;0
49807;518;441;10;13;10;0
49808;506;441;10;13;10;0
49809;494;441;10;13;10;0
49810;482;441;10;13;10;0
49811;470;441;10;13;10;0
49812;698;441;10;13;10;0
49813;710;441;10;13;10;0
49814;722;441;10;13;10;0
49815;734;441;10;13;10;0
49816;974;441;10;13;10;0
49817;962;441;10;13;10;0
49818;950;441;10;13;10;0
49819;938;441;10;13;10;0
49820;926;441;10;13;10;0
49821;914;441;10;13;10;0
49822;902;441;10;13;10;0
49823;890;441;10;13;10;0
49824;878;441;10;13;10;0
49825;986;441;10;13;10;0
49826;866;441;10;13;10;0
49827;842;441;10;13;10;0
49828;830;441;10;13;10;0
49829;818;441;10;13;10;0
49830;806;441;10;13;10;0
49831;794;441;10;13;10;0
49832;782;441;10;13;10;0
49833;770;441;10;13;10;0
49834;758;441;10;13;10;0
49835;746;441;10;13;10;0
49836;458;441;10;13;10;0
49837;446;441;10;13;10;0
49838;434;441;10;13;10;0
49839;158;441;10;13;10;0
49840;134;441;10;13;10;0
49841;122;441;10;13;10;0
49842;110;441;10;13;10;0
49843;98;441;10;13;10;0
49844;86;441;10;13;10;0
49845;74;441;10;13;10;0
49846;62;441;10;13;10;0
49847;50;441;10;13;10;0
49848;38;441;10;13;10;0
49849;26;441;10;13;10;0
49850;14;441;10;13;10;0
49851;2;441;10;13;10;0
49852;4082;426;10;13;10;0
49853;4070;426;10;13;10;0
49854;4058;426;10;13;10;0
49855;4046;426;10;13;10;0
49856;4034;426;10;13;10;0
49857;4022;426;10;13;10;0
49858;4010;426;10;13;10;0
49859;146;441;10;13;10;0
49860;170;441;10;13;10;0
49861;422;441;10;13;10;0
49862;182;441;10;13;10;0
49863;410;441;10;13;10;0
49864;398;441;10;13;10;0
49865;386;441;10;13;10;0
49866;374;441;10;13;10;0
49867;362;441;10;13;10;0
49868;350;441;10;13;10;0
49869;338;441;10;13;10;0
49870;326;441;10;13;10;0
49871;314;441;10;13;10;0
49872;302;441;10;13;10;0
49873;290;441;10;13;10;0
49874;278;441;10;13;10;0
49875;266;441;10;13;10;0
49876;254;441;10;13;10;0
49877;242;441;10;13;10;0
49878;230;441;10;13;10;0
49879;218;441;10;13;10;0
49880;206;441;10;13;10;0
49881;194;441;10;13;10;0
49882;2894;426;10;13;10;0
49883;854;441;10;13;10;0
49884;2882;426;10;13;10;0
49885;2726;426;10;13;10;0
49886;1454;426;10;13;10;0
49887;1442;426;10;13;10;0
49888;1430;426;10;13;10;0
49889;1418;426;10;13;10;0
49890;1406;426;10;13;10;0
49891;1394;426;10;13;10;0
49892;1382;426;10;13;10;0
49893;1370;426;10;13;10;0
49894;1358;426;10;13;10;0
49895;1346;426;10;13;10;0
49896;1334;426;10;13;10;0
49897;1322;426;10;13;10;0
49898;1310;426;10;13;10;0
49899;1298;426;10;13;10;0
49900;1286;426;10;13;10;0
49901;1274;426;10;13;10;0
49902;1262;426;10;13;10;0
49903;1250;426;10;13;10;0
49904;1238;426;10;13;10;0
49905;1466;426;10;13;10;0
49906;1490;426;10;13;10;0
49907;1742;426;10;13;10;0
49908;1502;426;10;13;10;0
49909;1730;426;10;13;10;0
49910;1718;426;10;13;10;0
49911;1706;426;10;13;10;0
49912;1694;426;10;13;10;0
49913;1682;426;10;13;10;0
49914;1670;426;10;13;10;0
49915;1658;426;10;13;10;0
49916;1646;426;10;13;10;0
49917;1634;426;10;13;10;0
49918;1622;426;10;13;10;0
49919;1610;426;10;13;10;0
49920;1598;426;10;13;10;0
49921;1586;426;10;13;10;0
49922;1574;426;10;13;10;0
49923;1562;426;10;13;10;0
49924;1550;426;10;13;10;0
49925;1538;426;10;13;10;0
49926;1526;426;10;13;10;0
49927;1514;426;10;13;10;0
49928;1226;426;10;13;10;0
49929;1478;426;10;13;10;0
49930;1214;426;10;13;10;0
49931;926;426;10;13;10;0
49932;902;426;10;13;10;0
49933;890;426;10;13;10;0
49934;878;426;10;13;10;0
49935;866;426;10;13;10;0
49936;854;426;10;13;10;0
49937;842;426;10;13;10;0
49938;830;426;10;13;10;0
49939;818;426;10;13;10;0
49940;806;426;10;13;10;0
49941;794;426;10;13;10;0
49942;782;426;10;13;10;0
49943;770;426;10;13;10;0
49944;758;426;10;13;10;0
49945;746;426;10;13;10;0
49946;734;426;10;13;10;0
49947;722;426;10;13;10;0
49948;710;426;10;13;10;0
49949;698;426;10;13;10;0
49950;686;426;10;13;10;0
49951;914;426;10;13;10;0
49952;938;426;10;13;10;0
49953;1190;426;10;13;10;0
49954;950;426;10;13;10;0
49955;1178;426;10;13;10;0
49956;1166;426;10;13;10;0
49957;1154;426;10;13;10;0
49958;1142;426;10;13;10;0
49959;1130;426;10;13;10;0
49960;1118;426;10;13;10;0
49961;1106;426;10;13;10;0
49962;1094;426;10;13;10;0
49963;1082;426;10;13;10;0
49964;1070;426;10;13;10;0
49965;1058;426;10;13;10;0
49966;1046;426;10;13;10;0
49967;1034;426;10;13;10;0
49968;1022;426;10;13;10;0
49969;1010;426;10;13;10;0
49970;998;426;10;13;10;0
49971;986;426;10;13;10;0
49972;974;426;10;13;10;0
49973;962;426;10;13;10;0
49974;1202;426;10;13;10;0
49975;1754;426;10;13;10;0
49976;1766;426;10;13;10;0
49977;1778;426;10;13;10;0
49978;2558;426;10;13;10;0
49979;2546;426;10;13;10;0
49980;2534;426;10;13;10;0
49981;2522;426;10;13;10;0
49982;2510;426;10;13;10;0
49983;2498;426;10;13;10;0
49984;2486;426;10;13;10;0
49985;2474;426;10;13;10;0
49986;2462;426;10;13;10;0
49987;2450;426;10;13;10;0
49988;2438;426;10;13;10;0
49989;2426;426;10;13;10;0
49990;2414;426;10;13;10;0
49991;2402;426;10;13;10;0
49992;2390;426;10;13;10;0
49993;2378;426;10;13;10;0
49994;2366;426;10;13;10;0
49995;2354;426;10;13;10;0
49996;2342;426;10;13;10;0
49997;2570;426;10;13;10;0
49998;2582;426;10;13;10;0
49999;2594;426;10;13;10;0
50000;2606;426;10;13;10;0
50001;2846;426;10;13;10;0
50002;2834;426;10;13;10;0
50003;2822;426;10;13;10;0
50004;2810;426;10;13;10;0
50005;2798;426;10;13;10;0
50006;2786;426;10;13;10;0
50007;2774;426;10;13;10;0
50008;2762;426;10;13;10;0
50009;2750;426;10;13;10;0
50010;2858;426;10;13;10;0
50011;2738;426;10;13;10;0
50012;2714;426;10;13;10;0
50013;2702;426;10;13;10;0
50014;2690;426;10;13;10;0
50015;2678;426;10;13;10;0
50016;2666;426;10;13;10;0
50017;2654;426;10;13;10;0
50018;2642;426;10;13;10;0
50019;2630;426;10;13;10;0
50020;2618;426;10;13;10;0
50021;2330;426;10;13;10;0
50022;2318;426;10;13;10;0
50023;2306;426;10;13;10;0
50024;2030;426;10;13;10;0
50025;2006;426;10;13;10;0
50026;1994;426;10;13;10;0
50027;1982;426;10;13;10;0
50028;1970;426;10;13;10;0
50029;1958;426;10;13;10;0
50030;1946;426;10;13;10;0
50031;1934;426;10;13;10;0
50032;1922;426;10;13;10;0
50033;1910;426;10;13;10;0
50034;1898;426;10;13;10;0
50035;1886;426;10;13;10;0
50036;1874;426;10;13;10;0
50037;1862;426;10;13;10;0
50038;1850;426;10;13;10;0
50039;1838;426;10;13;10;0
50040;1826;426;10;13;10;0
50041;1814;426;10;13;10;0
50042;1802;426;10;13;10;0
50043;1790;426;10;13;10;0
50044;2018;426;10;13;10;0
50045;2042;426;10;13;10;0
50046;2294;426;10;13;10;0
50047;2054;426;10;13;10;0
50048;2282;426;10;13;10;0
50049;2270;426;10;13;10;0
50050;2258;426;10;13;10;0
50051;2246;426;10;13;10;0
50052;2234;426;10;13;10;0
50053;2222;426;10;13;10;0
50054;2210;426;10;13;10;0
50055;2198;426;10;13;10;0
50056;2186;426;10;13;10;0
50057;2174;426;10;13;10;0
50058;2162;426;10;13;10;0
50059;2150;426;10;13;10;0
50060;2138;426;10;13;10;0
50061;2126;426;10;13;10;0
50062;2114;426;10;13;10;0
50063;2102;426;10;13;10;0
50064;2090;426;10;13;10;0
50065;2078;426;10;13;10;0
50066;2066;426;10;13;10;0
50067;2870;426;10;13;10;0
50068;998;441;10;13;10;0
50069;1010;441;10;13;10;0
50070;1022;441;10;13;10;0
50071;4022;441;10;13;10;0
50072;4010;441;10;13;10;0
50073;3998;441;10;13;10;0
50074;3986;441;10;13;10;0
50075;3974;441;10;13;10;0
50076;3962;441;10;13;10;0
50077;3950;441;10;13;10;0
50078;3938;441;10;13;10;0
50079;3926;441;10;13;10;0
50080;3914;441;10;13;10;0
50081;3902;441;10;13;10;0
50082;3890;441;10;13;10;0
50083;3878;441;10;13;10;0
50084;3866;441;10;13;10;0
50085;3854;441;10;13;10;0
50086;3842;441;10;13;10;0
50087;3830;441;10;13;10;0
50088;3818;441;10;13;10;0
50089;3806;441;10;13;10;0
50090;4034;441;10;13;10;0
50091;4046;441;10;13;10;0
50092;4058;441;10;13;10;0
50093;4070;441;10;13;10;0
50094;218;456;10;13;10;0
50095;206;456;10;13;10;0
50096;194;456;10;13;10;0
50097;182;456;10;13;10;0
50098;170;456;10;13;10;0
50099;158;456;10;13;10;0
50100;146;456;10;13;10;0
50101;134;456;10;13;10;0
50102;122;456;10;13;10;0
50103;230;456;10;13;10;0
50104;110;456;10;13;10;0
50105;86;456;10;13;10;0
50106;74;456;10;13;10;0
50107;62;456;10;13;10;0
50108;50;456;10;13;10;0
50109;38;456;10;13;10;0
50110;26;456;10;13;10;0
50111;14;456;10;13;10;0
50112;2;456;10;13;10;0
50113;4082;441;10;13;10;0
50114;3794;441;10;13;10;0
50115;3782;441;10;13;10;0
50116;3770;441;10;13;10;0
50117;3494;441;10;13;10;0
50118;3470;441;10;13;10;0
50119;3458;441;10;13;10;0
50120;3446;441;10;13;10;0
50121;3434;441;10;13;10;0
50122;3422;441;10;13;10;0
50123;3410;441;10;13;10;0
50124;3398;441;10;13;10;0
50125;3386;441;10;13;10;0
50126;3374;441;10;13;10;0
50127;3362;441;10;13;10;0
50128;3350;441;10;13;10;0
50129;3338;441;10;13;10;0
50130;3326;441;10;13;10;0
50131;3314;441;10;13;10;0
50132;3302;441;10;13;10;0
50133;3290;441;10;13;10;0
50134;3278;441;10;13;10;0
50135;3266;441;10;13;10;0
50136;3254;441;10;13;10;0
50137;3482;441;10;13;10;0
50138;3506;441;10;13;10;0
50139;3758;441;10;13;10;0
50140;3518;441;10;13;10;0
50141;3746;441;10;13;10;0
50142;3734;441;10;13;10;0
50143;3722;441;10;13;10;0
50144;3710;441;10;13;10;0
50145;3698;441;10;13;10;0
50146;3686;441;10;13;10;0
50147;3674;441;10;13;10;0
50148;3662;441;10;13;10;0
50149;3650;441;10;13;10;0
50150;3638;441;10;13;10;0
50151;3626;441;10;13;10;0
50152;3614;441;10;13;10;0
50153;3602;441;10;13;10;0
50154;3590;441;10;13;10;0
50155;3578;441;10;13;10;0
50156;3566;441;10;13;10;0
50157;3554;441;10;13;10;0
50158;3542;441;10;13;10;0
50159;3530;441;10;13;10;0
50160;98;456;10;13;10;0
50161;254;456;10;13;10;0
50162;1214;456;10;13;10;0
50163;266;456;10;13;10;0
50164;1046;456;10;13;10;0
50165;1034;456;10;13;10;0
50166;1022;456;10;13;10;0
50167;1010;456;10;13;10;0
50168;998;456;10;13;10;0
50169;986;456;10;13;10;0
50170;974;456;10;13;10;0
50171;962;456;10;13;10;0
50172;950;456;10;13;10;0
50173;938;456;10;13;10;0
50174;926;456;10;13;10;0
50175;914;456;10;13;10;0
50176;902;456;10;13;10;0
50177;890;456;10;13;10;0
50178;878;456;10;13;10;0
50179;866;456;10;13;10;0
50180;854;456;10;13;10;0
50181;842;456;10;13;10;0
50182;830;456;10;13;10;0
50183;1058;456;10;13;10;0
50184;1070;456;10;13;10;0
50185;1082;456;10;13;10;0
50186;1094;456;10;13;10;0
50187;1334;456;10;13;10;0
50188;1322;456;10;13;10;0
50189;1310;456;10;13;10;0
50190;1298;456;10;13;10;0
50191;1286;456;10;13;10;0
50192;1274;456;10;13;10;0
50193;1262;456;10;13;10;0
50194;1250;456;10;13;10;0
50195;1238;456;10;13;10;0
50196;1346;456;10;13;10;0
50197;1226;456;10;13;10;0
50198;1202;456;10;13;10;0
50199;1190;456;10;13;10;0
50200;1178;456;10;13;10;0
50201;1166;456;10;13;10;0
50202;1154;456;10;13;10;0
50203;1142;456;10;13;10;0
50204;1130;456;10;13;10;0
50205;1118;456;10;13;10;0
50206;1106;456;10;13;10;0
50207;818;456;10;13;10;0
50208;806;456;10;13;10;0
50209;794;456;10;13;10;0
50210;518;456;10;13;10;0
50211;494;456;10;13;10;0
50212;482;456;10;13;10;0
50213;470;456;10;13;10;0
50214;458;456;10;13;10;0
50215;446;456;10;13;10;0
50216;434;456;10;13;10;0
50217;422;456;10;13;10;0
50218;410;456;10;13;10;0
50219;398;456;10;13;10;0
50220;386;456;10;13;10;0
50221;374;456;10;13;10;0
50222;362;456;10;13;10;0
50223;350;456;10;13;10;0
50224;338;456;10;13;10;0
50225;326;456;10;13;10;0
50226;314;456;10;13;10;0
50227;302;456;10;13;10;0
50228;290;456;10;13;10;0
50229;278;456;10;13;10;0
50230;506;456;10;13;10;0
50231;530;456;10;13;10;0
50232;782;456;10;13;10;0
50233;542;456;10;13;10;0
50234;770;456;10;13;10;0
50235;758;456;10;13;10;0
50236;746;456;10;13;10;0
50237;734;456;10;13;10;0
50238;722;456;10;13;10;0
50239;710;456;10;13;10;0
50240;698;456;10;13;10;0
50241;686;456;10;13;10;0
50242;674;456;10;13;10;0
50243;662;456;10;13;10;0
50244;650;456;10;13;10;0
50245;638;456;10;13;10;0
50246;626;456;10;13;10;0
50247;614;456;10;13;10;0
50248;602;456;10;13;10;0
50249;590;456;10;13;10;0
50250;578;456;10;13;10;0
50251;566;456;10;13;10;0
50252;554;456;10;13;10;0
50253;3242;441;10;13;10;0
50254;3230;441;10;13;10;0
50255;3218;441;10;13;10;0
50256;3074;441;10;13;10;0
50257;1802;441;10;13;10;0
50258;1790;441;10;13;10;0
50259;1778;441;10;13;10;0
50260;1766;441;10;13;10;0
50261;1754;441;10;13;10;0
50262;1742;441;10;13;10;0
50263;1730;441;10;13;10;0
50264;1718;441;10;13;10;0
50265;1706;441;10;13;10;0
50266;1694;441;10;13;10;0
50267;1682;441;10;13;10;0
50268;1670;441;10;13;10;0
50269;1658;441;10;13;10;0
50270;1646;441;10;13;10;0
50271;1634;441;10;13;10;0
50272;1622;441;10;13;10;0
50273;1610;441;10;13;10;0
50274;1598;441;10;13;10;0
50275;1586;441;10;13;10;0
50276;1814;441;10;13;10;0
50277;1838;441;10;13;10;0
50278;2090;441;10;13;10;0
50279;1850;441;10;13;10;0
50280;2078;441;10;13;10;0
50281;2066;441;10;13;10;0
50282;2054;441;10;13;10;0
50283;2042;441;10;13;10;0
50284;2030;441;10;13;10;0
50285;2018;441;10;13;10;0
50286;2006;441;10;13;10;0
50287;1994;441;10;13;10;0
50288;1982;441;10;13;10;0
50289;1970;441;10;13;10;0
50290;1958;441;10;13;10;0
50291;1946;441;10;13;10;0
50292;1934;441;10;13;10;0
50293;1922;441;10;13;10;0
50294;1910;441;10;13;10;0
50295;1898;441;10;13;10;0
50296;1886;441;10;13;10;0
50297;1874;441;10;13;10;0
50298;1862;441;10;13;10;0
50299;1574;441;10;13;10;0
50300;1826;441;10;13;10;0
50301;1562;441;10;13;10;0
50302;1274;441;10;13;10;0
50303;1250;441;10;13;10;0
50304;1238;441;10;13;10;0
50305;1226;441;10;13;10;0
50306;1214;441;10;13;10;0
50307;1202;441;10;13;10;0
50308;1190;441;10;13;10;0
50309;1178;441;10;13;10;0
50310;1166;441;10;13;10;0
50311;1154;441;10;13;10;0
50312;1142;441;10;13;10;0
50313;1130;441;10;13;10;0
50314;1118;441;10;13;10;0
50315;1106;441;10;13;10;0
50316;1094;441;10;13;10;0
50317;1082;441;10;13;10;0
50318;1070;441;10;13;10;0
50319;1058;441;10;13;10;0
50320;1046;441;10;13;10;0
50321;1034;441;10;13;10;0
50322;1262;441;10;13;10;0
50323;1286;441;10;13;10;0
50324;1538;441;10;13;10;0
50325;1298;441;10;13;10;0
50326;1526;441;10;13;10;0
50327;1514;441;10;13;10;0
50328;1502;441;10;13;10;0
50329;1490;441;10;13;10;0
50330;1478;441;10;13;10;0
50331;1466;441;10;13;10;0
50332;1454;441;10;13;10;0
50333;1442;441;10;13;10;0
50334;1430;441;10;13;10;0
50335;1418;441;10;13;10;0
50336;1406;441;10;13;10;0
50337;1394;441;10;13;10;0
50338;1382;441;10;13;10;0
50339;1370;441;10;13;10;0
50340;1358;441;10;13;10;0
50341;1346;441;10;13;10;0
50342;1334;441;10;13;10;0
50343;1322;441;10;13;10;0
50344;1310;441;10;13;10;0
50345;1550;441;10;13;10;0
50346;2102;441;10;13;10;0
50347;2114;441;10;13;10;0
50348;2126;441;10;13;10;0
50349;2906;441;10;13;10;0
50350;2894;441;10;13;10;0
50351;2882;441;10;13;10;0
50352;2870;441;10;13;10;0
50353;2858;441;10;13;10;0
50354;2846;441;10;13;10;0
50355;2834;441;10;13;10;0
50356;2822;441;10;13;10;0
50357;2810;441;10;13;10;0
50358;2798;441;10;13;10;0
50359;2786;441;10;13;10;0
50360;2774;441;10;13;10;0
50361;2762;441;10;13;10;0
50362;2750;441;10;13;10;0
50363;2738;441;10;13;10;0
50364;2726;441;10;13;10;0
50365;2714;441;10;13;10;0
50366;2702;441;10;13;10;0
50367;2690;441;10;13;10;0
50368;2918;441;10;13;10;0
50369;2930;441;10;13;10;0
50370;2942;441;10;13;10;0
50371;2954;441;10;13;10;0
50372;3194;441;10;13;10;0
50373;3182;441;10;13;10;0
50374;3170;441;10;13;10;0
50375;3158;441;10;13;10;0
50376;3146;441;10;13;10;0
50377;3134;441;10;13;10;0
50378;3122;441;10;13;10;0
50379;3110;441;10;13;10;0
50380;3098;441;10;13;10;0
50381;3206;441;10;13;10;0
50382;3086;441;10;13;10;0
50383;3062;441;10;13;10;0
50384;3050;441;10;13;10;0
50385;3038;441;10;13;10;0
50386;3026;441;10;13;10;0
50387;3014;441;10;13;10;0
50388;3002;441;10;13;10;0
50389;2990;441;10;13;10;0
50390;2978;441;10;13;10;0
50391;2966;441;10;13;10;0
50392;2678;441;10;13;10;0
50393;2666;441;10;13;10;0
50394;2654;441;10;13;10;0
50395;2378;441;10;13;10;0
50396;2354;441;10;13;10;0
50397;2342;441;10;13;10;0
50398;2330;441;10;13;10;0
50399;2318;441;10;13;10;0
50400;2306;441;10;13;10;0
50401;2294;441;10;13;10;0
50402;2282;441;10;13;10;0
50403;2270;441;10;13;10;0
50404;2258;441;10;13;10;0
50405;2246;441;10;13;10;0
50406;2234;441;10;13;10;0
50407;2222;441;10;13;10;0
50408;2210;441;10;13;10;0
50409;2198;441;10;13;10;0
50410;2186;441;10;13;10;0
50411;2174;441;10;13;10;0
50412;2162;441;10;13;10;0
50413;2150;441;10;13;10;0
50414;2138;441;10;13;10;0
50415;2366;441;10;13;10;0
50416;2390;441;10;13;10;0
50417;2642;441;10;13;10;0
50418;2402;441;10;13;10;0
50419;2630;441;10;13;10;0
50420;2618;441;10;13;10;0
50421;2606;441;10;13;10;0
50422;2594;441;10;13;10;0
50423;2582;441;10;13;10;0
50424;2570;441;10;13;10;0
50425;2558;441;10;13;10;0
50426;2546;441;10;13;10;0
50427;2534;441;10;13;10;0
50428;2522;441;10;13;10;0
50429;2510;441;10;13;10;0
50430;2498;441;10;13;10;0
50431;2486;441;10;13;10;0
50432;2474;441;10;13;10;0
50433;2462;441;10;13;10;0
50434;2450;441;10;13;10;0
50435;2438;441;10;13;10;0
50436;2426;441;10;13;10;0
50437;2414;441;10;13;10;0
50438;674;426;10;13;10;0
50439;242;456;10;13;10;0
50440;662;426;10;13;10;0
50441;3626;411;10;13;10;0
50442;2966;396;10;13;10;0
50443;2954;396;10;13;10;0
50444;2942;396;10;13;10;0
50445;2930;396;10;13;10;0
50446;2918;396;10;13;10;0
50447;2906;396;10;13;10;0
50448;2894;396;10;13;10;0
50449;2882;396;10;13;10;0
50450;2870;396;10;13;10;0
50451;2858;396;10;13;10;0
50452;2846;396;10;13;10;0
50453;2834;396;10;13;10;0
50454;2822;396;10;13;10;0
50455;2810;396;10;13;10;0
50456;2798;396;10;13;10;0
50457;2786;396;10;13;10;0
50458;2774;396;10;13;10;0
50459;2762;396;10;13;10;0
50460;2750;396;10;13;10;0
50461;2978;396;10;13;10;0
50462;3002;396;10;13;10;0
50463;3254;396;10;13;10;0
50464;3014;396;10;13;10;0
50465;3242;396;10;13;10;0
50466;3230;396;10;13;10;0
50467;3218;396;10;13;10;0
50468;3206;396;10;13;10;0
50469;3194;396;10;13;10;0
50470;3182;396;10;13;10;0
50471;3170;396;10;13;10;0
50472;3158;396;10;13;10;0
50473;3146;396;10;13;10;0
50474;3134;396;10;13;10;0
50475;3122;396;10;13;10;0
50476;3110;396;10;13;10;0
50477;3098;396;10;13;10;0
50478;3086;396;10;13;10;0
50479;3074;396;10;13;10;0
50480;3062;396;10;13;10;0
50481;3050;396;10;13;10;0
50482;3038;396;10;13;10;0
50483;3026;396;10;13;10;0
50484;2738;396;10;13;10;0
50485;2990;396;10;13;10;0
50486;2726;396;10;13;10;0
50487;2438;396;10;13;10;0
50488;2414;396;10;13;10;0
50489;2402;396;10;13;10;0
50490;2390;396;10;13;10;0
50491;2378;396;10;13;10;0
50492;2366;396;10;13;10;0
50493;2354;396;10;13;10;0
50494;2342;396;10;13;10;0
50495;2330;396;10;13;10;0
50496;2318;396;10;13;10;0
50497;2306;396;10;13;10;0
50498;2294;396;10;13;10;0
50499;2282;396;10;13;10;0
50500;2270;396;10;13;10;0
50501;2258;396;10;13;10;0
50502;2246;396;10;13;10;0
50503;2234;396;10;13;10;0
50504;2222;396;10;13;10;0
50505;2210;396;10;13;10;0
50506;2198;396;10;13;10;0
50507;2426;396;10;13;10;0
50508;2450;396;10;13;10;0
50509;2702;396;10;13;10;0
50510;2462;396;10;13;10;0
50511;2690;396;10;13;10;0
50512;2678;396;10;13;10;0
50513;2666;396;10;13;10;0
50514;2654;396;10;13;10;0
50515;2642;396;10;13;10;0
50516;2630;396;10;13;10;0
50517;2618;396;10;13;10;0
50518;2606;396;10;13;10;0
50519;2594;396;10;13;10;0
50520;2582;396;10;13;10;0
50521;2570;396;10;13;10;0
50522;2558;396;10;13;10;0
50523;2546;396;10;13;10;0
50524;2534;396;10;13;10;0
50525;2522;396;10;13;10;0
50526;2510;396;10;13;10;0
50527;2498;396;10;13;10;0
50528;2486;396;10;13;10;0
50529;2474;396;10;13;10;0
50530;2714;396;10;13;10;0
50531;3266;396;10;13;10;0
50532;3278;396;10;13;10;0
50533;3290;396;10;13;10;0
50534;4070;396;10;13;10;0
50535;4058;396;10;13;10;0
50536;4046;396;10;13;10;0
50537;4034;396;10;13;10;0
50538;4022;396;10;13;10;0
50539;4010;396;10;13;10;0
50540;3998;396;10;13;10;0
50541;3986;396;10;13;10;0
50542;3974;396;10;13;10;0
50543;3962;396;10;13;10;0
50544;3950;396;10;13;10;0
50545;3938;396;10;13;10;0
50546;3926;396;10;13;10;0
50547;3914;396;10;13;10;0
50548;3902;396;10;13;10;0
50549;3890;396;10;13;10;0
50550;3878;396;10;13;10;0
50551;3866;396;10;13;10;0
50552;3854;396;10;13;10;0
50553;4082;396;10;13;10;0
50554;2;411;10;13;10;0
50555;14;411;10;13;10;0
50556;26;411;10;13;10;0
50557;266;411;10;13;10;0
50558;254;411;10;13;10;0
50559;242;411;10;13;10;0
50560;230;411;10;13;10;0
50561;218;411;10;13;10;0
50562;206;411;10;13;10;0
50563;194;411;10;13;10;0
50564;182;411;10;13;10;0
50565;170;411;10;13;10;0
50566;278;411;10;13;10;0
50567;158;411;10;13;10;0
50568;134;411;10;13;10;0
50569;122;411;10;13;10;0
50570;110;411;10;13;10;0
50571;98;411;10;13;10;0
50572;86;411;10;13;10;0
50573;74;411;10;13;10;0
50574;62;411;10;13;10;0
50575;50;411;10;13;10;0
50576;38;411;10;13;10;0
50577;3842;396;10;13;10;0
50578;3830;396;10;13;10;0
50579;3818;396;10;13;10;0
50580;3542;396;10;13;10;0
50581;3518;396;10;13;10;0
50582;3506;396;10;13;10;0
50583;3494;396;10;13;10;0
50584;3482;396;10;13;10;0
50585;3470;396;10;13;10;0
50586;3458;396;10;13;10;0
50587;3446;396;10;13;10;0
50588;3434;396;10;13;10;0
50589;3422;396;10;13;10;0
50590;3410;396;10;13;10;0
50591;3398;396;10;13;10;0
50592;3386;396;10;13;10;0
50593;3374;396;10;13;10;0
50594;3362;396;10;13;10;0
50595;3350;396;10;13;10;0
50596;3338;396;10;13;10;0
50597;3326;396;10;13;10;0
50598;3314;396;10;13;10;0
50599;3302;396;10;13;10;0
50600;3530;396;10;13;10;0
50601;3554;396;10;13;10;0
50602;3806;396;10;13;10;0
50603;3566;396;10;13;10;0
50604;3794;396;10;13;10;0
50605;3782;396;10;13;10;0
50606;3770;396;10;13;10;0
50607;3758;396;10;13;10;0
50608;3746;396;10;13;10;0
50609;3734;396;10;13;10;0
50610;3722;396;10;13;10;0
50611;3710;396;10;13;10;0
50612;3698;396;10;13;10;0
50613;3686;396;10;13;10;0
50614;3674;396;10;13;10;0
50615;3662;396;10;13;10;0
50616;3650;396;10;13;10;0
50617;3638;396;10;13;10;0
50618;3626;396;10;13;10;0
50619;3614;396;10;13;10;0
50620;3602;396;10;13;10;0
50621;3590;396;10;13;10;0
50622;3578;396;10;13;10;0
50623;2186;396;10;13;10;0
50624;146;411;10;13;10;0
50625;2174;396;10;13;10;0
50626;2018;396;10;13;10;0
50627;746;396;10;13;10;0
50628;734;396;10;13;10;0
50629;722;396;10;13;10;0
50630;710;396;10;13;10;0
50631;698;396;10;13;10;0
50632;686;396;10;13;10;0
50633;674;396;10;13;10;0
50634;662;396;10;13;10;0
50635;650;396;10;13;10;0
50636;638;396;10;13;10;0
50637;626;396;10;13;10;0
50638;614;396;10;13;10;0
50639;602;396;10;13;10;0
50640;590;396;10;13;10;0
50641;578;396;10;13;10;0
50642;566;396;10;13;10;0
50643;554;396;10;13;10;0
50644;542;396;10;13;10;0
50645;530;396;10;13;10;0
50646;758;396;10;13;10;0
50647;782;396;10;13;10;0
50648;1034;396;10;13;10;0
50649;794;396;10;13;10;0
50650;1022;396;10;13;10;0
50651;1010;396;10;13;10;0
50652;998;396;10;13;10;0
50653;986;396;10;13;10;0
50654;974;396;10;13;10;0
50655;962;396;10;13;10;0
50656;950;396;10;13;10;0
50657;938;396;10;13;10;0
50658;926;396;10;13;10;0
50659;914;396;10;13;10;0
50660;902;396;10;13;10;0
50661;890;396;10;13;10;0
50662;878;396;10;13;10;0
50663;866;396;10;13;10;0
50664;854;396;10;13;10;0
50665;842;396;10;13;10;0
50666;830;396;10;13;10;0
50667;818;396;10;13;10;0
50668;806;396;10;13;10;0
50669;518;396;10;13;10;0
50670;770;396;10;13;10;0
50671;506;396;10;13;10;0
50672;218;396;10;13;10;0
50673;194;396;10;13;10;0
50674;182;396;10;13;10;0
50675;170;396;10;13;10;0
50676;158;396;10;13;10;0
50677;146;396;10;13;10;0
50678;134;396;10;13;10;0
50679;122;396;10;13;10;0
50680;110;396;10;13;10;0
50681;98;396;10;13;10;0
50682;86;396;10;13;10;0
50683;74;396;10;13;10;0
50684;62;396;10;13;10;0
50685;50;396;10;13;10;0
50686;38;396;10;13;10;0
50687;26;396;10;13;10;0
50688;14;396;10;13;10;0
50689;2;396;10;13;10;0
50690;4082;381;10;13;10;0
50691;4070;381;10;13;10;0
50692;206;396;10;13;10;0
50693;230;396;10;13;10;0
50694;482;396;10;13;10;0
50695;242;396;10;13;10;0
50696;470;396;10;13;10;0
50697;458;396;10;13;10;0
50698;446;396;10;13;10;0
50699;434;396;10;13;10;0
50700;422;396;10;13;10;0
50701;410;396;10;13;10;0
50702;398;396;10;13;10;0
50703;386;396;10;13;10;0
50704;374;396;10;13;10;0
50705;362;396;10;13;10;0
50706;350;396;10;13;10;0
50707;338;396;10;13;10;0
50708;326;396;10;13;10;0
50709;314;396;10;13;10;0
50710;302;396;10;13;10;0
50711;290;396;10;13;10;0
50712;278;396;10;13;10;0
50713;266;396;10;13;10;0
50714;254;396;10;13;10;0
50715;494;396;10;13;10;0
50716;1046;396;10;13;10;0
50717;1058;396;10;13;10;0
50718;1070;396;10;13;10;0
50719;1850;396;10;13;10;0
50720;1838;396;10;13;10;0
50721;1826;396;10;13;10;0
50722;1814;396;10;13;10;0
50723;1802;396;10;13;10;0
50724;1790;396;10;13;10;0
50725;1778;396;10;13;10;0
50726;1766;396;10;13;10;0
50727;1754;396;10;13;10;0
50728;1742;396;10;13;10;0
50729;1730;396;10;13;10;0
50730;1718;396;10;13;10;0
50731;1706;396;10;13;10;0
50732;1694;396;10;13;10;0
50733;1682;396;10;13;10;0
50734;1670;396;10;13;10;0
50735;1658;396;10;13;10;0
50736;1646;396;10;13;10;0
50737;1634;396;10;13;10;0
50738;1862;396;10;13;10;0
50739;1874;396;10;13;10;0
50740;1886;396;10;13;10;0
50741;1898;396;10;13;10;0
50742;2138;396;10;13;10;0
50743;2126;396;10;13;10;0
50744;2114;396;10;13;10;0
50745;2102;396;10;13;10;0
50746;2090;396;10;13;10;0
50747;2078;396;10;13;10;0
50748;2066;396;10;13;10;0
50749;2054;396;10;13;10;0
50750;2042;396;10;13;10;0
50751;2150;396;10;13;10;0
50752;2030;396;10;13;10;0
50753;2006;396;10;13;10;0
50754;1994;396;10;13;10;0
50755;1982;396;10;13;10;0
50756;1970;396;10;13;10;0
50757;1958;396;10;13;10;0
50758;1946;396;10;13;10;0
50759;1934;396;10;13;10;0
50760;1922;396;10;13;10;0
50761;1910;396;10;13;10;0
50762;1622;396;10;13;10;0
50763;1610;396;10;13;10;0
50764;1598;396;10;13;10;0
50765;1322;396;10;13;10;0
50766;1298;396;10;13;10;0
50767;1286;396;10;13;10;0
50768;1274;396;10;13;10;0
50769;1262;396;10;13;10;0
50770;1250;396;10;13;10;0
50771;1238;396;10;13;10;0
50772;1226;396;10;13;10;0
50773;1214;396;10;13;10;0
50774;1202;396;10;13;10;0
50775;1190;396;10;13;10;0
50776;1178;396;10;13;10;0
50777;1166;396;10;13;10;0
50778;1154;396;10;13;10;0
50779;1142;396;10;13;10;0
50780;1130;396;10;13;10;0
50781;1118;396;10;13;10;0
50782;1106;396;10;13;10;0
50783;1094;396;10;13;10;0
50784;1082;396;10;13;10;0
50785;1310;396;10;13;10;0
50786;1334;396;10;13;10;0
50787;1586;396;10;13;10;0
50788;1346;396;10;13;10;0
50789;1574;396;10;13;10;0
50790;1562;396;10;13;10;0
50791;1550;396;10;13;10;0
50792;1538;396;10;13;10;0
50793;1526;396;10;13;10;0
50794;1514;396;10;13;10;0
50795;1502;396;10;13;10;0
50796;1490;396;10;13;10;0
50797;1478;396;10;13;10;0
50798;1466;396;10;13;10;0
50799;1454;396;10;13;10;0
50800;1442;396;10;13;10;0
50801;1430;396;10;13;10;0
50802;1418;396;10;13;10;0
50803;1406;396;10;13;10;0
50804;1394;396;10;13;10;0
50805;1382;396;10;13;10;0
50806;1370;396;10;13;10;0
50807;1358;396;10;13;10;0
50808;2162;396;10;13;10;0
50809;290;411;10;13;10;0
50810;302;411;10;13;10;0
50811;314;411;10;13;10;0
50812;3314;411;10;13;10;0
50813;3302;411;10;13;10;0
50814;3290;411;10;13;10;0
50815;3278;411;10;13;10;0
50816;3266;411;10;13;10;0
50817;3254;411;10;13;10;0
50818;3242;411;10;13;10;0
50819;3230;411;10;13;10;0
50820;3218;411;10;13;10;0
50821;3206;411;10;13;10;0
50822;3194;411;10;13;10;0
50823;3182;411;10;13;10;0
50824;3170;411;10;13;10;0
50825;3158;411;10;13;10;0
50826;3146;411;10;13;10;0
50827;3134;411;10;13;10;0
50828;3122;411;10;13;10;0
50829;3110;411;10;13;10;0
50830;3098;411;10;13;10;0
50831;3326;411;10;13;10;0
50832;3338;411;10;13;10;0
50833;3350;411;10;13;10;0
50834;3362;411;10;13;10;0
50835;3602;411;10;13;10;0
50836;3590;411;10;13;10;0
50837;3578;411;10;13;10;0
50838;3566;411;10;13;10;0
50839;3554;411;10;13;10;0
50840;3542;411;10;13;10;0
50841;3530;411;10;13;10;0
50842;3518;411;10;13;10;0
50843;3506;411;10;13;10;0
50844;3614;411;10;13;10;0
50845;3494;411;10;13;10;0
50846;3470;411;10;13;10;0
50847;3458;411;10;13;10;0
50848;3446;411;10;13;10;0
50849;3434;411;10;13;10;0
50850;3422;411;10;13;10;0
50851;3410;411;10;13;10;0
50852;3398;411;10;13;10;0
50853;3386;411;10;13;10;0
50854;3374;411;10;13;10;0
50855;3086;411;10;13;10;0
50856;3074;411;10;13;10;0
50857;3062;411;10;13;10;0
50858;2786;411;10;13;10;0
50859;2762;411;10;13;10;0
50860;2750;411;10;13;10;0
50861;2738;411;10;13;10;0
50862;2726;411;10;13;10;0
50863;2714;411;10;13;10;0
50864;2702;411;10;13;10;0
50865;2690;411;10;13;10;0
50866;2678;411;10;13;10;0
50867;2666;411;10;13;10;0
50868;2654;411;10;13;10;0
50869;2642;411;10;13;10;0
50870;2630;411;10;13;10;0
50871;2618;411;10;13;10;0
50872;2606;411;10;13;10;0
50873;2594;411;10;13;10;0
50874;2582;411;10;13;10;0
50875;2570;411;10;13;10;0
50876;2558;411;10;13;10;0
50877;2546;411;10;13;10;0
50878;2774;411;10;13;10;0
50879;2798;411;10;13;10;0
50880;3050;411;10;13;10;0
50881;2810;411;10;13;10;0
50882;3038;411;10;13;10;0
50883;3026;411;10;13;10;0
50884;3014;411;10;13;10;0
50885;3002;411;10;13;10;0
50886;2990;411;10;13;10;0
50887;2978;411;10;13;10;0
50888;2966;411;10;13;10;0
50889;2954;411;10;13;10;0
50890;2942;411;10;13;10;0
50891;2930;411;10;13;10;0
50892;2918;411;10;13;10;0
50893;2906;411;10;13;10;0
50894;2894;411;10;13;10;0
50895;2882;411;10;13;10;0
50896;2870;411;10;13;10;0
50897;2858;411;10;13;10;0
50898;2846;411;10;13;10;0
50899;2834;411;10;13;10;0
50900;2822;411;10;13;10;0
50901;3482;411;10;13;10;0
50902;3638;411;10;13;10;0
50903;506;426;10;13;10;0
50904;3650;411;10;13;10;0
50905;338;426;10;13;10;0
50906;326;426;10;13;10;0
50907;314;426;10;13;10;0
50908;302;426;10;13;10;0
50909;290;426;10;13;10;0
50910;278;426;10;13;10;0
50911;266;426;10;13;10;0
50912;254;426;10;13;10;0
50913;242;426;10;13;10;0
50914;230;426;10;13;10;0
50915;218;426;10;13;10;0
50916;206;426;10;13;10;0
50917;194;426;10;13;10;0
50918;182;426;10;13;10;0
50919;170;426;10;13;10;0
50920;158;426;10;13;10;0
50921;146;426;10;13;10;0
50922;134;426;10;13;10;0
50923;122;426;10;13;10;0
50924;350;426;10;13;10;0
50925;362;426;10;13;10;0
50926;374;426;10;13;10;0
50927;386;426;10;13;10;0
50928;626;426;10;13;10;0
50929;614;426;10;13;10;0
50930;602;426;10;13;10;0
50931;590;426;10;13;10;0
50932;578;426;10;13;10;0
50933;566;426;10;13;10;0
50934;554;426;10;13;10;0
50935;542;426;10;13;10;0
50936;530;426;10;13;10;0
50937;638;426;10;13;10;0
50938;518;426;10;13;10;0
50939;494;426;10;13;10;0
50940;482;426;10;13;10;0
50941;470;426;10;13;10;0
50942;458;426;10;13;10;0
50943;446;426;10;13;10;0
50944;434;426;10;13;10;0
50945;422;426;10;13;10;0
50946;410;426;10;13;10;0
50947;398;426;10;13;10;0
50948;110;426;10;13;10;0
50949;98;426;10;13;10;0
50950;86;426;10;13;10;0
50951;3902;411;10;13;10;0
50952;3878;411;10;13;10;0
50953;3866;411;10;13;10;0
50954;3854;411;10;13;10;0
50955;3842;411;10;13;10;0
50956;3830;411;10;13;10;0
50957;3818;411;10;13;10;0
50958;3806;411;10;13;10;0
50959;3794;411;10;13;10;0
50960;3782;411;10;13;10;0
50961;3770;411;10;13;10;0
50962;3758;411;10;13;10;0
50963;3746;411;10;13;10;0
50964;3734;411;10;13;10;0
50965;3722;411;10;13;10;0
50966;3710;411;10;13;10;0
50967;3698;411;10;13;10;0
50968;3686;411;10;13;10;0
50969;3674;411;10;13;10;0
50970;3662;411;10;13;10;0
50971;3890;411;10;13;10;0
50972;3914;411;10;13;10;0
50973;74;426;10;13;10;0
50974;3926;411;10;13;10;0
50975;62;426;10;13;10;0
50976;50;426;10;13;10;0
50977;38;426;10;13;10;0
50978;26;426;10;13;10;0
50979;14;426;10;13;10;0
50980;2;426;10;13;10;0
50981;4082;411;10;13;10;0
50982;4070;411;10;13;10;0
50983;4058;411;10;13;10;0
50984;4046;411;10;13;10;0
50985;4034;411;10;13;10;0
50986;4022;411;10;13;10;0
50987;4010;411;10;13;10;0
50988;3998;411;10;13;10;0
50989;3986;411;10;13;10;0
50990;3974;411;10;13;10;0
50991;3962;411;10;13;10;0
50992;3950;411;10;13;10;0
50993;3938;411;10;13;10;0
50994;2534;411;10;13;10;0
50995;2522;411;10;13;10;0
50996;2510;411;10;13;10;0
50997;2366;411;10;13;10;0
50998;1094;411;10;13;10;0
50999;1082;411;10;13;10;0
51000;1070;411;10;13;10;0
51001;1058;411;10;13;10;0
51002;1046;411;10;13;10;0
51003;1034;411;10;13;10;0
51004;1022;411;10;13;10;0
51005;1010;411;10;13;10;0
51006;998;411;10;13;10;0
51007;986;411;10;13;10;0
51008;974;411;10;13;10;0
51009;962;411;10;13;10;0
51010;950;411;10;13;10;0
51011;938;411;10;13;10;0
51012;926;411;10;13;10;0
51013;914;411;10;13;10;0
51014;902;411;10;13;10;0
51015;890;411;10;13;10;0
51016;878;411;10;13;10;0
51017;1106;411;10;13;10;0
51018;1130;411;10;13;10;0
51019;1382;411;10;13;10;0
51020;1142;411;10;13;10;0
51021;1370;411;10;13;10;0
51022;1358;411;10;13;10;0
51023;1346;411;10;13;10;0
51024;1334;411;10;13;10;0
51025;1322;411;10;13;10;0
51026;1310;411;10;13;10;0
51027;1298;411;10;13;10;0
51028;1286;411;10;13;10;0
51029;1274;411;10;13;10;0
51030;1262;411;10;13;10;0
51031;1250;411;10;13;10;0
51032;1238;411;10;13;10;0
51033;1226;411;10;13;10;0
51034;1214;411;10;13;10;0
51035;1202;411;10;13;10;0
51036;1190;411;10;13;10;0
51037;1178;411;10;13;10;0
51038;1166;411;10;13;10;0
51039;1154;411;10;13;10;0
51040;866;411;10;13;10;0
51041;1118;411;10;13;10;0
51042;854;411;10;13;10;0
51043;566;411;10;13;10;0
51044;542;411;10;13;10;0
51045;530;411;10;13;10;0
51046;518;411;10;13;10;0
51047;506;411;10;13;10;0
51048;494;411;10;13;10;0
51049;482;411;10;13;10;0
51050;470;411;10;13;10;0
51051;458;411;10;13;10;0
51052;446;411;10;13;10;0
51053;434;411;10;13;10;0
51054;422;411;10;13;10;0
51055;410;411;10;13;10;0
51056;398;411;10;13;10;0
51057;386;411;10;13;10;0
51058;374;411;10;13;10;0
51059;362;411;10;13;10;0
51060;350;411;10;13;10;0
51061;338;411;10;13;10;0
51062;326;411;10;13;10;0
51063;554;411;10;13;10;0
51064;578;411;10;13;10;0
51065;830;411;10;13;10;0
51066;590;411;10;13;10;0
51067;818;411;10;13;10;0
51068;806;411;10;13;10;0
51069;794;411;10;13;10;0
51070;782;411;10;13;10;0
51071;770;411;10;13;10;0
51072;758;411;10;13;10;0
51073;746;411;10;13;10;0
51074;734;411;10;13;10;0
51075;722;411;10;13;10;0
51076;710;411;10;13;10;0
51077;698;411;10;13;10;0
51078;686;411;10;13;10;0
51079;674;411;10;13;10;0
51080;662;411;10;13;10;0
51081;650;411;10;13;10;0
51082;638;411;10;13;10;0
51083;626;411;10;13;10;0
51084;614;411;10;13;10;0
51085;602;411;10;13;10;0
51086;842;411;10;13;10;0
51087;1394;411;10;13;10;0
51088;1406;411;10;13;10;0
51089;1418;411;10;13;10;0
51090;2198;411;10;13;10;0
51091;2186;411;10;13;10;0
51092;2174;411;10;13;10;0
51093;2162;411;10;13;10;0
51094;2150;411;10;13;10;0
51095;2138;411;10;13;10;0
51096;2126;411;10;13;10;0
51097;2114;411;10;13;10;0
51098;2102;411;10;13;10;0
51099;2090;411;10;13;10;0
51100;2078;411;10;13;10;0
51101;2066;411;10;13;10;0
51102;2054;411;10;13;10;0
51103;2042;411;10;13;10;0
51104;2030;411;10;13;10;0
51105;2018;411;10;13;10;0
51106;2006;411;10;13;10;0
51107;1994;411;10;13;10;0
51108;1982;411;10;13;10;0
51109;2210;411;10;13;10;0
51110;2222;411;10;13;10;0
51111;2234;411;10;13;10;0
51112;2246;411;10;13;10;0
51113;2486;411;10;13;10;0
51114;2474;411;10;13;10;0
51115;2462;411;10;13;10;0
51116;2450;411;10;13;10;0
51117;2438;411;10;13;10;0
51118;2426;411;10;13;10;0
51119;2414;411;10;13;10;0
51120;2402;411;10;13;10;0
51121;2390;411;10;13;10;0
51122;2498;411;10;13;10;0
51123;2378;411;10;13;10;0
51124;2354;411;10;13;10;0
51125;2342;411;10;13;10;0
51126;2330;411;10;13;10;0
51127;2318;411;10;13;10;0
51128;2306;411;10;13;10;0
51129;2294;411;10;13;10;0
51130;2282;411;10;13;10;0
51131;2270;411;10;13;10;0
51132;2258;411;10;13;10;0
51133;1970;411;10;13;10;0
51134;1958;411;10;13;10;0
51135;1946;411;10;13;10;0
51136;1670;411;10;13;10;0
51137;1646;411;10;13;10;0
51138;1634;411;10;13;10;0
51139;1622;411;10;13;10;0
51140;1610;411;10;13;10;0
51141;1598;411;10;13;10;0
51142;1586;411;10;13;10;0
51143;1574;411;10;13;10;0
51144;1562;411;10;13;10;0
51145;1550;411;10;13;10;0
51146;1538;411;10;13;10;0
51147;1526;411;10;13;10;0
51148;1514;411;10;13;10;0
51149;1502;411;10;13;10;0
51150;1490;411;10;13;10;0
51151;1478;411;10;13;10;0
51152;1466;411;10;13;10;0
51153;1454;411;10;13;10;0
51154;1442;411;10;13;10;0
51155;1430;411;10;13;10;0
51156;1658;411;10;13;10;0
51157;1682;411;10;13;10;0
51158;1934;411;10;13;10;0
51159;1694;411;10;13;10;0
51160;1922;411;10;13;10;0
51161;1910;411;10;13;10;0
51162;1898;411;10;13;10;0
51163;1886;411;10;13;10;0
51164;1874;411;10;13;10;0
51165;1862;411;10;13;10;0
51166;1850;411;10;13;10;0
51167;1838;411;10;13;10;0
51168;1826;411;10;13;10;0
51169;1814;411;10;13;10;0
51170;1802;411;10;13;10;0
51171;1790;411;10;13;10;0
51172;1778;411;10;13;10;0
51173;1766;411;10;13;10;0
51174;1754;411;10;13;10;0
51175;1742;411;10;13;10;0
51176;1730;411;10;13;10;0
51177;1718;411;10;13;10;0
51178;1706;411;10;13;10;0
51179;650;426;10;13;10;0
51180;1358;456;10;13;10;0
51181;1370;456;10;13;10;0
51182;1382;456;10;13;10;0
51183;998;501;10;13;10;0
51184;986;501;10;13;10;0
51185;974;501;10;13;10;0
51186;962;501;10;13;10;0
51187;950;501;10;13;10;0
51188;938;501;10;13;10;0
51189;926;501;10;13;10;0
51190;914;501;10;13;10;0
51191;902;501;10;13;10;0
51192;890;501;10;13;10;0
51193;878;501;10;13;10;0
51194;866;501;10;13;10;0
51195;854;501;10;13;10;0
51196;842;501;10;13;10;0
51197;830;501;10;13;10;0
51198;818;501;10;13;10;0
51199;806;501;10;13;10;0
51200;794;501;10;13;10;0
51201;782;501;10;13;10;0
51202;1010;501;10;13;10;0
51203;1022;501;10;13;10;0
51204;1034;501;10;13;10;0
51205;1046;501;10;13;10;0
51206;1286;501;10;13;10;0
51207;1274;501;10;13;10;0
51208;1262;501;10;13;10;0
51209;1250;501;10;13;10;0
51210;1238;501;10;13;10;0
51211;1226;501;10;13;10;0
51212;1214;501;10;13;10;0
51213;1202;501;10;13;10;0
51214;1190;501;10;13;10;0
51215;1298;501;10;13;10;0
51216;1178;501;10;13;10;0
51217;1154;501;10;13;10;0
51218;1142;501;10;13;10;0
51219;1130;501;10;13;10;0
51220;1118;501;10;13;10;0
51221;1106;501;10;13;10;0
51222;1094;501;10;13;10;0
51223;1082;501;10;13;10;0
51224;1070;501;10;13;10;0
51225;1058;501;10;13;10;0
51226;770;501;10;13;10;0
51227;758;501;10;13;10;0
51228;746;501;10;13;10;0
51229;470;501;10;13;10;0
51230;446;501;10;13;10;0
51231;434;501;10;13;10;0
51232;422;501;10;13;10;0
51233;410;501;10;13;10;0
51234;398;501;10;13;10;0
51235;386;501;10;13;10;0
51236;374;501;10;13;10;0
51237;362;501;10;13;10;0
51238;350;501;10;13;10;0
51239;338;501;10;13;10;0
51240;326;501;10;13;10;0
51241;314;501;10;13;10;0
51242;302;501;10;13;10;0
51243;290;501;10;13;10;0
51244;278;501;10;13;10;0
51245;266;501;10;13;10;0
51246;254;501;10;13;10;0
51247;242;501;10;13;10;0
51248;230;501;10;13;10;0
51249;458;501;10;13;10;0
51250;482;501;10;13;10;0
51251;734;501;10;13;10;0
51252;494;501;10;13;10;0
51253;722;501;10;13;10;0
51254;710;501;10;13;10;0
51255;698;501;10;13;10;0
51256;686;501;10;13;10;0
51257;674;501;10;13;10;0
51258;662;501;10;13;10;0
51259;650;501;10;13;10;0
51260;638;501;10;13;10;0
51261;626;501;10;13;10;0
51262;614;501;10;13;10;0
51263;602;501;10;13;10;0
51264;590;501;10;13;10;0
51265;578;501;10;13;10;0
51266;566;501;10;13;10;0
51267;554;501;10;13;10;0
51268;542;501;10;13;10;0
51269;530;501;10;13;10;0
51270;518;501;10;13;10;0
51271;506;501;10;13;10;0
51272;1166;501;10;13;10;0
51273;1322;501;10;13;10;0
51274;2282;501;10;13;10;0
51275;1334;501;10;13;10;0
51276;2114;501;10;13;10;0
51277;2102;501;10;13;10;0
51278;2090;501;10;13;10;0
51279;2078;501;10;13;10;0
51280;2066;501;10;13;10;0
51281;2054;501;10;13;10;0
51282;2042;501;10;13;10;0
51283;2030;501;10;13;10;0
51284;2018;501;10;13;10;0
51285;2006;501;10;13;10;0
51286;1994;501;10;13;10;0
51287;1982;501;10;13;10;0
51288;1970;501;10;13;10;0
51289;1958;501;10;13;10;0
51290;1946;501;10;13;10;0
51291;1934;501;10;13;10;0
51292;1922;501;10;13;10;0
51293;1910;501;10;13;10;0
51294;1898;501;10;13;10;0
51295;2126;501;10;13;10;0
51296;2138;501;10;13;10;0
51297;2150;501;10;13;10;0
51298;2162;501;10;13;10;0
51299;2402;501;10;13;10;0
51300;2390;501;10;13;10;0
51301;2378;501;10;13;10;0
51302;2366;501;10;13;10;0
51303;2354;501;10;13;10;0
51304;2342;501;10;13;10;0
51305;2330;501;10;13;10;0
51306;2318;501;10;13;10;0
51307;2306;501;10;13;10;0
51308;2414;501;10;13;10;0
51309;2294;501;10;13;10;0
51310;2270;501;10;13;10;0
51311;2258;501;10;13;10;0
51312;2246;501;10;13;10;0
51313;2234;501;10;13;10;0
51314;2222;501;10;13;10;0
51315;2210;501;10;13;10;0
51316;2198;501;10;13;10;0
51317;2186;501;10;13;10;0
51318;2174;501;10;13;10;0
51319;1886;501;10;13;10;0
51320;1874;501;10;13;10;0
51321;1862;501;10;13;10;0
51322;1586;501;10;13;10;0
51323;1562;501;10;13;10;0
51324;1550;501;10;13;10;0
51325;1538;501;10;13;10;0
51326;1526;501;10;13;10;0
51327;1514;501;10;13;10;0
51328;1502;501;10;13;10;0
51329;1490;501;10;13;10;0
51330;1478;501;10;13;10;0
51331;1466;501;10;13;10;0
51332;1454;501;10;13;10;0
51333;1442;501;10;13;10;0
51334;1430;501;10;13;10;0
51335;1418;501;10;13;10;0
51336;1406;501;10;13;10;0
51337;1394;501;10;13;10;0
51338;1382;501;10;13;10;0
51339;1370;501;10;13;10;0
51340;1358;501;10;13;10;0
51341;1346;501;10;13;10;0
51342;1574;501;10;13;10;0
51343;1598;501;10;13;10;0
51344;1850;501;10;13;10;0
51345;1610;501;10;13;10;0
51346;1838;501;10;13;10;0
51347;1826;501;10;13;10;0
51348;1814;501;10;13;10;0
51349;1802;501;10;13;10;0
51350;1790;501;10;13;10;0
51351;1778;501;10;13;10;0
51352;1766;501;10;13;10;0
51353;1754;501;10;13;10;0
51354;1742;501;10;13;10;0
51355;1730;501;10;13;10;0
51356;1718;501;10;13;10;0
51357;1706;501;10;13;10;0
51358;1694;501;10;13;10;0
51359;1682;501;10;13;10;0
51360;1670;501;10;13;10;0
51361;1658;501;10;13;10;0
51362;1646;501;10;13;10;0
51363;1634;501;10;13;10;0
51364;1622;501;10;13;10;0
51365;218;501;10;13;10;0
51366;206;501;10;13;10;0
51367;194;501;10;13;10;0
51368;50;501;10;13;10;0
51369;2870;486;10;13;10;0
51370;2858;486;10;13;10;0
51371;2846;486;10;13;10;0
51372;2834;486;10;13;10;0
51373;2822;486;10;13;10;0
51374;2810;486;10;13;10;0
51375;2798;486;10;13;10;0
51376;2786;486;10;13;10;0
51377;2774;486;10;13;10;0
51378;2762;486;10;13;10;0
51379;2750;486;10;13;10;0
51380;2738;486;10;13;10;0
51381;2726;486;10;13;10;0
51382;2714;486;10;13;10;0
51383;2702;486;10;13;10;0
51384;2690;486;10;13;10;0
51385;2678;486;10;13;10;0
51386;2666;486;10;13;10;0
51387;2654;486;10;13;10;0
51388;2882;486;10;13;10;0
51389;2906;486;10;13;10;0
51390;3158;486;10;13;10;0
51391;2918;486;10;13;10;0
51392;3146;486;10;13;10;0
51393;3134;486;10;13;10;0
51394;3122;486;10;13;10;0
51395;3110;486;10;13;10;0
51396;3098;486;10;13;10;0
51397;3086;486;10;13;10;0
51398;3074;486;10;13;10;0
51399;3062;486;10;13;10;0
51400;3050;486;10;13;10;0
51401;3038;486;10;13;10;0
51402;3026;486;10;13;10;0
51403;3014;486;10;13;10;0
51404;3002;486;10;13;10;0
51405;2990;486;10;13;10;0
51406;2978;486;10;13;10;0
51407;2966;486;10;13;10;0
51408;2954;486;10;13;10;0
51409;2942;486;10;13;10;0
51410;2930;486;10;13;10;0
51411;2642;486;10;13;10;0
51412;2894;486;10;13;10;0
51413;2630;486;10;13;10;0
51414;2342;486;10;13;10;0
51415;2318;486;10;13;10;0
51416;2306;486;10;13;10;0
51417;2294;486;10;13;10;0
51418;2282;486;10;13;10;0
51419;2270;486;10;13;10;0
51420;2258;486;10;13;10;0
51421;2246;486;10;13;10;0
51422;2234;486;10;13;10;0
51423;2222;486;10;13;10;0
51424;2210;486;10;13;10;0
51425;2198;486;10;13;10;0
51426;2186;486;10;13;10;0
51427;2174;486;10;13;10;0
51428;2162;486;10;13;10;0
51429;2150;486;10;13;10;0
51430;2138;486;10;13;10;0
51431;2126;486;10;13;10;0
51432;2114;486;10;13;10;0
51433;2102;486;10;13;10;0
51434;2330;486;10;13;10;0
51435;2354;486;10;13;10;0
51436;2606;486;10;13;10;0
51437;2366;486;10;13;10;0
51438;2594;486;10;13;10;0
51439;2582;486;10;13;10;0
51440;2570;486;10;13;10;0
51441;2558;486;10;13;10;0
51442;2546;486;10;13;10;0
51443;2534;486;10;13;10;0
51444;2522;486;10;13;10;0
51445;2510;486;10;13;10;0
51446;2498;486;10;13;10;0
51447;2486;486;10;13;10;0
51448;2474;486;10;13;10;0
51449;2462;486;10;13;10;0
51450;2450;486;10;13;10;0
51451;2438;486;10;13;10;0
51452;2426;486;10;13;10;0
51453;2414;486;10;13;10;0
51454;2402;486;10;13;10;0
51455;2390;486;10;13;10;0
51456;2378;486;10;13;10;0
51457;2618;486;10;13;10;0
51458;3170;486;10;13;10;0
51459;3182;486;10;13;10;0
51460;3194;486;10;13;10;0
51461;3974;486;10;13;10;0
51462;3962;486;10;13;10;0
51463;3950;486;10;13;10;0
51464;3938;486;10;13;10;0
51465;3926;486;10;13;10;0
51466;3914;486;10;13;10;0
51467;3902;486;10;13;10;0
51468;3890;486;10;13;10;0
51469;3878;486;10;13;10;0
51470;3866;486;10;13;10;0
51471;3854;486;10;13;10;0
51472;3842;486;10;13;10;0
51473;3830;486;10;13;10;0
51474;3818;486;10;13;10;0
51475;3806;486;10;13;10;0
51476;3794;486;10;13;10;0
51477;3782;486;10;13;10;0
51478;3770;486;10;13;10;0
51479;3758;486;10;13;10;0
51480;3986;486;10;13;10;0
51481;3998;486;10;13;10;0
51482;4010;486;10;13;10;0
51483;4022;486;10;13;10;0
51484;170;501;10;13;10;0
51485;158;501;10;13;10;0
51486;146;501;10;13;10;0
51487;134;501;10;13;10;0
51488;122;501;10;13;10;0
51489;110;501;10;13;10;0
51490;98;501;10;13;10;0
51491;86;501;10;13;10;0
51492;74;501;10;13;10;0
51493;182;501;10;13;10;0
51494;62;501;10;13;10;0
51495;38;501;10;13;10;0
51496;26;501;10;13;10;0
51497;14;501;10;13;10;0
51498;2;501;10;13;10;0
51499;4082;486;10;13;10;0
51500;4070;486;10;13;10;0
51501;4058;486;10;13;10;0
51502;4046;486;10;13;10;0
51503;4034;486;10;13;10;0
51504;3746;486;10;13;10;0
51505;3734;486;10;13;10;0
51506;3722;486;10;13;10;0
51507;3446;486;10;13;10;0
51508;3422;486;10;13;10;0
51509;3410;486;10;13;10;0
51510;3398;486;10;13;10;0
51511;3386;486;10;13;10;0
51512;3374;486;10;13;10;0
51513;3362;486;10;13;10;0
51514;3350;486;10;13;10;0
51515;3338;486;10;13;10;0
51516;3326;486;10;13;10;0
51517;3314;486;10;13;10;0
51518;3302;486;10;13;10;0
51519;3290;486;10;13;10;0
51520;3278;486;10;13;10;0
51521;3266;486;10;13;10;0
51522;3254;486;10;13;10;0
51523;3242;486;10;13;10;0
51524;3230;486;10;13;10;0
51525;3218;486;10;13;10;0
51526;3206;486;10;13;10;0
51527;3434;486;10;13;10;0
51528;3458;486;10;13;10;0
51529;3710;486;10;13;10;0
51530;3470;486;10;13;10;0
51531;3698;486;10;13;10;0
51532;3686;486;10;13;10;0
51533;3674;486;10;13;10;0
51534;3662;486;10;13;10;0
51535;3650;486;10;13;10;0
51536;3638;486;10;13;10;0
51537;3626;486;10;13;10;0
51538;3614;486;10;13;10;0
51539;3602;486;10;13;10;0
51540;3590;486;10;13;10;0
51541;3578;486;10;13;10;0
51542;3566;486;10;13;10;0
51543;3554;486;10;13;10;0
51544;3542;486;10;13;10;0
51545;3530;486;10;13;10;0
51546;3518;486;10;13;10;0
51547;3506;486;10;13;10;0
51548;3494;486;10;13;10;0
51549;3482;486;10;13;10;0
51550;1310;501;10;13;10;0
51551;2438;501;10;13;10;0
51552;1670;516;10;13;10;0
51553;2450;501;10;13;10;0
51554;1358;516;10;13;10;0
51555;1346;516;10;13;10;0
51556;1334;516;10;13;10;0
51557;1322;516;10;13;10;0
51558;1310;516;10;13;10;0
51559;1298;516;10;13;10;0
51560;1286;516;10;13;10;0
51561;1274;516;10;13;10;0
51562;1262;516;10;13;10;0
51563;1250;516;10;13;10;0
51564;1238;516;10;13;10;0
51565;1226;516;10;13;10;0
51566;1214;516;10;13;10;0
51567;1202;516;10;13;10;0
51568;1190;516;10;13;10;0
51569;1178;516;10;13;10;0
51570;1166;516;10;13;10;0
51571;1154;516;10;13;10;0
51572;1142;516;10;13;10;0
51573;1370;516;10;13;10;0
51574;1382;516;10;13;10;0
51575;1394;516;10;13;10;0
51576;1406;516;10;13;10;0
51577;1646;516;10;13;10;0
51578;1634;516;10;13;10;0
51579;1622;516;10;13;10;0
51580;1610;516;10;13;10;0
51581;1598;516;10;13;10;0
51582;1586;516;10;13;10;0
51583;1574;516;10;13;10;0
51584;1562;516;10;13;10;0
51585;1550;516;10;13;10;0
51586;1658;516;10;13;10;0
51587;1538;516;10;13;10;0
51588;1514;516;10;13;10;0
51589;1502;516;10;13;10;0
51590;1490;516;10;13;10;0
51591;1478;516;10;13;10;0
51592;1466;516;10;13;10;0
51593;1454;516;10;13;10;0
51594;1442;516;10;13;10;0
51595;1430;516;10;13;10;0
51596;1418;516;10;13;10;0
51597;1130;516;10;13;10;0
51598;1118;516;10;13;10;0
51599;1106;516;10;13;10;0
51600;830;516;10;13;10;0
51601;806;516;10;13;10;0
51602;794;516;10;13;10;0
51603;782;516;10;13;10;0
51604;770;516;10;13;10;0
51605;758;516;10;13;10;0
51606;746;516;10;13;10;0
51607;734;516;10;13;10;0
51608;722;516;10;13;10;0
51609;710;516;10;13;10;0
51610;698;516;10;13;10;0
51611;686;516;10;13;10;0
51612;674;516;10;13;10;0
51613;662;516;10;13;10;0
51614;650;516;10;13;10;0
51615;638;516;10;13;10;0
51616;626;516;10;13;10;0
51617;614;516;10;13;10;0
51618;602;516;10;13;10;0
51619;590;516;10;13;10;0
51620;818;516;10;13;10;0
51621;842;516;10;13;10;0
51622;1094;516;10;13;10;0
51623;854;516;10;13;10;0
51624;1082;516;10;13;10;0
51625;1070;516;10;13;10;0
51626;1058;516;10;13;10;0
51627;1046;516;10;13;10;0
51628;1034;516;10;13;10;0
51629;1022;516;10;13;10;0
51630;1010;516;10;13;10;0
51631;998;516;10;13;10;0
51632;986;516;10;13;10;0
51633;974;516;10;13;10;0
51634;962;516;10;13;10;0
51635;950;516;10;13;10;0
51636;938;516;10;13;10;0
51637;926;516;10;13;10;0
51638;914;516;10;13;10;0
51639;902;516;10;13;10;0
51640;890;516;10;13;10;0
51641;878;516;10;13;10;0
51642;866;516;10;13;10;0
51643;1526;516;10;13;10;0
51644;1682;516;10;13;10;0
51645;2642;516;10;13;10;0
51646;1694;516;10;13;10;0
51647;2474;516;10;13;10;0
51648;2462;516;10;13;10;0
51649;2450;516;10;13;10;0
51650;2438;516;10;13;10;0
51651;2426;516;10;13;10;0
51652;2414;516;10;13;10;0
51653;2402;516;10;13;10;0
51654;2390;516;10;13;10;0
51655;2378;516;10;13;10;0
51656;2366;516;10;13;10;0
51657;2354;516;10;13;10;0
51658;2342;516;10;13;10;0
51659;2330;516;10;13;10;0
51660;2318;516;10;13;10;0
51661;2306;516;10;13;10;0
51662;2294;516;10;13;10;0
51663;2282;516;10;13;10;0
51664;2270;516;10;13;10;0
51665;2258;516;10;13;10;0
51666;2486;516;10;13;10;0
51667;2498;516;10;13;10;0
51668;2510;516;10;13;10;0
51669;2522;516;10;13;10;0
51670;2762;516;10;13;10;0
51671;2750;516;10;13;10;0
51672;2738;516;10;13;10;0
51673;2726;516;10;13;10;0
51674;2714;516;10;13;10;0
51675;2702;516;10;13;10;0
51676;2690;516;10;13;10;0
51677;2678;516;10;13;10;0
51678;2666;516;10;13;10;0
51679;2774;516;10;13;10;0
51680;2654;516;10;13;10;0
51681;2630;516;10;13;10;0
51682;2618;516;10;13;10;0
51683;2606;516;10;13;10;0
51684;2594;516;10;13;10;0
51685;2582;516;10;13;10;0
51686;2570;516;10;13;10;0
51687;2558;516;10;13;10;0
51688;2546;516;10;13;10;0
51689;2534;516;10;13;10;0
51690;2246;516;10;13;10;0
51691;2234;516;10;13;10;0
51692;2222;516;10;13;10;0
51693;1946;516;10;13;10;0
51694;1922;516;10;13;10;0
51695;1910;516;10;13;10;0
51696;1898;516;10;13;10;0
51697;1886;516;10;13;10;0
51698;1874;516;10;13;10;0
51699;1862;516;10;13;10;0
51700;1850;516;10;13;10;0
51701;1838;516;10;13;10;0
51702;1826;516;10;13;10;0
51703;1814;516;10;13;10;0
51704;1802;516;10;13;10;0
51705;1790;516;10;13;10;0
51706;1778;516;10;13;10;0
51707;1766;516;10;13;10;0
51708;1754;516;10;13;10;0
51709;1742;516;10;13;10;0
51710;1730;516;10;13;10;0
51711;1718;516;10;13;10;0
51712;1706;516;10;13;10;0
51713;1934;516;10;13;10;0
51714;1958;516;10;13;10;0
51715;2210;516;10;13;10;0
51716;1970;516;10;13;10;0
51717;2198;516;10;13;10;0
51718;2186;516;10;13;10;0
51719;2174;516;10;13;10;0
51720;2162;516;10;13;10;0
51721;2150;516;10;13;10;0
51722;2138;516;10;13;10;0
51723;2126;516;10;13;10;0
51724;2114;516;10;13;10;0
51725;2102;516;10;13;10;0
51726;2090;516;10;13;10;0
51727;2078;516;10;13;10;0
51728;2066;516;10;13;10;0
51729;2054;516;10;13;10;0
51730;2042;516;10;13;10;0
51731;2030;516;10;13;10;0
51732;2018;516;10;13;10;0
51733;2006;516;10;13;10;0
51734;1994;516;10;13;10;0
51735;1982;516;10;13;10;0
51736;578;516;10;13;10;0
51737;566;516;10;13;10;0
51738;554;516;10;13;10;0
51739;410;516;10;13;10;0
51740;3230;501;10;13;10;0
51741;3218;501;10;13;10;0
51742;3206;501;10;13;10;0
51743;3194;501;10;13;10;0
51744;3182;501;10;13;10;0
51745;3170;501;10;13;10;0
51746;3158;501;10;13;10;0
51747;3146;501;10;13;10;0
51748;3134;501;10;13;10;0
51749;3122;501;10;13;10;0
51750;3110;501;10;13;10;0
51751;3098;501;10;13;10;0
51752;3086;501;10;13;10;0
51753;3074;501;10;13;10;0
51754;3062;501;10;13;10;0
51755;3050;501;10;13;10;0
51756;3038;501;10;13;10;0
51757;3026;501;10;13;10;0
51758;3014;501;10;13;10;0
51759;3242;501;10;13;10;0
51760;3266;501;10;13;10;0
51761;3518;501;10;13;10;0
51762;3278;501;10;13;10;0
51763;3506;501;10;13;10;0
51764;3494;501;10;13;10;0
51765;3482;501;10;13;10;0
51766;3470;501;10;13;10;0
51767;3458;501;10;13;10;0
51768;3446;501;10;13;10;0
51769;3434;501;10;13;10;0
51770;3422;501;10;13;10;0
51771;3410;501;10;13;10;0
51772;3398;501;10;13;10;0
51773;3386;501;10;13;10;0
51774;3374;501;10;13;10;0
51775;3362;501;10;13;10;0
51776;3350;501;10;13;10;0
51777;3338;501;10;13;10;0
51778;3326;501;10;13;10;0
51779;3314;501;10;13;10;0
51780;3302;501;10;13;10;0
51781;3290;501;10;13;10;0
51782;3002;501;10;13;10;0
51783;3254;501;10;13;10;0
51784;2990;501;10;13;10;0
51785;2702;501;10;13;10;0
51786;2678;501;10;13;10;0
51787;2666;501;10;13;10;0
51788;2654;501;10;13;10;0
51789;2642;501;10;13;10;0
51790;2630;501;10;13;10;0
51791;2618;501;10;13;10;0
51792;2606;501;10;13;10;0
51793;2594;501;10;13;10;0
51794;2582;501;10;13;10;0
51795;2570;501;10;13;10;0
51796;2558;501;10;13;10;0
51797;2546;501;10;13;10;0
51798;2534;501;10;13;10;0
51799;2522;501;10;13;10;0
51800;2510;501;10;13;10;0
51801;2498;501;10;13;10;0
51802;2486;501;10;13;10;0
51803;2474;501;10;13;10;0
51804;2462;501;10;13;10;0
51805;2690;501;10;13;10;0
51806;2714;501;10;13;10;0
51807;2966;501;10;13;10;0
51808;2726;501;10;13;10;0
51809;2954;501;10;13;10;0
51810;2942;501;10;13;10;0
51811;2930;501;10;13;10;0
51812;2918;501;10;13;10;0
51813;2906;501;10;13;10;0
51814;2894;501;10;13;10;0
51815;2882;501;10;13;10;0
51816;2870;501;10;13;10;0
51817;2858;501;10;13;10;0
51818;2846;501;10;13;10;0
51819;2834;501;10;13;10;0
51820;2822;501;10;13;10;0
51821;2810;501;10;13;10;0
51822;2798;501;10;13;10;0
51823;2786;501;10;13;10;0
51824;2774;501;10;13;10;0
51825;2762;501;10;13;10;0
51826;2750;501;10;13;10;0
51827;2738;501;10;13;10;0
51828;2978;501;10;13;10;0
51829;3530;501;10;13;10;0
51830;3542;501;10;13;10;0
51831;3554;501;10;13;10;0
51832;242;516;10;13;10;0
51833;230;516;10;13;10;0
51834;218;516;10;13;10;0
51835;206;516;10;13;10;0
51836;194;516;10;13;10;0
51837;182;516;10;13;10;0
51838;170;516;10;13;10;0
51839;158;516;10;13;10;0
51840;146;516;10;13;10;0
51841;134;516;10;13;10;0
51842;122;516;10;13;10;0
51843;110;516;10;13;10;0
51844;98;516;10;13;10;0
51845;86;516;10;13;10;0
51846;74;516;10;13;10;0
51847;62;516;10;13;10;0
51848;50;516;10;13;10;0
51849;38;516;10;13;10;0
51850;26;516;10;13;10;0
51851;254;516;10;13;10;0
51852;266;516;10;13;10;0
51853;278;516;10;13;10;0
51854;290;516;10;13;10;0
51855;530;516;10;13;10;0
51856;518;516;10;13;10;0
51857;506;516;10;13;10;0
51858;494;516;10;13;10;0
51859;482;516;10;13;10;0
51860;470;516;10;13;10;0
51861;458;516;10;13;10;0
51862;446;516;10;13;10;0
51863;434;516;10;13;10;0
51864;542;516;10;13;10;0
51865;422;516;10;13;10;0
51866;398;516;10;13;10;0
51867;386;516;10;13;10;0
51868;374;516;10;13;10;0
51869;362;516;10;13;10;0
51870;350;516;10;13;10;0
51871;338;516;10;13;10;0
51872;326;516;10;13;10;0
51873;314;516;10;13;10;0
51874;302;516;10;13;10;0
51875;14;516;10;13;10;0
51876;2;516;10;13;10;0
51877;4082;501;10;13;10;0
51878;3806;501;10;13;10;0
51879;3782;501;10;13;10;0
51880;3770;501;10;13;10;0
51881;3758;501;10;13;10;0
51882;3746;501;10;13;10;0
51883;3734;501;10;13;10;0
51884;3722;501;10;13;10;0
51885;3710;501;10;13;10;0
51886;3698;501;10;13;10;0
51887;3686;501;10;13;10;0
51888;3674;501;10;13;10;0
51889;3662;501;10;13;10;0
51890;3650;501;10;13;10;0
51891;3638;501;10;13;10;0
51892;3626;501;10;13;10;0
51893;3614;501;10;13;10;0
51894;3602;501;10;13;10;0
51895;3590;501;10;13;10;0
51896;3578;501;10;13;10;0
51897;3566;501;10;13;10;0
51898;3794;501;10;13;10;0
51899;3818;501;10;13;10;0
51900;4070;501;10;13;10;0
51901;3830;501;10;13;10;0
51902;4058;501;10;13;10;0
51903;4046;501;10;13;10;0
51904;4034;501;10;13;10;0
51905;4022;501;10;13;10;0
51906;4010;501;10;13;10;0
51907;3998;501;10;13;10;0
51908;3986;501;10;13;10;0
51909;3974;501;10;13;10;0
51910;3962;501;10;13;10;0
51911;3950;501;10;13;10;0
51912;3938;501;10;13;10;0
51913;3926;501;10;13;10;0
51914;3914;501;10;13;10;0
51915;3902;501;10;13;10;0
51916;3890;501;10;13;10;0
51917;3878;501;10;13;10;0
51918;3866;501;10;13;10;0
51919;3854;501;10;13;10;0
51920;3842;501;10;13;10;0
51921;2090;486;10;13;10;0
51922;2078;486;10;13;10;0
51923;2066;486;10;13;10;0
51924;950;486;10;13;10;0
51925;290;471;10;13;10;0
51926;278;471;10;13;10;0
51927;266;471;10;13;10;0
51928;254;471;10;13;10;0
51929;242;471;10;13;10;0
51930;230;471;10;13;10;0
51931;218;471;10;13;10;0
51932;206;471;10;13;10;0
51933;194;471;10;13;10;0
51934;182;471;10;13;10;0
51935;170;471;10;13;10;0
51936;158;471;10;13;10;0
51937;146;471;10;13;10;0
51938;134;471;10;13;10;0
51939;122;471;10;13;10;0
51940;110;471;10;13;10;0
51941;98;471;10;13;10;0
51942;86;471;10;13;10;0
51943;74;471;10;13;10;0
51944;302;471;10;13;10;0
51945;326;471;10;13;10;0
51946;578;471;10;13;10;0
51947;338;471;10;13;10;0
51948;566;471;10;13;10;0
51949;554;471;10;13;10;0
51950;542;471;10;13;10;0
51951;530;471;10;13;10;0
51952;518;471;10;13;10;0
51953;506;471;10;13;10;0
51954;494;471;10;13;10;0
51955;482;471;10;13;10;0
51956;470;471;10;13;10;0
51957;458;471;10;13;10;0
51958;446;471;10;13;10;0
51959;434;471;10;13;10;0
51960;422;471;10;13;10;0
51961;410;471;10;13;10;0
51962;398;471;10;13;10;0
51963;386;471;10;13;10;0
51964;374;471;10;13;10;0
51965;362;471;10;13;10;0
51966;350;471;10;13;10;0
51967;62;471;10;13;10;0
51968;314;471;10;13;10;0
51969;50;471;10;13;10;0
51970;3854;456;10;13;10;0
51971;3830;456;10;13;10;0
51972;3818;456;10;13;10;0
51973;3806;456;10;13;10;0
51974;3794;456;10;13;10;0
51975;3782;456;10;13;10;0
51976;3770;456;10;13;10;0
51977;3758;456;10;13;10;0
51978;3746;456;10;13;10;0
51979;3734;456;10;13;10;0
51980;3722;456;10;13;10;0
51981;3710;456;10;13;10;0
51982;3698;456;10;13;10;0
51983;3686;456;10;13;10;0
51984;3674;456;10;13;10;0
51985;3662;456;10;13;10;0
51986;3650;456;10;13;10;0
51987;3638;456;10;13;10;0
51988;3626;456;10;13;10;0
51989;3614;456;10;13;10;0
51990;3842;456;10;13;10;0
51991;3866;456;10;13;10;0
51992;26;471;10;13;10;0
51993;3878;456;10;13;10;0
51994;14;471;10;13;10;0
51995;2;471;10;13;10;0
51996;4082;456;10;13;10;0
51997;4070;456;10;13;10;0
51998;4058;456;10;13;10;0
51999;4046;456;10;13;10;0
52000;4034;456;10;13;10;0
52001;4022;456;10;13;10;0
52002;4010;456;10;13;10;0
52003;3998;456;10;13;10;0
52004;3986;456;10;13;10;0
52005;3974;456;10;13;10;0
52006;3962;456;10;13;10;0
52007;3950;456;10;13;10;0
52008;3938;456;10;13;10;0
52009;3926;456;10;13;10;0
52010;3914;456;10;13;10;0
52011;3902;456;10;13;10;0
52012;3890;456;10;13;10;0
52013;38;471;10;13;10;0
52014;590;471;10;13;10;0
52015;602;471;10;13;10;0
52016;614;471;10;13;10;0
52017;1394;471;10;13;10;0
52018;1382;471;10;13;10;0
52019;1370;471;10;13;10;0
52020;1358;471;10;13;10;0
52021;1346;471;10;13;10;0
52022;1334;471;10;13;10;0
52023;1322;471;10;13;10;0
52024;1310;471;10;13;10;0
52025;1298;471;10;13;10;0
52026;1286;471;10;13;10;0
52027;1274;471;10;13;10;0
52028;1262;471;10;13;10;0
52029;1250;471;10;13;10;0
52030;1238;471;10;13;10;0
52031;1226;471;10;13;10;0
52032;1214;471;10;13;10;0
52033;1202;471;10;13;10;0
52034;1190;471;10;13;10;0
52035;1178;471;10;13;10;0
52036;1406;471;10;13;10;0
52037;1418;471;10;13;10;0
52038;1430;471;10;13;10;0
52039;1442;471;10;13;10;0
52040;1682;471;10;13;10;0
52041;1670;471;10;13;10;0
52042;1658;471;10;13;10;0
52043;1646;471;10;13;10;0
52044;1634;471;10;13;10;0
52045;1622;471;10;13;10;0
52046;1610;471;10;13;10;0
52047;1598;471;10;13;10;0
52048;1586;471;10;13;10;0
52049;1694;471;10;13;10;0
52050;1574;471;10;13;10;0
52051;1550;471;10;13;10;0
52052;1538;471;10;13;10;0
52053;1526;471;10;13;10;0
52054;1514;471;10;13;10;0
52055;1502;471;10;13;10;0
52056;1490;471;10;13;10;0
52057;1478;471;10;13;10;0
52058;1466;471;10;13;10;0
52059;1454;471;10;13;10;0
52060;1166;471;10;13;10;0
52061;1154;471;10;13;10;0
52062;1142;471;10;13;10;0
52063;866;471;10;13;10;0
52064;842;471;10;13;10;0
52065;830;471;10;13;10;0
52066;818;471;10;13;10;0
52067;806;471;10;13;10;0
52068;794;471;10;13;10;0
52069;782;471;10;13;10;0
52070;770;471;10;13;10;0
52071;758;471;10;13;10;0
52072;746;471;10;13;10;0
52073;734;471;10;13;10;0
52074;722;471;10;13;10;0
52075;710;471;10;13;10;0
52076;698;471;10;13;10;0
52077;686;471;10;13;10;0
52078;674;471;10;13;10;0
52079;662;471;10;13;10;0
52080;650;471;10;13;10;0
52081;638;471;10;13;10;0
52082;626;471;10;13;10;0
52083;854;471;10;13;10;0
52084;878;471;10;13;10;0
52085;1130;471;10;13;10;0
52086;890;471;10;13;10;0
52087;1118;471;10;13;10;0
52088;1106;471;10;13;10;0
52089;1094;471;10;13;10;0
52090;1082;471;10;13;10;0
52091;1070;471;10;13;10;0
52092;1058;471;10;13;10;0
52093;1046;471;10;13;10;0
52094;1034;471;10;13;10;0
52095;1022;471;10;13;10;0
52096;1010;471;10;13;10;0
52097;998;471;10;13;10;0
52098;986;471;10;13;10;0
52099;974;471;10;13;10;0
52100;962;471;10;13;10;0
52101;950;471;10;13;10;0
52102;938;471;10;13;10;0
52103;926;471;10;13;10;0
52104;914;471;10;13;10;0
52105;902;471;10;13;10;0
52106;3602;456;10;13;10;0
52107;1562;471;10;13;10;0
52108;3590;456;10;13;10;0
52109;3434;456;10;13;10;0
52110;2162;456;10;13;10;0
52111;2150;456;10;13;10;0
52112;2138;456;10;13;10;0
52113;2126;456;10;13;10;0
52114;2114;456;10;13;10;0
52115;2102;456;10;13;10;0
52116;2090;456;10;13;10;0
52117;2078;456;10;13;10;0
52118;2066;456;10;13;10;0
52119;2054;456;10;13;10;0
52120;2042;456;10;13;10;0
52121;2030;456;10;13;10;0
52122;2018;456;10;13;10;0
52123;2006;456;10;13;10;0
52124;1994;456;10;13;10;0
52125;1982;456;10;13;10;0
52126;1970;456;10;13;10;0
52127;1958;456;10;13;10;0
52128;1946;456;10;13;10;0
52129;2174;456;10;13;10;0
52130;2198;456;10;13;10;0
52131;2450;456;10;13;10;0
52132;2210;456;10;13;10;0
52133;2438;456;10;13;10;0
52134;2426;456;10;13;10;0
52135;2414;456;10;13;10;0
52136;2402;456;10;13;10;0
52137;2390;456;10;13;10;0
52138;2378;456;10;13;10;0
52139;2366;456;10;13;10;0
52140;2354;456;10;13;10;0
52141;2342;456;10;13;10;0
52142;2330;456;10;13;10;0
52143;2318;456;10;13;10;0
52144;2306;456;10;13;10;0
52145;2294;456;10;13;10;0
52146;2282;456;10;13;10;0
52147;2270;456;10;13;10;0
52148;2258;456;10;13;10;0
52149;2246;456;10;13;10;0
52150;2234;456;10;13;10;0
52151;2222;456;10;13;10;0
52152;1934;456;10;13;10;0
52153;2186;456;10;13;10;0
52154;1922;456;10;13;10;0
52155;1634;456;10;13;10;0
52156;1610;456;10;13;10;0
52157;1598;456;10;13;10;0
52158;1586;456;10;13;10;0
52159;1574;456;10;13;10;0
52160;1562;456;10;13;10;0
52161;1550;456;10;13;10;0
52162;1538;456;10;13;10;0
52163;1526;456;10;13;10;0
52164;1514;456;10;13;10;0
52165;1502;456;10;13;10;0
52166;1490;456;10;13;10;0
52167;1478;456;10;13;10;0
52168;1466;456;10;13;10;0
52169;1454;456;10;13;10;0
52170;1442;456;10;13;10;0
52171;1430;456;10;13;10;0
52172;1418;456;10;13;10;0
52173;1406;456;10;13;10;0
52174;1394;456;10;13;10;0
52175;1622;456;10;13;10;0
52176;1646;456;10;13;10;0
52177;1898;456;10;13;10;0
52178;1658;456;10;13;10;0
52179;1886;456;10;13;10;0
52180;1874;456;10;13;10;0
52181;1862;456;10;13;10;0
52182;1850;456;10;13;10;0
52183;1838;456;10;13;10;0
52184;1826;456;10;13;10;0
52185;1814;456;10;13;10;0
52186;1802;456;10;13;10;0
52187;1790;456;10;13;10;0
52188;1778;456;10;13;10;0
52189;1766;456;10;13;10;0
52190;1754;456;10;13;10;0
52191;1742;456;10;13;10;0
52192;1730;456;10;13;10;0
52193;1718;456;10;13;10;0
52194;1706;456;10;13;10;0
52195;1694;456;10;13;10;0
52196;1682;456;10;13;10;0
52197;1670;456;10;13;10;0
52198;1910;456;10;13;10;0
52199;2462;456;10;13;10;0
52200;2474;456;10;13;10;0
52201;2486;456;10;13;10;0
52202;3266;456;10;13;10;0
52203;3254;456;10;13;10;0
52204;3242;456;10;13;10;0
52205;3230;456;10;13;10;0
52206;3218;456;10;13;10;0
52207;3206;456;10;13;10;0
52208;3194;456;10;13;10;0
52209;3182;456;10;13;10;0
52210;3170;456;10;13;10;0
52211;3158;456;10;13;10;0
52212;3146;456;10;13;10;0
52213;3134;456;10;13;10;0
52214;3122;456;10;13;10;0
52215;3110;456;10;13;10;0
52216;3098;456;10;13;10;0
52217;3086;456;10;13;10;0
52218;3074;456;10;13;10;0
52219;3062;456;10;13;10;0
52220;3050;456;10;13;10;0
52221;3278;456;10;13;10;0
52222;3290;456;10;13;10;0
52223;3302;456;10;13;10;0
52224;3314;456;10;13;10;0
52225;3554;456;10;13;10;0
52226;3542;456;10;13;10;0
52227;3530;456;10;13;10;0
52228;3518;456;10;13;10;0
52229;3506;456;10;13;10;0
52230;3494;456;10;13;10;0
52231;3482;456;10;13;10;0
52232;3470;456;10;13;10;0
52233;3458;456;10;13;10;0
52234;3566;456;10;13;10;0
52235;3446;456;10;13;10;0
52236;3422;456;10;13;10;0
52237;3410;456;10;13;10;0
52238;3398;456;10;13;10;0
52239;3386;456;10;13;10;0
52240;3374;456;10;13;10;0
52241;3362;456;10;13;10;0
52242;3350;456;10;13;10;0
52243;3338;456;10;13;10;0
52244;3326;456;10;13;10;0
52245;3038;456;10;13;10;0
52246;3026;456;10;13;10;0
52247;3014;456;10;13;10;0
52248;2738;456;10;13;10;0
52249;2714;456;10;13;10;0
52250;2702;456;10;13;10;0
52251;2690;456;10;13;10;0
52252;2678;456;10;13;10;0
52253;2666;456;10;13;10;0
52254;2654;456;10;13;10;0
52255;2642;456;10;13;10;0
52256;2630;456;10;13;10;0
52257;2618;456;10;13;10;0
52258;2606;456;10;13;10;0
52259;2594;456;10;13;10;0
52260;2582;456;10;13;10;0
52261;2570;456;10;13;10;0
52262;2558;456;10;13;10;0
52263;2546;456;10;13;10;0
52264;2534;456;10;13;10;0
52265;2522;456;10;13;10;0
52266;2510;456;10;13;10;0
52267;2498;456;10;13;10;0
52268;2726;456;10;13;10;0
52269;2750;456;10;13;10;0
52270;3002;456;10;13;10;0
52271;2762;456;10;13;10;0
52272;2990;456;10;13;10;0
52273;2978;456;10;13;10;0
52274;2966;456;10;13;10;0
52275;2954;456;10;13;10;0
52276;2942;456;10;13;10;0
52277;2930;456;10;13;10;0
52278;2918;456;10;13;10;0
52279;2906;456;10;13;10;0
52280;2894;456;10;13;10;0
52281;2882;456;10;13;10;0
52282;2870;456;10;13;10;0
52283;2858;456;10;13;10;0
52284;2846;456;10;13;10;0
52285;2834;456;10;13;10;0
52286;2822;456;10;13;10;0
52287;2810;456;10;13;10;0
52288;2798;456;10;13;10;0
52289;2786;456;10;13;10;0
52290;2774;456;10;13;10;0
52291;3578;456;10;13;10;0
52292;1706;471;10;13;10;0
52293;1718;471;10;13;10;0
52294;1730;471;10;13;10;0
52295;638;486;10;13;10;0
52296;626;486;10;13;10;0
52297;614;486;10;13;10;0
52298;602;486;10;13;10;0
52299;590;486;10;13;10;0
52300;578;486;10;13;10;0
52301;566;486;10;13;10;0
52302;554;486;10;13;10;0
52303;542;486;10;13;10;0
52304;530;486;10;13;10;0
52305;518;486;10;13;10;0
52306;506;486;10;13;10;0
52307;494;486;10;13;10;0
52308;482;486;10;13;10;0
52309;470;486;10;13;10;0
52310;458;486;10;13;10;0
52311;446;486;10;13;10;0
52312;434;486;10;13;10;0
52313;422;486;10;13;10;0
52314;650;486;10;13;10;0
52315;662;486;10;13;10;0
52316;674;486;10;13;10;0
52317;686;486;10;13;10;0
52318;926;486;10;13;10;0
52319;914;486;10;13;10;0
52320;902;486;10;13;10;0
52321;890;486;10;13;10;0
52322;878;486;10;13;10;0
52323;866;486;10;13;10;0
52324;854;486;10;13;10;0
52325;842;486;10;13;10;0
52326;830;486;10;13;10;0
52327;938;486;10;13;10;0
52328;818;486;10;13;10;0
52329;794;486;10;13;10;0
52330;782;486;10;13;10;0
52331;770;486;10;13;10;0
52332;758;486;10;13;10;0
52333;746;486;10;13;10;0
52334;734;486;10;13;10;0
52335;722;486;10;13;10;0
52336;710;486;10;13;10;0
52337;698;486;10;13;10;0
52338;410;486;10;13;10;0
52339;398;486;10;13;10;0
52340;386;486;10;13;10;0
52341;110;486;10;13;10;0
52342;86;486;10;13;10;0
52343;74;486;10;13;10;0
52344;62;486;10;13;10;0
52345;50;486;10;13;10;0
52346;38;486;10;13;10;0
52347;26;486;10;13;10;0
52348;14;486;10;13;10;0
52349;2;486;10;13;10;0
52350;4082;471;10;13;10;0
52351;4070;471;10;13;10;0
52352;4058;471;10;13;10;0
52353;4046;471;10;13;10;0
52354;4034;471;10;13;10;0
52355;4022;471;10;13;10;0
52356;4010;471;10;13;10;0
52357;3998;471;10;13;10;0
52358;3986;471;10;13;10;0
52359;3974;471;10;13;10;0
52360;3962;471;10;13;10;0
52361;98;486;10;13;10;0
52362;122;486;10;13;10;0
52363;374;486;10;13;10;0
52364;134;486;10;13;10;0
52365;362;486;10;13;10;0
52366;350;486;10;13;10;0
52367;338;486;10;13;10;0
52368;326;486;10;13;10;0
52369;314;486;10;13;10;0
52370;302;486;10;13;10;0
52371;290;486;10;13;10;0
52372;278;486;10;13;10;0
52373;266;486;10;13;10;0
52374;254;486;10;13;10;0
52375;242;486;10;13;10;0
52376;230;486;10;13;10;0
52377;218;486;10;13;10;0
52378;206;486;10;13;10;0
52379;194;486;10;13;10;0
52380;182;486;10;13;10;0
52381;170;486;10;13;10;0
52382;158;486;10;13;10;0
52383;146;486;10;13;10;0
52384;806;486;10;13;10;0
52385;962;486;10;13;10;0
52386;1922;486;10;13;10;0
52387;974;486;10;13;10;0
52388;1754;486;10;13;10;0
52389;1742;486;10;13;10;0
52390;1730;486;10;13;10;0
52391;1718;486;10;13;10;0
52392;1706;486;10;13;10;0
52393;1694;486;10;13;10;0
52394;1682;486;10;13;10;0
52395;1670;486;10;13;10;0
52396;1658;486;10;13;10;0
52397;1646;486;10;13;10;0
52398;1634;486;10;13;10;0
52399;1622;486;10;13;10;0
52400;1610;486;10;13;10;0
52401;1598;486;10;13;10;0
52402;1586;486;10;13;10;0
52403;1574;486;10;13;10;0
52404;1562;486;10;13;10;0
52405;1550;486;10;13;10;0
52406;1538;486;10;13;10;0
52407;1766;486;10;13;10;0
52408;1778;486;10;13;10;0
52409;1790;486;10;13;10;0
52410;1802;486;10;13;10;0
52411;2042;486;10;13;10;0
52412;2030;486;10;13;10;0
52413;2018;486;10;13;10;0
52414;2006;486;10;13;10;0
52415;1994;486;10;13;10;0
52416;1982;486;10;13;10;0
52417;1970;486;10;13;10;0
52418;1958;486;10;13;10;0
52419;1946;486;10;13;10;0
52420;2054;486;10;13;10;0
52421;1934;486;10;13;10;0
52422;1910;486;10;13;10;0
52423;1898;486;10;13;10;0
52424;1886;486;10;13;10;0
52425;1874;486;10;13;10;0
52426;1862;486;10;13;10;0
52427;1850;486;10;13;10;0
52428;1838;486;10;13;10;0
52429;1826;486;10;13;10;0
52430;1814;486;10;13;10;0
52431;1526;486;10;13;10;0
52432;1514;486;10;13;10;0
52433;1502;486;10;13;10;0
52434;1226;486;10;13;10;0
52435;1202;486;10;13;10;0
52436;1190;486;10;13;10;0
52437;1178;486;10;13;10;0
52438;1166;486;10;13;10;0
52439;1154;486;10;13;10;0
52440;1142;486;10;13;10;0
52441;1130;486;10;13;10;0
52442;1118;486;10;13;10;0
52443;1106;486;10;13;10;0
52444;1094;486;10;13;10;0
52445;1082;486;10;13;10;0
52446;1070;486;10;13;10;0
52447;1058;486;10;13;10;0
52448;1046;486;10;13;10;0
52449;1034;486;10;13;10;0
52450;1022;486;10;13;10;0
52451;1010;486;10;13;10;0
52452;998;486;10;13;10;0
52453;986;486;10;13;10;0
52454;1214;486;10;13;10;0
52455;1238;486;10;13;10;0
52456;1490;486;10;13;10;0
52457;1250;486;10;13;10;0
52458;1478;486;10;13;10;0
52459;1466;486;10;13;10;0
52460;1454;486;10;13;10;0
52461;1442;486;10;13;10;0
52462;1430;486;10;13;10;0
52463;1418;486;10;13;10;0
52464;1406;486;10;13;10;0
52465;1394;486;10;13;10;0
52466;1382;486;10;13;10;0
52467;1370;486;10;13;10;0
52468;1358;486;10;13;10;0
52469;1346;486;10;13;10;0
52470;1334;486;10;13;10;0
52471;1322;486;10;13;10;0
52472;1310;486;10;13;10;0
52473;1298;486;10;13;10;0
52474;1286;486;10;13;10;0
52475;1274;486;10;13;10;0
52476;1262;486;10;13;10;0
52477;3950;471;10;13;10;0
52478;3938;471;10;13;10;0
52479;3926;471;10;13;10;0
52480;3782;471;10;13;10;0
52481;2510;471;10;13;10;0
52482;2498;471;10;13;10;0
52483;2486;471;10;13;10;0
52484;2474;471;10;13;10;0
52485;2462;471;10;13;10;0
52486;2450;471;10;13;10;0
52487;2438;471;10;13;10;0
52488;2426;471;10;13;10;0
52489;2414;471;10;13;10;0
52490;2402;471;10;13;10;0
52491;2390;471;10;13;10;0
52492;2378;471;10;13;10;0
52493;2366;471;10;13;10;0
52494;2354;471;10;13;10;0
52495;2342;471;10;13;10;0
52496;2330;471;10;13;10;0
52497;2318;471;10;13;10;0
52498;2306;471;10;13;10;0
52499;2294;471;10;13;10;0
52500;2522;471;10;13;10;0
52501;2546;471;10;13;10;0
52502;2798;471;10;13;10;0
52503;2558;471;10;13;10;0
52504;2786;471;10;13;10;0
52505;2774;471;10;13;10;0
52506;2762;471;10;13;10;0
52507;2750;471;10;13;10;0
52508;2738;471;10;13;10;0
52509;2726;471;10;13;10;0
52510;2714;471;10;13;10;0
52511;2702;471;10;13;10;0
52512;2690;471;10;13;10;0
52513;2678;471;10;13;10;0
52514;2666;471;10;13;10;0
52515;2654;471;10;13;10;0
52516;2642;471;10;13;10;0
52517;2630;471;10;13;10;0
52518;2618;471;10;13;10;0
52519;2606;471;10;13;10;0
52520;2594;471;10;13;10;0
52521;2582;471;10;13;10;0
52522;2570;471;10;13;10;0
52523;2282;471;10;13;10;0
52524;2534;471;10;13;10;0
52525;2270;471;10;13;10;0
52526;1982;471;10;13;10;0
52527;1958;471;10;13;10;0
52528;1946;471;10;13;10;0
52529;1934;471;10;13;10;0
52530;1922;471;10;13;10;0
52531;1910;471;10;13;10;0
52532;1898;471;10;13;10;0
52533;1886;471;10;13;10;0
52534;1874;471;10;13;10;0
52535;1862;471;10;13;10;0
52536;1850;471;10;13;10;0
52537;1838;471;10;13;10;0
52538;1826;471;10;13;10;0
52539;1814;471;10;13;10;0
52540;1802;471;10;13;10;0
52541;1790;471;10;13;10;0
52542;1778;471;10;13;10;0
52543;1766;471;10;13;10;0
52544;1754;471;10;13;10;0
52545;1742;471;10;13;10;0
52546;1970;471;10;13;10;0
52547;1994;471;10;13;10;0
52548;2246;471;10;13;10;0
52549;2006;471;10;13;10;0
52550;2234;471;10;13;10;0
52551;2222;471;10;13;10;0
52552;2210;471;10;13;10;0
52553;2198;471;10;13;10;0
52554;2186;471;10;13;10;0
52555;2174;471;10;13;10;0
52556;2162;471;10;13;10;0
52557;2150;471;10;13;10;0
52558;2138;471;10;13;10;0
52559;2126;471;10;13;10;0
52560;2114;471;10;13;10;0
52561;2102;471;10;13;10;0
52562;2090;471;10;13;10;0
52563;2078;471;10;13;10;0
52564;2066;471;10;13;10;0
52565;2054;471;10;13;10;0
52566;2042;471;10;13;10;0
52567;2030;471;10;13;10;0
52568;2018;471;10;13;10;0
52569;2258;471;10;13;10;0
52570;2810;471;10;13;10;0
52571;2822;471;10;13;10;0
52572;2834;471;10;13;10;0
52573;3614;471;10;13;10;0
52574;3602;471;10;13;10;0
52575;3590;471;10;13;10;0
52576;3578;471;10;13;10;0
52577;3566;471;10;13;10;0
52578;3554;471;10;13;10;0
52579;3542;471;10;13;10;0
52580;3530;471;10;13;10;0
52581;3518;471;10;13;10;0
52582;3506;471;10;13;10;0
52583;3494;471;10;13;10;0
52584;3482;471;10;13;10;0
52585;3470;471;10;13;10;0
52586;3458;471;10;13;10;0
52587;3446;471;10;13;10;0
52588;3434;471;10;13;10;0
52589;3422;471;10;13;10;0
52590;3410;471;10;13;10;0
52591;3398;471;10;13;10;0
52592;3626;471;10;13;10;0
52593;3638;471;10;13;10;0
52594;3650;471;10;13;10;0
52595;3662;471;10;13;10;0
52596;3902;471;10;13;10;0
52597;3890;471;10;13;10;0
52598;3878;471;10;13;10;0
52599;3866;471;10;13;10;0
52600;3854;471;10;13;10;0
52601;3842;471;10;13;10;0
52602;3830;471;10;13;10;0
52603;3818;471;10;13;10;0
52604;3806;471;10;13;10;0
52605;3914;471;10;13;10;0
52606;3794;471;10;13;10;0
52607;3770;471;10;13;10;0
52608;3758;471;10;13;10;0
52609;3746;471;10;13;10;0
52610;3734;471;10;13;10;0
52611;3722;471;10;13;10;0
52612;3710;471;10;13;10;0
52613;3698;471;10;13;10;0
52614;3686;471;10;13;10;0
52615;3674;471;10;13;10;0
52616;3386;471;10;13;10;0
52617;3374;471;10;13;10;0
52618;3362;471;10;13;10;0
52619;3086;471;10;13;10;0
52620;3062;471;10;13;10;0
52621;3050;471;10;13;10;0
52622;3038;471;10;13;10;0
52623;3026;471;10;13;10;0
52624;3014;471;10;13;10;0
52625;3002;471;10;13;10;0
52626;2990;471;10;13;10;0
52627;2978;471;10;13;10;0
52628;2966;471;10;13;10;0
52629;2954;471;10;13;10;0
52630;2942;471;10;13;10;0
52631;2930;471;10;13;10;0
52632;2918;471;10;13;10;0
52633;2906;471;10;13;10;0
52634;2894;471;10;13;10;0
52635;2882;471;10;13;10;0
52636;2870;471;10;13;10;0
52637;2858;471;10;13;10;0
52638;2846;471;10;13;10;0
52639;3074;471;10;13;10;0
52640;3098;471;10;13;10;0
52641;3350;471;10;13;10;0
52642;3110;471;10;13;10;0
52643;3338;471;10;13;10;0
52644;3326;471;10;13;10;0
52645;3314;471;10;13;10;0
52646;3302;471;10;13;10;0
52647;3290;471;10;13;10;0
52648;3278;471;10;13;10;0
52649;3266;471;10;13;10;0
52650;3254;471;10;13;10;0
52651;3242;471;10;13;10;0
52652;3230;471;10;13;10;0
52653;3218;471;10;13;10;0
52654;3206;471;10;13;10;0
52655;3194;471;10;13;10;0
52656;3182;471;10;13;10;0
52657;3170;471;10;13;10;0
52658;3158;471;10;13;10;0
52659;3146;471;10;13;10;0
52660;3134;471;10;13;10;0
52661;3122;471;10;13;10;0
52662;4058;381;10;13;10;0
52663;2426;501;10;13;10;0
52664;4046;381;10;13;10;0
52665;3674;366;10;13;10;0
52666;1238;306;10;13;10;0
52667;1226;306;10;13;10;0
52668;1214;306;10;13;10;0
52669;1202;306;10;13;10;0
52670;1190;306;10;13;10;0
52671;1178;306;10;13;10;0
52672;1166;306;10;13;10;0
52673;1154;306;10;13;10;0
52674;1142;306;10;13;10;0
52675;1130;306;10;13;10;0
52676;1118;306;10;13;10;0
52677;1106;306;10;13;10;0
52678;1094;306;10;13;10;0
52679;1082;306;10;13;10;0
52680;1070;306;10;13;10;0
52681;1058;306;10;13;10;0
52682;1046;306;10;13;10;0
52683;1034;306;10;13;10;0
52684;1022;306;10;13;10;0
52685;1250;306;10;13;10;0
52686;1274;306;10;13;10;0
52687;1526;306;10;13;10;0
52688;1286;306;10;13;10;0
52689;1514;306;10;13;10;0
52690;1502;306;10;13;10;0
52691;1490;306;10;13;10;0
52692;1478;306;10;13;10;0
52693;1466;306;10;13;10;0
52694;1454;306;10;13;10;0
52695;1442;306;10;13;10;0
52696;1430;306;10;13;10;0
52697;1418;306;10;13;10;0
52698;1406;306;10;13;10;0
52699;1394;306;10;13;10;0
52700;1382;306;10;13;10;0
52701;1370;306;10;13;10;0
52702;1358;306;10;13;10;0
52703;1346;306;10;13;10;0
52704;1334;306;10;13;10;0
52705;1322;306;10;13;10;0
52706;1310;306;10;13;10;0
52707;1298;306;10;13;10;0
52708;1010;306;10;13;10;0
52709;1262;306;10;13;10;0
52710;998;306;10;13;10;0
52711;710;306;10;13;10;0
52712;686;306;10;13;10;0
52713;674;306;10;13;10;0
52714;662;306;10;13;10;0
52715;650;306;10;13;10;0
52716;638;306;10;13;10;0
52717;626;306;10;13;10;0
52718;614;306;10;13;10;0
52719;602;306;10;13;10;0
52720;590;306;10;13;10;0
52721;578;306;10;13;10;0
52722;566;306;10;13;10;0
52723;554;306;10;13;10;0
52724;542;306;10;13;10;0
52725;530;306;10;13;10;0
52726;518;306;10;13;10;0
52727;506;306;10;13;10;0
52728;494;306;10;13;10;0
52729;482;306;10;13;10;0
52730;470;306;10;13;10;0
52731;698;306;10;13;10;0
52732;722;306;10;13;10;0
52733;974;306;10;13;10;0
52734;734;306;10;13;10;0
52735;962;306;10;13;10;0
52736;950;306;10;13;10;0
52737;938;306;10;13;10;0
52738;926;306;10;13;10;0
52739;914;306;10;13;10;0
52740;902;306;10;13;10;0
52741;890;306;10;13;10;0
52742;878;306;10;13;10;0
52743;866;306;10;13;10;0
52744;854;306;10;13;10;0
52745;842;306;10;13;10;0
52746;830;306;10;13;10;0
52747;818;306;10;13;10;0
52748;806;306;10;13;10;0
52749;794;306;10;13;10;0
52750;782;306;10;13;10;0
52751;770;306;10;13;10;0
52752;758;306;10;13;10;0
52753;746;306;10;13;10;0
52754;986;306;10;13;10;0
52755;1538;306;10;13;10;0
52756;1550;306;10;13;10;0
52757;1562;306;10;13;10;0
52758;2342;306;10;13;10;0
52759;2330;306;10;13;10;0
52760;2318;306;10;13;10;0
52761;2306;306;10;13;10;0
52762;2294;306;10;13;10;0
52763;2282;306;10;13;10;0
52764;2270;306;10;13;10;0
52765;2258;306;10;13;10;0
52766;2246;306;10;13;10;0
52767;2234;306;10;13;10;0
52768;2222;306;10;13;10;0
52769;2210;306;10;13;10;0
52770;2198;306;10;13;10;0
52771;2186;306;10;13;10;0
52772;2174;306;10;13;10;0
52773;2162;306;10;13;10;0
52774;2150;306;10;13;10;0
52775;2138;306;10;13;10;0
52776;2126;306;10;13;10;0
52777;2354;306;10;13;10;0
52778;2366;306;10;13;10;0
52779;2378;306;10;13;10;0
52780;2390;306;10;13;10;0
52781;2630;306;10;13;10;0
52782;2618;306;10;13;10;0
52783;2606;306;10;13;10;0
52784;2594;306;10;13;10;0
52785;2582;306;10;13;10;0
52786;2570;306;10;13;10;0
52787;2558;306;10;13;10;0
52788;2546;306;10;13;10;0
52789;2534;306;10;13;10;0
52790;2642;306;10;13;10;0
52791;2522;306;10;13;10;0
52792;2498;306;10;13;10;0
52793;2486;306;10;13;10;0
52794;2474;306;10;13;10;0
52795;2462;306;10;13;10;0
52796;2450;306;10;13;10;0
52797;2438;306;10;13;10;0
52798;2426;306;10;13;10;0
52799;2414;306;10;13;10;0
52800;2402;306;10;13;10;0
52801;2114;306;10;13;10;0
52802;2102;306;10;13;10;0
52803;2090;306;10;13;10;0
52804;1814;306;10;13;10;0
52805;1790;306;10;13;10;0
52806;1778;306;10;13;10;0
52807;1766;306;10;13;10;0
52808;1754;306;10;13;10;0
52809;1742;306;10;13;10;0
52810;1730;306;10;13;10;0
52811;1718;306;10;13;10;0
52812;1706;306;10;13;10;0
52813;1694;306;10;13;10;0
52814;1682;306;10;13;10;0
52815;1670;306;10;13;10;0
52816;1658;306;10;13;10;0
52817;1646;306;10;13;10;0
52818;1634;306;10;13;10;0
52819;1622;306;10;13;10;0
52820;1610;306;10;13;10;0
52821;1598;306;10;13;10;0
52822;1586;306;10;13;10;0
52823;1574;306;10;13;10;0
52824;1802;306;10;13;10;0
52825;1826;306;10;13;10;0
52826;2078;306;10;13;10;0
52827;1838;306;10;13;10;0
52828;2066;306;10;13;10;0
52829;2054;306;10;13;10;0
52830;2042;306;10;13;10;0
52831;2030;306;10;13;10;0
52832;2018;306;10;13;10;0
52833;2006;306;10;13;10;0
52834;1994;306;10;13;10;0
52835;1982;306;10;13;10;0
52836;1970;306;10;13;10;0
52837;1958;306;10;13;10;0
52838;1946;306;10;13;10;0
52839;1934;306;10;13;10;0
52840;1922;306;10;13;10;0
52841;1910;306;10;13;10;0
52842;1898;306;10;13;10;0
52843;1886;306;10;13;10;0
52844;1874;306;10;13;10;0
52845;1862;306;10;13;10;0
52846;1850;306;10;13;10;0
52847;458;306;10;13;10;0
52848;2510;306;10;13;10;0
52849;446;306;10;13;10;0
52850;290;306;10;13;10;0
52851;3110;291;10;13;10;0
52852;3098;291;10;13;10;0
52853;3086;291;10;13;10;0
52854;3074;291;10;13;10;0
52855;3062;291;10;13;10;0
52856;3050;291;10;13;10;0
52857;3038;291;10;13;10;0
52858;3026;291;10;13;10;0
52859;3014;291;10;13;10;0
52860;3002;291;10;13;10;0
52861;2990;291;10;13;10;0
52862;2978;291;10;13;10;0
52863;2966;291;10;13;10;0
52864;2954;291;10;13;10;0
52865;2942;291;10;13;10;0
52866;2930;291;10;13;10;0
52867;2918;291;10;13;10;0
52868;2906;291;10;13;10;0
52869;2894;291;10;13;10;0
52870;3122;291;10;13;10;0
52871;3146;291;10;13;10;0
52872;3398;291;10;13;10;0
52873;3158;291;10;13;10;0
52874;3386;291;10;13;10;0
52875;3374;291;10;13;10;0
52876;3362;291;10;13;10;0
52877;3350;291;10;13;10;0
52878;3338;291;10;13;10;0
52879;3326;291;10;13;10;0
52880;3314;291;10;13;10;0
52881;3302;291;10;13;10;0
52882;3290;291;10;13;10;0
52883;3278;291;10;13;10;0
52884;3266;291;10;13;10;0
52885;3254;291;10;13;10;0
52886;3242;291;10;13;10;0
52887;3230;291;10;13;10;0
52888;3218;291;10;13;10;0
52889;3206;291;10;13;10;0
52890;3194;291;10;13;10;0
52891;3182;291;10;13;10;0
52892;3170;291;10;13;10;0
52893;2882;291;10;13;10;0
52894;3134;291;10;13;10;0
52895;2870;291;10;13;10;0
52896;2582;291;10;13;10;0
52897;2558;291;10;13;10;0
52898;2546;291;10;13;10;0
52899;2534;291;10;13;10;0
52900;2522;291;10;13;10;0
52901;2510;291;10;13;10;0
52902;2498;291;10;13;10;0
52903;2486;291;10;13;10;0
52904;2474;291;10;13;10;0
52905;2462;291;10;13;10;0
52906;2450;291;10;13;10;0
52907;2438;291;10;13;10;0
52908;2426;291;10;13;10;0
52909;2414;291;10;13;10;0
52910;2402;291;10;13;10;0
52911;2390;291;10;13;10;0
52912;2378;291;10;13;10;0
52913;2366;291;10;13;10;0
52914;2354;291;10;13;10;0
52915;2342;291;10;13;10;0
52916;2570;291;10;13;10;0
52917;2594;291;10;13;10;0
52918;2846;291;10;13;10;0
52919;2606;291;10;13;10;0
52920;2834;291;10;13;10;0
52921;2822;291;10;13;10;0
52922;2810;291;10;13;10;0
52923;2798;291;10;13;10;0
52924;2786;291;10;13;10;0
52925;2774;291;10;13;10;0
52926;2762;291;10;13;10;0
52927;2750;291;10;13;10;0
52928;2738;291;10;13;10;0
52929;2726;291;10;13;10;0
52930;2714;291;10;13;10;0
52931;2702;291;10;13;10;0
52932;2690;291;10;13;10;0
52933;2678;291;10;13;10;0
52934;2666;291;10;13;10;0
52935;2654;291;10;13;10;0
52936;2642;291;10;13;10;0
52937;2630;291;10;13;10;0
52938;2618;291;10;13;10;0
52939;2858;291;10;13;10;0
52940;3410;291;10;13;10;0
52941;3422;291;10;13;10;0
52942;3434;291;10;13;10;0
52943;122;306;10;13;10;0
52944;110;306;10;13;10;0
52945;98;306;10;13;10;0
52946;86;306;10;13;10;0
52947;74;306;10;13;10;0
52948;62;306;10;13;10;0
52949;50;306;10;13;10;0
52950;38;306;10;13;10;0
52951;26;306;10;13;10;0
52952;14;306;10;13;10;0
52953;2;306;10;13;10;0
52954;4082;291;10;13;10;0
52955;4070;291;10;13;10;0
52956;4058;291;10;13;10;0
52957;4046;291;10;13;10;0
52958;4034;291;10;13;10;0
52959;4022;291;10;13;10;0
52960;4010;291;10;13;10;0
52961;3998;291;10;13;10;0
52962;134;306;10;13;10;0
52963;146;306;10;13;10;0
52964;158;306;10;13;10;0
52965;170;306;10;13;10;0
52966;410;306;10;13;10;0
52967;398;306;10;13;10;0
52968;386;306;10;13;10;0
52969;374;306;10;13;10;0
52970;362;306;10;13;10;0
52971;350;306;10;13;10;0
52972;338;306;10;13;10;0
52973;326;306;10;13;10;0
52974;314;306;10;13;10;0
52975;422;306;10;13;10;0
52976;302;306;10;13;10;0
52977;278;306;10;13;10;0
52978;266;306;10;13;10;0
52979;254;306;10;13;10;0
52980;242;306;10;13;10;0
52981;230;306;10;13;10;0
52982;218;306;10;13;10;0
52983;206;306;10;13;10;0
52984;194;306;10;13;10;0
52985;182;306;10;13;10;0
52986;3986;291;10;13;10;0
52987;3974;291;10;13;10;0
52988;3962;291;10;13;10;0
52989;3686;291;10;13;10;0
52990;3662;291;10;13;10;0
52991;3650;291;10;13;10;0
52992;3638;291;10;13;10;0
52993;3626;291;10;13;10;0
52994;3614;291;10;13;10;0
52995;3602;291;10;13;10;0
52996;3590;291;10;13;10;0
52997;3578;291;10;13;10;0
52998;3566;291;10;13;10;0
52999;3554;291;10;13;10;0
53000;3542;291;10;13;10;0
53001;3530;291;10;13;10;0
53002;3518;291;10;13;10;0
53003;3506;291;10;13;10;0
53004;3494;291;10;13;10;0
53005;3482;291;10;13;10;0
53006;3470;291;10;13;10;0
53007;3458;291;10;13;10;0
53008;3446;291;10;13;10;0
53009;3674;291;10;13;10;0
53010;3698;291;10;13;10;0
53011;3950;291;10;13;10;0
53012;3710;291;10;13;10;0
53013;3938;291;10;13;10;0
53014;3926;291;10;13;10;0
53015;3914;291;10;13;10;0
53016;3902;291;10;13;10;0
53017;3890;291;10;13;10;0
53018;3878;291;10;13;10;0
53019;3866;291;10;13;10;0
53020;3854;291;10;13;10;0
53021;3842;291;10;13;10;0
53022;3830;291;10;13;10;0
53023;3818;291;10;13;10;0
53024;3806;291;10;13;10;0
53025;3794;291;10;13;10;0
53026;3782;291;10;13;10;0
53027;3770;291;10;13;10;0
53028;3758;291;10;13;10;0
53029;3746;291;10;13;10;0
53030;3734;291;10;13;10;0
53031;3722;291;10;13;10;0
53032;434;306;10;13;10;0
53033;2654;306;10;13;10;0
53034;2666;306;10;13;10;0
53035;2678;306;10;13;10;0
53036;1586;321;10;13;10;0
53037;1574;321;10;13;10;0
53038;1562;321;10;13;10;0
53039;1550;321;10;13;10;0
53040;1538;321;10;13;10;0
53041;1526;321;10;13;10;0
53042;1514;321;10;13;10;0
53043;1502;321;10;13;10;0
53044;1490;321;10;13;10;0
53045;1478;321;10;13;10;0
53046;1466;321;10;13;10;0
53047;1454;321;10;13;10;0
53048;1442;321;10;13;10;0
53049;1430;321;10;13;10;0
53050;1418;321;10;13;10;0
53051;1406;321;10;13;10;0
53052;1394;321;10;13;10;0
53053;1382;321;10;13;10;0
53054;1370;321;10;13;10;0
53055;1598;321;10;13;10;0
53056;1610;321;10;13;10;0
53057;1622;321;10;13;10;0
53058;1634;321;10;13;10;0
53059;1874;321;10;13;10;0
53060;1862;321;10;13;10;0
53061;1850;321;10;13;10;0
53062;1838;321;10;13;10;0
53063;1826;321;10;13;10;0
53064;1814;321;10;13;10;0
53065;1802;321;10;13;10;0
53066;1790;321;10;13;10;0
53067;1778;321;10;13;10;0
53068;1886;321;10;13;10;0
53069;1766;321;10;13;10;0
53070;1742;321;10;13;10;0
53071;1730;321;10;13;10;0
53072;1718;321;10;13;10;0
53073;1706;321;10;13;10;0
53074;1694;321;10;13;10;0
53075;1682;321;10;13;10;0
53076;1670;321;10;13;10;0
53077;1658;321;10;13;10;0
53078;1646;321;10;13;10;0
53079;1358;321;10;13;10;0
53080;1346;321;10;13;10;0
53081;1334;321;10;13;10;0
53082;1058;321;10;13;10;0
53083;1034;321;10;13;10;0
53084;1022;321;10;13;10;0
53085;1010;321;10;13;10;0
53086;998;321;10;13;10;0
53087;986;321;10;13;10;0
53088;974;321;10;13;10;0
53089;962;321;10;13;10;0
53090;950;321;10;13;10;0
53091;938;321;10;13;10;0
53092;926;321;10;13;10;0
53093;914;321;10;13;10;0
53094;902;321;10;13;10;0
53095;890;321;10;13;10;0
53096;878;321;10;13;10;0
53097;866;321;10;13;10;0
53098;854;321;10;13;10;0
53099;842;321;10;13;10;0
53100;830;321;10;13;10;0
53101;818;321;10;13;10;0
53102;1046;321;10;13;10;0
53103;1070;321;10;13;10;0
53104;1322;321;10;13;10;0
53105;1082;321;10;13;10;0
53106;1310;321;10;13;10;0
53107;1298;321;10;13;10;0
53108;1286;321;10;13;10;0
53109;1274;321;10;13;10;0
53110;1262;321;10;13;10;0
53111;1250;321;10;13;10;0
53112;1238;321;10;13;10;0
53113;1226;321;10;13;10;0
53114;1214;321;10;13;10;0
53115;1202;321;10;13;10;0
53116;1190;321;10;13;10;0
53117;1178;321;10;13;10;0
53118;1166;321;10;13;10;0
53119;1154;321;10;13;10;0
53120;1142;321;10;13;10;0
53121;1130;321;10;13;10;0
53122;1118;321;10;13;10;0
53123;1106;321;10;13;10;0
53124;1094;321;10;13;10;0
53125;1754;321;10;13;10;0
53126;1910;321;10;13;10;0
53127;2870;321;10;13;10;0
53128;1922;321;10;13;10;0
53129;2702;321;10;13;10;0
53130;2690;321;10;13;10;0
53131;2678;321;10;13;10;0
53132;2666;321;10;13;10;0
53133;2654;321;10;13;10;0
53134;2642;321;10;13;10;0
53135;2630;321;10;13;10;0
53136;2618;321;10;13;10;0
53137;2606;321;10;13;10;0
53138;2594;321;10;13;10;0
53139;2582;321;10;13;10;0
53140;2570;321;10;13;10;0
53141;2558;321;10;13;10;0
53142;2546;321;10;13;10;0
53143;2534;321;10;13;10;0
53144;2522;321;10;13;10;0
53145;2510;321;10;13;10;0
53146;2498;321;10;13;10;0
53147;2486;321;10;13;10;0
53148;2714;321;10;13;10;0
53149;2726;321;10;13;10;0
53150;2738;321;10;13;10;0
53151;2750;321;10;13;10;0
53152;2990;321;10;13;10;0
53153;2978;321;10;13;10;0
53154;2966;321;10;13;10;0
53155;2954;321;10;13;10;0
53156;2942;321;10;13;10;0
53157;2930;321;10;13;10;0
53158;2918;321;10;13;10;0
53159;2906;321;10;13;10;0
53160;2894;321;10;13;10;0
53161;3002;321;10;13;10;0
53162;2882;321;10;13;10;0
53163;2858;321;10;13;10;0
53164;2846;321;10;13;10;0
53165;2834;321;10;13;10;0
53166;2822;321;10;13;10;0
53167;2810;321;10;13;10;0
53168;2798;321;10;13;10;0
53169;2786;321;10;13;10;0
53170;2774;321;10;13;10;0
53171;2762;321;10;13;10;0
53172;2474;321;10;13;10;0
53173;2462;321;10;13;10;0
53174;2450;321;10;13;10;0
53175;2174;321;10;13;10;0
53176;2150;321;10;13;10;0
53177;2138;321;10;13;10;0
53178;2126;321;10;13;10;0
53179;2114;321;10;13;10;0
53180;2102;321;10;13;10;0
53181;2090;321;10;13;10;0
53182;2078;321;10;13;10;0
53183;2066;321;10;13;10;0
53184;2054;321;10;13;10;0
53185;2042;321;10;13;10;0
53186;2030;321;10;13;10;0
53187;2018;321;10;13;10;0
53188;2006;321;10;13;10;0
53189;1994;321;10;13;10;0
53190;1982;321;10;13;10;0
53191;1970;321;10;13;10;0
53192;1958;321;10;13;10;0
53193;1946;321;10;13;10;0
53194;1934;321;10;13;10;0
53195;2162;321;10;13;10;0
53196;2186;321;10;13;10;0
53197;2438;321;10;13;10;0
53198;2198;321;10;13;10;0
53199;2426;321;10;13;10;0
53200;2414;321;10;13;10;0
53201;2402;321;10;13;10;0
53202;2390;321;10;13;10;0
53203;2378;321;10;13;10;0
53204;2366;321;10;13;10;0
53205;2354;321;10;13;10;0
53206;2342;321;10;13;10;0
53207;2330;321;10;13;10;0
53208;2318;321;10;13;10;0
53209;2306;321;10;13;10;0
53210;2294;321;10;13;10;0
53211;2282;321;10;13;10;0
53212;2270;321;10;13;10;0
53213;2258;321;10;13;10;0
53214;2246;321;10;13;10;0
53215;2234;321;10;13;10;0
53216;2222;321;10;13;10;0
53217;2210;321;10;13;10;0
53218;806;321;10;13;10;0
53219;794;321;10;13;10;0
53220;782;321;10;13;10;0
53221;638;321;10;13;10;0
53222;3458;306;10;13;10;0
53223;3446;306;10;13;10;0
53224;3434;306;10;13;10;0
53225;3422;306;10;13;10;0
53226;3410;306;10;13;10;0
53227;3398;306;10;13;10;0
53228;3386;306;10;13;10;0
53229;3374;306;10;13;10;0
53230;3362;306;10;13;10;0
53231;3350;306;10;13;10;0
53232;3338;306;10;13;10;0
53233;3326;306;10;13;10;0
53234;3314;306;10;13;10;0
53235;3302;306;10;13;10;0
53236;3290;306;10;13;10;0
53237;3278;306;10;13;10;0
53238;3266;306;10;13;10;0
53239;3254;306;10;13;10;0
53240;3242;306;10;13;10;0
53241;3470;306;10;13;10;0
53242;3494;306;10;13;10;0
53243;3746;306;10;13;10;0
53244;3506;306;10;13;10;0
53245;3734;306;10;13;10;0
53246;3722;306;10;13;10;0
53247;3710;306;10;13;10;0
53248;3698;306;10;13;10;0
53249;3686;306;10;13;10;0
53250;3674;306;10;13;10;0
53251;3662;306;10;13;10;0
53252;3650;306;10;13;10;0
53253;3638;306;10;13;10;0
53254;3626;306;10;13;10;0
53255;3614;306;10;13;10;0
53256;3602;306;10;13;10;0
53257;3590;306;10;13;10;0
53258;3578;306;10;13;10;0
53259;3566;306;10;13;10;0
53260;3554;306;10;13;10;0
53261;3542;306;10;13;10;0
53262;3530;306;10;13;10;0
53263;3518;306;10;13;10;0
53264;3230;306;10;13;10;0
53265;3482;306;10;13;10;0
53266;3218;306;10;13;10;0
53267;2930;306;10;13;10;0
53268;2906;306;10;13;10;0
53269;2894;306;10;13;10;0
53270;2882;306;10;13;10;0
53271;2870;306;10;13;10;0
53272;2858;306;10;13;10;0
53273;2846;306;10;13;10;0
53274;2834;306;10;13;10;0
53275;2822;306;10;13;10;0
53276;2810;306;10;13;10;0
53277;2798;306;10;13;10;0
53278;2786;306;10;13;10;0
53279;2774;306;10;13;10;0
53280;2762;306;10;13;10;0
53281;2750;306;10;13;10;0
53282;2738;306;10;13;10;0
53283;2726;306;10;13;10;0
53284;2714;306;10;13;10;0
53285;2702;306;10;13;10;0
53286;2690;306;10;13;10;0
53287;2918;306;10;13;10;0
53288;2942;306;10;13;10;0
53289;3194;306;10;13;10;0
53290;2954;306;10;13;10;0
53291;3182;306;10;13;10;0
53292;3170;306;10;13;10;0
53293;3158;306;10;13;10;0
53294;3146;306;10;13;10;0
53295;3134;306;10;13;10;0
53296;3122;306;10;13;10;0
53297;3110;306;10;13;10;0
53298;3098;306;10;13;10;0
53299;3086;306;10;13;10;0
53300;3074;306;10;13;10;0
53301;3062;306;10;13;10;0
53302;3050;306;10;13;10;0
53303;3038;306;10;13;10;0
53304;3026;306;10;13;10;0
53305;3014;306;10;13;10;0
53306;3002;306;10;13;10;0
53307;2990;306;10;13;10;0
53308;2978;306;10;13;10;0
53309;2966;306;10;13;10;0
53310;3206;306;10;13;10;0
53311;3758;306;10;13;10;0
53312;3770;306;10;13;10;0
53313;3782;306;10;13;10;0
53314;470;321;10;13;10;0
53315;458;321;10;13;10;0
53316;446;321;10;13;10;0
53317;434;321;10;13;10;0
53318;422;321;10;13;10;0
53319;410;321;10;13;10;0
53320;398;321;10;13;10;0
53321;386;321;10;13;10;0
53322;374;321;10;13;10;0
53323;362;321;10;13;10;0
53324;350;321;10;13;10;0
53325;338;321;10;13;10;0
53326;326;321;10;13;10;0
53327;314;321;10;13;10;0
53328;302;321;10;13;10;0
53329;290;321;10;13;10;0
53330;278;321;10;13;10;0
53331;266;321;10;13;10;0
53332;254;321;10;13;10;0
53333;482;321;10;13;10;0
53334;494;321;10;13;10;0
53335;506;321;10;13;10;0
53336;518;321;10;13;10;0
53337;758;321;10;13;10;0
53338;746;321;10;13;10;0
53339;734;321;10;13;10;0
53340;722;321;10;13;10;0
53341;710;321;10;13;10;0
53342;698;321;10;13;10;0
53343;686;321;10;13;10;0
53344;674;321;10;13;10;0
53345;662;321;10;13;10;0
53346;770;321;10;13;10;0
53347;650;321;10;13;10;0
53348;626;321;10;13;10;0
53349;614;321;10;13;10;0
53350;602;321;10;13;10;0
53351;590;321;10;13;10;0
53352;578;321;10;13;10;0
53353;566;321;10;13;10;0
53354;554;321;10;13;10;0
53355;542;321;10;13;10;0
53356;530;321;10;13;10;0
53357;242;321;10;13;10;0
53358;230;321;10;13;10;0
53359;218;321;10;13;10;0
53360;4034;306;10;13;10;0
53361;4010;306;10;13;10;0
53362;3998;306;10;13;10;0
53363;3986;306;10;13;10;0
53364;3974;306;10;13;10;0
53365;3962;306;10;13;10;0
53366;3950;306;10;13;10;0
53367;3938;306;10;13;10;0
53368;3926;306;10;13;10;0
53369;3914;306;10;13;10;0
53370;3902;306;10;13;10;0
53371;3890;306;10;13;10;0
53372;3878;306;10;13;10;0
53373;3866;306;10;13;10;0
53374;3854;306;10;13;10;0
53375;3842;306;10;13;10;0
53376;3830;306;10;13;10;0
53377;3818;306;10;13;10;0
53378;3806;306;10;13;10;0
53379;3794;306;10;13;10;0
53380;4022;306;10;13;10;0
53381;4046;306;10;13;10;0
53382;206;321;10;13;10;0
53383;4058;306;10;13;10;0
53384;194;321;10;13;10;0
53385;182;321;10;13;10;0
53386;170;321;10;13;10;0
53387;158;321;10;13;10;0
53388;146;321;10;13;10;0
53389;134;321;10;13;10;0
53390;122;321;10;13;10;0
53391;110;321;10;13;10;0
53392;98;321;10;13;10;0
53393;86;321;10;13;10;0
53394;74;321;10;13;10;0
53395;62;321;10;13;10;0
53396;50;321;10;13;10;0
53397;38;321;10;13;10;0
53398;26;321;10;13;10;0
53399;14;321;10;13;10;0
53400;2;321;10;13;10;0
53401;4082;306;10;13;10;0
53402;4070;306;10;13;10;0
53403;2330;291;10;13;10;0
53404;1898;321;10;13;10;0
53405;2318;291;10;13;10;0
53406;1190;291;10;13;10;0
53407;530;276;10;13;10;0
53408;518;276;10;13;10;0
53409;506;276;10;13;10;0
53410;494;276;10;13;10;0
53411;482;276;10;13;10;0
53412;470;276;10;13;10;0
53413;458;276;10;13;10;0
53414;446;276;10;13;10;0
53415;434;276;10;13;10;0
53416;422;276;10;13;10;0
53417;410;276;10;13;10;0
53418;398;276;10;13;10;0
53419;386;276;10;13;10;0
53420;374;276;10;13;10;0
53421;362;276;10;13;10;0
53422;350;276;10;13;10;0
53423;338;276;10;13;10;0
53424;326;276;10;13;10;0
53425;314;276;10;13;10;0
53426;542;276;10;13;10;0
53427;566;276;10;13;10;0
53428;818;276;10;13;10;0
53429;578;276;10;13;10;0
53430;806;276;10;13;10;0
53431;794;276;10;13;10;0
53432;782;276;10;13;10;0
53433;770;276;10;13;10;0
53434;758;276;10;13;10;0
53435;746;276;10;13;10;0
53436;734;276;10;13;10;0
53437;722;276;10;13;10;0
53438;710;276;10;13;10;0
53439;698;276;10;13;10;0
53440;686;276;10;13;10;0
53441;674;276;10;13;10;0
53442;662;276;10;13;10;0
53443;650;276;10;13;10;0
53444;638;276;10;13;10;0
53445;626;276;10;13;10;0
53446;614;276;10;13;10;0
53447;602;276;10;13;10;0
53448;590;276;10;13;10;0
53449;302;276;10;13;10;0
53450;554;276;10;13;10;0
53451;290;276;10;13;10;0
53452;2;276;10;13;10;0
53453;4070;261;10;13;10;0
53454;4058;261;10;13;10;0
53455;4046;261;10;13;10;0
53456;4034;261;10;13;10;0
53457;4022;261;10;13;10;0
53458;4010;261;10;13;10;0
53459;3998;261;10;13;10;0
53460;3986;261;10;13;10;0
53461;3974;261;10;13;10;0
53462;3962;261;10;13;10;0
53463;3950;261;10;13;10;0
53464;3938;261;10;13;10;0
53465;3926;261;10;13;10;0
53466;3914;261;10;13;10;0
53467;3902;261;10;13;10;0
53468;3890;261;10;13;10;0
53469;3878;261;10;13;10;0
53470;3866;261;10;13;10;0
53471;3854;261;10;13;10;0
53472;4082;261;10;13;10;0
53473;14;276;10;13;10;0
53474;266;276;10;13;10;0
53475;26;276;10;13;10;0
53476;254;276;10;13;10;0
53477;242;276;10;13;10;0
53478;230;276;10;13;10;0
53479;218;276;10;13;10;0
53480;206;276;10;13;10;0
53481;194;276;10;13;10;0
53482;182;276;10;13;10;0
53483;170;276;10;13;10;0
53484;158;276;10;13;10;0
53485;146;276;10;13;10;0
53486;134;276;10;13;10;0
53487;122;276;10;13;10;0
53488;110;276;10;13;10;0
53489;98;276;10;13;10;0
53490;86;276;10;13;10;0
53491;74;276;10;13;10;0
53492;62;276;10;13;10;0
53493;50;276;10;13;10;0
53494;38;276;10;13;10;0
53495;278;276;10;13;10;0
53496;830;276;10;13;10;0
53497;842;276;10;13;10;0
53498;854;276;10;13;10;0
53499;1634;276;10;13;10;0
53500;1622;276;10;13;10;0
53501;1610;276;10;13;10;0
53502;1598;276;10;13;10;0
53503;1586;276;10;13;10;0
53504;1574;276;10;13;10;0
53505;1562;276;10;13;10;0
53506;1550;276;10;13;10;0
53507;1538;276;10;13;10;0
53508;1526;276;10;13;10;0
53509;1514;276;10;13;10;0
53510;1502;276;10;13;10;0
53511;1490;276;10;13;10;0
53512;1478;276;10;13;10;0
53513;1466;276;10;13;10;0
53514;1454;276;10;13;10;0
53515;1442;276;10;13;10;0
53516;1430;276;10;13;10;0
53517;1418;276;10;13;10;0
53518;1646;276;10;13;10;0
53519;1658;276;10;13;10;0
53520;1670;276;10;13;10;0
53521;1682;276;10;13;10;0
53522;1922;276;10;13;10;0
53523;1910;276;10;13;10;0
53524;1898;276;10;13;10;0
53525;1886;276;10;13;10;0
53526;1874;276;10;13;10;0
53527;1862;276;10;13;10;0
53528;1850;276;10;13;10;0
53529;1838;276;10;13;10;0
53530;1826;276;10;13;10;0
53531;1934;276;10;13;10;0
53532;1814;276;10;13;10;0
53533;1790;276;10;13;10;0
53534;1778;276;10;13;10;0
53535;1766;276;10;13;10;0
53536;1754;276;10;13;10;0
53537;1742;276;10;13;10;0
53538;1730;276;10;13;10;0
53539;1718;276;10;13;10;0
53540;1706;276;10;13;10;0
53541;1694;276;10;13;10;0
53542;1406;276;10;13;10;0
53543;1394;276;10;13;10;0
53544;1382;276;10;13;10;0
53545;1106;276;10;13;10;0
53546;1082;276;10;13;10;0
53547;1070;276;10;13;10;0
53548;1058;276;10;13;10;0
53549;1046;276;10;13;10;0
53550;1034;276;10;13;10;0
53551;1022;276;10;13;10;0
53552;1010;276;10;13;10;0
53553;998;276;10;13;10;0
53554;986;276;10;13;10;0
53555;974;276;10;13;10;0
53556;962;276;10;13;10;0
53557;950;276;10;13;10;0
53558;938;276;10;13;10;0
53559;926;276;10;13;10;0
53560;914;276;10;13;10;0
53561;902;276;10;13;10;0
53562;890;276;10;13;10;0
53563;878;276;10;13;10;0
53564;866;276;10;13;10;0
53565;1094;276;10;13;10;0
53566;1118;276;10;13;10;0
53567;1370;276;10;13;10;0
53568;1130;276;10;13;10;0
53569;1358;276;10;13;10;0
53570;1346;276;10;13;10;0
53571;1334;276;10;13;10;0
53572;1322;276;10;13;10;0
53573;1310;276;10;13;10;0
53574;1298;276;10;13;10;0
53575;1286;276;10;13;10;0
53576;1274;276;10;13;10;0
53577;1262;276;10;13;10;0
53578;1250;276;10;13;10;0
53579;1238;276;10;13;10;0
53580;1226;276;10;13;10;0
53581;1214;276;10;13;10;0
53582;1202;276;10;13;10;0
53583;1190;276;10;13;10;0
53584;1178;276;10;13;10;0
53585;1166;276;10;13;10;0
53586;1154;276;10;13;10;0
53587;1142;276;10;13;10;0
53588;3842;261;10;13;10;0
53589;1802;276;10;13;10;0
53590;3830;261;10;13;10;0
53591;3674;261;10;13;10;0
53592;2402;261;10;13;10;0
53593;2390;261;10;13;10;0
53594;2378;261;10;13;10;0
53595;2366;261;10;13;10;0
53596;2354;261;10;13;10;0
53597;2342;261;10;13;10;0
53598;2330;261;10;13;10;0
53599;2318;261;10;13;10;0
53600;2306;261;10;13;10;0
53601;2294;261;10;13;10;0
53602;2282;261;10;13;10;0
53603;2270;261;10;13;10;0
53604;2258;261;10;13;10;0
53605;2246;261;10;13;10;0
53606;2234;261;10;13;10;0
53607;2222;261;10;13;10;0
53608;2210;261;10;13;10;0
53609;2198;261;10;13;10;0
53610;2186;261;10;13;10;0
53611;2414;261;10;13;10;0
53612;2438;261;10;13;10;0
53613;2690;261;10;13;10;0
53614;2450;261;10;13;10;0
53615;2678;261;10;13;10;0
53616;2666;261;10;13;10;0
53617;2654;261;10;13;10;0
53618;2642;261;10;13;10;0
53619;2630;261;10;13;10;0
53620;2618;261;10;13;10;0
53621;2606;261;10;13;10;0
53622;2594;261;10;13;10;0
53623;2582;261;10;13;10;0
53624;2570;261;10;13;10;0
53625;2558;261;10;13;10;0
53626;2546;261;10;13;10;0
53627;2534;261;10;13;10;0
53628;2522;261;10;13;10;0
53629;2510;261;10;13;10;0
53630;2498;261;10;13;10;0
53631;2486;261;10;13;10;0
53632;2474;261;10;13;10;0
53633;2462;261;10;13;10;0
53634;2174;261;10;13;10;0
53635;2426;261;10;13;10;0
53636;2162;261;10;13;10;0
53637;1874;261;10;13;10;0
53638;1850;261;10;13;10;0
53639;1838;261;10;13;10;0
53640;1826;261;10;13;10;0
53641;1814;261;10;13;10;0
53642;1802;261;10;13;10;0
53643;1790;261;10;13;10;0
53644;1778;261;10;13;10;0
53645;1766;261;10;13;10;0
53646;1754;261;10;13;10;0
53647;1742;261;10;13;10;0
53648;1730;261;10;13;10;0
53649;1718;261;10;13;10;0
53650;1706;261;10;13;10;0
53651;1694;261;10;13;10;0
53652;1682;261;10;13;10;0
53653;1670;261;10;13;10;0
53654;1658;261;10;13;10;0
53655;1646;261;10;13;10;0
53656;1634;261;10;13;10;0
53657;1862;261;10;13;10;0
53658;1886;261;10;13;10;0
53659;2138;261;10;13;10;0
53660;1898;261;10;13;10;0
53661;2126;261;10;13;10;0
53662;2114;261;10;13;10;0
53663;2102;261;10;13;10;0
53664;2090;261;10;13;10;0
53665;2078;261;10;13;10;0
53666;2066;261;10;13;10;0
53667;2054;261;10;13;10;0
53668;2042;261;10;13;10;0
53669;2030;261;10;13;10;0
53670;2018;261;10;13;10;0
53671;2006;261;10;13;10;0
53672;1994;261;10;13;10;0
53673;1982;261;10;13;10;0
53674;1970;261;10;13;10;0
53675;1958;261;10;13;10;0
53676;1946;261;10;13;10;0
53677;1934;261;10;13;10;0
53678;1922;261;10;13;10;0
53679;1910;261;10;13;10;0
53680;2150;261;10;13;10;0
53681;2702;261;10;13;10;0
53682;2714;261;10;13;10;0
53683;2726;261;10;13;10;0
53684;3506;261;10;13;10;0
53685;3494;261;10;13;10;0
53686;3482;261;10;13;10;0
53687;3470;261;10;13;10;0
53688;3458;261;10;13;10;0
53689;3446;261;10;13;10;0
53690;3434;261;10;13;10;0
53691;3422;261;10;13;10;0
53692;3410;261;10;13;10;0
53693;3398;261;10;13;10;0
53694;3386;261;10;13;10;0
53695;3374;261;10;13;10;0
53696;3362;261;10;13;10;0
53697;3350;261;10;13;10;0
53698;3338;261;10;13;10;0
53699;3326;261;10;13;10;0
53700;3314;261;10;13;10;0
53701;3302;261;10;13;10;0
53702;3290;261;10;13;10;0
53703;3518;261;10;13;10;0
53704;3530;261;10;13;10;0
53705;3542;261;10;13;10;0
53706;3554;261;10;13;10;0
53707;3794;261;10;13;10;0
53708;3782;261;10;13;10;0
53709;3770;261;10;13;10;0
53710;3758;261;10;13;10;0
53711;3746;261;10;13;10;0
53712;3734;261;10;13;10;0
53713;3722;261;10;13;10;0
53714;3710;261;10;13;10;0
53715;3698;261;10;13;10;0
53716;3806;261;10;13;10;0
53717;3686;261;10;13;10;0
53718;3662;261;10;13;10;0
53719;3650;261;10;13;10;0
53720;3638;261;10;13;10;0
53721;3626;261;10;13;10;0
53722;3614;261;10;13;10;0
53723;3602;261;10;13;10;0
53724;3590;261;10;13;10;0
53725;3578;261;10;13;10;0
53726;3566;261;10;13;10;0
53727;3278;261;10;13;10;0
53728;3266;261;10;13;10;0
53729;3254;261;10;13;10;0
53730;2978;261;10;13;10;0
53731;2954;261;10;13;10;0
53732;2942;261;10;13;10;0
53733;2930;261;10;13;10;0
53734;2918;261;10;13;10;0
53735;2906;261;10;13;10;0
53736;2894;261;10;13;10;0
53737;2882;261;10;13;10;0
53738;2870;261;10;13;10;0
53739;2858;261;10;13;10;0
53740;2846;261;10;13;10;0
53741;2834;261;10;13;10;0
53742;2822;261;10;13;10;0
53743;2810;261;10;13;10;0
53744;2798;261;10;13;10;0
53745;2786;261;10;13;10;0
53746;2774;261;10;13;10;0
53747;2762;261;10;13;10;0
53748;2750;261;10;13;10;0
53749;2738;261;10;13;10;0
53750;2966;261;10;13;10;0
53751;2990;261;10;13;10;0
53752;3242;261;10;13;10;0
53753;3002;261;10;13;10;0
53754;3230;261;10;13;10;0
53755;3218;261;10;13;10;0
53756;3206;261;10;13;10;0
53757;3194;261;10;13;10;0
53758;3182;261;10;13;10;0
53759;3170;261;10;13;10;0
53760;3158;261;10;13;10;0
53761;3146;261;10;13;10;0
53762;3134;261;10;13;10;0
53763;3122;261;10;13;10;0
53764;3110;261;10;13;10;0
53765;3098;261;10;13;10;0
53766;3086;261;10;13;10;0
53767;3074;261;10;13;10;0
53768;3062;261;10;13;10;0
53769;3050;261;10;13;10;0
53770;3038;261;10;13;10;0
53771;3026;261;10;13;10;0
53772;3014;261;10;13;10;0
53773;3818;261;10;13;10;0
53774;1946;276;10;13;10;0
53775;1958;276;10;13;10;0
53776;1970;276;10;13;10;0
53777;878;291;10;13;10;0
53778;866;291;10;13;10;0
53779;854;291;10;13;10;0
53780;842;291;10;13;10;0
53781;830;291;10;13;10;0
53782;818;291;10;13;10;0
53783;806;291;10;13;10;0
53784;794;291;10;13;10;0
53785;782;291;10;13;10;0
53786;770;291;10;13;10;0
53787;758;291;10;13;10;0
53788;746;291;10;13;10;0
53789;734;291;10;13;10;0
53790;722;291;10;13;10;0
53791;710;291;10;13;10;0
53792;698;291;10;13;10;0
53793;686;291;10;13;10;0
53794;674;291;10;13;10;0
53795;662;291;10;13;10;0
53796;890;291;10;13;10;0
53797;902;291;10;13;10;0
53798;914;291;10;13;10;0
53799;926;291;10;13;10;0
53800;1166;291;10;13;10;0
53801;1154;291;10;13;10;0
53802;1142;291;10;13;10;0
53803;1130;291;10;13;10;0
53804;1118;291;10;13;10;0
53805;1106;291;10;13;10;0
53806;1094;291;10;13;10;0
53807;1082;291;10;13;10;0
53808;1070;291;10;13;10;0
53809;1178;291;10;13;10;0
53810;1058;291;10;13;10;0
53811;1034;291;10;13;10;0
53812;1022;291;10;13;10;0
53813;1010;291;10;13;10;0
53814;998;291;10;13;10;0
53815;986;291;10;13;10;0
53816;974;291;10;13;10;0
53817;962;291;10;13;10;0
53818;950;291;10;13;10;0
53819;938;291;10;13;10;0
53820;650;291;10;13;10;0
53821;638;291;10;13;10;0
53822;626;291;10;13;10;0
53823;350;291;10;13;10;0
53824;326;291;10;13;10;0
53825;314;291;10;13;10;0
53826;302;291;10;13;10;0
53827;290;291;10;13;10;0
53828;278;291;10;13;10;0
53829;266;291;10;13;10;0
53830;254;291;10;13;10;0
53831;242;291;10;13;10;0
53832;230;291;10;13;10;0
53833;218;291;10;13;10;0
53834;206;291;10;13;10;0
53835;194;291;10;13;10;0
53836;182;291;10;13;10;0
53837;170;291;10;13;10;0
53838;158;291;10;13;10;0
53839;146;291;10;13;10;0
53840;134;291;10;13;10;0
53841;122;291;10;13;10;0
53842;110;291;10;13;10;0
53843;338;291;10;13;10;0
53844;362;291;10;13;10;0
53845;614;291;10;13;10;0
53846;374;291;10;13;10;0
53847;602;291;10;13;10;0
53848;590;291;10;13;10;0
53849;578;291;10;13;10;0
53850;566;291;10;13;10;0
53851;554;291;10;13;10;0
53852;542;291;10;13;10;0
53853;530;291;10;13;10;0
53854;518;291;10;13;10;0
53855;506;291;10;13;10;0
53856;494;291;10;13;10;0
53857;482;291;10;13;10;0
53858;470;291;10;13;10;0
53859;458;291;10;13;10;0
53860;446;291;10;13;10;0
53861;434;291;10;13;10;0
53862;422;291;10;13;10;0
53863;410;291;10;13;10;0
53864;398;291;10;13;10;0
53865;386;291;10;13;10;0
53866;1046;291;10;13;10;0
53867;1202;291;10;13;10;0
53868;2162;291;10;13;10;0
53869;1214;291;10;13;10;0
53870;1994;291;10;13;10;0
53871;1982;291;10;13;10;0
53872;1970;291;10;13;10;0
53873;1958;291;10;13;10;0
53874;1946;291;10;13;10;0
53875;1934;291;10;13;10;0
53876;1922;291;10;13;10;0
53877;1910;291;10;13;10;0
53878;1898;291;10;13;10;0
53879;1886;291;10;13;10;0
53880;1874;291;10;13;10;0
53881;1862;291;10;13;10;0
53882;1850;291;10;13;10;0
53883;1838;291;10;13;10;0
53884;1826;291;10;13;10;0
53885;1814;291;10;13;10;0
53886;1802;291;10;13;10;0
53887;1790;291;10;13;10;0
53888;1778;291;10;13;10;0
53889;2006;291;10;13;10;0
53890;2018;291;10;13;10;0
53891;2030;291;10;13;10;0
53892;2042;291;10;13;10;0
53893;2282;291;10;13;10;0
53894;2270;291;10;13;10;0
53895;2258;291;10;13;10;0
53896;2246;291;10;13;10;0
53897;2234;291;10;13;10;0
53898;2222;291;10;13;10;0
53899;2210;291;10;13;10;0
53900;2198;291;10;13;10;0
53901;2186;291;10;13;10;0
53902;2294;291;10;13;10;0
53903;2174;291;10;13;10;0
53904;2150;291;10;13;10;0
53905;2138;291;10;13;10;0
53906;2126;291;10;13;10;0
53907;2114;291;10;13;10;0
53908;2102;291;10;13;10;0
53909;2090;291;10;13;10;0
53910;2078;291;10;13;10;0
53911;2066;291;10;13;10;0
53912;2054;291;10;13;10;0
53913;1766;291;10;13;10;0
53914;1754;291;10;13;10;0
53915;1742;291;10;13;10;0
53916;1466;291;10;13;10;0
53917;1442;291;10;13;10;0
53918;1430;291;10;13;10;0
53919;1418;291;10;13;10;0
53920;1406;291;10;13;10;0
53921;1394;291;10;13;10;0
53922;1382;291;10;13;10;0
53923;1370;291;10;13;10;0
53924;1358;291;10;13;10;0
53925;1346;291;10;13;10;0
53926;1334;291;10;13;10;0
53927;1322;291;10;13;10;0
53928;1310;291;10;13;10;0
53929;1298;291;10;13;10;0
53930;1286;291;10;13;10;0
53931;1274;291;10;13;10;0
53932;1262;291;10;13;10;0
53933;1250;291;10;13;10;0
53934;1238;291;10;13;10;0
53935;1226;291;10;13;10;0
53936;1454;291;10;13;10;0
53937;1478;291;10;13;10;0
53938;1730;291;10;13;10;0
53939;1490;291;10;13;10;0
53940;1718;291;10;13;10;0
53941;1706;291;10;13;10;0
53942;1694;291;10;13;10;0
53943;1682;291;10;13;10;0
53944;1670;291;10;13;10;0
53945;1658;291;10;13;10;0
53946;1646;291;10;13;10;0
53947;1634;291;10;13;10;0
53948;1622;291;10;13;10;0
53949;1610;291;10;13;10;0
53950;1598;291;10;13;10;0
53951;1586;291;10;13;10;0
53952;1574;291;10;13;10;0
53953;1562;291;10;13;10;0
53954;1550;291;10;13;10;0
53955;1538;291;10;13;10;0
53956;1526;291;10;13;10;0
53957;1514;291;10;13;10;0
53958;1502;291;10;13;10;0
53959;98;291;10;13;10;0
53960;86;291;10;13;10;0
53961;74;291;10;13;10;0
53962;4022;276;10;13;10;0
53963;2750;276;10;13;10;0
53964;2738;276;10;13;10;0
53965;2726;276;10;13;10;0
53966;2714;276;10;13;10;0
53967;2702;276;10;13;10;0
53968;2690;276;10;13;10;0
53969;2678;276;10;13;10;0
53970;2666;276;10;13;10;0
53971;2654;276;10;13;10;0
53972;2642;276;10;13;10;0
53973;2630;276;10;13;10;0
53974;2618;276;10;13;10;0
53975;2606;276;10;13;10;0
53976;2594;276;10;13;10;0
53977;2582;276;10;13;10;0
53978;2570;276;10;13;10;0
53979;2558;276;10;13;10;0
53980;2546;276;10;13;10;0
53981;2534;276;10;13;10;0
53982;2762;276;10;13;10;0
53983;2786;276;10;13;10;0
53984;3038;276;10;13;10;0
53985;2798;276;10;13;10;0
53986;3026;276;10;13;10;0
53987;3014;276;10;13;10;0
53988;3002;276;10;13;10;0
53989;2990;276;10;13;10;0
53990;2978;276;10;13;10;0
53991;2966;276;10;13;10;0
53992;2954;276;10;13;10;0
53993;2942;276;10;13;10;0
53994;2930;276;10;13;10;0
53995;2918;276;10;13;10;0
53996;2906;276;10;13;10;0
53997;2894;276;10;13;10;0
53998;2882;276;10;13;10;0
53999;2870;276;10;13;10;0
54000;2858;276;10;13;10;0
54001;2846;276;10;13;10;0
54002;2834;276;10;13;10;0
54003;2822;276;10;13;10;0
54004;2810;276;10;13;10;0
54005;2522;276;10;13;10;0
54006;2774;276;10;13;10;0
54007;2510;276;10;13;10;0
54008;2222;276;10;13;10;0
54009;2198;276;10;13;10;0
54010;2186;276;10;13;10;0
54011;2174;276;10;13;10;0
54012;2162;276;10;13;10;0
54013;2150;276;10;13;10;0
54014;2138;276;10;13;10;0
54015;2126;276;10;13;10;0
54016;2114;276;10;13;10;0
54017;2102;276;10;13;10;0
54018;2090;276;10;13;10;0
54019;2078;276;10;13;10;0
54020;2066;276;10;13;10;0
54021;2054;276;10;13;10;0
54022;2042;276;10;13;10;0
54023;2030;276;10;13;10;0
54024;2018;276;10;13;10;0
54025;2006;276;10;13;10;0
54026;1994;276;10;13;10;0
54027;1982;276;10;13;10;0
54028;2210;276;10;13;10;0
54029;2234;276;10;13;10;0
54030;2486;276;10;13;10;0
54031;2246;276;10;13;10;0
54032;2474;276;10;13;10;0
54033;2462;276;10;13;10;0
54034;2450;276;10;13;10;0
54035;2438;276;10;13;10;0
54036;2426;276;10;13;10;0
54037;2414;276;10;13;10;0
54038;2402;276;10;13;10;0
54039;2390;276;10;13;10;0
54040;2378;276;10;13;10;0
54041;2366;276;10;13;10;0
54042;2354;276;10;13;10;0
54043;2342;276;10;13;10;0
54044;2330;276;10;13;10;0
54045;2318;276;10;13;10;0
54046;2306;276;10;13;10;0
54047;2294;276;10;13;10;0
54048;2282;276;10;13;10;0
54049;2270;276;10;13;10;0
54050;2258;276;10;13;10;0
54051;2498;276;10;13;10;0
54052;3050;276;10;13;10;0
54053;3062;276;10;13;10;0
54054;3074;276;10;13;10;0
54055;3854;276;10;13;10;0
54056;3842;276;10;13;10;0
54057;3830;276;10;13;10;0
54058;3818;276;10;13;10;0
54059;3806;276;10;13;10;0
54060;3794;276;10;13;10;0
54061;3782;276;10;13;10;0
54062;3770;276;10;13;10;0
54063;3758;276;10;13;10;0
54064;3746;276;10;13;10;0
54065;3734;276;10;13;10;0
54066;3722;276;10;13;10;0
54067;3710;276;10;13;10;0
54068;3698;276;10;13;10;0
54069;3686;276;10;13;10;0
54070;3674;276;10;13;10;0
54071;3662;276;10;13;10;0
54072;3650;276;10;13;10;0
54073;3638;276;10;13;10;0
54074;3866;276;10;13;10;0
54075;3878;276;10;13;10;0
54076;3890;276;10;13;10;0
54077;3902;276;10;13;10;0
54078;50;291;10;13;10;0
54079;38;291;10;13;10;0
54080;26;291;10;13;10;0
54081;14;291;10;13;10;0
54082;2;291;10;13;10;0
54083;4082;276;10;13;10;0
54084;4070;276;10;13;10;0
54085;4058;276;10;13;10;0
54086;4046;276;10;13;10;0
54087;62;291;10;13;10;0
54088;4034;276;10;13;10;0
54089;4010;276;10;13;10;0
54090;3998;276;10;13;10;0
54091;3986;276;10;13;10;0
54092;3974;276;10;13;10;0
54093;3962;276;10;13;10;0
54094;3950;276;10;13;10;0
54095;3938;276;10;13;10;0
54096;3926;276;10;13;10;0
54097;3914;276;10;13;10;0
54098;3626;276;10;13;10;0
54099;3614;276;10;13;10;0
54100;3602;276;10;13;10;0
54101;3326;276;10;13;10;0
54102;3302;276;10;13;10;0
54103;3290;276;10;13;10;0
54104;3278;276;10;13;10;0
54105;3266;276;10;13;10;0
54106;3254;276;10;13;10;0
54107;3242;276;10;13;10;0
54108;3230;276;10;13;10;0
54109;3218;276;10;13;10;0
54110;3206;276;10;13;10;0
54111;3194;276;10;13;10;0
54112;3182;276;10;13;10;0
54113;3170;276;10;13;10;0
54114;3158;276;10;13;10;0
54115;3146;276;10;13;10;0
54116;3134;276;10;13;10;0
54117;3122;276;10;13;10;0
54118;3110;276;10;13;10;0
54119;3098;276;10;13;10;0
54120;3086;276;10;13;10;0
54121;3314;276;10;13;10;0
54122;3338;276;10;13;10;0
54123;3590;276;10;13;10;0
54124;3350;276;10;13;10;0
54125;3578;276;10;13;10;0
54126;3566;276;10;13;10;0
54127;3554;276;10;13;10;0
54128;3542;276;10;13;10;0
54129;3530;276;10;13;10;0
54130;3518;276;10;13;10;0
54131;3506;276;10;13;10;0
54132;3494;276;10;13;10;0
54133;3482;276;10;13;10;0
54134;3470;276;10;13;10;0
54135;3458;276;10;13;10;0
54136;3446;276;10;13;10;0
54137;3434;276;10;13;10;0
54138;3422;276;10;13;10;0
54139;3410;276;10;13;10;0
54140;3398;276;10;13;10;0
54141;3386;276;10;13;10;0
54142;3374;276;10;13;10;0
54143;3362;276;10;13;10;0
54144;2306;291;10;13;10;0
54145;3014;321;10;13;10;0
54146;3026;321;10;13;10;0
54147;3038;321;10;13;10;0
54148;2246;366;10;13;10;0
54149;2234;366;10;13;10;0
54150;2222;366;10;13;10;0
54151;2210;366;10;13;10;0
54152;2198;366;10;13;10;0
54153;2186;366;10;13;10;0
54154;2174;366;10;13;10;0
54155;2162;366;10;13;10;0
54156;2150;366;10;13;10;0
54157;2138;366;10;13;10;0
54158;2126;366;10;13;10;0
54159;2114;366;10;13;10;0
54160;2102;366;10;13;10;0
54161;2090;366;10;13;10;0
54162;2078;366;10;13;10;0
54163;2066;366;10;13;10;0
54164;2054;366;10;13;10;0
54165;2042;366;10;13;10;0
54166;2030;366;10;13;10;0
54167;2258;366;10;13;10;0
54168;2270;366;10;13;10;0
54169;2282;366;10;13;10;0
54170;2294;366;10;13;10;0
54171;2534;366;10;13;10;0
54172;2522;366;10;13;10;0
54173;2510;366;10;13;10;0
54174;2498;366;10;13;10;0
54175;2486;366;10;13;10;0
54176;2474;366;10;13;10;0
54177;2462;366;10;13;10;0
54178;2450;366;10;13;10;0
54179;2438;366;10;13;10;0
54180;2546;366;10;13;10;0
54181;2426;366;10;13;10;0
54182;2402;366;10;13;10;0
54183;2390;366;10;13;10;0
54184;2378;366;10;13;10;0
54185;2366;366;10;13;10;0
54186;2354;366;10;13;10;0
54187;2342;366;10;13;10;0
54188;2330;366;10;13;10;0
54189;2318;366;10;13;10;0
54190;2306;366;10;13;10;0
54191;2018;366;10;13;10;0
54192;2006;366;10;13;10;0
54193;1994;366;10;13;10;0
54194;1718;366;10;13;10;0
54195;1694;366;10;13;10;0
54196;1682;366;10;13;10;0
54197;1670;366;10;13;10;0
54198;1658;366;10;13;10;0
54199;1646;366;10;13;10;0
54200;1634;366;10;13;10;0
54201;1622;366;10;13;10;0
54202;1610;366;10;13;10;0
54203;1598;366;10;13;10;0
54204;1586;366;10;13;10;0
54205;1574;366;10;13;10;0
54206;1562;366;10;13;10;0
54207;1550;366;10;13;10;0
54208;1538;366;10;13;10;0
54209;1526;366;10;13;10;0
54210;1514;366;10;13;10;0
54211;1502;366;10;13;10;0
54212;1490;366;10;13;10;0
54213;1478;366;10;13;10;0
54214;1706;366;10;13;10;0
54215;1730;366;10;13;10;0
54216;1982;366;10;13;10;0
54217;1742;366;10;13;10;0
54218;1970;366;10;13;10;0
54219;1958;366;10;13;10;0
54220;1946;366;10;13;10;0
54221;1934;366;10;13;10;0
54222;1922;366;10;13;10;0
54223;1910;366;10;13;10;0
54224;1898;366;10;13;10;0
54225;1886;366;10;13;10;0
54226;1874;366;10;13;10;0
54227;1862;366;10;13;10;0
54228;1850;366;10;13;10;0
54229;1838;366;10;13;10;0
54230;1826;366;10;13;10;0
54231;1814;366;10;13;10;0
54232;1802;366;10;13;10;0
54233;1790;366;10;13;10;0
54234;1778;366;10;13;10;0
54235;1766;366;10;13;10;0
54236;1754;366;10;13;10;0
54237;2414;366;10;13;10;0
54238;2570;366;10;13;10;0
54239;3530;366;10;13;10;0
54240;2582;366;10;13;10;0
54241;3362;366;10;13;10;0
54242;3350;366;10;13;10;0
54243;3338;366;10;13;10;0
54244;3326;366;10;13;10;0
54245;3314;366;10;13;10;0
54246;3302;366;10;13;10;0
54247;3290;366;10;13;10;0
54248;3278;366;10;13;10;0
54249;3266;366;10;13;10;0
54250;3254;366;10;13;10;0
54251;3242;366;10;13;10;0
54252;3230;366;10;13;10;0
54253;3218;366;10;13;10;0
54254;3206;366;10;13;10;0
54255;3194;366;10;13;10;0
54256;3182;366;10;13;10;0
54257;3170;366;10;13;10;0
54258;3158;366;10;13;10;0
54259;3146;366;10;13;10;0
54260;3374;366;10;13;10;0
54261;3386;366;10;13;10;0
54262;3398;366;10;13;10;0
54263;3410;366;10;13;10;0
54264;3650;366;10;13;10;0
54265;3638;366;10;13;10;0
54266;3626;366;10;13;10;0
54267;3614;366;10;13;10;0
54268;3602;366;10;13;10;0
54269;3590;366;10;13;10;0
54270;3578;366;10;13;10;0
54271;3566;366;10;13;10;0
54272;3554;366;10;13;10;0
54273;3662;366;10;13;10;0
54274;3542;366;10;13;10;0
54275;3518;366;10;13;10;0
54276;3506;366;10;13;10;0
54277;3494;366;10;13;10;0
54278;3482;366;10;13;10;0
54279;3470;366;10;13;10;0
54280;3458;366;10;13;10;0
54281;3446;366;10;13;10;0
54282;3434;366;10;13;10;0
54283;3422;366;10;13;10;0
54284;3134;366;10;13;10;0
54285;3122;366;10;13;10;0
54286;3110;366;10;13;10;0
54287;2834;366;10;13;10;0
54288;2810;366;10;13;10;0
54289;2798;366;10;13;10;0
54290;2786;366;10;13;10;0
54291;2774;366;10;13;10;0
54292;2762;366;10;13;10;0
54293;2750;366;10;13;10;0
54294;2738;366;10;13;10;0
54295;2726;366;10;13;10;0
54296;2714;366;10;13;10;0
54297;2702;366;10;13;10;0
54298;2690;366;10;13;10;0
54299;2678;366;10;13;10;0
54300;2666;366;10;13;10;0
54301;2654;366;10;13;10;0
54302;2642;366;10;13;10;0
54303;2630;366;10;13;10;0
54304;2618;366;10;13;10;0
54305;2606;366;10;13;10;0
54306;2594;366;10;13;10;0
54307;2822;366;10;13;10;0
54308;2846;366;10;13;10;0
54309;3098;366;10;13;10;0
54310;2858;366;10;13;10;0
54311;3086;366;10;13;10;0
54312;3074;366;10;13;10;0
54313;3062;366;10;13;10;0
54314;3050;366;10;13;10;0
54315;3038;366;10;13;10;0
54316;3026;366;10;13;10;0
54317;3014;366;10;13;10;0
54318;3002;366;10;13;10;0
54319;2990;366;10;13;10;0
54320;2978;366;10;13;10;0
54321;2966;366;10;13;10;0
54322;2954;366;10;13;10;0
54323;2942;366;10;13;10;0
54324;2930;366;10;13;10;0
54325;2918;366;10;13;10;0
54326;2906;366;10;13;10;0
54327;2894;366;10;13;10;0
54328;2882;366;10;13;10;0
54329;2870;366;10;13;10;0
54330;1466;366;10;13;10;0
54331;1454;366;10;13;10;0
54332;1442;366;10;13;10;0
54333;1298;366;10;13;10;0
54334;26;366;10;13;10;0
54335;14;366;10;13;10;0
54336;2;366;10;13;10;0
54337;4076;351;10;13;10;0
54338;4064;351;10;13;10;0
54339;4052;351;10;13;10;0
54340;4040;351;10;13;10;0
54341;4028;351;10;13;10;0
54342;4016;351;10;13;10;0
54343;4004;351;10;13;10;0
54344;3992;351;10;13;10;0
54345;3980;351;10;13;10;0
54346;3968;351;10;13;10;0
54347;3956;351;10;13;10;0
54348;3944;351;10;13;10;0
54349;3932;351;10;13;10;0
54350;3920;351;10;13;10;0
54351;3908;351;10;13;10;0
54352;3896;351;10;13;10;0
54353;38;366;10;13;10;0
54354;62;366;10;13;10;0
54355;314;366;10;13;10;0
54356;74;366;10;13;10;0
54357;302;366;10;13;10;0
54358;290;366;10;13;10;0
54359;278;366;10;13;10;0
54360;266;366;10;13;10;0
54361;254;366;10;13;10;0
54362;242;366;10;13;10;0
54363;230;366;10;13;10;0
54364;218;366;10;13;10;0
54365;206;366;10;13;10;0
54366;194;366;10;13;10;0
54367;182;366;10;13;10;0
54368;170;366;10;13;10;0
54369;158;366;10;13;10;0
54370;146;366;10;13;10;0
54371;134;366;10;13;10;0
54372;122;366;10;13;10;0
54373;110;366;10;13;10;0
54374;98;366;10;13;10;0
54375;86;366;10;13;10;0
54376;3884;351;10;13;10;0
54377;50;366;10;13;10;0
54378;3872;351;10;13;10;0
54379;3584;351;10;13;10;0
54380;3560;351;10;13;10;0
54381;3548;351;10;13;10;0
54382;3536;351;10;13;10;0
54383;3524;351;10;13;10;0
54384;3512;351;10;13;10;0
54385;3500;351;10;13;10;0
54386;3488;351;10;13;10;0
54387;3476;351;10;13;10;0
54388;3464;351;10;13;10;0
54389;3452;351;10;13;10;0
54390;3440;351;10;13;10;0
54391;3428;351;10;13;10;0
54392;3416;351;10;13;10;0
54393;3404;351;10;13;10;0
54394;3392;351;10;13;10;0
54395;3380;351;10;13;10;0
54396;3368;351;10;13;10;0
54397;3356;351;10;13;10;0
54398;3344;351;10;13;10;0
54399;3572;351;10;13;10;0
54400;3596;351;10;13;10;0
54401;3848;351;10;13;10;0
54402;3608;351;10;13;10;0
54403;3836;351;10;13;10;0
54404;3824;351;10;13;10;0
54405;3812;351;10;13;10;0
54406;3800;351;10;13;10;0
54407;3788;351;10;13;10;0
54408;3776;351;10;13;10;0
54409;3764;351;10;13;10;0
54410;3752;351;10;13;10;0
54411;3740;351;10;13;10;0
54412;3728;351;10;13;10;0
54413;3716;351;10;13;10;0
54414;3704;351;10;13;10;0
54415;3692;351;10;13;10;0
54416;3680;351;10;13;10;0
54417;3668;351;10;13;10;0
54418;3656;351;10;13;10;0
54419;3644;351;10;13;10;0
54420;3632;351;10;13;10;0
54421;3620;351;10;13;10;0
54422;3860;351;10;13;10;0
54423;326;366;10;13;10;0
54424;338;366;10;13;10;0
54425;350;366;10;13;10;0
54426;1130;366;10;13;10;0
54427;1118;366;10;13;10;0
54428;1106;366;10;13;10;0
54429;1094;366;10;13;10;0
54430;1082;366;10;13;10;0
54431;1070;366;10;13;10;0
54432;1058;366;10;13;10;0
54433;1046;366;10;13;10;0
54434;1034;366;10;13;10;0
54435;1022;366;10;13;10;0
54436;1010;366;10;13;10;0
54437;998;366;10;13;10;0
54438;986;366;10;13;10;0
54439;974;366;10;13;10;0
54440;962;366;10;13;10;0
54441;950;366;10;13;10;0
54442;938;366;10;13;10;0
54443;926;366;10;13;10;0
54444;914;366;10;13;10;0
54445;1142;366;10;13;10;0
54446;1154;366;10;13;10;0
54447;1166;366;10;13;10;0
54448;1178;366;10;13;10;0
54449;1418;366;10;13;10;0
54450;1406;366;10;13;10;0
54451;1394;366;10;13;10;0
54452;1382;366;10;13;10;0
54453;1370;366;10;13;10;0
54454;1358;366;10;13;10;0
54455;1346;366;10;13;10;0
54456;1334;366;10;13;10;0
54457;1322;366;10;13;10;0
54458;1430;366;10;13;10;0
54459;1310;366;10;13;10;0
54460;1286;366;10;13;10;0
54461;1274;366;10;13;10;0
54462;1262;366;10;13;10;0
54463;1250;366;10;13;10;0
54464;1238;366;10;13;10;0
54465;1226;366;10;13;10;0
54466;1214;366;10;13;10;0
54467;1202;366;10;13;10;0
54468;1190;366;10;13;10;0
54469;902;366;10;13;10;0
54470;890;366;10;13;10;0
54471;878;366;10;13;10;0
54472;602;366;10;13;10;0
54473;578;366;10;13;10;0
54474;566;366;10;13;10;0
54475;554;366;10;13;10;0
54476;542;366;10;13;10;0
54477;530;366;10;13;10;0
54478;518;366;10;13;10;0
54479;506;366;10;13;10;0
54480;494;366;10;13;10;0
54481;482;366;10;13;10;0
54482;470;366;10;13;10;0
54483;458;366;10;13;10;0
54484;446;366;10;13;10;0
54485;434;366;10;13;10;0
54486;422;366;10;13;10;0
54487;410;366;10;13;10;0
54488;398;366;10;13;10;0
54489;386;366;10;13;10;0
54490;374;366;10;13;10;0
54491;362;366;10;13;10;0
54492;590;366;10;13;10;0
54493;614;366;10;13;10;0
54494;866;366;10;13;10;0
54495;626;366;10;13;10;0
54496;854;366;10;13;10;0
54497;842;366;10;13;10;0
54498;830;366;10;13;10;0
54499;818;366;10;13;10;0
54500;806;366;10;13;10;0
54501;794;366;10;13;10;0
54502;782;366;10;13;10;0
54503;770;366;10;13;10;0
54504;758;366;10;13;10;0
54505;746;366;10;13;10;0
54506;734;366;10;13;10;0
54507;722;366;10;13;10;0
54508;710;366;10;13;10;0
54509;698;366;10;13;10;0
54510;686;366;10;13;10;0
54511;674;366;10;13;10;0
54512;662;366;10;13;10;0
54513;650;366;10;13;10;0
54514;638;366;10;13;10;0
54515;2558;366;10;13;10;0
54516;3686;366;10;13;10;0
54517;2918;381;10;13;10;0
54518;3698;366;10;13;10;0
54519;2606;381;10;13;10;0
54520;2594;381;10;13;10;0
54521;2582;381;10;13;10;0
54522;2570;381;10;13;10;0
54523;2558;381;10;13;10;0
54524;2546;381;10;13;10;0
54525;2534;381;10;13;10;0
54526;2522;381;10;13;10;0
54527;2510;381;10;13;10;0
54528;2498;381;10;13;10;0
54529;2486;381;10;13;10;0
54530;2474;381;10;13;10;0
54531;2462;381;10;13;10;0
54532;2450;381;10;13;10;0
54533;2438;381;10;13;10;0
54534;2426;381;10;13;10;0
54535;2414;381;10;13;10;0
54536;2402;381;10;13;10;0
54537;2390;381;10;13;10;0
54538;2618;381;10;13;10;0
54539;2630;381;10;13;10;0
54540;2642;381;10;13;10;0
54541;2654;381;10;13;10;0
54542;2894;381;10;13;10;0
54543;2882;381;10;13;10;0
54544;2870;381;10;13;10;0
54545;2858;381;10;13;10;0
54546;2846;381;10;13;10;0
54547;2834;381;10;13;10;0
54548;2822;381;10;13;10;0
54549;2810;381;10;13;10;0
54550;2798;381;10;13;10;0
54551;2906;381;10;13;10;0
54552;2786;381;10;13;10;0
54553;2762;381;10;13;10;0
54554;2750;381;10;13;10;0
54555;2738;381;10;13;10;0
54556;2726;381;10;13;10;0
54557;2714;381;10;13;10;0
54558;2702;381;10;13;10;0
54559;2690;381;10;13;10;0
54560;2678;381;10;13;10;0
54561;2666;381;10;13;10;0
54562;2378;381;10;13;10;0
54563;2366;381;10;13;10;0
54564;2354;381;10;13;10;0
54565;2078;381;10;13;10;0
54566;2054;381;10;13;10;0
54567;2042;381;10;13;10;0
54568;2030;381;10;13;10;0
54569;2018;381;10;13;10;0
54570;2006;381;10;13;10;0
54571;1994;381;10;13;10;0
54572;1982;381;10;13;10;0
54573;1970;381;10;13;10;0
54574;1958;381;10;13;10;0
54575;1946;381;10;13;10;0
54576;1934;381;10;13;10;0
54577;1922;381;10;13;10;0
54578;1910;381;10;13;10;0
54579;1898;381;10;13;10;0
54580;1886;381;10;13;10;0
54581;1874;381;10;13;10;0
54582;1862;381;10;13;10;0
54583;1850;381;10;13;10;0
54584;1838;381;10;13;10;0
54585;2066;381;10;13;10;0
54586;2090;381;10;13;10;0
54587;2342;381;10;13;10;0
54588;2102;381;10;13;10;0
54589;2330;381;10;13;10;0
54590;2318;381;10;13;10;0
54591;2306;381;10;13;10;0
54592;2294;381;10;13;10;0
54593;2282;381;10;13;10;0
54594;2270;381;10;13;10;0
54595;2258;381;10;13;10;0
54596;2246;381;10;13;10;0
54597;2234;381;10;13;10;0
54598;2222;381;10;13;10;0
54599;2210;381;10;13;10;0
54600;2198;381;10;13;10;0
54601;2186;381;10;13;10;0
54602;2174;381;10;13;10;0
54603;2162;381;10;13;10;0
54604;2150;381;10;13;10;0
54605;2138;381;10;13;10;0
54606;2126;381;10;13;10;0
54607;2114;381;10;13;10;0
54608;2774;381;10;13;10;0
54609;2930;381;10;13;10;0
54610;3890;381;10;13;10;0
54611;2942;381;10;13;10;0
54612;3722;381;10;13;10;0
54613;3710;381;10;13;10;0
54614;3698;381;10;13;10;0
54615;3686;381;10;13;10;0
54616;3674;381;10;13;10;0
54617;3662;381;10;13;10;0
54618;3650;381;10;13;10;0
54619;3638;381;10;13;10;0
54620;3626;381;10;13;10;0
54621;3614;381;10;13;10;0
54622;3602;381;10;13;10;0
54623;3590;381;10;13;10;0
54624;3578;381;10;13;10;0
54625;3566;381;10;13;10;0
54626;3554;381;10;13;10;0
54627;3542;381;10;13;10;0
54628;3530;381;10;13;10;0
54629;3518;381;10;13;10;0
54630;3506;381;10;13;10;0
54631;3734;381;10;13;10;0
54632;3746;381;10;13;10;0
54633;3758;381;10;13;10;0
54634;3770;381;10;13;10;0
54635;4010;381;10;13;10;0
54636;3998;381;10;13;10;0
54637;3986;381;10;13;10;0
54638;3974;381;10;13;10;0
54639;3962;381;10;13;10;0
54640;3950;381;10;13;10;0
54641;3938;381;10;13;10;0
54642;3926;381;10;13;10;0
54643;3914;381;10;13;10;0
54644;4022;381;10;13;10;0
54645;3902;381;10;13;10;0
54646;3878;381;10;13;10;0
54647;3866;381;10;13;10;0
54648;3854;381;10;13;10;0
54649;3842;381;10;13;10;0
54650;3830;381;10;13;10;0
54651;3818;381;10;13;10;0
54652;3806;381;10;13;10;0
54653;3794;381;10;13;10;0
54654;3782;381;10;13;10;0
54655;3494;381;10;13;10;0
54656;3482;381;10;13;10;0
54657;3470;381;10;13;10;0
54658;3194;381;10;13;10;0
54659;3170;381;10;13;10;0
54660;3158;381;10;13;10;0
54661;3146;381;10;13;10;0
54662;3134;381;10;13;10;0
54663;3122;381;10;13;10;0
54664;3110;381;10;13;10;0
54665;3098;381;10;13;10;0
54666;3086;381;10;13;10;0
54667;3074;381;10;13;10;0
54668;3062;381;10;13;10;0
54669;3050;381;10;13;10;0
54670;3038;381;10;13;10;0
54671;3026;381;10;13;10;0
54672;3014;381;10;13;10;0
54673;3002;381;10;13;10;0
54674;2990;381;10;13;10;0
54675;2978;381;10;13;10;0
54676;2966;381;10;13;10;0
54677;2954;381;10;13;10;0
54678;3182;381;10;13;10;0
54679;3206;381;10;13;10;0
54680;3458;381;10;13;10;0
54681;3218;381;10;13;10;0
54682;3446;381;10;13;10;0
54683;3434;381;10;13;10;0
54684;3422;381;10;13;10;0
54685;3410;381;10;13;10;0
54686;3398;381;10;13;10;0
54687;3386;381;10;13;10;0
54688;3374;381;10;13;10;0
54689;3362;381;10;13;10;0
54690;3350;381;10;13;10;0
54691;3338;381;10;13;10;0
54692;3326;381;10;13;10;0
54693;3314;381;10;13;10;0
54694;3302;381;10;13;10;0
54695;3290;381;10;13;10;0
54696;3278;381;10;13;10;0
54697;3266;381;10;13;10;0
54698;3254;381;10;13;10;0
54699;3242;381;10;13;10;0
54700;3230;381;10;13;10;0
54701;1826;381;10;13;10;0
54702;1814;381;10;13;10;0
54703;1802;381;10;13;10;0
54704;1658;381;10;13;10;0
54705;386;381;10;13;10;0
54706;374;381;10;13;10;0
54707;362;381;10;13;10;0
54708;350;381;10;13;10;0
54709;338;381;10;13;10;0
54710;326;381;10;13;10;0
54711;314;381;10;13;10;0
54712;302;381;10;13;10;0
54713;290;381;10;13;10;0
54714;278;381;10;13;10;0
54715;266;381;10;13;10;0
54716;254;381;10;13;10;0
54717;242;381;10;13;10;0
54718;230;381;10;13;10;0
54719;218;381;10;13;10;0
54720;206;381;10;13;10;0
54721;194;381;10;13;10;0
54722;182;381;10;13;10;0
54723;170;381;10;13;10;0
54724;398;381;10;13;10;0
54725;422;381;10;13;10;0
54726;674;381;10;13;10;0
54727;434;381;10;13;10;0
54728;662;381;10;13;10;0
54729;650;381;10;13;10;0
54730;638;381;10;13;10;0
54731;626;381;10;13;10;0
54732;614;381;10;13;10;0
54733;602;381;10;13;10;0
54734;590;381;10;13;10;0
54735;578;381;10;13;10;0
54736;566;381;10;13;10;0
54737;554;381;10;13;10;0
54738;542;381;10;13;10;0
54739;530;381;10;13;10;0
54740;518;381;10;13;10;0
54741;506;381;10;13;10;0
54742;494;381;10;13;10;0
54743;482;381;10;13;10;0
54744;470;381;10;13;10;0
54745;458;381;10;13;10;0
54746;446;381;10;13;10;0
54747;158;381;10;13;10;0
54748;410;381;10;13;10;0
54749;146;381;10;13;10;0
54750;3950;366;10;13;10;0
54751;3926;366;10;13;10;0
54752;3914;366;10;13;10;0
54753;3902;366;10;13;10;0
54754;3890;366;10;13;10;0
54755;3878;366;10;13;10;0
54756;3866;366;10;13;10;0
54757;3854;366;10;13;10;0
54758;3842;366;10;13;10;0
54759;3830;366;10;13;10;0
54760;3818;366;10;13;10;0
54761;3806;366;10;13;10;0
54762;3794;366;10;13;10;0
54763;3782;366;10;13;10;0
54764;3770;366;10;13;10;0
54765;3758;366;10;13;10;0
54766;3746;366;10;13;10;0
54767;3734;366;10;13;10;0
54768;3722;366;10;13;10;0
54769;3710;366;10;13;10;0
54770;3938;366;10;13;10;0
54771;3962;366;10;13;10;0
54772;122;381;10;13;10;0
54773;3974;366;10;13;10;0
54774;110;381;10;13;10;0
54775;98;381;10;13;10;0
54776;86;381;10;13;10;0
54777;74;381;10;13;10;0
54778;62;381;10;13;10;0
54779;50;381;10;13;10;0
54780;38;381;10;13;10;0
54781;26;381;10;13;10;0
54782;14;381;10;13;10;0
54783;2;381;10;13;10;0
54784;4082;366;10;13;10;0
54785;4070;366;10;13;10;0
54786;4058;366;10;13;10;0
54787;4046;366;10;13;10;0
54788;4034;366;10;13;10;0
54789;4022;366;10;13;10;0
54790;4010;366;10;13;10;0
54791;3998;366;10;13;10;0
54792;3986;366;10;13;10;0
54793;134;381;10;13;10;0
54794;686;381;10;13;10;0
54795;698;381;10;13;10;0
54796;710;381;10;13;10;0
54797;1490;381;10;13;10;0
54798;1478;381;10;13;10;0
54799;1466;381;10;13;10;0
54800;1454;381;10;13;10;0
54801;1442;381;10;13;10;0
54802;1430;381;10;13;10;0
54803;1418;381;10;13;10;0
54804;1406;381;10;13;10;0
54805;1394;381;10;13;10;0
54806;1382;381;10;13;10;0
54807;1370;381;10;13;10;0
54808;1358;381;10;13;10;0
54809;1346;381;10;13;10;0
54810;1334;381;10;13;10;0
54811;1322;381;10;13;10;0
54812;1310;381;10;13;10;0
54813;1298;381;10;13;10;0
54814;1286;381;10;13;10;0
54815;1274;381;10;13;10;0
54816;1502;381;10;13;10;0
54817;1514;381;10;13;10;0
54818;1526;381;10;13;10;0
54819;1538;381;10;13;10;0
54820;1778;381;10;13;10;0
54821;1766;381;10;13;10;0
54822;1754;381;10;13;10;0
54823;1742;381;10;13;10;0
54824;1730;381;10;13;10;0
54825;1718;381;10;13;10;0
54826;1706;381;10;13;10;0
54827;1694;381;10;13;10;0
54828;1682;381;10;13;10;0
54829;1790;381;10;13;10;0
54830;1670;381;10;13;10;0
54831;1646;381;10;13;10;0
54832;1634;381;10;13;10;0
54833;1622;381;10;13;10;0
54834;1610;381;10;13;10;0
54835;1598;381;10;13;10;0
54836;1586;381;10;13;10;0
54837;1574;381;10;13;10;0
54838;1562;381;10;13;10;0
54839;1550;381;10;13;10;0
54840;1262;381;10;13;10;0
54841;1250;381;10;13;10;0
54842;1238;381;10;13;10;0
54843;962;381;10;13;10;0
54844;938;381;10;13;10;0
54845;926;381;10;13;10;0
54846;914;381;10;13;10;0
54847;902;381;10;13;10;0
54848;890;381;10;13;10;0
54849;878;381;10;13;10;0
54850;866;381;10;13;10;0
54851;854;381;10;13;10;0
54852;842;381;10;13;10;0
54853;830;381;10;13;10;0
54854;818;381;10;13;10;0
54855;806;381;10;13;10;0
54856;794;381;10;13;10;0
54857;782;381;10;13;10;0
54858;770;381;10;13;10;0
54859;758;381;10;13;10;0
54860;746;381;10;13;10;0
54861;734;381;10;13;10;0
54862;722;381;10;13;10;0
54863;950;381;10;13;10;0
54864;974;381;10;13;10;0
54865;1226;381;10;13;10;0
54866;986;381;10;13;10;0
54867;1214;381;10;13;10;0
54868;1202;381;10;13;10;0
54869;1190;381;10;13;10;0
54870;1178;381;10;13;10;0
54871;1166;381;10;13;10;0
54872;1154;381;10;13;10;0
54873;1142;381;10;13;10;0
54874;1130;381;10;13;10;0
54875;1118;381;10;13;10;0
54876;1106;381;10;13;10;0
54877;1094;381;10;13;10;0
54878;1082;381;10;13;10;0
54879;1070;381;10;13;10;0
54880;1058;381;10;13;10;0
54881;1046;381;10;13;10;0
54882;1034;381;10;13;10;0
54883;1022;381;10;13;10;0
54884;1010;381;10;13;10;0
54885;998;381;10;13;10;0
54886;3332;351;10;13;10;0
54887;3320;351;10;13;10;0
54888;3308;351;10;13;10;0
54889;2208;351;10;13;10;0
54890;1922;336;10;13;10;0
54891;1910;336;10;13;10;0
54892;1898;336;10;13;10;0
54893;1886;336;10;13;10;0
54894;1874;336;10;13;10;0
54895;1862;336;10;13;10;0
54896;1850;336;10;13;10;0
54897;1838;336;10;13;10;0
54898;1826;336;10;13;10;0
54899;1814;336;10;13;10;0
54900;1802;336;10;13;10;0
54901;1790;336;10;13;10;0
54902;1778;336;10;13;10;0
54903;1766;336;10;13;10;0
54904;1754;336;10;13;10;0
54905;1742;336;10;13;10;0
54906;1730;336;10;13;10;0
54907;1718;336;10;13;10;0
54908;1706;336;10;13;10;0
54909;1934;336;10;13;10;0
54910;1958;336;10;13;10;0
54911;2210;336;10;13;10;0
54912;1970;336;10;13;10;0
54913;2198;336;10;13;10;0
54914;2186;336;10;13;10;0
54915;2174;336;10;13;10;0
54916;2162;336;10;13;10;0
54917;2150;336;10;13;10;0
54918;2138;336;10;13;10;0
54919;2126;336;10;13;10;0
54920;2114;336;10;13;10;0
54921;2102;336;10;13;10;0
54922;2090;336;10;13;10;0
54923;2078;336;10;13;10;0
54924;2066;336;10;13;10;0
54925;2054;336;10;13;10;0
54926;2042;336;10;13;10;0
54927;2030;336;10;13;10;0
54928;2018;336;10;13;10;0
54929;2006;336;10;13;10;0
54930;1994;336;10;13;10;0
54931;1982;336;10;13;10;0
54932;1694;336;10;13;10;0
54933;1946;336;10;13;10;0
54934;1682;336;10;13;10;0
54935;1394;336;10;13;10;0
54936;1370;336;10;13;10;0
54937;1358;336;10;13;10;0
54938;1346;336;10;13;10;0
54939;1334;336;10;13;10;0
54940;1322;336;10;13;10;0
54941;1310;336;10;13;10;0
54942;1298;336;10;13;10;0
54943;1286;336;10;13;10;0
54944;1274;336;10;13;10;0
54945;1262;336;10;13;10;0
54946;1250;336;10;13;10;0
54947;1238;336;10;13;10;0
54948;1226;336;10;13;10;0
54949;1214;336;10;13;10;0
54950;1202;336;10;13;10;0
54951;1190;336;10;13;10;0
54952;1178;336;10;13;10;0
54953;1166;336;10;13;10;0
54954;1154;336;10;13;10;0
54955;1382;336;10;13;10;0
54956;1406;336;10;13;10;0
54957;1658;336;10;13;10;0
54958;1418;336;10;13;10;0
54959;1646;336;10;13;10;0
54960;1634;336;10;13;10;0
54961;1622;336;10;13;10;0
54962;1610;336;10;13;10;0
54963;1598;336;10;13;10;0
54964;1586;336;10;13;10;0
54965;1574;336;10;13;10;0
54966;1562;336;10;13;10;0
54967;1550;336;10;13;10;0
54968;1538;336;10;13;10;0
54969;1526;336;10;13;10;0
54970;1514;336;10;13;10;0
54971;1502;336;10;13;10;0
54972;1490;336;10;13;10;0
54973;1478;336;10;13;10;0
54974;1466;336;10;13;10;0
54975;1454;336;10;13;10;0
54976;1442;336;10;13;10;0
54977;1430;336;10;13;10;0
54978;1670;336;10;13;10;0
54979;2222;336;10;13;10;0
54980;2234;336;10;13;10;0
54981;2246;336;10;13;10;0
54982;3026;336;10;13;10;0
54983;3014;336;10;13;10;0
54984;3002;336;10;13;10;0
54985;2990;336;10;13;10;0
54986;2978;336;10;13;10;0
54987;2966;336;10;13;10;0
54988;2954;336;10;13;10;0
54989;2942;336;10;13;10;0
54990;2930;336;10;13;10;0
54991;2918;336;10;13;10;0
54992;2906;336;10;13;10;0
54993;2894;336;10;13;10;0
54994;2882;336;10;13;10;0
54995;2870;336;10;13;10;0
54996;2858;336;10;13;10;0
54997;2846;336;10;13;10;0
54998;2834;336;10;13;10;0
54999;2822;336;10;13;10;0
55000;2810;336;10;13;10;0
55001;3038;336;10;13;10;0
55002;3050;336;10;13;10;0
55003;3062;336;10;13;10;0
55004;3074;336;10;13;10;0
55005;3314;336;10;13;10;0
55006;3302;336;10;13;10;0
55007;3290;336;10;13;10;0
55008;3278;336;10;13;10;0
55009;3266;336;10;13;10;0
55010;3254;336;10;13;10;0
55011;3242;336;10;13;10;0
55012;3230;336;10;13;10;0
55013;3218;336;10;13;10;0
55014;3326;336;10;13;10;0
55015;3206;336;10;13;10;0
55016;3182;336;10;13;10;0
55017;3170;336;10;13;10;0
55018;3158;336;10;13;10;0
55019;3146;336;10;13;10;0
55020;3134;336;10;13;10;0
55021;3122;336;10;13;10;0
55022;3110;336;10;13;10;0
55023;3098;336;10;13;10;0
55024;3086;336;10;13;10;0
55025;2798;336;10;13;10;0
55026;2786;336;10;13;10;0
55027;2774;336;10;13;10;0
55028;2498;336;10;13;10;0
55029;2474;336;10;13;10;0
55030;2462;336;10;13;10;0
55031;2450;336;10;13;10;0
55032;2438;336;10;13;10;0
55033;2426;336;10;13;10;0
55034;2414;336;10;13;10;0
55035;2402;336;10;13;10;0
55036;2390;336;10;13;10;0
55037;2378;336;10;13;10;0
55038;2366;336;10;13;10;0
55039;2354;336;10;13;10;0
55040;2342;336;10;13;10;0
55041;2330;336;10;13;10;0
55042;2318;336;10;13;10;0
55043;2306;336;10;13;10;0
55044;2294;336;10;13;10;0
55045;2282;336;10;13;10;0
55046;2270;336;10;13;10;0
55047;2258;336;10;13;10;0
55048;2486;336;10;13;10;0
55049;2510;336;10;13;10;0
55050;2762;336;10;13;10;0
55051;2522;336;10;13;10;0
55052;2750;336;10;13;10;0
55053;2738;336;10;13;10;0
55054;2726;336;10;13;10;0
55055;2714;336;10;13;10;0
55056;2702;336;10;13;10;0
55057;2690;336;10;13;10;0
55058;2678;336;10;13;10;0
55059;2666;336;10;13;10;0
55060;2654;336;10;13;10;0
55061;2642;336;10;13;10;0
55062;2630;336;10;13;10;0
55063;2618;336;10;13;10;0
55064;2606;336;10;13;10;0
55065;2594;336;10;13;10;0
55066;2582;336;10;13;10;0
55067;2570;336;10;13;10;0
55068;2558;336;10;13;10;0
55069;2546;336;10;13;10;0
55070;2534;336;10;13;10;0
55071;1142;336;10;13;10;0
55072;3194;336;10;13;10;0
55073;1130;336;10;13;10;0
55074;974;336;10;13;10;0
55075;3818;321;10;13;10;0
55076;3806;321;10;13;10;0
55077;3794;321;10;13;10;0
55078;3782;321;10;13;10;0
55079;3770;321;10;13;10;0
55080;3758;321;10;13;10;0
55081;3746;321;10;13;10;0
55082;3734;321;10;13;10;0
55083;3722;321;10;13;10;0
55084;3710;321;10;13;10;0
55085;3698;321;10;13;10;0
55086;3686;321;10;13;10;0
55087;3674;321;10;13;10;0
55088;3662;321;10;13;10;0
55089;3650;321;10;13;10;0
55090;3638;321;10;13;10;0
55091;3626;321;10;13;10;0
55092;3614;321;10;13;10;0
55093;3602;321;10;13;10;0
55094;3830;321;10;13;10;0
55095;3854;321;10;13;10;0
55096;14;336;10;13;10;0
55097;3866;321;10;13;10;0
55098;2;336;10;13;10;0
55099;4082;321;10;13;10;0
55100;4070;321;10;13;10;0
55101;4058;321;10;13;10;0
55102;4046;321;10;13;10;0
55103;4034;321;10;13;10;0
55104;4022;321;10;13;10;0
55105;4010;321;10;13;10;0
55106;3998;321;10;13;10;0
55107;3986;321;10;13;10;0
55108;3974;321;10;13;10;0
55109;3962;321;10;13;10;0
55110;3950;321;10;13;10;0
55111;3938;321;10;13;10;0
55112;3926;321;10;13;10;0
55113;3914;321;10;13;10;0
55114;3902;321;10;13;10;0
55115;3890;321;10;13;10;0
55116;3878;321;10;13;10;0
55117;3590;321;10;13;10;0
55118;3842;321;10;13;10;0
55119;3578;321;10;13;10;0
55120;3290;321;10;13;10;0
55121;3266;321;10;13;10;0
55122;3254;321;10;13;10;0
55123;3242;321;10;13;10;0
55124;3230;321;10;13;10;0
55125;3218;321;10;13;10;0
55126;3206;321;10;13;10;0
55127;3194;321;10;13;10;0
55128;3182;321;10;13;10;0
55129;3170;321;10;13;10;0
55130;3158;321;10;13;10;0
55131;3146;321;10;13;10;0
55132;3134;321;10;13;10;0
55133;3122;321;10;13;10;0
55134;3110;321;10;13;10;0
55135;3098;321;10;13;10;0
55136;3086;321;10;13;10;0
55137;3074;321;10;13;10;0
55138;3062;321;10;13;10;0
55139;3050;321;10;13;10;0
55140;3278;321;10;13;10;0
55141;3302;321;10;13;10;0
55142;3554;321;10;13;10;0
55143;3314;321;10;13;10;0
55144;3542;321;10;13;10;0
55145;3530;321;10;13;10;0
55146;3518;321;10;13;10;0
55147;3506;321;10;13;10;0
55148;3494;321;10;13;10;0
55149;3482;321;10;13;10;0
55150;3470;321;10;13;10;0
55151;3458;321;10;13;10;0
55152;3446;321;10;13;10;0
55153;3434;321;10;13;10;0
55154;3422;321;10;13;10;0
55155;3410;321;10;13;10;0
55156;3398;321;10;13;10;0
55157;3386;321;10;13;10;0
55158;3374;321;10;13;10;0
55159;3362;321;10;13;10;0
55160;3350;321;10;13;10;0
55161;3338;321;10;13;10;0
55162;3326;321;10;13;10;0
55163;3566;321;10;13;10;0
55164;26;336;10;13;10;0
55165;38;336;10;13;10;0
55166;50;336;10;13;10;0
55167;806;336;10;13;10;0
55168;794;336;10;13;10;0
55169;782;336;10;13;10;0
55170;770;336;10;13;10;0
55171;758;336;10;13;10;0
55172;746;336;10;13;10;0
55173;734;336;10;13;10;0
55174;722;336;10;13;10;0
55175;710;336;10;13;10;0
55176;698;336;10;13;10;0
55177;686;336;10;13;10;0
55178;674;336;10;13;10;0
55179;662;336;10;13;10;0
55180;650;336;10;13;10;0
55181;638;336;10;13;10;0
55182;626;336;10;13;10;0
55183;614;336;10;13;10;0
55184;602;336;10;13;10;0
55185;590;336;10;13;10;0
55186;818;336;10;13;10;0
55187;830;336;10;13;10;0
55188;842;336;10;13;10;0
55189;854;336;10;13;10;0
55190;1094;336;10;13;10;0
55191;1082;336;10;13;10;0
55192;1070;336;10;13;10;0
55193;1058;336;10;13;10;0
55194;1046;336;10;13;10;0
55195;1034;336;10;13;10;0
55196;1022;336;10;13;10;0
55197;1010;336;10;13;10;0
55198;998;336;10;13;10;0
55199;1106;336;10;13;10;0
55200;986;336;10;13;10;0
55201;962;336;10;13;10;0
55202;950;336;10;13;10;0
55203;938;336;10;13;10;0
57344;926;336;10;13;10;0
57345;914;336;10;13;10;0
57346;902;336;10;13;10;0
57347;890;336;10;13;10;0
57348;878;336;10;13;10;0
57349;866;336;10;13;10;0
57350;578;336;10;13;10;0
57351;566;336;10;13;10;0
57352;554;336;10;13;10;0
57353;278;336;10;13;10;0
57354;254;336;10;13;10;0
57355;242;336;10;13;10;0
57356;230;336;10;13;10;0
57357;218;336;10;13;10;0
57360;206;336;10;13;10;0
57361;194;336;10;13;10;0
57362;182;336;10;13;10;0
57363;170;336;10;13;10;0
57364;158;336;10;13;10;0
57365;146;336;10;13;10;0
57366;134;336;10;13;10;0
57367;122;336;10;13;10;0
57368;116;336;4;13;4;0
57369;110;336;4;13;4;0
57370;104;336;4;13;4;0
57371;98;336;4;13;4;0
57376;86;336;10;13;10;0
57377;74;336;10;13;10;0
57378;62;336;10;13;10;0
57379;266;336;10;13;10;0
57380;290;336;10;13;10;0
57381;542;336;10;13;10;0
57382;302;336;10;13;10;0
57383;530;336;10;13;10;0
57384;518;336;10;13;10;0
57385;506;336;10;13;10;0
57386;494;336;10;13;10;0
57387;482;336;10;13;10;0
57388;470;336;10;13;10;0
57389;458;336;10;13;10;0
57390;446;336;10;13;10;0
57392;434;336;10;13;10;0
57393;422;336;10;13;10;0
57394;410;336;10;13;10;0
57395;398;336;10;13;10;0
57396;386;336;10;13;10;0
57397;374;336;10;13;10;0
57398;362;336;10;13;10;0
57399;350;336;10;13;10;0
57400;338;336;10;13;10;0
57401;326;336;10;13;10;0
57402;314;336;10;13;10;0
57403;1118;336;10;13;10;0
57404;3338;336;10;13;10;0
57405;3350;336;10;13;10;0
57408;3362;336;10;13;10;0
57409;1920;351;10;13;10;0
57410;1908;351;10;13;10;0
57411;1896;351;10;13;10;0
57412;1884;351;10;13;10;0
57413;1872;351;10;13;10;0
57414;1860;351;10;13;10;0
57415;1848;351;10;13;10;0
57416;1836;351;10;13;10;0
57417;1824;351;10;13;10;0
57418;1812;351;10;13;10;0
57419;1800;351;10;13;10;0
57420;1788;351;10;13;10;0
57421;1776;351;10;13;10;0
57422;1764;351;10;13;10;0
57423;1752;351;10;13;10;0
57424;1740;351;10;13;10;0
57425;1728;351;10;13;10;0
57426;1716;351;10;13;10;0
57427;1704;351;10;13;10;0
57428;1932;351;10;13;10;0
57429;1944;351;10;13;10;0
57430;1956;351;10;13;10;0
57431;1968;351;10;13;10;0
57432;2184;351;10;13;10;0
57433;2172;351;10;13;10;0
57434;2160;351;10;13;10;0
57435;2148;351;10;13;10;0
57436;2136;351;10;13;10;0
57437;2124;351;10;13;10;0
57440;2112;351;10;13;10;0
57441;2100;351;10;13;10;0
57442;2088;351;10;13;10;0
57443;2196;351;10;13;10;0
57444;2076;351;10;13;10;0
57445;2052;351;10;13;10;0
57446;2040;351;10;13;10;0
57447;2028;351;10;13;10;0
57448;2022;351;4;13;4;0
57449;2016;351;4;13;4;0
57450;2010;351;4;13;4;0
57451;2004;351;4;13;4;0
57456;1992;351;10;13;10;0
57457;1980;351;10;13;10;0
57458;1692;351;10;13;10;0
57459;1680;351;10;13;10;0
57460;1668;351;10;13;10;0
57461;1392;351;10;13;10;0
57462;1368;351;10;13;10;0
57463;1356;351;10;13;10;0
57464;1344;351;10;13;10;0
57465;1332;351;10;13;10;0
57466;1320;351;10;13;10;0
57467;1308;351;10;13;10;0
57468;1296;351;10;13;10;0
57469;1284;351;10;13;10;0
57470;1272;351;10;13;10;0
57472;1260;351;10;13;10;0
57473;1248;351;10;13;10;0
57474;1236;351;10;13;10;0
57475;1224;351;10;13;10;0
57476;1212;351;10;13;10;0
57477;1200;351;10;13;10;0
57478;1188;351;10;13;10;0
57479;1176;351;10;13;10;0
57480;1164;351;10;13;10;0
57481;1152;351;10;13;10;0
57482;1380;351;10;13;10;0
57483;1404;351;10;13;10;0
57484;1656;351;10;13;10;0
57485;1416;351;10;13;10;0
57488;1644;351;10;13;10;0
57489;1632;351;10;13;10;0
57490;1620;351;10;13;10;0
57491;1608;351;10;13;10;0
57492;1596;351;10;13;10;0
57493;1584;351;10;13;10;0
57494;1572;351;10;13;10;0
57495;1560;351;10;13;10;0
57496;1548;351;10;13;10;0
57497;1536;351;10;13;10;0
57498;1524;351;10;13;10;0
57499;1512;351;10;13;10;0
57500;1500;351;10;13;10;0
57501;1488;351;10;13;10;0
57502;1476;351;10;13;10;0
57503;1464;351;10;13;10;0
57504;1452;351;10;13;10;0
57505;1440;351;10;13;10;0
57506;1428;351;10;13;10;0
57507;2064;351;10;13;10;0
57508;2220;351;10;13;10;0
57509;3180;351;10;13;10;0
57520;2232;351;10;13;10;0
57521;3012;351;10;13;10;0
57522;3000;351;10;13;10;0
57523;2988;351;10;13;10;0
57524;2976;351;10;13;10;0
57525;2964;351;10;13;10;0
57536;2952;351;10;13;10;0
57537;2940;351;10;13;10;0
57538;2928;351;10;13;10;0
57539;2916;351;10;13;10;0
57540;2904;351;10;13;10;0
57541;2892;351;10;13;10;0
57542;2880;351;10;13;10;0
57543;2868;351;10;13;10;0
57544;2856;351;10;13;10;0
57545;2844;351;10;13;10;0
57546;2832;351;10;13;10;0
57547;2820;351;10;13;10;0
57552;2808;351;10;13;10;0
57553;2796;351;10;13;10;0
57554;3024;351;10;13;10;0
57555;3036;351;10;13;10;0
57556;3048;351;10;13;10;0
57557;3060;351;10;13;10;0
57558;3288;351;10;13;10;0
57559;3276;351;10;13;10;0
57560;3264;351;10;13;10;0
57561;3252;351;10;13;10;0
57562;3240;351;10;13;10;0
57563;3228;351;10;13;10;0
61440;3220;351;6;13;6;0
61441;3212;351;6;13;6;0
61444;3204;351;6;13;6;0
61447;3300;351;6;13;6;0
61472;3192;351;10;13;10;0
61473;3168;351;10;13;10;0
61474;3156;351;10;13;10;0
61475;3144;351;10;13;10;0
61476;3132;351;10;13;10;0
61477;3120;351;10;13;10;0
61478;3108;351;10;13;10;0
61479;3096;351;10;13;10;0
61480;3084;351;10;13;10;0
61481;3072;351;10;13;10;0
61482;2784;351;10;13;10;0
61488;2772;351;10;13;10;0
61489;2760;351;10;13;10;0
61490;2484;351;10;13;10;0
61491;2460;351;10;13;10;0
61492;2448;351;10;13;10;0
61493;2436;351;10;13;10;0
61494;2424;351;10;13;10;0
61495;2412;351;10;13;10;0
61496;2400;351;10;13;10;0
61497;2388;351;10;13;10;0
61498;2376;351;10;13;10;0
61499;2364;351;10;13;10;0
61500;2352;351;10;13;10;0
61501;2340;351;10;13;10;0
63743;2328;351;10;13;10;0
65040;2316;351;10;13;10;0
65041;2304;351;10;13;10;0
65042;2292;351;10;13;10;0
65043;2280;351;10;13;10;0
65044;2268;351;10;13;10;0
65045;2256;351;10;13;10;0
65046;2244;351;10;13;10;0
65047;2472;351;10;13;10;0
65048;2496;351;10;13;10;0
65049;2748;351;10;13;10;0
65072;2508;351;10;13;10;0
65073;2736;351;10;13;10;0
65074;2724;351;10;13;10;0
65075;2712;351;10;13;10;0
65076;2700;351;10;13;10;0
65077;2688;351;10;13;10;0
65078;2676;351;10;13;10;0
65079;2664;351;10;13;10;0
65080;2652;351;10;13;10;0
65081;2640;351;10;13;10;0
65082;2628;351;10;13;10;0
65083;2616;351;10;13;10;0
65084;2604;351;10;13;10;0
65085;2592;351;10;13;10;0
65086;2580;351;10;13;10;0
65087;2568;351;10;13;10;0
65088;2556;351;10;13;10;0
65089;2544;351;10;13;10;0
65090;2532;351;10;13;10;0
65091;2520;351;10;13;10;0
65092;1140;351;10;13;10;0
65093;1128;351;10;13;10;0
65094;1116;351;10;13;10;0
65095;1027;351;10;13;10;0
65096;50;351;10;13;10;0
65097;38;351;10;13;10;0
65098;26;351;10;13;10;0
65099;14;351;10;13;10;0
65100;2;351;10;13;10;0
65101;4082;336;10;13;10;0
65102;4070;336;10;13;10;0
65103;4058;336;10;13;10;0
65281;4046;336;10;13;10;0
65282;4034;336;10;13;10;0
65283;4022;336;10;13;10;0
65284;4010;336;10;13;10;0
65285;3998;336;10;13;10;0
65286;3986;336;10;13;10;0
65287;3974;336;10;13;10;0
65288;3962;336;10;13;10;0
65289;3950;336;10;13;10;0
65290;3938;336;10;13;10;0
65291;3926;336;10;13;10;0
65292;62;351;10;13;10;0
65293;86;351;10;13;10;0
65294;338;351;10;13;10;0
65295;98;351;10;13;10;0
65296;326;351;10;13;10;0
65297;314;351;10;13;10;0
65298;302;351;10;13;10;0
65299;290;351;10;13;10;0
65300;278;351;10;13;10;0
65301;266;351;10;13;10;0
65302;254;351;10;13;10;0
65303;242;351;10;13;10;0
65304;230;351;10;13;10;0
65305;218;351;10;13;10;0
65306;206;351;10;13;10;0
65307;194;351;10;13;10;0
65308;182;351;10;13;10;0
65309;170;351;10;13;10;0
65310;158;351;10;13;10;0
65311;146;351;10;13;10;0
65312;134;351;10;13;10;0
65313;122;351;10;13;10;0
65314;110;351;10;13;10;0
65315;3914;336;10;13;10;0
65316;74;351;10;13;10;0
65317;3902;336;10;13;10;0
65318;3614;336;10;13;10;0
65319;3590;336;10;13;10;0
65320;3578;336;10;13;10;0
65321;3566;336;10;13;10;0
65322;3554;336;10;13;10;0
65323;3542;336;10;13;10;0
65324;3530;336;10;13;10;0
65325;3518;336;10;13;10;0
65326;3506;336;10;13;10;0
65327;3494;336;10;13;10;0
65328;3482;336;10;13;10;0
65329;3470;336;10;13;10;0
65330;3458;336;10;13;10;0
65331;3446;336;10;13;10;0
65332;3434;336;10;13;10;0
65333;3422;336;10;13;10;0
65334;3410;336;10;13;10;0
65335;3398;336;10;13;10;0
65336;3386;336;10;13;10;0
65337;3374;336;10;13;10;0
65338;3602;336;10;13;10;0
65339;3626;336;10;13;10;0
65340;3878;336;10;13;10;0
65341;3638;336;10;13;10;0
65342;3866;336;10;13;10;0
65343;3854;336;10;13;10;0
65344;3842;336;10;13;10;0
65345;3830;336;10;13;10;0
65346;3818;336;10;13;10;0
65347;3806;336;10;13;10;0
65348;3794;336;10;13;10;0
65349;3782;336;10;13;10;0
65350;3770;336;10;13;10;0
65351;3758;336;10;13;10;0
65352;3746;336;10;13;10;0
65353;3734;336;10;13;10;0
65354;3722;336;10;13;10;0
65355;3710;336;10;13;10;0
65356;3698;336;10;13;10;0
65357;3686;336;10;13;10;0
65358;3674;336;10;13;10;0
65359;3662;336;10;13;10;0
65360;3650;336;10;13;10;0
65361;3890;336;10;13;10;0
65362;350;351;10;13;10;0
65363;362;351;10;13;10;0
65364;374;351;10;13;10;0
65365;924;351;10;13;10;0
65366;912;351;10;13;10;0
65367;900;351;10;13;10;0
65368;888;351;10;13;10;0
65369;876;351;10;13;10;0
65370;864;351;10;13;10;0
65371;852;351;10;13;10;0
65372;840;351;10;13;10;0
65373;828;351;10;13;10;0
65374;816;351;10;13;10;0
65375;804;351;10;13;10;0
65376;792;351;10;13;10;0
65377;785;351;5;13;5;0
65378;778;351;5;13;5;0
65379;771;351;5;13;5;0
65380;764;351;5;13;5;0
65381;757;351;5;13;5;0
65382;750;351;5;13;5;0
65383;743;351;5;13;5;0
65384;936;351;5;13;5;0
65385;943;351;5;13;5;0
65386;950;351;5;13;5;0
65387;957;351;5;13;5;0
65388;1102;351;5;13;5;0
65389;1095;351;5;13;5;0
65390;1088;351;5;13;5;0
65391;1081;351;5;13;5;0
65392;1074;351;5;13;5;0
65393;1067;351;5;13;5;0
65394;1060;351;5;13;5;0
65395;1053;351;5;13;5;0
65396;1046;351;5;13;5;0
65397;1109;351;5;13;5;0
65398;1039;351;5;13;5;0
65399;1020;351;5;13;5;0
65400;1013;351;5;13;5;0
65401;1006;351;5;13;5;0
65402;999;351;5;13;5;0
65403;992;351;5;13;5;0
65404;985;351;5;13;5;0
65405;978;351;5;13;5;0
65406;971;351;5;13;5;0
65407;964;351;5;13;5;0
65408;736;351;5;13;5;0
65409;729;351;5;13;5;0
65410;722;351;5;13;5;0
65411;526;351;5;13;5;0
65412;512;351;5;13;5;0
65413;505;351;5;13;5;0
65414;498;351;5;13;5;0
65415;491;351;5;13;5;0
65416;484;351;5;13;5;0
65417;477;351;5;13;5;0
65418;470;351;5;13;5;0
65419;463;351;5;13;5;0
65420;456;351;5;13;5;0
65421;449;351;5;13;5;0
65422;442;351;5;13;5;0
65423;435;351;5;13;5;0
65424;428;351;5;13;5;0
65425;421;351;5;13;5;0
65426;414;351;5;13;5;0
65427;407;351;5;13;5;0
65428;400;351;5;13;5;0
65429;393;351;5;13;5;0
65430;386;351;5;13;5;0
65431;519;351;5;13;5;0
65432;533;351;5;13;5;0
65433;715;351;5;13;5;0
65434;540;351;5;13;5;0
65435;708;351;5;13;5;0
65436;701;351;5;13;5;0
65437;694;351;5;13;5;0
65438;687;351;5;13;5;0
65439;680;351;5;13;5;0
65504;668;351;10;13;10;0
65505;656;351;10;13;10;0
65506;644;351;10;13;10;0
65507;632;351;10;13;10;0
65508;620;351;10;13;10;0
65509;608;351;10;13;10;0
65510;596;351;10;13;10;0
65512;589;351;5;13;5;0
65513;582;351;5;13;5;0
65514;575;351;5;13;5;0
65515;568;351;5;13;5;0
65516;561;351;5;13;5;0
65517;554;351;5;13;5;0
65518;547;351;5;13;5;0
65532;1766;861;10;13;10;0
65533;194;1041;10;13;10;0
