"Fusion Pixel 10px Monospaced zh";10;False;False;1;0;1;1
32;2;2;5;14;5;0
33;2647;738;2;14;3;0
34;2640;738;5;14;6;0
35;2628;738;10;14;11;0
36;2620;738;6;14;7;0
37;2610;738;8;14;9;0
38;2602;738;6;14;7;0
39;2598;738;2;14;3;0
40;2593;738;3;14;4;0
41;2588;738;3;14;4;0
42;2583;738;3;14;4;0
43;2578;738;3;14;4;0
44;2574;738;2;14;3;0
45;2569;738;3;14;4;0
46;2566;738;1;14;2;0
47;2558;738;6;14;7;0
48;2550;738;6;14;7;0
49;2545;738;3;14;4;0
50;2537;738;6;14;7;0
51;2529;738;6;14;7;0
52;2651;738;6;14;7;0
53;2659;738;6;14;7;0
54;2667;738;6;14;7;0
55;2675;738;6;14;7;0
56;2818;738;6;14;7;0
57;2810;738;6;14;7;0
58;2806;738;2;14;3;0
59;2802;738;2;14;3;0
60;2796;738;4;14;5;0
61;2789;738;5;14;6;0
62;2783;738;4;14;5;0
63;2775;738;6;14;7;0
64;2767;738;6;14;7;0
65;2826;738;6;14;7;0
66;2759;738;6;14;7;0
67;2743;738;6;14;7;0
68;2735;738;6;14;7;0
69;2727;738;6;14;7;0
70;2719;738;6;14;7;0
71;2711;738;6;14;7;0
72;2703;738;6;14;7;0
73;2699;738;2;14;3;0
74;2691;738;6;14;7;0
75;2683;738;6;14;7;0
76;2521;738;6;14;7;0
77;2751;738;6;14;7;0
78;2513;738;6;14;7;0
79;2420;738;6;14;7;0
80;2310;738;6;14;7;0
81;2302;738;6;14;7;0
82;2294;738;6;14;7;0
83;2286;738;6;14;7;0
84;2278;738;6;14;7;0
85;2270;738;6;14;7;0
86;2262;738;6;14;7;0
87;2254;738;6;14;7;0
88;2246;738;6;14;7;0
89;2238;738;6;14;7;0
90;2230;738;6;14;7;0
91;2225;738;3;14;4;0
92;2217;738;6;14;7;0
93;2212;738;3;14;4;0
94;2207;738;3;14;4;0
95;2200;738;5;14;6;0
96;2196;738;2;14;3;0
97;2188;738;6;14;7;0
98;2180;738;6;14;7;0
99;2318;738;6;14;7;0
100;2326;738;6;14;7;0
101;2334;738;6;14;7;0
102;2342;738;5;14;6;0
103;2491;738;6;14;7;0
104;2483;738;6;14;7;0
105;2479;738;2;14;3;0
106;2473;738;4;14;5;0
107;2465;738;6;14;7;0
108;2460;738;3;14;4;0
109;2452;738;6;14;7;0
110;2444;738;6;14;7;0
111;2436;738;6;14;7;0
112;2499;738;6;14;7;0
113;2428;738;6;14;7;0
114;2412;738;6;14;7;0
115;2404;738;6;14;7;0
116;2397;738;5;14;6;0
117;2389;738;6;14;7;0
118;2381;738;6;14;7;0
119;2373;738;6;14;7;0
120;2365;738;6;14;7;0
121;2357;738;6;14;7;0
122;2349;738;6;14;7;0
123;2507;738;4;14;5;0
124;2841;738;1;14;2;0
125;3160;738;4;14;5;0
126;2844;738;6;14;9;0
161;3316;738;5;14;5;0
162;3309;738;5;14;5;0
163;3302;738;5;14;5;0
164;3295;738;5;14;5;0
165;3288;738;5;14;5;0
166;3281;738;5;14;5;0
167;3274;738;5;14;5;0
168;3267;738;5;14;5;0
169;3255;738;10;14;10;0
170;3248;738;5;14;5;0
171;3241;738;5;14;5;0
172;3234;738;5;14;5;0
174;3222;738;10;14;10;0
175;3215;738;5;14;5;0
176;3208;738;5;14;5;0
177;3201;738;5;14;5;0
178;3194;738;5;14;5;0
179;3187;738;5;14;5;0
180;3180;738;5;14;5;0
181;3323;738;5;14;5;0
182;3330;738;5;14;5;0
183;3337;738;10;14;10;0
184;3349;738;5;14;5;0
185;3504;738;5;14;5;0
186;3497;738;5;14;5;0
187;3490;738;5;14;5;0
188;3478;738;10;14;10;0
189;3466;738;10;14;10;0
190;3454;738;10;14;10;0
191;3447;738;5;14;5;0
192;3440;738;5;14;5;0
193;3433;738;5;14;5;0
194;3511;738;5;14;5;0
195;3426;738;5;14;5;0
196;3412;738;5;14;5;0
197;3405;738;5;14;5;0
198;3398;738;5;14;5;0
199;3391;738;5;14;5;0
200;3384;738;5;14;5;0
201;3377;738;5;14;5;0
202;3370;738;5;14;5;0
203;3363;738;5;14;5;0
204;3356;738;5;14;5;0
205;3173;738;5;14;5;0
206;3419;738;5;14;5;0
207;3166;738;5;14;5;0
208;3076;738;5;14;5;0
209;2978;738;5;14;5;0
210;2971;738;5;14;5;0
211;2964;738;5;14;5;0
212;2957;738;5;14;5;0
213;2950;738;5;14;5;0
214;2943;738;5;14;5;0
215;2936;738;5;14;5;0
216;2929;738;5;14;5;0
217;2922;738;5;14;5;0
218;2915;738;5;14;5;0
219;2908;738;5;14;5;0
220;2901;738;5;14;5;0
221;2894;738;5;14;5;0
222;2887;738;5;14;5;0
223;2880;738;5;14;5;0
224;2873;738;5;14;5;0
225;2866;738;5;14;5;0
226;2859;738;5;14;5;0
227;2852;738;5;14;5;0
228;2985;738;5;14;5;0
229;2992;738;5;14;5;0
230;2999;738;5;14;5;0
231;3006;738;5;14;5;0
232;3146;738;5;14;5;0
233;3139;738;5;14;5;0
234;3132;738;5;14;5;0
235;3125;738;5;14;5;0
236;3118;738;5;14;5;0
237;3111;738;5;14;5;0
238;3104;738;5;14;5;0
239;3097;738;5;14;5;0
240;3090;738;5;14;5;0
241;3153;738;5;14;5;0
242;3083;738;5;14;5;0
243;3069;738;5;14;5;0
244;3062;738;5;14;5;0
245;3055;738;5;14;5;0
246;3048;738;5;14;5;0
247;3041;738;5;14;5;0
248;3034;738;5;14;5;0
249;3027;738;5;14;5;0
250;3020;738;5;14;5;0
251;3013;738;5;14;5;0
252;2173;738;5;14;5;0
253;2834;738;5;14;5;0
254;2166;738;5;14;5;0
255;1347;738;5;14;5;0
256;1165;738;5;14;5;0
257;1158;738;5;14;5;0
258;1151;738;5;14;5;0
259;1144;738;5;14;5;0
262;1137;738;5;14;5;0
263;1130;738;5;14;5;0
264;1123;738;5;14;5;0
265;1116;738;5;14;5;0
266;1109;738;5;14;5;0
267;1102;738;5;14;5;0
268;1095;738;5;14;5;0
269;1088;738;5;14;5;0
272;1081;738;5;14;5;0
273;1074;738;5;14;5;0
274;1067;738;5;14;5;0
275;1060;738;5;14;5;0
276;1053;738;5;14;5;0
277;1046;738;5;14;5;0
278;1039;738;5;14;5;0
279;1172;738;5;14;5;0
282;1179;738;5;14;5;0
283;1186;738;5;14;5;0
284;1193;738;5;14;5;0
285;1333;738;5;14;5;0
286;1326;738;5;14;5;0
287;1319;738;5;14;5;0
288;1312;738;5;14;5;0
289;1305;738;5;14;5;0
296;1298;738;5;14;5;0
297;1291;738;5;14;5;0
298;1284;738;5;14;5;0
299;1277;738;5;14;5;0
300;1340;738;5;14;5;0
301;1270;738;5;14;5;0
323;1256;738;5;14;5;0
324;1249;738;5;14;5;0
327;1242;738;5;14;5;0
328;1235;738;5;14;5;0
332;1228;738;5;14;5;0
333;1221;738;5;14;5;0
334;1214;738;5;14;5;0
335;1207;738;5;14;5;0
336;1200;738;5;14;5;0
337;1032;738;5;14;5;0
340;1263;738;5;14;5;0
341;1025;738;5;14;5;0
360;934;738;5;14;5;0
361;836;738;5;14;5;0
362;829;738;5;14;5;0
363;822;738;5;14;5;0
364;815;738;5;14;5;0
365;808;738;5;14;5;0
368;801;738;5;14;5;0
369;794;738;5;14;5;0
372;787;738;5;14;5;0
373;780;738;5;14;5;0
374;773;738;5;14;5;0
375;766;738;5;14;5;0
376;759;738;5;14;5;0
377;752;738;5;14;5;0
378;745;738;5;14;5;0
379;738;738;5;14;5;0
380;731;738;5;14;5;0
381;724;738;5;14;5;0
382;717;738;5;14;5;0
402;710;738;5;14;5;0
461;843;738;5;14;5;0
462;850;738;5;14;5;0
463;857;738;5;14;5;0
464;864;738;5;14;5;0
465;1004;738;5;14;5;0
466;997;738;5;14;5;0
467;990;738;5;14;5;0
468;983;738;5;14;5;0
469;976;738;5;14;5;0
470;969;738;5;14;5;0
471;962;738;5;14;5;0
472;955;738;5;14;5;0
473;948;738;5;14;5;0
474;1011;738;5;14;5;0
475;941;738;5;14;5;0
476;927;738;5;14;5;0
477;920;738;5;14;5;0
478;913;738;5;14;5;0
479;906;738;5;14;5;0
480;899;738;5;14;5;0
481;892;738;5;14;5;0
482;885;738;5;14;5;0
483;878;738;5;14;5;0
504;871;738;5;14;5;0
505;1018;738;5;14;5;0
508;1354;738;5;14;5;0
509;1721;738;5;14;5;0
542;1361;738;5;14;5;0
543;1912;738;5;14;5;0
562;1905;738;5;14;5;0
563;1898;738;5;14;5;0
601;1890;738;6;14;7;0
937;1881;738;7;14;8;0
967;1873;738;6;14;7;0
8208;1861;738;10;14;10;0
8209;1854;738;5;14;5;0
8210;1847;738;5;14;5;0
8211;1840;738;5;14;5;0
8212;1828;738;10;14;10;0
8213;1816;738;10;14;10;0
8214;1804;738;10;14;10;0
8215;1792;738;10;14;10;0
8216;1780;738;10;14;10;0
8217;1768;738;10;14;10;0
8218;1761;738;5;14;5;0
8219;1754;738;5;14;5;0
8220;1742;738;10;14;10;0
8221;1919;738;10;14;10;0
8222;1931;738;5;14;5;0
8223;1938;738;5;14;5;0
8224;1945;738;10;14;10;0
8225;2135;738;10;14;10;0
8226;2123;738;10;14;10;0
8227;2111;738;10;14;10;0
8228;2099;738;10;14;10;0
8229;2087;738;10;14;10;0
8230;2075;738;10;14;10;0
8231;2063;738;10;14;10;0
8240;2051;738;10;14;10;0
8241;2039;738;10;14;10;0
8242;2147;738;5;14;5;0
8243;2032;738;5;14;5;0
8251;2013;738;10;14;10;0
8254;2006;738;5;14;5;0
8267;1999;738;5;14;5;0
8268;1992;738;5;14;5;0
8269;1985;738;5;14;5;0
8304;1978;738;5;14;5;0
8305;1971;738;5;14;5;0
8308;1964;738;5;14;5;0
8309;1957;738;5;14;5;0
8310;1735;738;5;14;5;0
8311;2025;738;5;14;5;0
8312;1728;738;5;14;5;0
8313;1637;738;5;14;5;0
8314;1494;738;5;14;5;0
8315;1487;738;5;14;5;0
8316;1480;738;5;14;5;0
8317;1473;738;5;14;5;0
8318;1466;738;5;14;5;0
8319;1459;738;5;14;5;0
8320;1452;738;5;14;5;0
8321;1445;738;5;14;5;0
8322;1438;738;5;14;5;0
8323;1431;738;5;14;5;0
8324;1424;738;5;14;5;0
8325;1417;738;5;14;5;0
8326;1410;738;5;14;5;0
8327;1403;738;5;14;5;0
8328;1396;738;5;14;5;0
8329;1389;738;5;14;5;0
8330;1382;738;5;14;5;0
8331;1375;738;5;14;5;0
8332;1368;738;5;14;5;0
8333;1501;738;5;14;5;0
8334;1508;738;5;14;5;0
8336;1515;738;5;14;5;0
8337;1522;738;5;14;5;0
8338;1707;738;5;14;5;0
8339;1700;738;5;14;5;0
8340;1693;738;5;14;5;0
8341;1686;738;5;14;5;0
8342;1679;738;5;14;5;0
8343;1672;738;5;14;5;0
8344;1665;738;5;14;5;0
8345;1658;738;5;14;5;0
8346;1651;738;5;14;5;0
8347;1714;738;5;14;5;0
8348;1644;738;5;14;5;0
8451;1625;738;10;14;10;0
8457;1613;738;10;14;10;0
8470;1601;738;10;14;10;0
8482;1589;738;10;14;10;0
8486;1577;738;10;14;10;0
8487;1565;738;10;14;10;0
8490;1553;738;10;14;10;0
8491;1541;738;10;14;10;0
8494;1529;738;10;14;10;0
8528;2154;738;10;14;10;0
8529;3530;738;10;14;10;0
8530;1682;754;10;14;10;0
8531;3542;738;10;14;10;0
8532;2498;754;10;14;10;0
8533;2486;754;10;14;10;0
8534;2474;754;10;14;10;0
8535;2462;754;10;14;10;0
8536;2450;754;10;14;10;0
8537;2438;754;10;14;10;0
8538;2426;754;10;14;10;0
8539;2414;754;10;14;10;0
8540;2402;754;10;14;10;0
8541;2390;754;10;14;10;0
8542;2378;754;10;14;10;0
8543;2366;754;10;14;10;0
8544;2354;754;10;14;10;0
8545;2342;754;10;14;10;0
8546;2330;754;10;14;10;0
8547;2318;754;10;14;10;0
8548;2306;754;10;14;10;0
8549;2294;754;10;14;10;0
8550;2282;754;10;14;10;0
8551;2510;754;10;14;10;0
8552;2522;754;10;14;10;0
8553;2534;754;10;14;10;0
8554;2546;754;10;14;10;0
8555;2786;754;10;14;10;0
8556;2774;754;10;14;10;0
8557;2762;754;10;14;10;0
8558;2750;754;10;14;10;0
8559;2738;754;10;14;10;0
8560;2726;754;10;14;10;0
8561;2714;754;10;14;10;0
8562;2702;754;10;14;10;0
8563;2690;754;10;14;10;0
8564;2798;754;10;14;10;0
8565;2678;754;10;14;10;0
8566;2654;754;10;14;10;0
8567;2642;754;10;14;10;0
8568;2630;754;10;14;10;0
8569;2618;754;10;14;10;0
8570;2606;754;10;14;10;0
8571;2594;754;10;14;10;0
8572;2582;754;10;14;10;0
8573;2570;754;10;14;10;0
8574;2558;754;10;14;10;0
8575;2270;754;10;14;10;0
8576;2666;754;10;14;10;0
8577;2258;754;10;14;10;0
8578;2102;754;10;14;10;0
8579;1934;754;10;14;10;0
8580;1922;754;10;14;10;0
8581;1910;754;10;14;10;0
8582;1898;754;10;14;10;0
8583;1886;754;10;14;10;0
8584;1874;754;10;14;10;0
8585;1862;754;10;14;10;0
8586;1850;754;10;14;10;0
8587;1838;754;10;14;10;0
8592;1826;754;10;14;10;0
8593;1814;754;10;14;10;0
8594;1802;754;10;14;10;0
8595;1790;754;10;14;10;0
8596;1778;754;10;14;10;0
8597;1766;754;10;14;10;0
8598;1754;754;10;14;10;0
8599;1742;754;10;14;10;0
8600;1730;754;10;14;10;0
8601;1718;754;10;14;10;0
8602;1946;754;10;14;10;0
8603;1958;754;10;14;10;0
8604;1970;754;10;14;10;0
8605;1982;754;10;14;10;0
8606;2222;754;10;14;10;0
8607;2210;754;10;14;10;0
8608;2198;754;10;14;10;0
8609;2186;754;10;14;10;0
8610;2174;754;10;14;10;0
8611;2162;754;10;14;10;0
8612;2150;754;10;14;10;0
8613;2138;754;10;14;10;0
8614;2126;754;10;14;10;0
8615;2234;754;10;14;10;0
8616;2114;754;10;14;10;0
8617;2090;754;10;14;10;0
8618;2078;754;10;14;10;0
8619;2066;754;10;14;10;0
8620;2054;754;10;14;10;0
8621;2042;754;10;14;10;0
8622;2030;754;10;14;10;0
8623;2018;754;10;14;10;0
8624;2006;754;10;14;10;0
8625;1994;754;10;14;10;0
8626;2246;754;10;14;10;0
8627;2822;754;10;14;10;0
8628;3370;754;10;14;10;0
8629;2834;754;10;14;10;0
8630;3622;754;10;14;10;0
8631;3610;754;10;14;10;0
8632;3598;754;10;14;10;0
8633;3586;754;10;14;10;0
8634;3574;754;10;14;10;0
8635;3562;754;10;14;10;0
8636;3550;754;10;14;10;0
8637;3538;754;10;14;10;0
8638;3526;754;10;14;10;0
8639;3514;754;10;14;10;0
8640;3502;754;10;14;10;0
8641;3490;754;10;14;10;0
8642;3478;754;10;14;10;0
8643;3466;754;10;14;10;0
8644;3454;754;10;14;10;0
8645;3442;754;10;14;10;0
8646;3430;754;10;14;10;0
8647;3418;754;10;14;10;0
8648;3406;754;10;14;10;0
8649;3634;754;10;14;10;0
8650;3646;754;10;14;10;0
8651;3658;754;10;14;10;0
8652;3670;754;10;14;10;0
8653;3910;754;10;14;10;0
8654;3898;754;10;14;10;0
8655;3886;754;10;14;10;0
8656;3874;754;10;14;10;0
8657;3862;754;10;14;10;0
8658;3850;754;10;14;10;0
8659;3838;754;10;14;10;0
8660;3826;754;10;14;10;0
8661;3814;754;10;14;10;0
8662;3922;754;10;14;10;0
8663;3802;754;10;14;10;0
8664;3778;754;10;14;10;0
8665;3766;754;10;14;10;0
8666;3754;754;10;14;10;0
8667;3742;754;10;14;10;0
8668;3730;754;10;14;10;0
8669;3718;754;10;14;10;0
8670;3706;754;10;14;10;0
8671;3694;754;10;14;10;0
8672;3682;754;10;14;10;0
8673;3394;754;10;14;10;0
8674;3790;754;10;14;10;0
8675;3382;754;10;14;10;0
8676;3230;754;10;14;10;0
8677;3062;754;10;14;10;0
8678;3050;754;10;14;10;0
8679;3038;754;10;14;10;0
8680;3026;754;10;14;10;0
8681;3014;754;10;14;10;0
8682;3002;754;10;14;10;0
8683;2990;754;10;14;10;0
8684;2978;754;10;14;10;0
8685;2966;754;10;14;10;0
8686;2954;754;10;14;10;0
8687;2942;754;10;14;10;0
8688;2930;754;10;14;10;0
8689;2918;754;10;14;10;0
8690;2906;754;10;14;10;0
8691;2894;754;10;14;10;0
8692;2882;754;10;14;10;0
8693;2870;754;10;14;10;0
8694;2858;754;10;14;10;0
8695;2846;754;10;14;10;0
8696;3074;754;10;14;10;0
8697;3086;754;10;14;10;0
8698;3098;754;10;14;10;0
8699;3110;754;10;14;10;0
8700;3346;754;10;14;10;0
8701;3334;754;10;14;10;0
8702;3322;754;10;14;10;0
8703;3310;754;10;14;10;0
8704;3302;754;6;14;7;0
8972;3290;754;10;14;10;0
8973;3278;754;10;14;10;0
8974;3266;754;10;14;10;0
8975;3254;754;10;14;10;0
8976;3358;754;10;14;10;0
8977;3242;754;10;14;10;0
8978;3218;754;10;14;10;0
8979;3206;754;10;14;10;0
8980;3194;754;10;14;10;0
8981;3182;754;10;14;10;0
8982;3170;754;10;14;10;0
8983;3158;754;10;14;10;0
8984;3146;754;10;14;10;0
8985;3134;754;10;14;10;0
8986;3122;754;10;14;10;0
8987;1706;754;10;14;10;0
8988;2810;754;10;14;10;0
8989;1694;754;10;14;10;0
8990;554;754;10;14;10;0
8991;242;754;10;14;10;0
9166;230;754;10;14;10;0
9167;218;754;10;14;10;0
9192;206;754;10;14;10;0
9193;194;754;10;14;10;0
9194;182;754;10;14;10;0
9195;170;754;10;14;10;0
9196;158;754;10;14;10;0
9197;146;754;10;14;10;0
9198;134;754;10;14;10;0
9199;122;754;10;14;10;0
9203;110;754;10;14;10;0
9204;98;754;10;14;10;0
9205;86;754;10;14;10;0
9206;74;754;10;14;10;0
9207;62;754;10;14;10;0
9208;50;754;10;14;10;0
9209;38;754;10;14;10;0
9210;26;754;10;14;10;0
9211;254;754;10;14;10;0
9212;266;754;10;14;10;0
9213;278;754;10;14;10;0
9214;290;754;10;14;10;0
9215;530;754;10;14;10;0
9312;518;754;10;14;10;0
9313;506;754;10;14;10;0
9314;494;754;10;14;10;0
9315;482;754;10;14;10;0
9316;470;754;10;14;10;0
9317;458;754;10;14;10;0
9318;446;754;10;14;10;0
9319;434;754;10;14;10;0
9320;542;754;10;14;10;0
9321;422;754;10;14;10;0
9322;398;754;10;14;10;0
9323;386;754;10;14;10;0
9324;374;754;10;14;10;0
9325;362;754;10;14;10;0
9326;350;754;10;14;10;0
9327;338;754;10;14;10;0
9328;326;754;10;14;10;0
9329;314;754;10;14;10;0
9330;302;754;10;14;10;0
9331;14;754;10;14;10;0
9332;410;754;10;14;10;0
9333;2;754;10;14;10;0
9334;3938;738;10;14;10;0
9335;3770;738;10;14;10;0
9336;3758;738;10;14;10;0
9337;3746;738;10;14;10;0
9338;3734;738;10;14;10;0
9339;3722;738;10;14;10;0
9340;3710;738;10;14;10;0
9341;3698;738;10;14;10;0
9342;3686;738;10;14;10;0
9343;3674;738;10;14;10;0
9344;3662;738;10;14;10;0
9345;3650;738;10;14;10;0
9346;3638;738;10;14;10;0
9347;3626;738;10;14;10;0
9348;3614;738;10;14;10;0
9349;3602;738;10;14;10;0
9350;3590;738;10;14;10;0
9351;3578;738;10;14;10;0
9352;3566;738;10;14;10;0
9353;3554;738;10;14;10;0
9354;3782;738;10;14;10;0
9355;3794;738;10;14;10;0
9356;3806;738;10;14;10;0
9357;3818;738;10;14;10;0
9358;4058;738;10;14;10;0
9359;4046;738;10;14;10;0
9360;4034;738;10;14;10;0
9361;4022;738;10;14;10;0
9362;4010;738;10;14;10;0
9363;3998;738;10;14;10;0
9364;3986;738;10;14;10;0
9365;3974;738;10;14;10;0
9366;3962;738;10;14;10;0
9367;4070;738;10;14;10;0
9368;3950;738;10;14;10;0
9369;3926;738;10;14;10;0
9370;3914;738;10;14;10;0
9371;3902;738;10;14;10;0
9372;3890;738;10;14;10;0
9373;3878;738;10;14;10;0
9374;3866;738;10;14;10;0
9375;3854;738;10;14;10;0
9376;3842;738;10;14;10;0
9377;3830;738;10;14;10;0
9378;4082;738;10;14;10;0
9379;566;754;10;14;10;0
9380;1118;754;10;14;10;0
9381;578;754;10;14;10;0
9382;1370;754;10;14;10;0
9383;1358;754;10;14;10;0
9384;1346;754;10;14;10;0
9385;1334;754;10;14;10;0
9386;1322;754;10;14;10;0
9387;1310;754;10;14;10;0
9388;1298;754;10;14;10;0
9389;1286;754;10;14;10;0
9390;1274;754;10;14;10;0
9391;1262;754;10;14;10;0
9392;1250;754;10;14;10;0
9393;1238;754;10;14;10;0
9394;1226;754;10;14;10;0
9395;1214;754;10;14;10;0
9396;1202;754;10;14;10;0
9397;1190;754;10;14;10;0
9398;1178;754;10;14;10;0
9399;1166;754;10;14;10;0
9400;1154;754;10;14;10;0
9401;1382;754;10;14;10;0
9402;1394;754;10;14;10;0
9403;1406;754;10;14;10;0
9404;1418;754;10;14;10;0
9405;1658;754;10;14;10;0
9406;1646;754;10;14;10;0
9407;1634;754;10;14;10;0
9408;1622;754;10;14;10;0
9409;1610;754;10;14;10;0
9410;1598;754;10;14;10;0
9411;1586;754;10;14;10;0
9412;1574;754;10;14;10;0
9413;1562;754;10;14;10;0
9414;1670;754;10;14;10;0
9415;1550;754;10;14;10;0
9416;1526;754;10;14;10;0
9417;1514;754;10;14;10;0
9418;1502;754;10;14;10;0
9419;1490;754;10;14;10;0
9420;1478;754;10;14;10;0
9421;1466;754;10;14;10;0
9422;1454;754;10;14;10;0
9423;1442;754;10;14;10;0
9424;1430;754;10;14;10;0
9425;1142;754;10;14;10;0
9426;1538;754;10;14;10;0
9427;1130;754;10;14;10;0
9428;974;754;10;14;10;0
9429;806;754;10;14;10;0
9430;794;754;10;14;10;0
9431;782;754;10;14;10;0
9432;770;754;10;14;10;0
9433;758;754;10;14;10;0
9434;746;754;10;14;10;0
9435;734;754;10;14;10;0
9436;722;754;10;14;10;0
9437;710;754;10;14;10;0
9438;698;754;10;14;10;0
9439;686;754;10;14;10;0
9440;674;754;10;14;10;0
9441;662;754;10;14;10;0
9442;650;754;10;14;10;0
9443;638;754;10;14;10;0
9444;626;754;10;14;10;0
9445;614;754;10;14;10;0
9446;602;754;10;14;10;0
9447;590;754;10;14;10;0
9448;818;754;10;14;10;0
9449;830;754;10;14;10;0
9450;842;754;10;14;10;0
9451;854;754;10;14;10;0
9452;1094;754;10;14;10;0
9453;1082;754;10;14;10;0
9454;1070;754;10;14;10;0
9455;1058;754;10;14;10;0
9456;1046;754;10;14;10;0
9457;1034;754;10;14;10;0
9458;1022;754;10;14;10;0
9459;1010;754;10;14;10;0
9460;998;754;10;14;10;0
9461;1106;754;10;14;10;0
9462;986;754;10;14;10;0
9463;962;754;10;14;10;0
9464;950;754;10;14;10;0
9465;938;754;10;14;10;0
9466;926;754;10;14;10;0
9467;914;754;10;14;10;0
9468;902;754;10;14;10;0
9469;890;754;10;14;10;0
9470;878;754;10;14;10;0
9471;866;754;10;14;10;0
9472;698;738;10;14;10;0
9473;686;738;10;14;10;0
9474;674;738;10;14;10;0
9475;2510;722;10;14;10;0
9476;2906;706;10;14;10;0
9477;2894;706;10;14;10;0
9478;2882;706;10;14;10;0
9479;2870;706;10;14;10;0
9480;2858;706;10;14;10;0
9481;2846;706;10;14;10;0
9482;2834;706;10;14;10;0
9483;2822;706;10;14;10;0
9484;2810;706;10;14;10;0
9485;2798;706;10;14;10;0
9486;2786;706;10;14;10;0
9487;2774;706;10;14;10;0
9488;2762;706;10;14;10;0
9489;2750;706;10;14;10;0
9490;2738;706;10;14;10;0
9491;2726;706;10;14;10;0
9492;2714;706;10;14;10;0
9493;2702;706;10;14;10;0
9494;2690;706;10;14;10;0
9495;2918;706;10;14;10;0
9496;2930;706;10;14;10;0
9497;2942;706;10;14;10;0
9498;2954;706;10;14;10;0
9499;3194;706;10;14;10;0
9500;3182;706;10;14;10;0
9501;3170;706;10;14;10;0
9502;3158;706;10;14;10;0
9503;3146;706;10;14;10;0
9504;3134;706;10;14;10;0
9505;3122;706;10;14;10;0
9506;3110;706;10;14;10;0
9507;3098;706;10;14;10;0
9508;3206;706;10;14;10;0
9509;3086;706;10;14;10;0
9510;3062;706;10;14;10;0
9511;3050;706;10;14;10;0
9512;3038;706;10;14;10;0
9513;3026;706;10;14;10;0
9514;3014;706;10;14;10;0
9515;3002;706;10;14;10;0
9516;2990;706;10;14;10;0
9517;2978;706;10;14;10;0
9518;2966;706;10;14;10;0
9519;2678;706;10;14;10;0
9520;3074;706;10;14;10;0
9521;2666;706;10;14;10;0
9522;2510;706;10;14;10;0
9523;2342;706;10;14;10;0
9524;2330;706;10;14;10;0
9525;2318;706;10;14;10;0
9526;2306;706;10;14;10;0
9527;2294;706;10;14;10;0
9528;2282;706;10;14;10;0
9529;2270;706;10;14;10;0
9530;2258;706;10;14;10;0
9531;2246;706;10;14;10;0
9532;2234;706;10;14;10;0
9533;2222;706;10;14;10;0
9534;2210;706;10;14;10;0
9535;2198;706;10;14;10;0
9536;2186;706;10;14;10;0
9537;2174;706;10;14;10;0
9538;2162;706;10;14;10;0
9539;2150;706;10;14;10;0
9540;2138;706;10;14;10;0
9541;2126;706;10;14;10;0
9542;2354;706;10;14;10;0
9543;2366;706;10;14;10;0
9544;2378;706;10;14;10;0
9545;2390;706;10;14;10;0
9546;2630;706;10;14;10;0
9547;2618;706;10;14;10;0
9548;2606;706;10;14;10;0
9549;2594;706;10;14;10;0
9550;2582;706;10;14;10;0
9551;2570;706;10;14;10;0
9552;2558;706;10;14;10;0
9553;2546;706;10;14;10;0
9554;2534;706;10;14;10;0
9555;2642;706;10;14;10;0
9556;2522;706;10;14;10;0
9557;2498;706;10;14;10;0
9558;2486;706;10;14;10;0
9559;2474;706;10;14;10;0
9560;2462;706;10;14;10;0
9561;2450;706;10;14;10;0
9562;2438;706;10;14;10;0
9563;2426;706;10;14;10;0
9564;2414;706;10;14;10;0
9565;2402;706;10;14;10;0
9566;2654;706;10;14;10;0
9567;3230;706;10;14;10;0
9568;3782;706;10;14;10;0
9569;3242;706;10;14;10;0
9570;4034;706;10;14;10;0
9571;4022;706;10;14;10;0
9572;4010;706;10;14;10;0
9573;3998;706;10;14;10;0
9574;3986;706;10;14;10;0
9575;3974;706;10;14;10;0
9576;3962;706;10;14;10;0
9577;3950;706;10;14;10;0
9578;3938;706;10;14;10;0
9579;3926;706;10;14;10;0
9580;3914;706;10;14;10;0
9581;3902;706;10;14;10;0
9582;3890;706;10;14;10;0
9583;3878;706;10;14;10;0
9584;3866;706;10;14;10;0
9585;3854;706;10;14;10;0
9586;3842;706;10;14;10;0
9587;3830;706;10;14;10;0
9588;3818;706;10;14;10;0
9589;4046;706;10;14;10;0
9590;4058;706;10;14;10;0
9591;4070;706;10;14;10;0
9592;4082;706;10;14;10;0
9593;230;722;10;14;10;0
9594;218;722;10;14;10;0
9595;206;722;10;14;10;0
9596;194;722;10;14;10;0
9597;182;722;10;14;10;0
9598;170;722;10;14;10;0
9599;158;722;10;14;10;0
9600;146;722;10;14;10;0
9601;134;722;10;14;10;0
9602;242;722;10;14;10;0
9603;122;722;10;14;10;0
9604;98;722;10;14;10;0
9605;86;722;10;14;10;0
9606;74;722;10;14;10;0
9607;62;722;10;14;10;0
9608;50;722;10;14;10;0
9609;38;722;10;14;10;0
9610;26;722;10;14;10;0
9611;14;722;10;14;10;0
9612;2;722;10;14;10;0
9613;3806;706;10;14;10;0
9614;110;722;10;14;10;0
9615;3794;706;10;14;10;0
9616;3638;706;10;14;10;0
9617;3470;706;10;14;10;0
9618;3458;706;10;14;10;0
9619;3446;706;10;14;10;0
9620;3434;706;10;14;10;0
9621;3422;706;10;14;10;0
9622;3410;706;10;14;10;0
9623;3398;706;10;14;10;0
9624;3386;706;10;14;10;0
9625;3374;706;10;14;10;0
9626;3362;706;10;14;10;0
9627;3350;706;10;14;10;0
9628;3338;706;10;14;10;0
9629;3326;706;10;14;10;0
9630;3314;706;10;14;10;0
9631;3302;706;10;14;10;0
9632;3290;706;10;14;10;0
9633;3278;706;10;14;10;0
9634;3266;706;10;14;10;0
9635;3254;706;10;14;10;0
9636;3482;706;10;14;10;0
9637;3494;706;10;14;10;0
9638;3506;706;10;14;10;0
9639;3518;706;10;14;10;0
9640;3758;706;10;14;10;0
9641;3746;706;10;14;10;0
9642;3734;706;10;14;10;0
9643;3722;706;10;14;10;0
9644;3710;706;10;14;10;0
9645;3698;706;10;14;10;0
9646;3686;706;10;14;10;0
9647;3674;706;10;14;10;0
9648;3662;706;10;14;10;0
9649;3770;706;10;14;10;0
9650;3650;706;10;14;10;0
9651;3626;706;10;14;10;0
9652;3614;706;10;14;10;0
9653;3602;706;10;14;10;0
9654;3590;706;10;14;10;0
9655;3578;706;10;14;10;0
9656;3566;706;10;14;10;0
9657;3554;706;10;14;10;0
9658;3542;706;10;14;10;0
9659;3530;706;10;14;10;0
9660;2114;706;10;14;10;0
9661;2102;706;10;14;10;0
9662;2090;706;10;14;10;0
9663;1526;706;10;14;10;0
9664;650;706;10;14;10;0
9665;638;706;10;14;10;0
9666;626;706;10;14;10;0
9667;614;706;10;14;10;0
9668;602;706;10;14;10;0
9669;590;706;10;14;10;0
9670;578;706;10;14;10;0
9671;566;706;10;14;10;0
9672;554;706;10;14;10;0
9673;542;706;10;14;10;0
9674;530;706;10;14;10;0
9675;518;706;10;14;10;0
9676;506;706;10;14;10;0
9677;494;706;10;14;10;0
9678;482;706;10;14;10;0
9679;470;706;10;14;10;0
9680;458;706;10;14;10;0
9681;446;706;10;14;10;0
9682;434;706;10;14;10;0
9683;662;706;10;14;10;0
9684;674;706;10;14;10;0
9685;686;706;10;14;10;0
9686;698;706;10;14;10;0
9687;938;706;10;14;10;0
9688;926;706;10;14;10;0
9689;914;706;10;14;10;0
9690;902;706;10;14;10;0
9691;890;706;10;14;10;0
9692;878;706;10;14;10;0
9693;866;706;10;14;10;0
9694;854;706;10;14;10;0
9695;842;706;10;14;10;0
9696;950;706;10;14;10;0
9697;830;706;10;14;10;0
9698;806;706;10;14;10;0
9699;794;706;10;14;10;0
9700;782;706;10;14;10;0
9701;770;706;10;14;10;0
9702;758;706;10;14;10;0
9703;746;706;10;14;10;0
9704;734;706;10;14;10;0
9705;722;706;10;14;10;0
9706;710;706;10;14;10;0
9707;422;706;10;14;10;0
9708;410;706;10;14;10;0
9709;398;706;10;14;10;0
9710;122;706;10;14;10;0
9711;98;706;10;14;10;0
9712;86;706;10;14;10;0
9713;74;706;10;14;10;0
9714;62;706;10;14;10;0
9715;50;706;10;14;10;0
9716;38;706;10;14;10;0
9717;26;706;10;14;10;0
9718;14;706;10;14;10;0
9719;2;706;10;14;10;0
9720;4082;690;10;14;10;0
9721;4070;690;10;14;10;0
9722;4058;690;10;14;10;0
9723;4046;690;10;14;10;0
9724;4034;690;10;14;10;0
9725;4022;690;10;14;10;0
9726;4010;690;10;14;10;0
9727;3998;690;10;14;10;0
9728;3986;690;10;14;10;0
9729;3974;690;10;14;10;0
9730;110;706;10;14;10;0
9731;134;706;10;14;10;0
9732;386;706;10;14;10;0
9733;146;706;10;14;10;0
9734;374;706;10;14;10;0
9735;362;706;10;14;10;0
9736;350;706;10;14;10;0
9737;338;706;10;14;10;0
9738;326;706;10;14;10;0
9739;314;706;10;14;10;0
9740;302;706;10;14;10;0
9741;290;706;10;14;10;0
9742;278;706;10;14;10;0
9743;266;706;10;14;10;0
9744;254;706;10;14;10;0
9745;242;706;10;14;10;0
9746;230;706;10;14;10;0
9747;218;706;10;14;10;0
9748;206;706;10;14;10;0
9750;194;706;10;14;10;0
9751;182;706;10;14;10;0
9756;170;706;10;14;10;0
9757;158;706;10;14;10;0
9758;818;706;10;14;10;0
9759;962;706;10;14;10;0
9760;974;706;10;14;10;0
9770;986;706;10;14;10;0
9771;1778;706;10;14;10;0
9772;1766;706;10;14;10;0
9773;1754;706;10;14;10;0
9774;1742;706;10;14;10;0
9775;1730;706;10;14;10;0
9776;1718;706;10;14;10;0
9777;1706;706;10;14;10;0
9778;1694;706;10;14;10;0
9779;1682;706;10;14;10;0
9780;1670;706;10;14;10;0
9781;1658;706;10;14;10;0
9782;1646;706;10;14;10;0
9783;1634;706;10;14;10;0
9784;1622;706;10;14;10;0
9785;1610;706;10;14;10;0
9786;1598;706;10;14;10;0
9787;1586;706;10;14;10;0
9788;1574;706;10;14;10;0
9789;1562;706;10;14;10;0
9790;1790;706;10;14;10;0
9792;1802;706;10;14;10;0
9793;1814;706;10;14;10;0
9794;1826;706;10;14;10;0
9800;2066;706;10;14;10;0
9801;2054;706;10;14;10;0
9802;2042;706;10;14;10;0
9803;2030;706;10;14;10;0
9804;2018;706;10;14;10;0
9805;2006;706;10;14;10;0
9806;1994;706;10;14;10;0
9807;1982;706;10;14;10;0
9808;1970;706;10;14;10;0
9809;2078;706;10;14;10;0
9810;1958;706;10;14;10;0
9811;1934;706;10;14;10;0
9812;1922;706;10;14;10;0
9813;1910;706;10;14;10;0
9814;1898;706;10;14;10;0
9815;1886;706;10;14;10;0
9816;1874;706;10;14;10;0
9817;1862;706;10;14;10;0
9818;1850;706;10;14;10;0
9819;1838;706;10;14;10;0
9820;1550;706;10;14;10;0
9821;1946;706;10;14;10;0
9822;1538;706;10;14;10;0
9823;1382;706;10;14;10;0
9824;1214;706;10;14;10;0
9825;1202;706;10;14;10;0
9826;1190;706;10;14;10;0
9827;1178;706;10;14;10;0
9828;1166;706;10;14;10;0
9829;1154;706;10;14;10;0
9830;1142;706;10;14;10;0
9831;1130;706;10;14;10;0
9832;1118;706;10;14;10;0
9833;1106;706;10;14;10;0
9834;1094;706;10;14;10;0
9835;1082;706;10;14;10;0
9836;1070;706;10;14;10;0
9837;1058;706;10;14;10;0
9838;1046;706;10;14;10;0
9839;1034;706;10;14;10;0
9856;1022;706;10;14;10;0
9857;1010;706;10;14;10;0
9858;998;706;10;14;10;0
9859;1226;706;10;14;10;0
9860;1238;706;10;14;10;0
9861;1250;706;10;14;10;0
9862;1262;706;10;14;10;0
9863;1502;706;10;14;10;0
9864;1490;706;10;14;10;0
9865;1478;706;10;14;10;0
9866;1466;706;10;14;10;0
9867;1454;706;10;14;10;0
9868;1442;706;10;14;10;0
9869;1430;706;10;14;10;0
9870;1418;706;10;14;10;0
9871;1406;706;10;14;10;0
9872;1514;706;10;14;10;0
9873;1394;706;10;14;10;0
9875;1370;706;10;14;10;0
9876;1358;706;10;14;10;0
9877;1346;706;10;14;10;0
9880;1334;706;10;14;10;0
9881;1322;706;10;14;10;0
9882;1310;706;10;14;10;0
9898;1298;706;10;14;10;0
9899;1286;706;10;14;10;0
9900;1274;706;10;14;10;0
9924;3218;706;10;14;10;0
9925;254;722;10;14;10;0
9926;266;722;10;14;10;0
9927;278;722;10;14;10;0
9928;3326;722;10;14;10;0
9929;3314;722;10;14;10;0
9930;3302;722;10;14;10;0
9931;3290;722;10;14;10;0
9939;3278;722;10;14;10;0
9954;3266;722;10;14;10;0
9960;3254;722;10;14;10;0
9961;3242;722;10;14;10;0
9962;3230;722;10;14;10;0
9963;3218;722;10;14;10;0
9964;3206;722;10;14;10;0
9969;3194;722;10;14;10;0
9970;3182;722;10;14;10;0
9973;3170;722;10;14;10;0
9974;3158;722;10;14;10;0
9980;3146;722;10;14;10;0
9981;3134;722;10;14;10;0
9983;3122;722;10;14;10;0
9992;3110;722;10;14;10;0
9993;3338;722;10;14;10;0
10102;3350;722;10;14;10;0
10103;3362;722;10;14;10;0
10104;3374;722;10;14;10;0
10105;3614;722;10;14;10;0
10106;3602;722;10;14;10;0
10107;3590;722;10;14;10;0
10108;3578;722;10;14;10;0
10109;3566;722;10;14;10;0
10110;3554;722;10;14;10;0
10111;3542;722;10;14;10;0
10112;3530;722;10;14;10;0
10113;3518;722;10;14;10;0
10114;3626;722;10;14;10;0
10115;3506;722;10;14;10;0
10116;3482;722;10;14;10;0
10117;3470;722;10;14;10;0
10118;3458;722;10;14;10;0
10119;3446;722;10;14;10;0
10120;3434;722;10;14;10;0
10121;3422;722;10;14;10;0
10122;3410;722;10;14;10;0
10123;3398;722;10;14;10;0
10124;3386;722;10;14;10;0
10125;3098;722;10;14;10;0
10126;3494;722;10;14;10;0
10127;3086;722;10;14;10;0
10128;2930;722;10;14;10;0
10129;2762;722;10;14;10;0
10130;2750;722;10;14;10;0
10131;2738;722;10;14;10;0
11906;2726;722;10;14;10;0
11907;2714;722;10;14;10;0
11909;2702;722;10;14;10;0
11913;2690;722;10;14;10;0
11918;2678;722;10;14;10;0
11920;2666;722;10;14;10;0
11922;2654;722;10;14;10;0
11923;2642;722;10;14;10;0
11924;2630;722;10;14;10;0
11925;2618;722;10;14;10;0
11926;2606;722;10;14;10;0
11928;2594;722;10;14;10;0
11929;2582;722;10;14;10;0
11931;2570;722;10;14;10;0
11935;2558;722;10;14;10;0
11936;2546;722;10;14;10;0
11937;2774;722;10;14;10;0
11966;2786;722;10;14;10;0
11967;2798;722;10;14;10;0
11969;2810;722;10;14;10;0
11972;3050;722;10;14;10;0
11973;3038;722;10;14;10;0
11974;3026;722;10;14;10;0
11976;3014;722;10;14;10;0
11977;3002;722;10;14;10;0
11979;2990;722;10;14;10;0
11980;2978;722;10;14;10;0
11981;2966;722;10;14;10;0
11982;2954;722;10;14;10;0
11984;3062;722;10;14;10;0
11985;2942;722;10;14;10;0
11987;2918;722;10;14;10;0
11988;2906;722;10;14;10;0
11992;2894;722;10;14;10;0
11993;2882;722;10;14;10;0
11994;2870;722;10;14;10;0
11995;2858;722;10;14;10;0
11996;2846;722;10;14;10;0
11997;2834;722;10;14;10;0
12002;2822;722;10;14;10;0
12003;3074;722;10;14;10;0
12004;3650;722;10;14;10;0
12005;110;738;10;14;10;0
12006;3662;722;10;14;10;0
12007;362;738;10;14;10;0
12008;350;738;10;14;10;0
12009;338;738;10;14;10;0
12011;326;738;10;14;10;0
12012;314;738;10;14;10;0
12013;302;738;10;14;10;0
12014;290;738;10;14;10;0
12015;278;738;10;14;10;0
12016;266;738;10;14;10;0
12017;254;738;10;14;10;0
12018;242;738;10;14;10;0
12019;230;738;10;14;10;0
12032;218;738;10;14;10;0
12033;206;738;10;14;10;0
12034;194;738;10;14;10;0
12035;182;738;10;14;10;0
12036;170;738;10;14;10;0
12037;158;738;10;14;10;0
12038;146;738;10;14;10;0
12039;374;738;10;14;10;0
12040;386;738;10;14;10;0
12041;398;738;10;14;10;0
12042;410;738;10;14;10;0
12043;650;738;10;14;10;0
12044;638;738;10;14;10;0
12045;626;738;10;14;10;0
12046;614;738;10;14;10;0
12047;602;738;10;14;10;0
12048;590;738;10;14;10;0
12049;578;738;10;14;10;0
12050;566;738;10;14;10;0
12051;554;738;10;14;10;0
12052;662;738;10;14;10;0
12053;542;738;10;14;10;0
12054;518;738;10;14;10;0
12055;506;738;10;14;10;0
12056;494;738;10;14;10;0
12057;482;738;10;14;10;0
12058;470;738;10;14;10;0
12059;458;738;10;14;10;0
12060;446;738;10;14;10;0
12061;434;738;10;14;10;0
12062;422;738;10;14;10;0
12063;134;738;10;14;10;0
12064;530;738;10;14;10;0
12065;122;738;10;14;10;0
12066;4058;722;10;14;10;0
12067;3890;722;10;14;10;0
12068;3878;722;10;14;10;0
12069;3866;722;10;14;10;0
12070;3854;722;10;14;10;0
12071;3842;722;10;14;10;0
12072;3830;722;10;14;10;0
12073;3818;722;10;14;10;0
12074;3806;722;10;14;10;0
12075;3794;722;10;14;10;0
12076;3782;722;10;14;10;0
12077;3770;722;10;14;10;0
12078;3758;722;10;14;10;0
12079;3746;722;10;14;10;0
12080;3734;722;10;14;10;0
12081;3722;722;10;14;10;0
12082;3710;722;10;14;10;0
12083;3698;722;10;14;10;0
12084;3686;722;10;14;10;0
12085;3674;722;10;14;10;0
12086;3902;722;10;14;10;0
12087;3914;722;10;14;10;0
12088;3926;722;10;14;10;0
12089;3938;722;10;14;10;0
12090;86;738;10;14;10;0
12091;74;738;10;14;10;0
12092;62;738;10;14;10;0
12093;50;738;10;14;10;0
12094;38;738;10;14;10;0
12095;26;738;10;14;10;0
12096;14;738;10;14;10;0
12097;2;738;10;14;10;0
12098;4082;722;10;14;10;0
12099;98;738;10;14;10;0
12100;4070;722;10;14;10;0
12101;4046;722;10;14;10;0
12102;4034;722;10;14;10;0
12103;4022;722;10;14;10;0
12104;4010;722;10;14;10;0
12105;3998;722;10;14;10;0
12106;3986;722;10;14;10;0
12107;3974;722;10;14;10;0
12108;3962;722;10;14;10;0
12109;3950;722;10;14;10;0
12110;2534;722;10;14;10;0
12111;3638;722;10;14;10;0
12112;2522;722;10;14;10;0
12113;1382;722;10;14;10;0
12114;1070;722;10;14;10;0
12115;1058;722;10;14;10;0
12116;1046;722;10;14;10;0
12117;1034;722;10;14;10;0
12118;1022;722;10;14;10;0
12119;1010;722;10;14;10;0
12120;998;722;10;14;10;0
12121;986;722;10;14;10;0
12122;974;722;10;14;10;0
12123;962;722;10;14;10;0
12124;950;722;10;14;10;0
12125;938;722;10;14;10;0
12126;926;722;10;14;10;0
12127;914;722;10;14;10;0
12128;902;722;10;14;10;0
12129;890;722;10;14;10;0
12130;878;722;10;14;10;0
12131;866;722;10;14;10;0
12132;854;722;10;14;10;0
12133;1082;722;10;14;10;0
12134;1094;722;10;14;10;0
12135;1106;722;10;14;10;0
12136;1118;722;10;14;10;0
12137;1358;722;10;14;10;0
12138;1346;722;10;14;10;0
12139;1334;722;10;14;10;0
12140;1322;722;10;14;10;0
12141;1310;722;10;14;10;0
12142;1298;722;10;14;10;0
12143;1286;722;10;14;10;0
12144;1274;722;10;14;10;0
12146;1262;722;10;14;10;0
12147;1370;722;10;14;10;0
12148;1250;722;10;14;10;0
12149;1226;722;10;14;10;0
12150;1214;722;10;14;10;0
12151;1202;722;10;14;10;0
12152;1190;722;10;14;10;0
12153;1178;722;10;14;10;0
12154;1166;722;10;14;10;0
12155;1154;722;10;14;10;0
12156;1142;722;10;14;10;0
12157;1130;722;10;14;10;0
12158;842;722;10;14;10;0
12159;1238;722;10;14;10;0
12160;830;722;10;14;10;0
12161;674;722;10;14;10;0
12162;506;722;10;14;10;0
12163;494;722;10;14;10;0
12164;482;722;10;14;10;0
12165;470;722;10;14;10;0
12166;458;722;10;14;10;0
12167;446;722;10;14;10;0
12168;434;722;10;14;10;0
12169;422;722;10;14;10;0
12170;410;722;10;14;10;0
12171;398;722;10;14;10;0
12172;386;722;10;14;10;0
12173;374;722;10;14;10;0
12174;362;722;10;14;10;0
12175;350;722;10;14;10;0
12176;338;722;10;14;10;0
12177;326;722;10;14;10;0
12178;314;722;10;14;10;0
12179;302;722;10;14;10;0
12180;290;722;10;14;10;0
12181;518;722;10;14;10;0
12182;530;722;10;14;10;0
12183;542;722;10;14;10;0
12184;554;722;10;14;10;0
12185;794;722;10;14;10;0
12186;782;722;10;14;10;0
12187;770;722;10;14;10;0
12188;758;722;10;14;10;0
12189;746;722;10;14;10;0
12190;734;722;10;14;10;0
12191;722;722;10;14;10;0
12192;710;722;10;14;10;0
12193;698;722;10;14;10;0
12194;806;722;10;14;10;0
12195;686;722;10;14;10;0
12196;662;722;10;14;10;0
12197;650;722;10;14;10;0
12198;638;722;10;14;10;0
12199;626;722;10;14;10;0
12200;614;722;10;14;10;0
12201;602;722;10;14;10;0
12202;590;722;10;14;10;0
12203;578;722;10;14;10;0
12204;566;722;10;14;10;0
12205;818;722;10;14;10;0
12206;1394;722;10;14;10;0
12207;1946;722;10;14;10;0
12208;1406;722;10;14;10;0
12209;2198;722;10;14;10;0
12210;2186;722;10;14;10;0
12211;2174;722;10;14;10;0
12212;2162;722;10;14;10;0
12213;2150;722;10;14;10;0
12214;2138;722;10;14;10;0
12215;2126;722;10;14;10;0
12216;2114;722;10;14;10;0
12217;2102;722;10;14;10;0
12218;2090;722;10;14;10;0
12219;2078;722;10;14;10;0
12220;2066;722;10;14;10;0
12221;2054;722;10;14;10;0
12222;2042;722;10;14;10;0
12223;2030;722;10;14;10;0
12224;2018;722;10;14;10;0
12225;2006;722;10;14;10;0
12226;1994;722;10;14;10;0
12227;1982;722;10;14;10;0
12228;2210;722;10;14;10;0
12229;2222;722;10;14;10;0
12230;2234;722;10;14;10;0
12231;2246;722;10;14;10;0
12232;2486;722;10;14;10;0
12233;2474;722;10;14;10;0
12234;2462;722;10;14;10;0
12235;2450;722;10;14;10;0
12236;2438;722;10;14;10;0
12237;2426;722;10;14;10;0
12238;2414;722;10;14;10;0
12239;2402;722;10;14;10;0
12240;2390;722;10;14;10;0
12241;2498;722;10;14;10;0
12242;2378;722;10;14;10;0
12243;2354;722;10;14;10;0
12244;2342;722;10;14;10;0
12245;2330;722;10;14;10;0
12272;2318;722;10;14;10;0
12273;2306;722;10;14;10;0
12274;2294;722;10;14;10;0
12275;2282;722;10;14;10;0
12276;2270;722;10;14;10;0
12277;2258;722;10;14;10;0
12278;1970;722;10;14;10;0
12279;2366;722;10;14;10;0
12280;1958;722;10;14;10;0
12281;1802;722;10;14;10;0
12282;1634;722;10;14;10;0
12283;1622;722;10;14;10;0
12284;1610;722;10;14;10;0
12285;1598;722;10;14;10;0
12286;1586;722;10;14;10;0
12287;1574;722;10;14;10;0
12288;1562;722;10;14;10;0
12289;1550;722;10;14;10;0
12290;1538;722;10;14;10;0
12291;1526;722;10;14;10;0
12292;1514;722;10;14;10;0
12293;1502;722;10;14;10;0
12294;1490;722;10;14;10;0
12295;1478;722;10;14;10;0
12296;1466;722;10;14;10;0
12297;1454;722;10;14;10;0
12298;1442;722;10;14;10;0
12299;1430;722;10;14;10;0
12300;1418;722;10;14;10;0
12301;1646;722;10;14;10;0
12302;1658;722;10;14;10;0
12303;1670;722;10;14;10;0
12304;1682;722;10;14;10;0
12305;1922;722;10;14;10;0
12306;1910;722;10;14;10;0
12307;1898;722;10;14;10;0
12308;1886;722;10;14;10;0
12309;1874;722;10;14;10;0
12310;1862;722;10;14;10;0
12311;1850;722;10;14;10;0
12312;1838;722;10;14;10;0
12313;1826;722;10;14;10;0
12314;1934;722;10;14;10;0
12315;1814;722;10;14;10;0
12316;1790;722;10;14;10;0
12317;1778;722;10;14;10;0
12318;1766;722;10;14;10;0
12319;1754;722;10;14;10;0
12320;1742;722;10;14;10;0
12321;1730;722;10;14;10;0
12322;1718;722;10;14;10;0
12323;1706;722;10;14;10;0
12324;1694;722;10;14;10;0
12325;3518;738;10;14;10;0
12326;3946;754;10;14;10;0
12327;1094;818;10;14;10;0
12328;3958;754;10;14;10;0
12329;3746;802;10;14;10;0
12342;3734;802;10;14;10;0
12343;3722;802;10;14;10;0
12344;3710;802;10;14;10;0
12345;3698;802;10;14;10;0
12346;3686;802;10;14;10;0
12348;3674;802;10;14;10;0
12350;3662;802;10;14;10;0
12351;3650;802;10;14;10;0
12353;3638;802;10;14;10;0
12354;3626;802;10;14;10;0
12355;3614;802;10;14;10;0
12356;3602;802;10;14;10;0
12357;3590;802;10;14;10;0
12358;3578;802;10;14;10;0
12359;3566;802;10;14;10;0
12360;3554;802;10;14;10;0
12361;3542;802;10;14;10;0
12362;3530;802;10;14;10;0
12363;3758;802;10;14;10;0
12364;3770;802;10;14;10;0
12365;3782;802;10;14;10;0
12366;3794;802;10;14;10;0
12367;4034;802;10;14;10;0
12368;4022;802;10;14;10;0
12369;4010;802;10;14;10;0
12370;3998;802;10;14;10;0
12371;3986;802;10;14;10;0
12372;3974;802;10;14;10;0
12373;3962;802;10;14;10;0
12374;3950;802;10;14;10;0
12375;3938;802;10;14;10;0
12376;4046;802;10;14;10;0
12377;3926;802;10;14;10;0
12378;3902;802;10;14;10;0
12379;3890;802;10;14;10;0
12380;3878;802;10;14;10;0
12381;3866;802;10;14;10;0
12382;3854;802;10;14;10;0
12383;3842;802;10;14;10;0
12384;3830;802;10;14;10;0
12385;3818;802;10;14;10;0
12386;3806;802;10;14;10;0
12387;3518;802;10;14;10;0
12388;3914;802;10;14;10;0
12389;3506;802;10;14;10;0
12390;3350;802;10;14;10;0
12391;3182;802;10;14;10;0
12392;3170;802;10;14;10;0
12393;3158;802;10;14;10;0
12394;3146;802;10;14;10;0
12395;3134;802;10;14;10;0
12396;3122;802;10;14;10;0
12397;3110;802;10;14;10;0
12398;3098;802;10;14;10;0
12399;3086;802;10;14;10;0
12400;3074;802;10;14;10;0
12401;3062;802;10;14;10;0
12402;3050;802;10;14;10;0
12403;3038;802;10;14;10;0
12404;3026;802;10;14;10;0
12405;3014;802;10;14;10;0
12406;3002;802;10;14;10;0
12407;2990;802;10;14;10;0
12408;2978;802;10;14;10;0
12409;2966;802;10;14;10;0
12410;3194;802;10;14;10;0
12411;3206;802;10;14;10;0
12412;3218;802;10;14;10;0
12413;3230;802;10;14;10;0
12414;3470;802;10;14;10;0
12415;3458;802;10;14;10;0
12416;3446;802;10;14;10;0
12417;3434;802;10;14;10;0
12418;3422;802;10;14;10;0
12419;3410;802;10;14;10;0
12420;3398;802;10;14;10;0
12421;3386;802;10;14;10;0
12422;3374;802;10;14;10;0
12423;3482;802;10;14;10;0
12424;3362;802;10;14;10;0
12425;3338;802;10;14;10;0
12426;3326;802;10;14;10;0
12427;3314;802;10;14;10;0
12428;3302;802;10;14;10;0
12429;3290;802;10;14;10;0
12430;3278;802;10;14;10;0
12431;3266;802;10;14;10;0
12432;3254;802;10;14;10;0
12433;3242;802;10;14;10;0
12434;3494;802;10;14;10;0
12435;4070;802;10;14;10;0
12436;530;818;10;14;10;0
12437;4082;802;10;14;10;0
12438;782;818;10;14;10;0
12441;770;818;10;14;10;0
12442;758;818;10;14;10;0
12443;746;818;10;14;10;0
12444;734;818;10;14;10;0
12445;722;818;10;14;10;0
12446;710;818;10;14;10;0
12447;698;818;10;14;10;0
12448;686;818;10;14;10;0
12449;674;818;10;14;10;0
12450;662;818;10;14;10;0
12451;650;818;10;14;10;0
12452;638;818;10;14;10;0
12453;626;818;10;14;10;0
12454;614;818;10;14;10;0
12455;602;818;10;14;10;0
12456;590;818;10;14;10;0
12457;578;818;10;14;10;0
12458;566;818;10;14;10;0
12459;794;818;10;14;10;0
12460;806;818;10;14;10;0
12461;818;818;10;14;10;0
12462;830;818;10;14;10;0
12463;1070;818;10;14;10;0
12464;1058;818;10;14;10;0
12465;1046;818;10;14;10;0
12466;1034;818;10;14;10;0
12467;1022;818;10;14;10;0
12468;1010;818;10;14;10;0
12469;998;818;10;14;10;0
12470;986;818;10;14;10;0
12471;974;818;10;14;10;0
12472;1082;818;10;14;10;0
12473;962;818;10;14;10;0
12474;938;818;10;14;10;0
12475;926;818;10;14;10;0
12476;914;818;10;14;10;0
12477;902;818;10;14;10;0
12478;890;818;10;14;10;0
12479;878;818;10;14;10;0
12480;866;818;10;14;10;0
12481;854;818;10;14;10;0
12482;842;818;10;14;10;0
12483;554;818;10;14;10;0
12484;950;818;10;14;10;0
12485;542;818;10;14;10;0
12486;386;818;10;14;10;0
12487;218;818;10;14;10;0
12488;206;818;10;14;10;0
12489;194;818;10;14;10;0
12490;182;818;10;14;10;0
12491;170;818;10;14;10;0
12492;158;818;10;14;10;0
12493;146;818;10;14;10;0
12494;134;818;10;14;10;0
12495;122;818;10;14;10;0
12496;110;818;10;14;10;0
12497;98;818;10;14;10;0
12498;86;818;10;14;10;0
12499;74;818;10;14;10;0
12500;62;818;10;14;10;0
12501;50;818;10;14;10;0
12502;38;818;10;14;10;0
12503;26;818;10;14;10;0
12504;14;818;10;14;10;0
12505;2;818;10;14;10;0
12506;230;818;10;14;10;0
12507;242;818;10;14;10;0
12508;254;818;10;14;10;0
12509;266;818;10;14;10;0
12510;506;818;10;14;10;0
12511;494;818;10;14;10;0
12512;482;818;10;14;10;0
12513;470;818;10;14;10;0
12514;458;818;10;14;10;0
12515;446;818;10;14;10;0
12516;434;818;10;14;10;0
12517;422;818;10;14;10;0
12518;410;818;10;14;10;0
12519;518;818;10;14;10;0
12520;398;818;10;14;10;0
12521;374;818;10;14;10;0
12522;362;818;10;14;10;0
12523;350;818;10;14;10;0
12524;338;818;10;14;10;0
12525;326;818;10;14;10;0
12526;314;818;10;14;10;0
12527;302;818;10;14;10;0
12528;290;818;10;14;10;0
12529;278;818;10;14;10;0
12530;2954;802;10;14;10;0
12531;4058;802;10;14;10;0
12532;2942;802;10;14;10;0
12533;1802;802;10;14;10;0
12534;1490;802;10;14;10;0
12535;1478;802;10;14;10;0
12536;1466;802;10;14;10;0
12537;1454;802;10;14;10;0
12538;1442;802;10;14;10;0
12539;1430;802;10;14;10;0
12540;1418;802;10;14;10;0
12541;1406;802;10;14;10;0
12542;1394;802;10;14;10;0
12543;1382;802;10;14;10;0
12549;1370;802;10;14;10;0
12550;1358;802;10;14;10;0
12551;1346;802;10;14;10;0
12552;1334;802;10;14;10;0
12553;1322;802;10;14;10;0
12554;1310;802;10;14;10;0
12555;1298;802;10;14;10;0
12556;1286;802;10;14;10;0
12557;1274;802;10;14;10;0
12558;1502;802;10;14;10;0
12559;1514;802;10;14;10;0
12560;1526;802;10;14;10;0
12561;1538;802;10;14;10;0
12562;1778;802;10;14;10;0
12563;1766;802;10;14;10;0
12564;1754;802;10;14;10;0
12565;1742;802;10;14;10;0
12566;1730;802;10;14;10;0
12567;1718;802;10;14;10;0
12568;1706;802;10;14;10;0
12569;1694;802;10;14;10;0
12570;1682;802;10;14;10;0
12571;1790;802;10;14;10;0
12572;1670;802;10;14;10;0
12573;1646;802;10;14;10;0
12574;1634;802;10;14;10;0
12575;1622;802;10;14;10;0
12576;1610;802;10;14;10;0
12577;1598;802;10;14;10;0
12578;1586;802;10;14;10;0
12579;1574;802;10;14;10;0
12580;1562;802;10;14;10;0
12581;1550;802;10;14;10;0
12582;1262;802;10;14;10;0
12583;1658;802;10;14;10;0
12584;1250;802;10;14;10;0
12585;1094;802;10;14;10;0
12586;926;802;10;14;10;0
12587;914;802;10;14;10;0
12588;902;802;10;14;10;0
12589;890;802;10;14;10;0
12590;878;802;10;14;10;0
12591;866;802;10;14;10;0
12593;854;802;10;14;10;0
12594;842;802;10;14;10;0
12595;830;802;10;14;10;0
12596;818;802;10;14;10;0
12597;806;802;10;14;10;0
12598;794;802;10;14;10;0
12599;782;802;10;14;10;0
12600;770;802;10;14;10;0
12601;758;802;10;14;10;0
12602;746;802;10;14;10;0
12603;734;802;10;14;10;0
12604;722;802;10;14;10;0
12605;710;802;10;14;10;0
12606;938;802;10;14;10;0
12607;950;802;10;14;10;0
12608;962;802;10;14;10;0
12609;974;802;10;14;10;0
12610;1214;802;10;14;10;0
12611;1202;802;10;14;10;0
12612;1190;802;10;14;10;0
12613;1178;802;10;14;10;0
12614;1166;802;10;14;10;0
12615;1154;802;10;14;10;0
12616;1142;802;10;14;10;0
12617;1130;802;10;14;10;0
12618;1118;802;10;14;10;0
12619;1226;802;10;14;10;0
12620;1106;802;10;14;10;0
12621;1082;802;10;14;10;0
12622;1070;802;10;14;10;0
12623;1058;802;10;14;10;0
12624;1046;802;10;14;10;0
12625;1034;802;10;14;10;0
12626;1022;802;10;14;10;0
12627;1010;802;10;14;10;0
12628;998;802;10;14;10;0
12629;986;802;10;14;10;0
12630;1238;802;10;14;10;0
12631;1814;802;10;14;10;0
12632;2366;802;10;14;10;0
12633;1826;802;10;14;10;0
12634;2618;802;10;14;10;0
12635;2606;802;10;14;10;0
12636;2594;802;10;14;10;0
12637;2582;802;10;14;10;0
12638;2570;802;10;14;10;0
12639;2558;802;10;14;10;0
12640;2546;802;10;14;10;0
12641;2534;802;10;14;10;0
12642;2522;802;10;14;10;0
12643;2510;802;10;14;10;0
12644;2498;802;10;14;10;0
12645;2486;802;10;14;10;0
12646;2474;802;10;14;10;0
12647;2462;802;10;14;10;0
12648;2450;802;10;14;10;0
12649;2438;802;10;14;10;0
12650;2426;802;10;14;10;0
12651;2414;802;10;14;10;0
12652;2402;802;10;14;10;0
12653;2630;802;10;14;10;0
12654;2642;802;10;14;10;0
12655;2654;802;10;14;10;0
12656;2666;802;10;14;10;0
12657;2906;802;10;14;10;0
12658;2894;802;10;14;10;0
12659;2882;802;10;14;10;0
12660;2870;802;10;14;10;0
12661;2858;802;10;14;10;0
12662;2846;802;10;14;10;0
12663;2834;802;10;14;10;0
12664;2822;802;10;14;10;0
12665;2810;802;10;14;10;0
12666;2918;802;10;14;10;0
12667;2798;802;10;14;10;0
12668;2774;802;10;14;10;0
12669;2762;802;10;14;10;0
12670;2750;802;10;14;10;0
12671;2738;802;10;14;10;0
12672;2726;802;10;14;10;0
12673;2714;802;10;14;10;0
12674;2702;802;10;14;10;0
12675;2690;802;10;14;10;0
12676;2678;802;10;14;10;0
12677;2390;802;10;14;10;0
12678;2786;802;10;14;10;0
12679;2378;802;10;14;10;0
12680;2222;802;10;14;10;0
12681;2054;802;10;14;10;0
12682;2042;802;10;14;10;0
12683;2030;802;10;14;10;0
12684;2018;802;10;14;10;0
12685;2006;802;10;14;10;0
12686;1994;802;10;14;10;0
12832;1982;802;10;14;10;0
12833;1970;802;10;14;10;0
12834;1958;802;10;14;10;0
12835;1946;802;10;14;10;0
12836;1934;802;10;14;10;0
12837;1922;802;10;14;10;0
12838;1910;802;10;14;10;0
12839;1898;802;10;14;10;0
12840;1886;802;10;14;10;0
12841;1874;802;10;14;10;0
12927;1862;802;10;14;10;0
12928;1850;802;10;14;10;0
12929;1838;802;10;14;10;0
12930;2066;802;10;14;10;0
12931;2078;802;10;14;10;0
12932;2090;802;10;14;10;0
12933;2102;802;10;14;10;0
12934;2342;802;10;14;10;0
12935;2330;802;10;14;10;0
12936;2318;802;10;14;10;0
12937;2306;802;10;14;10;0
12963;2294;802;10;14;10;0
12964;2282;802;10;14;10;0
12965;2270;802;10;14;10;0
12966;2258;802;10;14;10;0
12967;2246;802;10;14;10;0
12968;2354;802;10;14;10;0
12992;2234;802;10;14;10;0
12993;2210;802;10;14;10;0
12994;2198;802;10;14;10;0
12995;2186;802;10;14;10;0
12996;2174;802;10;14;10;0
12997;2162;802;10;14;10;0
12998;2150;802;10;14;10;0
12999;2138;802;10;14;10;0
13000;2126;802;10;14;10;0
13001;2114;802;10;14;10;0
13002;2930;802;10;14;10;0
13003;1106;818;10;14;10;0
13055;3350;818;10;14;10;0
13144;1118;818;10;14;10;0
13145;74;834;10;14;10;0
13146;62;834;10;14;10;0
13147;50;834;10;14;10;0
13148;38;834;10;14;10;0
13149;26;834;10;14;10;0
13150;14;834;10;14;10;0
13151;2;834;10;14;10;0
13152;4082;818;10;14;10;0
13153;4070;818;10;14;10;0
13154;4058;818;10;14;10;0
13155;4046;818;10;14;10;0
13156;4034;818;10;14;10;0
13157;4022;818;10;14;10;0
13158;4010;818;10;14;10;0
13159;3998;818;10;14;10;0
13160;3986;818;10;14;10;0
13161;3974;818;10;14;10;0
13162;3962;818;10;14;10;0
13163;3950;818;10;14;10;0
13164;86;834;10;14;10;0
13165;98;834;10;14;10;0
13166;110;834;10;14;10;0
13167;122;834;10;14;10;0
13168;362;834;10;14;10;0
13179;350;834;10;14;10;0
13180;338;834;10;14;10;0
13181;326;834;10;14;10;0
13182;314;834;10;14;10;0
13280;302;834;10;14;10;0
13281;290;834;10;14;10;0
13282;278;834;10;14;10;0
13283;266;834;10;14;10;0
13284;374;834;10;14;10;0
13285;254;834;10;14;10;0
13286;230;834;10;14;10;0
13287;218;834;10;14;10;0
13288;206;834;10;14;10;0
13289;194;834;10;14;10;0
13290;182;834;10;14;10;0
13291;170;834;10;14;10;0
13292;158;834;10;14;10;0
13293;146;834;10;14;10;0
13294;134;834;10;14;10;0
13295;3938;818;10;14;10;0
13296;242;834;10;14;10;0
13297;3926;818;10;14;10;0
13298;3770;818;10;14;10;0
13299;3602;818;10;14;10;0
13300;3590;818;10;14;10;0
13301;3578;818;10;14;10;0
13302;3566;818;10;14;10;0
13303;3554;818;10;14;10;0
13304;3542;818;10;14;10;0
13305;3530;818;10;14;10;0
13306;3518;818;10;14;10;0
13307;3506;818;10;14;10;0
13308;3494;818;10;14;10;0
13309;3482;818;10;14;10;0
13310;3470;818;10;14;10;0
13312;3458;818;10;14;10;0
19968;3446;818;10;14;10;0
19969;3434;818;10;14;10;0
19970;3422;818;10;14;10;0
19971;3410;818;10;14;10;0
19972;3398;818;10;14;10;0
19973;3386;818;10;14;10;0
19974;3614;818;10;14;10;0
19975;3626;818;10;14;10;0
19976;3638;818;10;14;10;0
19977;3650;818;10;14;10;0
19978;3890;818;10;14;10;0
19979;3878;818;10;14;10;0
19980;3866;818;10;14;10;0
19981;3854;818;10;14;10;0
19982;3842;818;10;14;10;0
19983;3830;818;10;14;10;0
19984;3818;818;10;14;10;0
19985;3806;818;10;14;10;0
19987;3794;818;10;14;10;0
19988;3902;818;10;14;10;0
19989;3782;818;10;14;10;0
19990;3758;818;10;14;10;0
19991;3746;818;10;14;10;0
19992;3734;818;10;14;10;0
19993;3722;818;10;14;10;0
19994;3710;818;10;14;10;0
19995;3698;818;10;14;10;0
19996;3686;818;10;14;10;0
19997;3674;818;10;14;10;0
19998;3662;818;10;14;10;0
19999;3914;818;10;14;10;0
20001;398;834;10;14;10;0
20002;950;834;10;14;10;0
20003;410;834;10;14;10;0
20004;1202;834;10;14;10;0
20005;1190;834;10;14;10;0
20006;1178;834;10;14;10;0
20007;1166;834;10;14;10;0
20008;1154;834;10;14;10;0
20009;1142;834;10;14;10;0
20010;1130;834;10;14;10;0
20011;1118;834;10;14;10;0
20013;1106;834;10;14;10;0
20016;1094;834;10;14;10;0
20017;1082;834;10;14;10;0
20018;1070;834;10;14;10;0
20019;1058;834;10;14;10;0
20020;1046;834;10;14;10;0
20021;1034;834;10;14;10;0
20022;1022;834;10;14;10;0
20024;1010;834;10;14;10;0
20025;998;834;10;14;10;0
20026;986;834;10;14;10;0
20027;1214;834;10;14;10;0
20028;1226;834;10;14;10;0
20029;1238;834;10;14;10;0
20030;1250;834;10;14;10;0
20031;1490;834;10;14;10;0
20034;1478;834;10;14;10;0
20035;1466;834;10;14;10;0
20037;1454;834;10;14;10;0
20040;1442;834;10;14;10;0
20041;1430;834;10;14;10;0
20043;1418;834;10;14;10;0
20044;1406;834;10;14;10;0
20045;1394;834;10;14;10;0
20046;1502;834;10;14;10;0
20047;1382;834;10;14;10;0
20048;1358;834;10;14;10;0
20050;1346;834;10;14;10;0
20051;1334;834;10;14;10;0
20052;1322;834;10;14;10;0
20053;1310;834;10;14;10;0
20054;1298;834;10;14;10;0
20055;1286;834;10;14;10;0
20056;1274;834;10;14;10;0
20057;1262;834;10;14;10;0
20058;974;834;10;14;10;0
20059;1370;834;10;14;10;0
20060;962;834;10;14;10;0
20061;806;834;10;14;10;0
20062;638;834;10;14;10;0
20063;626;834;10;14;10;0
20064;614;834;10;14;10;0
20065;602;834;10;14;10;0
20066;590;834;10;14;10;0
20070;578;834;10;14;10;0
20073;566;834;10;14;10;0
20074;554;834;10;14;10;0
20080;542;834;10;14;10;0
20081;530;834;10;14;10;0
20083;518;834;10;14;10;0
20088;506;834;10;14;10;0
20094;494;834;10;14;10;0
20096;482;834;10;14;10;0
20098;470;834;10;14;10;0
20101;458;834;10;14;10;0
20102;446;834;10;14;10;0
20103;434;834;10;14;10;0
20104;422;834;10;14;10;0
20105;650;834;10;14;10;0
20106;662;834;10;14;10;0
20107;674;834;10;14;10;0
20108;686;834;10;14;10;0
20109;926;834;10;14;10;0
20110;914;834;10;14;10;0
20111;902;834;10;14;10;0
20113;890;834;10;14;10;0
20114;878;834;10;14;10;0
20115;866;834;10;14;10;0
20116;854;834;10;14;10;0
20117;842;834;10;14;10;0
20118;830;834;10;14;10;0
20119;938;834;10;14;10;0
20120;818;834;10;14;10;0
20121;794;834;10;14;10;0
20122;782;834;10;14;10;0
20123;770;834;10;14;10;0
20124;758;834;10;14;10;0
20126;746;834;10;14;10;0
20127;734;834;10;14;10;0
20128;722;834;10;14;10;0
20129;710;834;10;14;10;0
20130;698;834;10;14;10;0
20132;3374;818;10;14;10;0
20133;386;834;10;14;10;0
20134;3362;818;10;14;10;0
20135;2222;818;10;14;10;0
20136;1910;818;10;14;10;0
20137;1898;818;10;14;10;0
20139;1886;818;10;14;10;0
20140;1874;818;10;14;10;0
20141;1862;818;10;14;10;0
20142;1850;818;10;14;10;0
20143;1838;818;10;14;10;0
20144;1826;818;10;14;10;0
20146;1814;818;10;14;10;0
20147;1802;818;10;14;10;0
20149;1790;818;10;14;10;0
20150;1778;818;10;14;10;0
20154;1766;818;10;14;10;0
20155;1754;818;10;14;10;0
20156;1742;818;10;14;10;0
20158;1730;818;10;14;10;0
20159;1718;818;10;14;10;0
20160;1706;818;10;14;10;0
20161;1694;818;10;14;10;0
20162;1922;818;10;14;10;0
20163;1934;818;10;14;10;0
20164;1946;818;10;14;10;0
20165;1958;818;10;14;10;0
20166;2198;818;10;14;10;0
20167;2186;818;10;14;10;0
20169;2174;818;10;14;10;0
20170;2162;818;10;14;10;0
20171;2150;818;10;14;10;0
20173;2138;818;10;14;10;0
20174;2126;818;10;14;10;0
20175;2114;818;10;14;10;0
20177;2102;818;10;14;10;0
20179;2210;818;10;14;10;0
20180;2090;818;10;14;10;0
20181;2066;818;10;14;10;0
20182;2054;818;10;14;10;0
20183;2042;818;10;14;10;0
20184;2030;818;10;14;10;0
20185;2018;818;10;14;10;0
20189;2006;818;10;14;10;0
20190;1994;818;10;14;10;0
20191;1982;818;10;14;10;0
20193;1970;818;10;14;10;0
20195;1682;818;10;14;10;0
20196;2078;818;10;14;10;0
20197;1670;818;10;14;10;0
20200;1514;818;10;14;10;0
20202;1346;818;10;14;10;0
20203;1334;818;10;14;10;0
20204;1322;818;10;14;10;0
20205;1310;818;10;14;10;0
20206;1298;818;10;14;10;0
20208;1286;818;10;14;10;0
20210;1274;818;10;14;10;0
20211;1262;818;10;14;10;0
20213;1250;818;10;14;10;0
20214;1238;818;10;14;10;0
20215;1226;818;10;14;10;0
20217;1214;818;10;14;10;0
20219;1202;818;10;14;10;0
20220;1190;818;10;14;10;0
20221;1178;818;10;14;10;0
20223;1166;818;10;14;10;0
20225;1154;818;10;14;10;0
20227;1142;818;10;14;10;0
20232;1130;818;10;14;10;0
20233;1358;818;10;14;10;0
20234;1370;818;10;14;10;0
20235;1382;818;10;14;10;0
20237;1394;818;10;14;10;0
20238;1634;818;10;14;10;0
20239;1622;818;10;14;10;0
20240;1610;818;10;14;10;0
20241;1598;818;10;14;10;0
20245;1586;818;10;14;10;0
20247;1574;818;10;14;10;0
20248;1562;818;10;14;10;0
20249;1550;818;10;14;10;0
20250;1538;818;10;14;10;0
20252;1646;818;10;14;10;0
20253;1526;818;10;14;10;0
20254;1502;818;10;14;10;0
20255;1490;818;10;14;10;0
20256;1478;818;10;14;10;0
20260;1466;818;10;14;10;0
20261;1454;818;10;14;10;0
20262;1442;818;10;14;10;0
20264;1430;818;10;14;10;0
20266;1418;818;10;14;10;0
20267;1406;818;10;14;10;0
20271;1658;818;10;14;10;0
20272;2234;818;10;14;10;0
20276;2786;818;10;14;10;0
20278;2246;818;10;14;10;0
20280;3038;818;10;14;10;0
20281;3026;818;10;14;10;0
20282;3014;818;10;14;10;0
20284;3002;818;10;14;10;0
20285;2990;818;10;14;10;0
20286;2978;818;10;14;10;0
20287;2966;818;10;14;10;0
20291;2954;818;10;14;10;0
20292;2942;818;10;14;10;0
20294;2930;818;10;14;10;0
20295;2918;818;10;14;10;0
20296;2906;818;10;14;10;0
20301;2894;818;10;14;10;0
20302;2882;818;10;14;10;0
20303;2870;818;10;14;10;0
20304;2858;818;10;14;10;0
20305;2846;818;10;14;10;0
20307;2834;818;10;14;10;0
20308;2822;818;10;14;10;0
20309;3050;818;10;14;10;0
20310;3062;818;10;14;10;0
20311;3074;818;10;14;10;0
20312;3086;818;10;14;10;0
20313;3326;818;10;14;10;0
20314;3314;818;10;14;10;0
20315;3302;818;10;14;10;0
20316;3290;818;10;14;10;0
20317;3278;818;10;14;10;0
20318;3266;818;10;14;10;0
20319;3254;818;10;14;10;0
20320;3242;818;10;14;10;0
20322;3230;818;10;14;10;0
20323;3338;818;10;14;10;0
20324;3218;818;10;14;10;0
20329;3194;818;10;14;10;0
20330;3182;818;10;14;10;0
20332;3170;818;10;14;10;0
20335;3158;818;10;14;10;0
20336;3146;818;10;14;10;0
20339;3134;818;10;14;10;0
20340;3122;818;10;14;10;0
20341;3110;818;10;14;10;0
20342;3098;818;10;14;10;0
20346;2810;818;10;14;10;0
20347;3206;818;10;14;10;0
20348;2798;818;10;14;10;0
20350;2642;818;10;14;10;0
20351;2474;818;10;14;10;0
20355;2462;818;10;14;10;0
20356;2450;818;10;14;10;0
20358;2438;818;10;14;10;0
20360;2426;818;10;14;10;0
20363;2414;818;10;14;10;0
20365;2402;818;10;14;10;0
20367;2390;818;10;14;10;0
20369;2378;818;10;14;10;0
20372;2366;818;10;14;10;0
20374;2354;818;10;14;10;0
20375;2342;818;10;14;10;0
20376;2330;818;10;14;10;0
20379;2318;818;10;14;10;0
20381;2306;818;10;14;10;0
20384;2294;818;10;14;10;0
20385;2282;818;10;14;10;0
20387;2270;818;10;14;10;0
20389;2258;818;10;14;10;0
20390;2486;818;10;14;10;0
20391;2498;818;10;14;10;0
20392;2510;818;10;14;10;0
20393;2522;818;10;14;10;0
20395;2762;818;10;14;10;0
20397;2750;818;10;14;10;0
20398;2738;818;10;14;10;0
20399;2726;818;10;14;10;0
20401;2714;818;10;14;10;0
20405;2702;818;10;14;10;0
20406;2690;818;10;14;10;0
20407;2678;818;10;14;10;0
20415;2666;818;10;14;10;0
20418;2774;818;10;14;10;0
20419;2654;818;10;14;10;0
20420;2630;818;10;14;10;0
20422;2618;818;10;14;10;0
20425;2606;818;10;14;10;0
20426;2594;818;10;14;10;0
20427;2582;818;10;14;10;0
20428;2570;818;10;14;10;0
20430;2558;818;10;14;10;0
20431;2546;818;10;14;10;0
20432;2534;818;10;14;10;0
20433;698;802;10;14;10;0
20436;686;802;10;14;10;0
20439;674;802;10;14;10;0
20440;2510;786;10;14;10;0
20442;2906;770;10;14;10;0
20443;2894;770;10;14;10;0
20445;2882;770;10;14;10;0
20446;2870;770;10;14;10;0
20447;2858;770;10;14;10;0
20448;2846;770;10;14;10;0
20449;2834;770;10;14;10;0
20450;2822;770;10;14;10;0
20451;2810;770;10;14;10;0
20452;2798;770;10;14;10;0
20453;2786;770;10;14;10;0
20456;2774;770;10;14;10;0
20457;2762;770;10;14;10;0
20458;2750;770;10;14;10;0
20460;2738;770;10;14;10;0
20461;2726;770;10;14;10;0
20462;2714;770;10;14;10;0
20463;2702;770;10;14;10;0
20465;2690;770;10;14;10;0
20467;2918;770;10;14;10;0
20469;2930;770;10;14;10;0
20470;2942;770;10;14;10;0
20472;2954;770;10;14;10;0
20474;3194;770;10;14;10;0
20478;3182;770;10;14;10;0
20480;3170;770;10;14;10;0
20485;3158;770;10;14;10;0
20486;3146;770;10;14;10;0
20488;3134;770;10;14;10;0
20489;3122;770;10;14;10;0
20491;3110;770;10;14;10;0
20492;3098;770;10;14;10;0
20493;3206;770;10;14;10;0
20495;3086;770;10;14;10;0
20497;3062;770;10;14;10;0
20498;3050;770;10;14;10;0
20500;3038;770;10;14;10;0
20502;3026;770;10;14;10;0
20504;3014;770;10;14;10;0
20505;3002;770;10;14;10;0
20506;2990;770;10;14;10;0
20508;2978;770;10;14;10;0
20511;2966;770;10;14;10;0
20513;2678;770;10;14;10;0
20514;3074;770;10;14;10;0
20515;2666;770;10;14;10;0
20516;2510;770;10;14;10;0
20517;2342;770;10;14;10;0
20518;2330;770;10;14;10;0
20520;2318;770;10;14;10;0
20521;2306;770;10;14;10;0
20522;2294;770;10;14;10;0
20523;2282;770;10;14;10;0
20524;2270;770;10;14;10;0
20525;2258;770;10;14;10;0
20534;2246;770;10;14;10;0
20537;2234;770;10;14;10;0
20538;2222;770;10;14;10;0
20540;2210;770;10;14;10;0
20542;2198;770;10;14;10;0
20547;2186;770;10;14;10;0
20551;2174;770;10;14;10;0
20552;2162;770;10;14;10;0
20553;2150;770;10;14;10;0
20556;2138;770;10;14;10;0
20558;2126;770;10;14;10;0
20559;2354;770;10;14;10;0
20560;2366;770;10;14;10;0
20565;2378;770;10;14;10;0
20566;2390;770;10;14;10;0
20568;2630;770;10;14;10;0
20570;2618;770;10;14;10;0
20572;2606;770;10;14;10;0
20581;2594;770;10;14;10;0
20588;2582;770;10;14;10;0
20589;2570;770;10;14;10;0
20591;2558;770;10;14;10;0
20594;2546;770;10;14;10;0
20596;2534;770;10;14;10;0
20597;2642;770;10;14;10;0
20598;2522;770;10;14;10;0
20599;2498;770;10;14;10;0
20600;2486;770;10;14;10;0
20602;2474;770;10;14;10;0
20605;2462;770;10;14;10;0
20607;2450;770;10;14;10;0
20608;2438;770;10;14;10;0
20613;2426;770;10;14;10;0
20616;2414;770;10;14;10;0
20620;2402;770;10;14;10;0
20621;2654;770;10;14;10;0
20625;3230;770;10;14;10;0
20629;3782;770;10;14;10;0
20630;3242;770;10;14;10;0
20632;4034;770;10;14;10;0
20633;4022;770;10;14;10;0
20634;4010;770;10;14;10;0
20636;3998;770;10;14;10;0
20642;3986;770;10;14;10;0
20643;3974;770;10;14;10;0
20648;3962;770;10;14;10;0
20652;3950;770;10;14;10;0
20653;3938;770;10;14;10;0
20655;3926;770;10;14;10;0
20658;3914;770;10;14;10;0
20659;3902;770;10;14;10;0
20660;3890;770;10;14;10;0
20661;3878;770;10;14;10;0
20663;3866;770;10;14;10;0
20667;3854;770;10;14;10;0
20670;3842;770;10;14;10;0
20674;3830;770;10;14;10;0
20677;3818;770;10;14;10;0
20679;4046;770;10;14;10;0
20681;4058;770;10;14;10;0
20682;4070;770;10;14;10;0
20685;4082;770;10;14;10;0
20686;230;786;10;14;10;0
20687;218;786;10;14;10;0
20689;206;786;10;14;10;0
20693;194;786;10;14;10;0
20694;182;786;10;14;10;0
20698;170;786;10;14;10;0
20702;158;786;10;14;10;0
20707;146;786;10;14;10;0
20709;134;786;10;14;10;0
20710;242;786;10;14;10;0
20711;122;786;10;14;10;0
20712;98;786;10;14;10;0
20713;86;786;10;14;10;0
20715;74;786;10;14;10;0
20717;62;786;10;14;10;0
20718;50;786;10;14;10;0
20721;38;786;10;14;10;0
20723;26;786;10;14;10;0
20725;14;786;10;14;10;0
20729;2;786;10;14;10;0
20730;3806;770;10;14;10;0
20731;110;786;10;14;10;0
20736;3794;770;10;14;10;0
20737;3638;770;10;14;10;0
20738;3470;770;10;14;10;0
20740;3458;770;10;14;10;0
20741;3446;770;10;14;10;0
20742;3434;770;10;14;10;0
20744;3422;770;10;14;10;0
20745;3410;770;10;14;10;0
20752;3398;770;10;14;10;0
20754;3386;770;10;14;10;0
20756;3374;770;10;14;10;0
20757;3362;770;10;14;10;0
20758;3350;770;10;14;10;0
20760;3338;770;10;14;10;0
20762;3326;770;10;14;10;0
20767;3314;770;10;14;10;0
20769;3302;770;10;14;10;0
20778;3290;770;10;14;10;0
20786;3278;770;10;14;10;0
20787;3266;770;10;14;10;0
20791;3254;770;10;14;10;0
20792;3482;770;10;14;10;0
20794;3494;770;10;14;10;0
20795;3506;770;10;14;10;0
20796;3518;770;10;14;10;0
20799;3758;770;10;14;10;0
20800;3746;770;10;14;10;0
20801;3734;770;10;14;10;0
20803;3722;770;10;14;10;0
20804;3710;770;10;14;10;0
20805;3698;770;10;14;10;0
20806;3686;770;10;14;10;0
20807;3674;770;10;14;10;0
20808;3662;770;10;14;10;0
20809;3770;770;10;14;10;0
20811;3650;770;10;14;10;0
20812;3626;770;10;14;10;0
20813;3614;770;10;14;10;0
20814;3602;770;10;14;10;0
20816;3590;770;10;14;10;0
20817;3578;770;10;14;10;0
20818;3566;770;10;14;10;0
20820;3554;770;10;14;10;0
20821;3542;770;10;14;10;0
20822;3530;770;10;14;10;0
20823;2114;770;10;14;10;0
20825;2102;770;10;14;10;0
20826;2090;770;10;14;10;0
20827;1526;770;10;14;10;0
20828;650;770;10;14;10;0
20829;638;770;10;14;10;0
20830;626;770;10;14;10;0
20833;614;770;10;14;10;0
20834;602;770;10;14;10;0
20835;590;770;10;14;10;0
20837;578;770;10;14;10;0
20839;566;770;10;14;10;0
20840;554;770;10;14;10;0
20841;542;770;10;14;10;0
20842;530;770;10;14;10;0
20843;518;770;10;14;10;0
20844;506;770;10;14;10;0
20845;494;770;10;14;10;0
20846;482;770;10;14;10;0
20848;470;770;10;14;10;0
20849;458;770;10;14;10;0
20851;446;770;10;14;10;0
20852;434;770;10;14;10;0
20853;662;770;10;14;10;0
20854;674;770;10;14;10;0
20855;686;770;10;14;10;0
20856;698;770;10;14;10;0
20857;938;770;10;14;10;0
20859;926;770;10;14;10;0
20860;914;770;10;14;10;0
20861;902;770;10;14;10;0
20864;890;770;10;14;10;0
20865;878;770;10;14;10;0
20866;866;770;10;14;10;0
20869;854;770;10;14;10;0
20870;842;770;10;14;10;0
20871;950;770;10;14;10;0
20872;830;770;10;14;10;0
20873;806;770;10;14;10;0
20874;794;770;10;14;10;0
20876;782;770;10;14;10;0
20877;770;770;10;14;10;0
20879;758;770;10;14;10;0
20880;746;770;10;14;10;0
20881;734;770;10;14;10;0
20882;722;770;10;14;10;0
20883;710;770;10;14;10;0
20885;422;770;10;14;10;0
20886;410;770;10;14;10;0
20887;398;770;10;14;10;0
20889;122;770;10;14;10;0
20890;98;770;10;14;10;0
20891;86;770;10;14;10;0
20892;74;770;10;14;10;0
20893;62;770;10;14;10;0
20896;50;770;10;14;10;0
20898;38;770;10;14;10;0
20900;26;770;10;14;10;0
20901;14;770;10;14;10;0
20902;2;770;10;14;10;0
20903;4078;754;10;14;10;0
20904;4066;754;10;14;10;0
20905;4054;754;10;14;10;0
20906;4042;754;10;14;10;0
20907;4030;754;10;14;10;0
20908;4018;754;10;14;10;0
20911;4006;754;10;14;10;0
20912;3994;754;10;14;10;0
20913;3982;754;10;14;10;0
20914;3970;754;10;14;10;0
20915;110;770;10;14;10;0
20916;134;770;10;14;10;0
20917;386;770;10;14;10;0
20918;146;770;10;14;10;0
20919;374;770;10;14;10;0
20923;362;770;10;14;10;0
20924;350;770;10;14;10;0
20925;338;770;10;14;10;0
20926;326;770;10;14;10;0
20927;314;770;10;14;10;0
20928;302;770;10;14;10;0
20931;290;770;10;14;10;0
20932;278;770;10;14;10;0
20933;266;770;10;14;10;0
20934;254;770;10;14;10;0
20935;242;770;10;14;10;0
20936;230;770;10;14;10;0
20937;218;770;10;14;10;0
20938;206;770;10;14;10;0
20939;194;770;10;14;10;0
20940;182;770;10;14;10;0
20941;170;770;10;14;10;0
20943;158;770;10;14;10;0
20945;818;770;10;14;10;0
20950;962;770;10;14;10;0
20955;974;770;10;14;10;0
20956;986;770;10;14;10;0
20957;1778;770;10;14;10;0
20960;1766;770;10;14;10;0
20961;1754;770;10;14;10;0
20962;1742;770;10;14;10;0
20963;1730;770;10;14;10;0
20964;1718;770;10;14;10;0
20966;1706;770;10;14;10;0
20967;1694;770;10;14;10;0
20969;1682;770;10;14;10;0
20970;1670;770;10;14;10;0
20971;1658;770;10;14;10;0
20973;1646;770;10;14;10;0
20975;1634;770;10;14;10;0
20976;1622;770;10;14;10;0
20977;1610;770;10;14;10;0
20979;1598;770;10;14;10;0
20981;1586;770;10;14;10;0
20982;1574;770;10;14;10;0
20984;1562;770;10;14;10;0
20985;1790;770;10;14;10;0
20986;1802;770;10;14;10;0
20987;1814;770;10;14;10;0
20989;1826;770;10;14;10;0
20990;2066;770;10;14;10;0
20991;2054;770;10;14;10;0
20992;2042;770;10;14;10;0
20993;2030;770;10;14;10;0
20994;2018;770;10;14;10;0
20995;2006;770;10;14;10;0
20996;1994;770;10;14;10;0
20998;1982;770;10;14;10;0
20999;1970;770;10;14;10;0
21000;2078;770;10;14;10;0
21002;1958;770;10;14;10;0
21003;1934;770;10;14;10;0
21006;1922;770;10;14;10;0
21009;1910;770;10;14;10;0
21010;1898;770;10;14;10;0
21012;1886;770;10;14;10;0
21014;1874;770;10;14;10;0
21015;1862;770;10;14;10;0
21016;1850;770;10;14;10;0
21017;1838;770;10;14;10;0
21018;1550;770;10;14;10;0
21019;1946;770;10;14;10;0
21021;1538;770;10;14;10;0
21024;1382;770;10;14;10;0
21027;1214;770;10;14;10;0
21028;1202;770;10;14;10;0
21029;1190;770;10;14;10;0
21031;1178;770;10;14;10;0
21032;1166;770;10;14;10;0
21033;1154;770;10;14;10;0
21034;1142;770;10;14;10;0
21035;1130;770;10;14;10;0
21038;1118;770;10;14;10;0
21040;1106;770;10;14;10;0
21043;1094;770;10;14;10;0
21046;1082;770;10;14;10;0
21047;1070;770;10;14;10;0
21048;1058;770;10;14;10;0
21049;1046;770;10;14;10;0
21050;1034;770;10;14;10;0
21051;1022;770;10;14;10;0
21053;1010;770;10;14;10;0
21057;998;770;10;14;10;0
21058;1226;770;10;14;10;0
21059;1238;770;10;14;10;0
21060;1250;770;10;14;10;0
21063;1262;770;10;14;10;0
21065;1502;770;10;14;10;0
21066;1490;770;10;14;10;0
21067;1478;770;10;14;10;0
21068;1466;770;10;14;10;0
21069;1454;770;10;14;10;0
21070;1442;770;10;14;10;0
21071;1430;770;10;14;10;0
21072;1418;770;10;14;10;0
21073;1406;770;10;14;10;0
21076;1514;770;10;14;10;0
21078;1394;770;10;14;10;0
21083;1370;770;10;14;10;0
21084;1358;770;10;14;10;0
21085;1346;770;10;14;10;0
21086;1334;770;10;14;10;0
21091;1322;770;10;14;10;0
21092;1310;770;10;14;10;0
21093;1298;770;10;14;10;0
21095;1286;770;10;14;10;0
21097;1274;770;10;14;10;0
21098;3218;770;10;14;10;0
21102;254;786;10;14;10;0
21103;266;786;10;14;10;0
21104;278;786;10;14;10;0
21105;3326;786;10;14;10;0
21106;3314;786;10;14;10;0
21107;3302;786;10;14;10;0
21108;3290;786;10;14;10;0
21109;3278;786;10;14;10;0
21111;3266;786;10;14;10;0
21117;3254;786;10;14;10;0
21118;3242;786;10;14;10;0
21119;3230;786;10;14;10;0
21121;3218;786;10;14;10;0
21122;3206;786;10;14;10;0
21123;3194;786;10;14;10;0
21124;3182;786;10;14;10;0
21127;3170;786;10;14;10;0
21128;3158;786;10;14;10;0
21129;3146;786;10;14;10;0
21130;3134;786;10;14;10;0
21133;3122;786;10;14;10;0
21135;3110;786;10;14;10;0
21137;3338;786;10;14;10;0
21138;3350;786;10;14;10;0
21139;3362;786;10;14;10;0
21140;3374;786;10;14;10;0
21142;3614;786;10;14;10;0
21147;3602;786;10;14;10;0
21149;3590;786;10;14;10;0
21150;3578;786;10;14;10;0
21151;3566;786;10;14;10;0
21152;3554;786;10;14;10;0
21153;3542;786;10;14;10;0
21155;3530;786;10;14;10;0
21158;3518;786;10;14;10;0
21160;3626;786;10;14;10;0
21161;3506;786;10;14;10;0
21162;3482;786;10;14;10;0
21163;3470;786;10;14;10;0
21164;3458;786;10;14;10;0
21165;3446;786;10;14;10;0
21169;3434;786;10;14;10;0
21170;3422;786;10;14;10;0
21171;3410;786;10;14;10;0
21172;3398;786;10;14;10;0
21173;3386;786;10;14;10;0
21177;3098;786;10;14;10;0
21179;3494;786;10;14;10;0
21180;3086;786;10;14;10;0
21182;2930;786;10;14;10;0
21183;2762;786;10;14;10;0
21185;2750;786;10;14;10;0
21187;2738;786;10;14;10;0
21189;2726;786;10;14;10;0
21191;2714;786;10;14;10;0
21193;2702;786;10;14;10;0
21195;2690;786;10;14;10;0
21197;2678;786;10;14;10;0
21202;2666;786;10;14;10;0
21205;2654;786;10;14;10;0
21207;2642;786;10;14;10;0
21208;2630;786;10;14;10;0
21209;2618;786;10;14;10;0
21211;2606;786;10;14;10;0
21213;2594;786;10;14;10;0
21214;2582;786;10;14;10;0
21215;2570;786;10;14;10;0
21216;2558;786;10;14;10;0
21218;2546;786;10;14;10;0
21219;2774;786;10;14;10;0
21220;2786;786;10;14;10;0
21221;2798;786;10;14;10;0
21222;2810;786;10;14;10;0
21223;3050;786;10;14;10;0
21232;3038;786;10;14;10;0
21234;3026;786;10;14;10;0
21235;3014;786;10;14;10;0
21237;3002;786;10;14;10;0
21239;2990;786;10;14;10;0
21240;2978;786;10;14;10;0
21241;2966;786;10;14;10;0
21242;2954;786;10;14;10;0
21243;3062;786;10;14;10;0
21246;2942;786;10;14;10;0
21247;2918;786;10;14;10;0
21248;2906;786;10;14;10;0
21249;2894;786;10;14;10;0
21250;2882;786;10;14;10;0
21253;2870;786;10;14;10;0
21254;2858;786;10;14;10;0
21256;2846;786;10;14;10;0
21259;2834;786;10;14;10;0
21261;2822;786;10;14;10;0
21263;3074;786;10;14;10;0
21264;3650;786;10;14;10;0
21269;110;802;10;14;10;0
21270;3662;786;10;14;10;0
21271;362;802;10;14;10;0
21273;350;802;10;14;10;0
21274;338;802;10;14;10;0
21277;326;802;10;14;10;0
21280;314;802;10;14;10;0
21281;302;802;10;14;10;0
21283;290;802;10;14;10;0
21290;278;802;10;14;10;0
21293;266;802;10;14;10;0
21294;254;802;10;14;10;0
21295;242;802;10;14;10;0
21297;230;802;10;14;10;0
21299;218;802;10;14;10;0
21304;206;802;10;14;10;0
21305;194;802;10;14;10;0
21306;182;802;10;14;10;0
21307;170;802;10;14;10;0
21310;158;802;10;14;10;0
21311;146;802;10;14;10;0
21312;374;802;10;14;10;0
21313;386;802;10;14;10;0
21315;398;802;10;14;10;0
21316;410;802;10;14;10;0
21317;650;802;10;14;10;0
21318;638;802;10;14;10;0
21319;626;802;10;14;10;0
21320;614;802;10;14;10;0
21321;602;802;10;14;10;0
21322;590;802;10;14;10;0
21323;578;802;10;14;10;0
21324;566;802;10;14;10;0
21325;554;802;10;14;10;0
21326;662;802;10;14;10;0
21327;542;802;10;14;10;0
21328;518;802;10;14;10;0
21329;506;802;10;14;10;0
21330;494;802;10;14;10;0
21331;482;802;10;14;10;0
21332;470;802;10;14;10;0
21333;458;802;10;14;10;0
21334;446;802;10;14;10;0
21335;434;802;10;14;10;0
21336;422;802;10;14;10;0
21338;134;802;10;14;10;0
21340;530;802;10;14;10;0
21342;122;802;10;14;10;0
21343;4058;786;10;14;10;0
21344;3890;786;10;14;10;0
21345;3878;786;10;14;10;0
21346;3866;786;10;14;10;0
21348;3854;786;10;14;10;0
21349;3842;786;10;14;10;0
21350;3830;786;10;14;10;0
21351;3818;786;10;14;10;0
21352;3806;786;10;14;10;0
21353;3794;786;10;14;10;0
21355;3782;786;10;14;10;0
21356;3770;786;10;14;10;0
21358;3758;786;10;14;10;0
21359;3746;786;10;14;10;0
21360;3734;786;10;14;10;0
21361;3722;786;10;14;10;0
21363;3710;786;10;14;10;0
21364;3698;786;10;14;10;0
21365;3686;786;10;14;10;0
21367;3674;786;10;14;10;0
21368;3902;786;10;14;10;0
21369;3914;786;10;14;10;0
21371;3926;786;10;14;10;0
21373;3938;786;10;14;10;0
21375;86;802;10;14;10;0
21378;74;802;10;14;10;0
21379;62;802;10;14;10;0
21380;50;802;10;14;10;0
21381;38;802;10;14;10;0
21382;26;802;10;14;10;0
21385;14;802;10;14;10;0
21387;2;802;10;14;10;0
21388;4082;786;10;14;10;0
21390;98;802;10;14;10;0
21397;4070;786;10;14;10;0
21398;4046;786;10;14;10;0
21400;4034;786;10;14;10;0
21401;4022;786;10;14;10;0
21402;4010;786;10;14;10;0
21405;3998;786;10;14;10;0
21407;3986;786;10;14;10;0
21408;3974;786;10;14;10;0
21410;3962;786;10;14;10;0
21413;3950;786;10;14;10;0
21414;2534;786;10;14;10;0
21416;3638;786;10;14;10;0
21417;2522;786;10;14;10;0
21421;1382;786;10;14;10;0
21422;1070;786;10;14;10;0
21424;1058;786;10;14;10;0
21426;1046;786;10;14;10;0
21427;1034;786;10;14;10;0
21428;1022;786;10;14;10;0
21430;1010;786;10;14;10;0
21435;998;786;10;14;10;0
21439;986;786;10;14;10;0
21441;974;786;10;14;10;0
21442;962;786;10;14;10;0
21443;950;786;10;14;10;0
21448;938;786;10;14;10;0
21449;926;786;10;14;10;0
21450;914;786;10;14;10;0
21451;902;786;10;14;10;0
21452;890;786;10;14;10;0
21453;878;786;10;14;10;0
21454;866;786;10;14;10;0
21457;854;786;10;14;10;0
21458;1082;786;10;14;10;0
21460;1094;786;10;14;10;0
21461;1106;786;10;14;10;0
21462;1118;786;10;14;10;0
21463;1358;786;10;14;10;0
21464;1346;786;10;14;10;0
21465;1334;786;10;14;10;0
21466;1322;786;10;14;10;0
21467;1310;786;10;14;10;0
21471;1298;786;10;14;10;0
21472;1286;786;10;14;10;0
21473;1274;786;10;14;10;0
21474;1262;786;10;14;10;0
21475;1370;786;10;14;10;0
21476;1250;786;10;14;10;0
21477;1226;786;10;14;10;0
21478;1214;786;10;14;10;0
21480;1202;786;10;14;10;0
21481;1190;786;10;14;10;0
21482;1178;786;10;14;10;0
21483;1166;786;10;14;10;0
21484;1154;786;10;14;10;0
21485;1142;786;10;14;10;0
21486;1130;786;10;14;10;0
21487;842;786;10;14;10;0
21488;1238;786;10;14;10;0
21489;830;786;10;14;10;0
21490;674;786;10;14;10;0
21491;506;786;10;14;10;0
21493;494;786;10;14;10;0
21494;482;786;10;14;10;0
21495;470;786;10;14;10;0
21496;458;786;10;14;10;0
21497;446;786;10;14;10;0
21498;434;786;10;14;10;0
21499;422;786;10;14;10;0
21500;410;786;10;14;10;0
21501;398;786;10;14;10;0
21502;386;786;10;14;10;0
21505;374;786;10;14;10;0
21507;362;786;10;14;10;0
21508;350;786;10;14;10;0
21510;338;786;10;14;10;0
21512;326;786;10;14;10;0
21513;314;786;10;14;10;0
21514;302;786;10;14;10;0
21515;290;786;10;14;10;0
21516;518;786;10;14;10;0
21517;530;786;10;14;10;0
21518;542;786;10;14;10;0
21519;554;786;10;14;10;0
21520;794;786;10;14;10;0
21521;782;786;10;14;10;0
21522;770;786;10;14;10;0
21523;758;786;10;14;10;0
21524;746;786;10;14;10;0
21525;734;786;10;14;10;0
21526;722;786;10;14;10;0
21527;710;786;10;14;10;0
21531;698;786;10;14;10;0
21532;806;786;10;14;10;0
21533;686;786;10;14;10;0
21534;662;786;10;14;10;0
21535;650;786;10;14;10;0
21536;638;786;10;14;10;0
21537;626;786;10;14;10;0
21542;614;786;10;14;10;0
21543;602;786;10;14;10;0
21544;590;786;10;14;10;0
21545;578;786;10;14;10;0
21546;566;786;10;14;10;0
21547;818;786;10;14;10;0
21548;1394;786;10;14;10;0
21549;1946;786;10;14;10;0
21550;1406;786;10;14;10;0
21551;2198;786;10;14;10;0
21553;2186;786;10;14;10;0
21555;2174;786;10;14;10;0
21556;2162;786;10;14;10;0
21557;2150;786;10;14;10;0
21558;2138;786;10;14;10;0
21560;2126;786;10;14;10;0
21561;2114;786;10;14;10;0
21563;2102;786;10;14;10;0
21564;2090;786;10;14;10;0
21565;2078;786;10;14;10;0
21566;2066;786;10;14;10;0
21567;2054;786;10;14;10;0
21568;2042;786;10;14;10;0
21570;2030;786;10;14;10;0
21571;2018;786;10;14;10;0
21574;2006;786;10;14;10;0
21576;1994;786;10;14;10;0
21577;1982;786;10;14;10;0
21578;2210;786;10;14;10;0
21579;2222;786;10;14;10;0
21582;2234;786;10;14;10;0
21584;2246;786;10;14;10;0
21585;2486;786;10;14;10;0
21587;2474;786;10;14;10;0
21588;2462;786;10;14;10;0
21589;2450;786;10;14;10;0
21591;2438;786;10;14;10;0
21592;2426;786;10;14;10;0
21593;2414;786;10;14;10;0
21595;2402;786;10;14;10;0
21596;2390;786;10;14;10;0
21599;2498;786;10;14;10;0
21600;2378;786;10;14;10;0
21602;2354;786;10;14;10;0
21603;2342;786;10;14;10;0
21604;2330;786;10;14;10;0
21606;2318;786;10;14;10;0
21608;2306;786;10;14;10;0
21610;2294;786;10;14;10;0
21614;2282;786;10;14;10;0
21615;2270;786;10;14;10;0
21616;2258;786;10;14;10;0
21617;1970;786;10;14;10;0
21618;2366;786;10;14;10;0
21619;1958;786;10;14;10;0
21621;1802;786;10;14;10;0
21622;1634;786;10;14;10;0
21623;1622;786;10;14;10;0
21624;1610;786;10;14;10;0
21627;1598;786;10;14;10;0
21628;1586;786;10;14;10;0
21629;1574;786;10;14;10;0
21630;1562;786;10;14;10;0
21631;1550;786;10;14;10;0
21632;1538;786;10;14;10;0
21633;1526;786;10;14;10;0
21634;1514;786;10;14;10;0
21636;1502;786;10;14;10;0
21638;1490;786;10;14;10;0
21639;1478;786;10;14;10;0
21640;1466;786;10;14;10;0
21643;1454;786;10;14;10;0
21644;1442;786;10;14;10;0
21646;1430;786;10;14;10;0
21647;1418;786;10;14;10;0
21648;1646;786;10;14;10;0
21649;1658;786;10;14;10;0
21650;1670;786;10;14;10;0
21651;1682;786;10;14;10;0
21652;1922;786;10;14;10;0
21653;1910;786;10;14;10;0
21654;1898;786;10;14;10;0
21655;1886;786;10;14;10;0
21656;1874;786;10;14;10;0
21657;1862;786;10;14;10;0
21658;1850;786;10;14;10;0
21659;1838;786;10;14;10;0
21664;1826;786;10;14;10;0
21665;1934;786;10;14;10;0
21666;1814;786;10;14;10;0
21668;1790;786;10;14;10;0
21669;1778;786;10;14;10;0
21670;1766;786;10;14;10;0
21671;1754;786;10;14;10;0
21672;1742;786;10;14;10;0
21673;1730;786;10;14;10;0
21674;1718;786;10;14;10;0
21675;1706;786;10;14;10;0
21676;1694;786;10;14;10;0
21677;3962;690;10;14;10;0
21679;3950;690;10;14;10;0
21681;3938;690;10;14;10;0
21682;3518;674;10;14;10;0
21683;410;610;10;14;10;0
21687;398;610;10;14;10;0
21688;386;610;10;14;10;0
21689;374;610;10;14;10;0
21691;362;610;10;14;10;0
21692;350;610;10;14;10;0
21693;338;610;10;14;10;0
21694;326;610;10;14;10;0
21695;314;610;10;14;10;0
21696;302;610;10;14;10;0
21697;290;610;10;14;10;0
21698;278;610;10;14;10;0
21699;266;610;10;14;10;0
21700;254;610;10;14;10;0
21702;242;610;10;14;10;0
21703;230;610;10;14;10;0
21704;218;610;10;14;10;0
21705;206;610;10;14;10;0
21707;194;610;10;14;10;0
21709;422;610;10;14;10;0
21710;434;610;10;14;10;0
21711;446;610;10;14;10;0
21713;458;610;10;14;10;0
21714;698;610;10;14;10;0
21715;686;610;10;14;10;0
21716;674;610;10;14;10;0
21718;662;610;10;14;10;0
21719;650;610;10;14;10;0
21720;638;610;10;14;10;0
21722;626;610;10;14;10;0
21725;614;610;10;14;10;0
21726;602;610;10;14;10;0
21727;710;610;10;14;10;0
21729;590;610;10;14;10;0
21730;566;610;10;14;10;0
21733;554;610;10;14;10;0
21734;542;610;10;14;10;0
21735;530;610;10;14;10;0
21736;518;610;10;14;10;0
21737;506;610;10;14;10;0
21738;494;610;10;14;10;0
21741;482;610;10;14;10;0
21742;470;610;10;14;10;0
21746;182;610;10;14;10;0
21754;578;610;10;14;10;0
21756;170;610;10;14;10;0
21757;14;610;10;14;10;0
21759;3938;594;10;14;10;0
21761;3926;594;10;14;10;0
21764;3914;594;10;14;10;0
21766;3902;594;10;14;10;0
21767;3890;594;10;14;10;0
21769;3878;594;10;14;10;0
21771;3866;594;10;14;10;0
21774;3854;594;10;14;10;0
21775;3842;594;10;14;10;0
21776;3830;594;10;14;10;0
21777;3818;594;10;14;10;0
21779;3806;594;10;14;10;0
21780;3794;594;10;14;10;0
21782;3782;594;10;14;10;0
21786;3770;594;10;14;10;0
21790;3758;594;10;14;10;0
21792;3746;594;10;14;10;0
21794;3734;594;10;14;10;0
21796;3722;594;10;14;10;0
21797;3950;594;10;14;10;0
21798;3962;594;10;14;10;0
21799;3974;594;10;14;10;0
21802;3986;594;10;14;10;0
21804;134;610;10;14;10;0
21805;122;610;10;14;10;0
21806;110;610;10;14;10;0
21807;98;610;10;14;10;0
21808;86;610;10;14;10;0
21809;74;610;10;14;10;0
21811;62;610;10;14;10;0
21815;50;610;10;14;10;0
21816;38;610;10;14;10;0
21817;146;610;10;14;10;0
21820;26;610;10;14;10;0
21822;2;610;10;14;10;0
21824;4082;594;10;14;10;0
21825;4070;594;10;14;10;0
21827;4058;594;10;14;10;0
21828;4046;594;10;14;10;0
21829;4034;594;10;14;10;0
21830;4022;594;10;14;10;0
21833;4010;594;10;14;10;0
21834;3998;594;10;14;10;0
21835;158;610;10;14;10;0
21836;734;610;10;14;10;0
21837;1286;610;10;14;10;0
21838;746;610;10;14;10;0
21839;1538;610;10;14;10;0
21840;1526;610;10;14;10;0
21843;1514;610;10;14;10;0
21845;1502;610;10;14;10;0
21846;1490;610;10;14;10;0
21847;1478;610;10;14;10;0
21852;1466;610;10;14;10;0
21853;1454;610;10;14;10;0
21854;1442;610;10;14;10;0
21855;1430;610;10;14;10;0
21857;1418;610;10;14;10;0
21858;1406;610;10;14;10;0
21859;1394;610;10;14;10;0
21860;1382;610;10;14;10;0
21861;1370;610;10;14;10;0
21862;1358;610;10;14;10;0
21863;1346;610;10;14;10;0
21865;1334;610;10;14;10;0
21866;1322;610;10;14;10;0
21867;1550;610;10;14;10;0
21868;1562;610;10;14;10;0
21870;1574;610;10;14;10;0
21872;1586;610;10;14;10;0
21873;1826;610;10;14;10;0
21874;1814;610;10;14;10;0
21877;1802;610;10;14;10;0
21878;1790;610;10;14;10;0
21879;1778;610;10;14;10;0
21880;1766;610;10;14;10;0
21881;1754;610;10;14;10;0
21883;1742;610;10;14;10;0
21884;1730;610;10;14;10;0
21886;1838;610;10;14;10;0
21888;1718;610;10;14;10;0
21889;1694;610;10;14;10;0
21890;1682;610;10;14;10;0
21891;1670;610;10;14;10;0
21892;1658;610;10;14;10;0
21894;1646;610;10;14;10;0
21895;1634;610;10;14;10;0
21897;1622;610;10;14;10;0
21898;1610;610;10;14;10;0
21899;1598;610;10;14;10;0
21902;1310;610;10;14;10;0
21903;1706;610;10;14;10;0
21905;1298;610;10;14;10;0
21908;1142;610;10;14;10;0
21912;974;610;10;14;10;0
21913;962;610;10;14;10;0
21914;950;610;10;14;10;0
21916;938;610;10;14;10;0
21917;926;610;10;14;10;0
21918;914;610;10;14;10;0
21919;902;610;10;14;10;0
21925;890;610;10;14;10;0
21927;878;610;10;14;10;0
21928;866;610;10;14;10;0
21929;854;610;10;14;10;0
21930;842;610;10;14;10;0
21931;830;610;10;14;10;0
21932;818;610;10;14;10;0
21934;806;610;10;14;10;0
21936;794;610;10;14;10;0
21937;782;610;10;14;10;0
21938;770;610;10;14;10;0
21939;758;610;10;14;10;0
21941;986;610;10;14;10;0
21942;998;610;10;14;10;0
21943;1010;610;10;14;10;0
21945;1022;610;10;14;10;0
21946;1262;610;10;14;10;0
21947;1250;610;10;14;10;0
21948;1238;610;10;14;10;0
21949;1226;610;10;14;10;0
21951;1214;610;10;14;10;0
21952;1202;610;10;14;10;0
21956;1190;610;10;14;10;0
21957;1178;610;10;14;10;0
21958;1166;610;10;14;10;0
21959;1274;610;10;14;10;0
21961;1154;610;10;14;10;0
21964;1130;610;10;14;10;0
21965;1118;610;10;14;10;0
21966;1106;610;10;14;10;0
21968;1094;610;10;14;10;0
21969;1082;610;10;14;10;0
21970;1070;610;10;14;10;0
21971;1058;610;10;14;10;0
21972;1046;610;10;14;10;0
21974;1034;610;10;14;10;0
21975;3710;594;10;14;10;0
21978;3698;594;10;14;10;0
21980;3686;594;10;14;10;0
21981;3122;594;10;14;10;0
21983;2246;594;10;14;10;0
21985;2234;594;10;14;10;0
21987;2222;594;10;14;10;0
21988;2210;594;10;14;10;0
21989;2198;594;10;14;10;0
21990;2186;594;10;14;10;0
21991;2174;594;10;14;10;0
21992;2162;594;10;14;10;0
21993;2150;594;10;14;10;0
21996;2138;594;10;14;10;0
21998;2126;594;10;14;10;0
21999;2114;594;10;14;10;0
22000;2102;594;10;14;10;0
22001;2090;594;10;14;10;0
22002;2078;594;10;14;10;0
22005;2066;594;10;14;10;0
22006;2054;594;10;14;10;0
22007;2042;594;10;14;10;0
22009;2030;594;10;14;10;0
22011;2258;594;10;14;10;0
22013;2270;594;10;14;10;0
22014;2282;594;10;14;10;0
22016;2294;594;10;14;10;0
22017;2534;594;10;14;10;0
22018;2522;594;10;14;10;0
22021;2510;594;10;14;10;0
22022;2498;594;10;14;10;0
22024;2486;594;10;14;10;0
22025;2474;594;10;14;10;0
22028;2462;594;10;14;10;0
22029;2450;594;10;14;10;0
22030;2438;594;10;14;10;0
22031;2546;594;10;14;10;0
22032;2426;594;10;14;10;0
22035;2402;594;10;14;10;0
22036;2390;594;10;14;10;0
22038;2378;594;10;14;10;0
22039;2366;594;10;14;10;0
22040;2354;594;10;14;10;0
22042;2342;594;10;14;10;0
22043;2330;594;10;14;10;0
22044;2318;594;10;14;10;0
22045;2306;594;10;14;10;0
22046;2018;594;10;14;10;0
22047;2006;594;10;14;10;0
22050;1994;594;10;14;10;0
22051;1718;594;10;14;10;0
22052;1694;594;10;14;10;0
22053;1682;594;10;14;10;0
22054;1670;594;10;14;10;0
22055;1658;594;10;14;10;0
22057;1646;594;10;14;10;0
22061;1634;594;10;14;10;0
22062;1622;594;10;14;10;0
22063;1610;594;10;14;10;0
22064;1598;594;10;14;10;0
22065;1586;594;10;14;10;0
22066;1574;594;10;14;10;0
22068;1562;594;10;14;10;0
22070;1550;594;10;14;10;0
22072;1538;594;10;14;10;0
22073;1526;594;10;14;10;0
22075;1514;594;10;14;10;0
22079;1502;594;10;14;10;0
22080;1490;594;10;14;10;0
22081;1478;594;10;14;10;0
22082;1706;594;10;14;10;0
22083;1730;594;10;14;10;0
22089;1982;594;10;14;10;0
22092;1742;594;10;14;10;0
22094;1970;594;10;14;10;0
22095;1958;594;10;14;10;0
22096;1946;594;10;14;10;0
22098;1934;594;10;14;10;0
22099;1922;594;10;14;10;0
22100;1910;594;10;14;10;0
22103;1898;594;10;14;10;0
22104;1886;594;10;14;10;0
22105;1874;594;10;14;10;0
22106;1862;594;10;14;10;0
22107;1850;594;10;14;10;0
22108;1838;594;10;14;10;0
22109;1826;594;10;14;10;0
22112;1814;594;10;14;10;0
22114;1802;594;10;14;10;0
22116;1790;594;10;14;10;0
22117;1778;594;10;14;10;0
22120;1766;594;10;14;10;0
22121;1754;594;10;14;10;0
22122;2414;594;10;14;10;0
22123;2558;594;10;14;10;0
22124;2570;594;10;14;10;0
22127;2582;594;10;14;10;0
22129;3374;594;10;14;10;0
22132;3362;594;10;14;10;0
22134;3350;594;10;14;10;0
22136;3338;594;10;14;10;0
22137;3326;594;10;14;10;0
22138;3314;594;10;14;10;0
22140;3302;594;10;14;10;0
22144;3290;594;10;14;10;0
22148;3278;594;10;14;10;0
22149;3266;594;10;14;10;0
22150;3254;594;10;14;10;0
22151;3242;594;10;14;10;0
22153;3230;594;10;14;10;0
22154;3218;594;10;14;10;0
22158;3206;594;10;14;10;0
22159;3194;594;10;14;10;0
22160;3182;594;10;14;10;0
22163;3170;594;10;14;10;0
22164;3158;594;10;14;10;0
22165;3386;594;10;14;10;0
22169;3398;594;10;14;10;0
22171;3410;594;10;14;10;0
22175;3422;594;10;14;10;0
22176;3662;594;10;14;10;0
22177;3650;594;10;14;10;0
22178;3638;594;10;14;10;0
22179;3626;594;10;14;10;0
22180;3614;594;10;14;10;0
22181;3602;594;10;14;10;0
22182;3590;594;10;14;10;0
22184;3578;594;10;14;10;0
22189;3566;594;10;14;10;0
22190;3674;594;10;14;10;0
22191;3554;594;10;14;10;0
22193;3530;594;10;14;10;0
22195;3518;594;10;14;10;0
22196;3506;594;10;14;10;0
22198;3494;594;10;14;10;0
22199;3482;594;10;14;10;0
22201;3470;594;10;14;10;0
22204;3458;594;10;14;10;0
22207;3446;594;10;14;10;0
22208;3434;594;10;14;10;0
22209;3146;594;10;14;10;0
22210;3542;594;10;14;10;0
22211;3134;594;10;14;10;0
22216;2978;594;10;14;10;0
22217;2810;594;10;14;10;0
22218;2798;594;10;14;10;0
22220;2786;594;10;14;10;0
22221;2774;594;10;14;10;0
22222;2762;594;10;14;10;0
22225;2750;594;10;14;10;0
22226;2738;594;10;14;10;0
22227;2726;594;10;14;10;0
22228;2714;594;10;14;10;0
22230;2702;594;10;14;10;0
22231;2690;594;10;14;10;0
22232;2678;594;10;14;10;0
22234;2666;594;10;14;10;0
22235;2654;594;10;14;10;0
22237;2642;594;10;14;10;0
22238;2630;594;10;14;10;0
22239;2618;594;10;14;10;0
22240;2606;594;10;14;10;0
22241;2594;594;10;14;10;0
22242;2822;594;10;14;10;0
22243;2834;594;10;14;10;0
22244;2846;594;10;14;10;0
22245;2858;594;10;14;10;0
22247;3098;594;10;14;10;0
22250;3086;594;10;14;10;0
22251;3074;594;10;14;10;0
22252;3062;594;10;14;10;0
22253;3050;594;10;14;10;0
22254;3038;594;10;14;10;0
22256;3026;594;10;14;10;0
22257;3014;594;10;14;10;0
22258;3002;594;10;14;10;0
22259;3110;594;10;14;10;0
22260;2990;594;10;14;10;0
22261;2966;594;10;14;10;0
22264;2954;594;10;14;10;0
22265;2942;594;10;14;10;0
22266;2930;594;10;14;10;0
22269;2918;594;10;14;10;0
22270;2906;594;10;14;10;0
22271;2894;594;10;14;10;0
22272;2882;594;10;14;10;0
22275;2870;594;10;14;10;0
22276;722;610;10;14;10;0
22278;1850;610;10;14;10;0
22279;1862;610;10;14;10;0
22280;1874;610;10;14;10;0
22281;830;626;10;14;10;0
22283;818;626;10;14;10;0
22285;806;626;10;14;10;0
22286;794;626;10;14;10;0
22287;782;626;10;14;10;0
22290;770;626;10;14;10;0
22291;758;626;10;14;10;0
22294;746;626;10;14;10;0
22296;734;626;10;14;10;0
22300;722;626;10;14;10;0
22303;710;626;10;14;10;0
22306;698;626;10;14;10;0
22307;686;626;10;14;10;0
22310;674;626;10;14;10;0
22311;662;626;10;14;10;0
22312;650;626;10;14;10;0
22313;638;626;10;14;10;0
22314;626;626;10;14;10;0
22316;614;626;10;14;10;0
22317;842;626;10;14;10;0
22318;854;626;10;14;10;0
22319;866;626;10;14;10;0
22320;878;626;10;14;10;0
22323;1118;626;10;14;10;0
22327;1106;626;10;14;10;0
22328;1094;626;10;14;10;0
22329;1082;626;10;14;10;0
22330;1070;626;10;14;10;0
22331;1058;626;10;14;10;0
22332;1046;626;10;14;10;0
22334;1034;626;10;14;10;0
22336;1022;626;10;14;10;0
22338;1130;626;10;14;10;0
22339;1010;626;10;14;10;0
22343;986;626;10;14;10;0
22346;974;626;10;14;10;0
22348;962;626;10;14;10;0
22349;950;626;10;14;10;0
22350;938;626;10;14;10;0
22351;926;626;10;14;10;0
22352;914;626;10;14;10;0
22353;902;626;10;14;10;0
22356;890;626;10;14;10;0
22359;602;626;10;14;10;0
22362;998;626;10;14;10;0
22363;590;626;10;14;10;0
22364;434;626;10;14;10;0
22365;266;626;10;14;10;0
22366;254;626;10;14;10;0
22367;242;626;10;14;10;0
22368;230;626;10;14;10;0
22369;218;626;10;14;10;0
22372;206;626;10;14;10;0
22374;194;626;10;14;10;0
22376;182;626;10;14;10;0
22377;170;626;10;14;10;0
22378;158;626;10;14;10;0
22381;146;626;10;14;10;0
22383;134;626;10;14;10;0
22384;122;626;10;14;10;0
22387;110;626;10;14;10;0
22389;98;626;10;14;10;0
22391;86;626;10;14;10;0
22396;74;626;10;14;10;0
22398;62;626;10;14;10;0
22399;50;626;10;14;10;0
22402;278;626;10;14;10;0
22403;290;626;10;14;10;0
22404;302;626;10;14;10;0
22408;314;626;10;14;10;0
22409;554;626;10;14;10;0
22411;542;626;10;14;10;0
22412;530;626;10;14;10;0
22418;518;626;10;14;10;0
22419;506;626;10;14;10;0
22420;494;626;10;14;10;0
22426;482;626;10;14;10;0
22427;470;626;10;14;10;0
22432;458;626;10;14;10;0
22434;566;626;10;14;10;0
22435;446;626;10;14;10;0
22436;422;626;10;14;10;0
22438;410;626;10;14;10;0
22439;398;626;10;14;10;0
22442;386;626;10;14;10;0
22443;374;626;10;14;10;0
22446;362;626;10;14;10;0
22448;350;626;10;14;10;0
22449;338;626;10;14;10;0
22451;326;626;10;14;10;0
22453;578;626;10;14;10;0
22455;1154;626;10;14;10;0
22458;1706;626;10;14;10;0
22459;1166;626;10;14;10;0
22464;1958;626;10;14;10;0
22466;1946;626;10;14;10;0
22467;1934;626;10;14;10;0
22470;1922;626;10;14;10;0
22475;1910;626;10;14;10;0
22478;1898;626;10;14;10;0
22482;1886;626;10;14;10;0
22483;1874;626;10;14;10;0
22484;1862;626;10;14;10;0
22485;1850;626;10;14;10;0
22486;1838;626;10;14;10;0
22487;1826;626;10;14;10;0
22488;1814;626;10;14;10;0
22490;1802;626;10;14;10;0
22492;1790;626;10;14;10;0
22494;1778;626;10;14;10;0
22495;1766;626;10;14;10;0
22496;1754;626;10;14;10;0
22497;1742;626;10;14;10;0
22499;1970;626;10;14;10;0
22500;1982;626;10;14;10;0
22503;1994;626;10;14;10;0
22506;2006;626;10;14;10;0
22509;2246;626;10;14;10;0
22511;2234;626;10;14;10;0
22514;2222;626;10;14;10;0
22516;2210;626;10;14;10;0
22519;2198;626;10;14;10;0
22520;2186;626;10;14;10;0
22521;2174;626;10;14;10;0
22522;2162;626;10;14;10;0
22524;2150;626;10;14;10;0
22525;2258;626;10;14;10;0
22528;2138;626;10;14;10;0
22530;2114;626;10;14;10;0
22531;2102;626;10;14;10;0
22533;2090;626;10;14;10;0
22534;2078;626;10;14;10;0
22535;2066;626;10;14;10;0
22537;2054;626;10;14;10;0
22538;2042;626;10;14;10;0
22539;2030;626;10;14;10;0
22545;2018;626;10;14;10;0
22549;1730;626;10;14;10;0
22553;2126;626;10;14;10;0
22557;1718;626;10;14;10;0
22560;1562;626;10;14;10;0
22561;1394;626;10;14;10;0
22564;1382;626;10;14;10;0
22570;1370;626;10;14;10;0
22573;1358;626;10;14;10;0
22575;1346;626;10;14;10;0
22576;1334;626;10;14;10;0
22577;1322;626;10;14;10;0
22580;1310;626;10;14;10;0
22581;1298;626;10;14;10;0
22586;1286;626;10;14;10;0
22589;1274;626;10;14;10;0
22592;1262;626;10;14;10;0
22593;1250;626;10;14;10;0
22596;1238;626;10;14;10;0
22602;1226;626;10;14;10;0
22603;1214;626;10;14;10;0
22604;1202;626;10;14;10;0
22605;1190;626;10;14;10;0
22609;1178;626;10;14;10;0
22610;1406;626;10;14;10;0
22612;1418;626;10;14;10;0
22615;1430;626;10;14;10;0
22616;1442;626;10;14;10;0
22617;1682;626;10;14;10;0
22618;1670;626;10;14;10;0
22622;1658;626;10;14;10;0
22626;1646;626;10;14;10;0
22628;1634;626;10;14;10;0
22633;1622;626;10;14;10;0
22635;1610;626;10;14;10;0
22637;1598;626;10;14;10;0
22639;1586;626;10;14;10;0
22640;1694;626;10;14;10;0
22641;1574;626;10;14;10;0
22642;1550;626;10;14;10;0
22643;1538;626;10;14;10;0
22645;1526;626;10;14;10;0
22649;1514;626;10;14;10;0
22653;1502;626;10;14;10;0
22654;1490;626;10;14;10;0
22656;1478;626;10;14;10;0
22659;1466;626;10;14;10;0
22661;1454;626;10;14;10;0
22665;38;626;10;14;10;0
22666;1142;626;10;14;10;0
22673;26;626;10;14;10;0
22674;2978;610;10;14;10;0
22675;2666;610;10;14;10;0
22679;2654;610;10;14;10;0
22680;2642;610;10;14;10;0
22681;2630;610;10;14;10;0
22684;2618;610;10;14;10;0
22686;2606;610;10;14;10;0
22687;2594;610;10;14;10;0
22691;2582;610;10;14;10;0
22694;2570;610;10;14;10;0
22696;2558;610;10;14;10;0
22697;2546;610;10;14;10;0
22699;2534;610;10;14;10;0
22700;2522;610;10;14;10;0
22702;2510;610;10;14;10;0
22707;2498;610;10;14;10;0
22709;2486;610;10;14;10;0
22710;2474;610;10;14;10;0
22712;2462;610;10;14;10;0
22713;2450;610;10;14;10;0
22714;2678;610;10;14;10;0
22715;2690;610;10;14;10;0
22718;2702;610;10;14;10;0
22721;2714;610;10;14;10;0
22722;2954;610;10;14;10;0
22725;2942;610;10;14;10;0
22726;2930;610;10;14;10;0
22727;2918;610;10;14;10;0
22730;2906;610;10;14;10;0
22732;2894;610;10;14;10;0
22734;2882;610;10;14;10;0
22737;2870;610;10;14;10;0
22739;2858;610;10;14;10;0
22741;2966;610;10;14;10;0
22743;2846;610;10;14;10;0
22744;2822;610;10;14;10;0
22745;2810;610;10;14;10;0
22746;2798;610;10;14;10;0
22748;2786;610;10;14;10;0
22750;2774;610;10;14;10;0
22751;2762;610;10;14;10;0
22752;2750;610;10;14;10;0
22754;2738;610;10;14;10;0
22756;2726;610;10;14;10;0
22757;2438;610;10;14;10;0
22761;2834;610;10;14;10;0
22763;2426;610;10;14;10;0
22764;2270;610;10;14;10;0
22766;2102;610;10;14;10;0
22767;2090;610;10;14;10;0
22768;2078;610;10;14;10;0
22769;2066;610;10;14;10;0
22770;2054;610;10;14;10;0
22771;2042;610;10;14;10;0
22774;2030;610;10;14;10;0
22775;2018;610;10;14;10;0
22777;2006;610;10;14;10;0
22778;1994;610;10;14;10;0
22779;1982;610;10;14;10;0
22780;1970;610;10;14;10;0
22781;1958;610;10;14;10;0
22786;1946;610;10;14;10;0
22788;1934;610;10;14;10;0
22790;1922;610;10;14;10;0
22791;1910;610;10;14;10;0
22793;1898;610;10;14;10;0
22794;1886;610;10;14;10;0
22796;2114;610;10;14;10;0
22797;2126;610;10;14;10;0
22799;2138;610;10;14;10;0
22800;2150;610;10;14;10;0
22804;2390;610;10;14;10;0
22805;2378;610;10;14;10;0
22806;2366;610;10;14;10;0
22808;2354;610;10;14;10;0
22809;2342;610;10;14;10;0
22810;2330;610;10;14;10;0
22811;2318;610;10;14;10;0
22812;2306;610;10;14;10;0
22815;2294;610;10;14;10;0
22816;2402;610;10;14;10;0
22818;2282;610;10;14;10;0
22820;2258;610;10;14;10;0
22821;2246;610;10;14;10;0
22823;2234;610;10;14;10;0
22825;2222;610;10;14;10;0
22826;2210;610;10;14;10;0
22827;2198;610;10;14;10;0
22828;2186;610;10;14;10;0
22829;2174;610;10;14;10;0
22830;2162;610;10;14;10;0
22831;2414;610;10;14;10;0
22833;2990;610;10;14;10;0
22834;3542;610;10;14;10;0
22836;3002;610;10;14;10;0
22839;3794;610;10;14;10;0
22840;3782;610;10;14;10;0
22841;3770;610;10;14;10;0
22842;3758;610;10;14;10;0
22846;3746;610;10;14;10;0
22848;3734;610;10;14;10;0
22849;3722;610;10;14;10;0
22852;3710;610;10;14;10;0
22855;3698;610;10;14;10;0
22856;3686;610;10;14;10;0
22857;3674;610;10;14;10;0
22859;3662;610;10;14;10;0
22860;3650;610;10;14;10;0
22862;3638;610;10;14;10;0
22863;3626;610;10;14;10;0
22864;3614;610;10;14;10;0
22865;3602;610;10;14;10;0
22868;3590;610;10;14;10;0
22869;3578;610;10;14;10;0
22870;3806;610;10;14;10;0
22871;3818;610;10;14;10;0
22872;3830;610;10;14;10;0
22874;3842;610;10;14;10;0
22880;4082;610;10;14;10;0
22882;4070;610;10;14;10;0
22885;4058;610;10;14;10;0
22887;4046;610;10;14;10;0
22888;4034;610;10;14;10;0
22889;4022;610;10;14;10;0
22890;4010;610;10;14;10;0
22892;3998;610;10;14;10;0
22893;3986;610;10;14;10;0
22894;2;626;10;14;10;0
22899;3974;610;10;14;10;0
22900;3950;610;10;14;10;0
22902;3938;610;10;14;10;0
22904;3926;610;10;14;10;0
22905;3914;610;10;14;10;0
22908;3902;610;10;14;10;0
22909;3890;610;10;14;10;0
22913;3878;610;10;14;10;0
22914;3866;610;10;14;10;0
22915;3854;610;10;14;10;0
22916;3566;610;10;14;10;0
22918;3962;610;10;14;10;0
22919;3554;610;10;14;10;0
22920;3398;610;10;14;10;0
22922;3230;610;10;14;10;0
22925;3218;610;10;14;10;0
22927;3206;610;10;14;10;0
22929;3194;610;10;14;10;0
22930;3182;610;10;14;10;0
22931;3170;610;10;14;10;0
22934;3158;610;10;14;10;0
22935;3146;610;10;14;10;0
22936;3134;610;10;14;10;0
22937;3122;610;10;14;10;0
22939;3110;610;10;14;10;0
22941;3098;610;10;14;10;0
22942;3086;610;10;14;10;0
22945;3074;610;10;14;10;0
22947;3062;610;10;14;10;0
22948;3050;610;10;14;10;0
22949;3038;610;10;14;10;0
22952;3026;610;10;14;10;0
22954;3014;610;10;14;10;0
22956;3242;610;10;14;10;0
22958;3254;610;10;14;10;0
22959;3266;610;10;14;10;0
22962;3278;610;10;14;10;0
22963;3518;610;10;14;10;0
22966;3506;610;10;14;10;0
22968;3494;610;10;14;10;0
22969;3482;610;10;14;10;0
22971;3470;610;10;14;10;0
22974;3458;610;10;14;10;0
22981;3446;610;10;14;10;0
22982;3434;610;10;14;10;0
22985;3422;610;10;14;10;0
22986;3530;610;10;14;10;0
22987;3410;610;10;14;10;0
22989;3386;610;10;14;10;0
22992;3374;610;10;14;10;0
22993;3362;610;10;14;10;0
22994;3350;610;10;14;10;0
22995;3338;610;10;14;10;0
22996;3326;610;10;14;10;0
22999;3314;610;10;14;10;0
23000;3302;610;10;14;10;0
23001;3290;610;10;14;10;0
23002;1466;594;10;14;10;0
23004;14;626;10;14;10;0
23005;1454;594;10;14;10;0
23006;3278;578;10;14;10;0
23011;3674;562;10;14;10;0
23013;3662;562;10;14;10;0
23014;3650;562;10;14;10;0
23016;3638;562;10;14;10;0
23018;3626;562;10;14;10;0
23019;3614;562;10;14;10;0
23020;3602;562;10;14;10;0
23022;3590;562;10;14;10;0
23029;3578;562;10;14;10;0
23030;3566;562;10;14;10;0
23033;3554;562;10;14;10;0
23035;3542;562;10;14;10;0
23039;3530;562;10;14;10;0
23041;3518;562;10;14;10;0
23043;3506;562;10;14;10;0
23044;3494;562;10;14;10;0
23045;3482;562;10;14;10;0
23046;3470;562;10;14;10;0
23047;3458;562;10;14;10;0
23049;3686;562;10;14;10;0
23052;3698;562;10;14;10;0
23057;3710;562;10;14;10;0
23059;3722;562;10;14;10;0
23064;3962;562;10;14;10;0
23066;3950;562;10;14;10;0
23067;3938;562;10;14;10;0
23068;3926;562;10;14;10;0
23071;3914;562;10;14;10;0
23072;3902;562;10;14;10;0
23075;3890;562;10;14;10;0
23077;3878;562;10;14;10;0
23081;3866;562;10;14;10;0
23082;3974;562;10;14;10;0
23087;3854;562;10;14;10;0
23089;3830;562;10;14;10;0
23091;3818;562;10;14;10;0
23092;3806;562;10;14;10;0
23093;3794;562;10;14;10;0
23094;3782;562;10;14;10;0
23100;3770;562;10;14;10;0
23104;3758;562;10;14;10;0
23105;3746;562;10;14;10;0
23110;3734;562;10;14;10;0
23113;3446;562;10;14;10;0
23114;3842;562;10;14;10;0
23125;3434;562;10;14;10;0
23130;3278;562;10;14;10;0
23138;3110;562;10;14;10;0
23142;3098;562;10;14;10;0
23143;3086;562;10;14;10;0
23146;3074;562;10;14;10;0
23148;3062;562;10;14;10;0
23149;3050;562;10;14;10;0
23156;3038;562;10;14;10;0
23157;3026;562;10;14;10;0
23158;3014;562;10;14;10;0
23159;3002;562;10;14;10;0
23162;2990;562;10;14;10;0
23167;2978;562;10;14;10;0
23172;2966;562;10;14;10;0
23186;2954;562;10;14;10;0
23191;2942;562;10;14;10;0
23194;2930;562;10;14;10;0
23195;2918;562;10;14;10;0
23196;2906;562;10;14;10;0
23198;2894;562;10;14;10;0
23200;3122;562;10;14;10;0
23207;3134;562;10;14;10;0
23210;3146;562;10;14;10;0
23212;3158;562;10;14;10;0
23217;3398;562;10;14;10;0
23218;3386;562;10;14;10;0
23219;3374;562;10;14;10;0
23226;3362;562;10;14;10;0
23228;3350;562;10;14;10;0
23229;3338;562;10;14;10;0
23230;3326;562;10;14;10;0
23231;3314;562;10;14;10;0
23233;3302;562;10;14;10;0
23234;3410;562;10;14;10;0
23240;3290;562;10;14;10;0
23241;3266;562;10;14;10;0
23243;3254;562;10;14;10;0
23244;3242;562;10;14;10;0
23248;3230;562;10;14;10;0
23252;3218;562;10;14;10;0
23254;3206;562;10;14;10;0
23255;3194;562;10;14;10;0
23256;3182;562;10;14;10;0
23258;3170;562;10;14;10;0
23265;3422;562;10;14;10;0
23267;3998;562;10;14;10;0
23270;458;578;10;14;10;0
23273;4010;562;10;14;10;0
23282;710;578;10;14;10;0
23285;698;578;10;14;10;0
23290;686;578;10;14;10;0
23291;674;578;10;14;10;0
23299;662;578;10;14;10;0
23301;650;578;10;14;10;0
23304;638;578;10;14;10;0
23305;626;578;10;14;10;0
23307;614;578;10;14;10;0
23308;602;578;10;14;10;0
23311;590;578;10;14;10;0
23318;578;578;10;14;10;0
23319;566;578;10;14;10;0
23323;554;578;10;14;10;0
23325;542;578;10;14;10;0
23329;530;578;10;14;10;0
23330;518;578;10;14;10;0
23332;506;578;10;14;10;0
23338;494;578;10;14;10;0
23340;722;578;10;14;10;0
23344;734;578;10;14;10;0
23346;746;578;10;14;10;0
23348;758;578;10;14;10;0
23350;998;578;10;14;10;0
23351;986;578;10;14;10;0
23352;974;578;10;14;10;0
23358;962;578;10;14;10;0
23359;950;578;10;14;10;0
23360;938;578;10;14;10;0
23363;926;578;10;14;10;0
23365;914;578;10;14;10;0
23371;902;578;10;14;10;0
23372;1010;578;10;14;10;0
23373;890;578;10;14;10;0
23376;866;578;10;14;10;0
23377;854;578;10;14;10;0
23378;842;578;10;14;10;0
23379;830;578;10;14;10;0
23380;818;578;10;14;10;0
23381;806;578;10;14;10;0
23382;794;578;10;14;10;0
23383;782;578;10;14;10;0
23384;770;578;10;14;10;0
23385;482;578;10;14;10;0
23386;878;578;10;14;10;0
23387;470;578;10;14;10;0
23388;314;578;10;14;10;0
23389;146;578;10;14;10;0
23391;134;578;10;14;10;0
23394;122;578;10;14;10;0
23395;110;578;10;14;10;0
23396;98;578;10;14;10;0
23397;86;578;10;14;10;0
23398;74;578;10;14;10;0
23401;62;578;10;14;10;0
23402;50;578;10;14;10;0
23403;38;578;10;14;10;0
23405;26;578;10;14;10;0
23408;14;578;10;14;10;0
23409;2;578;10;14;10;0
23411;4082;562;10;14;10;0
23413;4070;562;10;14;10;0
23416;4058;562;10;14;10;0
23418;4046;562;10;14;10;0
23419;4034;562;10;14;10;0
23421;4022;562;10;14;10;0
23423;158;578;10;14;10;0
23424;170;578;10;14;10;0
23425;182;578;10;14;10;0
23426;194;578;10;14;10;0
23427;434;578;10;14;10;0
23429;422;578;10;14;10;0
23431;410;578;10;14;10;0
23432;398;578;10;14;10;0
23433;386;578;10;14;10;0
23435;374;578;10;14;10;0
23436;362;578;10;14;10;0
23437;350;578;10;14;10;0
23439;338;578;10;14;10;0
23443;446;578;10;14;10;0
23445;326;578;10;14;10;0
23447;302;578;10;14;10;0
23448;290;578;10;14;10;0
23449;278;578;10;14;10;0
23450;266;578;10;14;10;0
23451;254;578;10;14;10;0
23452;242;578;10;14;10;0
23453;230;578;10;14;10;0
23454;218;578;10;14;10;0
23455;206;578;10;14;10;0
23456;2882;562;10;14;10;0
23457;2870;562;10;14;10;0
23458;2858;562;10;14;10;0
23459;2294;562;10;14;10;0
23460;1418;562;10;14;10;0
23461;1406;562;10;14;10;0
23462;1394;562;10;14;10;0
23466;1382;562;10;14;10;0
23467;1370;562;10;14;10;0
23470;1358;562;10;14;10;0
23472;1346;562;10;14;10;0
23475;1334;562;10;14;10;0
23476;1322;562;10;14;10;0
23477;1310;562;10;14;10;0
23478;1298;562;10;14;10;0
23480;1286;562;10;14;10;0
23481;1274;562;10;14;10;0
23485;1262;562;10;14;10;0
23486;1250;562;10;14;10;0
23487;1238;562;10;14;10;0
23490;1226;562;10;14;10;0
23491;1214;562;10;14;10;0
23492;1202;562;10;14;10;0
23493;1430;562;10;14;10;0
23494;1442;562;10;14;10;0
23495;1454;562;10;14;10;0
23497;1466;562;10;14;10;0
23500;1706;562;10;14;10;0
23501;1694;562;10;14;10;0
23504;1682;562;10;14;10;0
23506;1670;562;10;14;10;0
23507;1658;562;10;14;10;0
23508;1646;562;10;14;10;0
23515;1634;562;10;14;10;0
23517;1622;562;10;14;10;0
23518;1610;562;10;14;10;0
23519;1718;562;10;14;10;0
23521;1598;562;10;14;10;0
23522;1574;562;10;14;10;0
23524;1562;562;10;14;10;0
23525;1550;562;10;14;10;0
23526;1538;562;10;14;10;0
23527;1526;562;10;14;10;0
23528;1514;562;10;14;10;0
23529;1502;562;10;14;10;0
23531;1490;562;10;14;10;0
23532;1478;562;10;14;10;0
23533;1190;562;10;14;10;0
23534;1178;562;10;14;10;0
23536;1166;562;10;14;10;0
23539;890;562;10;14;10;0
23541;866;562;10;14;10;0
23542;854;562;10;14;10;0
23544;842;562;10;14;10;0
23545;830;562;10;14;10;0
23546;818;562;10;14;10;0
23547;806;562;10;14;10;0
23548;794;562;10;14;10;0
23550;782;562;10;14;10;0
23551;770;562;10;14;10;0
23553;758;562;10;14;10;0
23554;746;562;10;14;10;0
23555;734;562;10;14;10;0
23556;722;562;10;14;10;0
23557;710;562;10;14;10;0
23558;698;562;10;14;10;0
23559;686;562;10;14;10;0
23560;674;562;10;14;10;0
23561;662;562;10;14;10;0
23562;650;562;10;14;10;0
23563;878;562;10;14;10;0
23565;902;562;10;14;10;0
23566;1154;562;10;14;10;0
23567;914;562;10;14;10;0
23568;1142;562;10;14;10;0
23569;1130;562;10;14;10;0
23571;1118;562;10;14;10;0
23572;1106;562;10;14;10;0
23573;1094;562;10;14;10;0
23574;1082;562;10;14;10;0
23576;1070;562;10;14;10;0
23577;1058;562;10;14;10;0
23578;1046;562;10;14;10;0
23579;1034;562;10;14;10;0
23581;1022;562;10;14;10;0
23582;1010;562;10;14;10;0
23584;998;562;10;14;10;0
23586;986;562;10;14;10;0
23588;974;562;10;14;10;0
23591;962;562;10;14;10;0
23592;950;562;10;14;10;0
23594;938;562;10;14;10;0
23596;926;562;10;14;10;0
23597;1586;562;10;14;10;0
23601;1730;562;10;14;10;0
23604;1742;562;10;14;10;0
23606;1754;562;10;14;10;0
23607;2546;562;10;14;10;0
23608;2534;562;10;14;10;0
23609;2522;562;10;14;10;0
23610;2510;562;10;14;10;0
23611;2498;562;10;14;10;0
23612;2486;562;10;14;10;0
23613;2474;562;10;14;10;0
23614;2462;562;10;14;10;0
23615;2450;562;10;14;10;0
23616;2438;562;10;14;10;0
23617;2426;562;10;14;10;0
23618;2414;562;10;14;10;0
23620;2402;562;10;14;10;0
23621;2390;562;10;14;10;0
23622;2378;562;10;14;10;0
23623;2366;562;10;14;10;0
23624;2354;562;10;14;10;0
23625;2342;562;10;14;10;0
23626;2330;562;10;14;10;0
23627;2558;562;10;14;10;0
23628;2570;562;10;14;10;0
23629;2582;562;10;14;10;0
23630;2594;562;10;14;10;0
23631;2834;562;10;14;10;0
23632;2822;562;10;14;10;0
23633;2810;562;10;14;10;0
23635;2798;562;10;14;10;0
23637;2786;562;10;14;10;0
23640;2774;562;10;14;10;0
23641;2762;562;10;14;10;0
23643;2750;562;10;14;10;0
23644;2738;562;10;14;10;0
23645;2846;562;10;14;10;0
23646;2726;562;10;14;10;0
23648;2702;562;10;14;10;0
23649;2690;562;10;14;10;0
23650;2678;562;10;14;10;0
23651;2666;562;10;14;10;0
23652;2654;562;10;14;10;0
23653;2642;562;10;14;10;0
23656;2630;562;10;14;10;0
23660;2618;562;10;14;10;0
23661;2606;562;10;14;10;0
23662;2318;562;10;14;10;0
23663;2714;562;10;14;10;0
23665;2306;562;10;14;10;0
23670;2150;562;10;14;10;0
23673;1982;562;10;14;10;0
23679;1970;562;10;14;10;0
23680;1958;562;10;14;10;0
23681;1946;562;10;14;10;0
23682;1934;562;10;14;10;0
23692;1922;562;10;14;10;0
23696;1910;562;10;14;10;0
23697;1898;562;10;14;10;0
23700;1886;562;10;14;10;0
23702;1874;562;10;14;10;0
23703;1862;562;10;14;10;0
23704;1850;562;10;14;10;0
23705;1838;562;10;14;10;0
23706;1826;562;10;14;10;0
23707;1814;562;10;14;10;0
23712;1802;562;10;14;10;0
23713;1790;562;10;14;10;0
23714;1778;562;10;14;10;0
23720;1766;562;10;14;10;0
23721;1994;562;10;14;10;0
23723;2006;562;10;14;10;0
23724;2018;562;10;14;10;0
23725;2030;562;10;14;10;0
23729;2270;562;10;14;10;0
23731;2258;562;10;14;10;0
23734;2246;562;10;14;10;0
23735;2234;562;10;14;10;0
23736;2222;562;10;14;10;0
23739;2210;562;10;14;10;0
23740;2198;562;10;14;10;0
23741;2186;562;10;14;10;0
23742;2174;562;10;14;10;0
23743;2282;562;10;14;10;0
23745;2162;562;10;14;10;0
23749;2138;562;10;14;10;0
23751;2126;562;10;14;10;0
23755;2114;562;10;14;10;0
23762;2102;562;10;14;10;0
23769;2090;562;10;14;10;0
23776;2078;562;10;14;10;0
23777;2066;562;10;14;10;0
23782;2054;562;10;14;10;0
23784;2042;562;10;14;10;0
23785;3986;562;10;14;10;0
23786;1022;578;10;14;10;0
23788;1034;578;10;14;10;0
23789;1046;578;10;14;10;0
23791;2;594;10;14;10;0
23792;4082;578;10;14;10;0
23796;4070;578;10;14;10;0
23798;4058;578;10;14;10;0
23802;4046;578;10;14;10;0
23803;4034;578;10;14;10;0
23805;4022;578;10;14;10;0
23807;4010;578;10;14;10;0
23809;3998;578;10;14;10;0
23810;3986;578;10;14;10;0
23814;3974;578;10;14;10;0
23815;3962;578;10;14;10;0
23819;3950;578;10;14;10;0
23820;3938;578;10;14;10;0
23821;3926;578;10;14;10;0
23822;3914;578;10;14;10;0
23825;3902;578;10;14;10;0
23828;3890;578;10;14;10;0
23829;3878;578;10;14;10;0
23830;14;594;10;14;10;0
23831;26;594;10;14;10;0
23832;38;594;10;14;10;0
23833;50;594;10;14;10;0
23834;290;594;10;14;10;0
23835;278;594;10;14;10;0
23838;266;594;10;14;10;0
23839;254;594;10;14;10;0
23840;242;594;10;14;10;0
23842;230;594;10;14;10;0
23844;218;594;10;14;10;0
23847;206;594;10;14;10;0
23849;194;594;10;14;10;0
23853;302;594;10;14;10;0
23854;182;594;10;14;10;0
23860;158;594;10;14;10;0
23869;146;594;10;14;10;0
23876;134;594;10;14;10;0
23879;122;594;10;14;10;0
23882;110;594;10;14;10;0
23883;98;594;10;14;10;0
23884;86;594;10;14;10;0
23886;74;594;10;14;10;0
23888;62;594;10;14;10;0
23890;3866;578;10;14;10;0
23891;170;594;10;14;10;0
23897;3854;578;10;14;10;0
23900;3698;578;10;14;10;0
23901;3530;578;10;14;10;0
23913;3518;578;10;14;10;0
23916;3506;578;10;14;10;0
23919;3494;578;10;14;10;0
23923;3482;578;10;14;10;0
23924;3470;578;10;14;10;0
23925;3458;578;10;14;10;0
23926;3446;578;10;14;10;0
23938;3434;578;10;14;10;0
23940;3422;578;10;14;10;0
23943;3410;578;10;14;10;0
23947;3398;578;10;14;10;0
23948;3386;578;10;14;10;0
23952;3374;578;10;14;10;0
23956;3362;578;10;14;10;0
23959;3350;578;10;14;10;0
23961;3338;578;10;14;10;0
23965;3326;578;10;14;10;0
23968;3314;578;10;14;10;0
23970;3542;578;10;14;10;0
23980;3554;578;10;14;10;0
23982;3566;578;10;14;10;0
23991;3578;578;10;14;10;0
23992;3818;578;10;14;10;0
23994;3806;578;10;14;10;0
23996;3794;578;10;14;10;0
23997;3782;578;10;14;10;0
24005;3770;578;10;14;10;0
24009;3758;578;10;14;10;0
24011;3746;578;10;14;10;0
24012;3734;578;10;14;10;0
24013;3722;578;10;14;10;0
24018;3830;578;10;14;10;0
24019;3710;578;10;14;10;0
24020;3686;578;10;14;10;0
24022;3674;578;10;14;10;0
24027;3662;578;10;14;10;0
24029;3650;578;10;14;10;0
24030;3638;578;10;14;10;0
24033;3626;578;10;14;10;0
24034;3614;578;10;14;10;0
24035;3602;578;10;14;10;0
24037;3590;578;10;14;10;0
24038;3842;578;10;14;10;0
24039;326;594;10;14;10;0
24040;878;594;10;14;10;0
24041;338;594;10;14;10;0
24043;1130;594;10;14;10;0
24046;1118;594;10;14;10;0
24049;1106;594;10;14;10;0
24050;1094;594;10;14;10;0
24051;1082;594;10;14;10;0
24052;1070;594;10;14;10;0
24053;1058;594;10;14;10;0
24055;1046;594;10;14;10;0
24059;1034;594;10;14;10;0
24061;1022;594;10;14;10;0
24062;1010;594;10;14;10;0
24063;998;594;10;14;10;0
24065;986;594;10;14;10;0
24066;974;594;10;14;10;0
24067;962;594;10;14;10;0
24069;950;594;10;14;10;0
24070;938;594;10;14;10;0
24072;926;594;10;14;10;0
24074;914;594;10;14;10;0
24075;1142;594;10;14;10;0
24076;1154;594;10;14;10;0
24079;1166;594;10;14;10;0
24080;1178;594;10;14;10;0
24081;1418;594;10;14;10;0
24084;1406;594;10;14;10;0
24085;1394;594;10;14;10;0
24086;1382;594;10;14;10;0
24088;1370;594;10;14;10;0
24089;1358;594;10;14;10;0
24090;1346;594;10;14;10;0
24091;1334;594;10;14;10;0
24092;1322;594;10;14;10;0
24093;1430;594;10;14;10;0
24095;1310;594;10;14;10;0
24101;1286;594;10;14;10;0
24102;1274;594;10;14;10;0
24103;1262;594;10;14;10;0
24107;1250;594;10;14;10;0
24109;1238;594;10;14;10;0
24110;1226;594;10;14;10;0
24111;1214;594;10;14;10;0
24112;1202;594;10;14;10;0
24115;1190;594;10;14;10;0
24118;902;594;10;14;10;0
24119;1298;594;10;14;10;0
24120;890;594;10;14;10;0
24123;734;594;10;14;10;0
24124;566;594;10;14;10;0
24125;554;594;10;14;10;0
24128;542;594;10;14;10;0
24130;530;594;10;14;10;0
24131;518;594;10;14;10;0
24132;506;594;10;14;10;0
24133;494;594;10;14;10;0
24135;482;594;10;14;10;0
24140;470;594;10;14;10;0
24142;458;594;10;14;10;0
24148;446;594;10;14;10;0
24149;434;594;10;14;10;0
24151;422;594;10;14;10;0
24155;410;594;10;14;10;0
24159;398;594;10;14;10;0
24161;386;594;10;14;10;0
24162;374;594;10;14;10;0
24163;362;594;10;14;10;0
24164;350;594;10;14;10;0
24170;578;594;10;14;10;0
24171;590;594;10;14;10;0
24178;602;594;10;14;10;0
24179;614;594;10;14;10;0
24180;854;594;10;14;10;0
24181;842;594;10;14;10;0
24182;830;594;10;14;10;0
24184;818;594;10;14;10;0
24185;806;594;10;14;10;0
24186;794;594;10;14;10;0
24187;782;594;10;14;10;0
24188;770;594;10;14;10;0
24189;758;594;10;14;10;0
24190;866;594;10;14;10;0
24191;746;594;10;14;10;0
24193;722;594;10;14;10;0
24195;710;594;10;14;10;0
24196;698;594;10;14;10;0
24198;686;594;10;14;10;0
24199;674;594;10;14;10;0
24202;662;594;10;14;10;0
24207;650;594;10;14;10;0
24208;638;594;10;14;10;0
24210;626;594;10;14;10;0
24211;3302;578;10;14;10;0
24212;314;594;10;14;10;0
24213;3290;578;10;14;10;0
24214;2150;578;10;14;10;0
24215;1838;578;10;14;10;0
24217;1826;578;10;14;10;0
24218;1814;578;10;14;10;0
24220;1802;578;10;14;10;0
24221;1790;578;10;14;10;0
24222;1778;578;10;14;10;0
24223;1766;578;10;14;10;0
24224;1754;578;10;14;10;0
24230;1742;578;10;14;10;0
24231;1730;578;10;14;10;0
24235;1718;578;10;14;10;0
24237;1706;578;10;14;10;0
24244;1694;578;10;14;10;0
24245;1682;578;10;14;10;0
24246;1670;578;10;14;10;0
24247;1658;578;10;14;10;0
24248;1646;578;10;14;10;0
24249;1634;578;10;14;10;0
24254;1622;578;10;14;10;0
24257;1850;578;10;14;10;0
24258;1862;578;10;14;10;0
24259;1874;578;10;14;10;0
24260;1886;578;10;14;10;0
24264;2126;578;10;14;10;0
24265;2114;578;10;14;10;0
24266;2102;578;10;14;10;0
24269;2090;578;10;14;10;0
24271;2078;578;10;14;10;0
24272;2066;578;10;14;10;0
24275;2054;578;10;14;10;0
24276;2042;578;10;14;10;0
24278;2030;578;10;14;10;0
24282;2138;578;10;14;10;0
24283;2018;578;10;14;10;0
24285;1994;578;10;14;10;0
24287;1982;578;10;14;10;0
24288;1970;578;10;14;10;0
24289;1958;578;10;14;10;0
24290;1946;578;10;14;10;0
24291;1934;578;10;14;10;0
24296;1922;578;10;14;10;0
24297;1910;578;10;14;10;0
24300;1898;578;10;14;10;0
24304;1610;578;10;14;10;0
24305;2006;578;10;14;10;0
24307;1598;578;10;14;10;0
24308;1442;578;10;14;10;0
24310;1274;578;10;14;10;0
24311;1262;578;10;14;10;0
24312;1250;578;10;14;10;0
24314;1238;578;10;14;10;0
24315;1226;578;10;14;10;0
24316;1214;578;10;14;10;0
24318;1202;578;10;14;10;0
24319;1190;578;10;14;10;0
24320;1178;578;10;14;10;0
24321;1166;578;10;14;10;0
24322;1154;578;10;14;10;0
24323;1142;578;10;14;10;0
24324;1130;578;10;14;10;0
24327;1118;578;10;14;10;0
24328;1106;578;10;14;10;0
24329;1094;578;10;14;10;0
24330;1082;578;10;14;10;0
24331;1070;578;10;14;10;0
24332;1058;578;10;14;10;0
24333;1286;578;10;14;10;0
24335;1298;578;10;14;10;0
24336;1310;578;10;14;10;0
24337;1322;578;10;14;10;0
24338;1562;578;10;14;10;0
24339;1550;578;10;14;10;0
24340;1538;578;10;14;10;0
24341;1526;578;10;14;10;0
24342;1514;578;10;14;10;0
24343;1502;578;10;14;10;0
24344;1490;578;10;14;10;0
24347;1478;578;10;14;10;0
24351;1466;578;10;14;10;0
24352;1574;578;10;14;10;0
24357;1454;578;10;14;10;0
24358;1430;578;10;14;10;0
24359;1418;578;10;14;10;0
24361;1406;578;10;14;10;0
24365;1394;578;10;14;10;0
24367;1382;578;10;14;10;0
24369;1370;578;10;14;10;0
24373;1358;578;10;14;10;0
24375;1346;578;10;14;10;0
24376;1334;578;10;14;10;0
24377;1586;578;10;14;10;0
24378;2162;578;10;14;10;0
24380;2714;578;10;14;10;0
24382;2174;578;10;14;10;0
24384;2966;578;10;14;10;0
24385;2954;578;10;14;10;0
24390;2942;578;10;14;10;0
24392;2930;578;10;14;10;0
24394;2918;578;10;14;10;0
24396;2906;578;10;14;10;0
24398;2894;578;10;14;10;0
24400;2882;578;10;14;10;0
24401;2870;578;10;14;10;0
24402;2858;578;10;14;10;0
24403;2846;578;10;14;10;0
24405;2834;578;10;14;10;0
24406;2822;578;10;14;10;0
24407;2810;578;10;14;10;0
24408;2798;578;10;14;10;0
24409;2786;578;10;14;10;0
24412;2774;578;10;14;10;0
24413;2762;578;10;14;10;0
24417;2750;578;10;14;10;0
24418;2978;578;10;14;10;0
24419;2990;578;10;14;10;0
24420;3002;578;10;14;10;0
24421;3014;578;10;14;10;0
24422;3254;578;10;14;10;0
24423;3242;578;10;14;10;0
24425;3230;578;10;14;10;0
24426;3218;578;10;14;10;0
24427;3206;578;10;14;10;0
24428;3194;578;10;14;10;0
24429;3182;578;10;14;10;0
24432;3170;578;10;14;10;0
24433;3158;578;10;14;10;0
24435;3266;578;10;14;10;0
24438;3146;578;10;14;10;0
24439;3122;578;10;14;10;0
24441;3110;578;10;14;10;0
24443;3098;578;10;14;10;0
24444;3086;578;10;14;10;0
24447;3074;578;10;14;10;0
24448;3062;578;10;14;10;0
24449;3050;578;10;14;10;0
24450;3038;578;10;14;10;0
24451;3026;578;10;14;10;0
24452;2738;578;10;14;10;0
24453;3134;578;10;14;10;0
24455;2726;578;10;14;10;0
24456;2570;578;10;14;10;0
24457;2402;578;10;14;10;0
24458;2390;578;10;14;10;0
24459;2378;578;10;14;10;0
24460;2366;578;10;14;10;0
24464;2354;578;10;14;10;0
24465;2342;578;10;14;10;0
24466;2330;578;10;14;10;0
24467;2318;578;10;14;10;0
24469;2306;578;10;14;10;0
24471;2294;578;10;14;10;0
24472;2282;578;10;14;10;0
24473;2270;578;10;14;10;0
24475;2258;578;10;14;10;0
24476;2246;578;10;14;10;0
24478;2234;578;10;14;10;0
24480;2222;578;10;14;10;0
24481;2210;578;10;14;10;0
24488;2198;578;10;14;10;0
24489;2186;578;10;14;10;0
24490;2414;578;10;14;10;0
24491;2426;578;10;14;10;0
24492;2438;578;10;14;10;0
24493;2450;578;10;14;10;0
24494;2690;578;10;14;10;0
24499;2678;578;10;14;10;0
24500;2666;578;10;14;10;0
24501;2654;578;10;14;10;0
24503;2642;578;10;14;10;0
24505;2630;578;10;14;10;0
24508;2618;578;10;14;10;0
24509;2606;578;10;14;10;0
24515;2594;578;10;14;10;0
24516;2702;578;10;14;10;0
24517;2582;578;10;14;10;0
24518;2558;578;10;14;10;0
24522;2546;578;10;14;10;0
24524;2534;578;10;14;10;0
24525;2522;578;10;14;10;0
24528;2510;578;10;14;10;0
24529;2498;578;10;14;10;0
24530;2486;578;10;14;10;0
24534;2474;578;10;14;10;0
24535;2462;578;10;14;10;0
24536;1442;594;10;14;10;0
24537;2270;626;10;14;10;0
24540;2282;626;10;14;10;0
24541;2294;626;10;14;10;0
24543;2078;674;10;14;10;0
24544;2066;674;10;14;10;0
24545;2054;674;10;14;10;0
24548;2042;674;10;14;10;0
24551;2030;674;10;14;10;0
24554;2018;674;10;14;10;0
24555;2006;674;10;14;10;0
24558;1994;674;10;14;10;0
24560;1982;674;10;14;10;0
24561;1970;674;10;14;10;0
24565;1958;674;10;14;10;0
24568;1946;674;10;14;10;0
24571;1934;674;10;14;10;0
24572;1922;674;10;14;10;0
24573;1910;674;10;14;10;0
24574;1898;674;10;14;10;0
24575;1886;674;10;14;10;0
24576;1874;674;10;14;10;0
24577;1862;674;10;14;10;0
24578;2090;674;10;14;10;0
24581;2102;674;10;14;10;0
24590;2114;674;10;14;10;0
24591;2126;674;10;14;10;0
24592;2366;674;10;14;10;0
24594;2354;674;10;14;10;0
24596;2342;674;10;14;10;0
24597;2330;674;10;14;10;0
24598;2318;674;10;14;10;0
24601;2306;674;10;14;10;0
24603;2294;674;10;14;10;0
24604;2282;674;10;14;10;0
24605;2270;674;10;14;10;0
24608;2378;674;10;14;10;0
24609;2258;674;10;14;10;0
24613;2234;674;10;14;10;0
24614;2222;674;10;14;10;0
24615;2210;674;10;14;10;0
24616;2198;674;10;14;10;0
24617;2186;674;10;14;10;0
24618;2174;674;10;14;10;0
24619;2162;674;10;14;10;0
24622;2150;674;10;14;10;0
24623;2138;674;10;14;10;0
24625;1850;674;10;14;10;0
24629;2246;674;10;14;10;0
24634;1838;674;10;14;10;0
24635;1682;674;10;14;10;0
24636;1514;674;10;14;10;0
24638;1502;674;10;14;10;0
24641;1490;674;10;14;10;0
24642;1478;674;10;14;10;0
24643;1466;674;10;14;10;0
24646;1454;674;10;14;10;0
24650;1442;674;10;14;10;0
24651;1430;674;10;14;10;0
24653;1418;674;10;14;10;0
24656;1406;674;10;14;10;0
24658;1394;674;10;14;10;0
24660;1382;674;10;14;10;0
24661;1370;674;10;14;10;0
24665;1358;674;10;14;10;0
24666;1346;674;10;14;10;0
24671;1334;674;10;14;10;0
24672;1322;674;10;14;10;0
24674;1310;674;10;14;10;0
24675;1298;674;10;14;10;0
24676;1526;674;10;14;10;0
24677;1538;674;10;14;10;0
24679;1550;674;10;14;10;0
24680;1562;674;10;14;10;0
24681;1802;674;10;14;10;0
24682;1790;674;10;14;10;0
24683;1778;674;10;14;10;0
24684;1766;674;10;14;10;0
24685;1754;674;10;14;10;0
24687;1742;674;10;14;10;0
24688;1730;674;10;14;10;0
24691;1718;674;10;14;10;0
24693;1706;674;10;14;10;0
24694;1814;674;10;14;10;0
24695;1694;674;10;14;10;0
24696;1670;674;10;14;10;0
24697;1658;674;10;14;10;0
24699;1646;674;10;14;10;0
24700;1634;674;10;14;10;0
24701;1622;674;10;14;10;0
24703;1610;674;10;14;10;0
24705;1598;674;10;14;10;0
24707;1586;674;10;14;10;0
24708;1574;674;10;14;10;0
24709;1826;674;10;14;10;0
24713;2402;674;10;14;10;0
24715;2954;674;10;14;10;0
24716;2414;674;10;14;10;0
24717;3206;674;10;14;10;0
24721;3194;674;10;14;10;0
24722;3182;674;10;14;10;0
24724;3170;674;10;14;10;0
24726;3158;674;10;14;10;0
24727;3146;674;10;14;10;0
24730;3134;674;10;14;10;0
24731;3122;674;10;14;10;0
24733;3110;674;10;14;10;0
24735;3098;674;10;14;10;0
24736;3086;674;10;14;10;0
24739;3074;674;10;14;10;0
24742;3062;674;10;14;10;0
24743;3050;674;10;14;10;0
24744;3038;674;10;14;10;0
24745;3026;674;10;14;10;0
24746;3014;674;10;14;10;0
24748;3002;674;10;14;10;0
24751;2990;674;10;14;10;0
24753;3218;674;10;14;10;0
24754;3230;674;10;14;10;0
24755;3242;674;10;14;10;0
24756;3254;674;10;14;10;0
24757;3494;674;10;14;10;0
24758;3482;674;10;14;10;0
24760;3470;674;10;14;10;0
24763;3458;674;10;14;10;0
24764;3446;674;10;14;10;0
24765;3434;674;10;14;10;0
24773;3422;674;10;14;10;0
24774;3410;674;10;14;10;0
24775;3398;674;10;14;10;0
24778;3506;674;10;14;10;0
24779;3386;674;10;14;10;0
24785;3362;674;10;14;10;0
24787;3350;674;10;14;10;0
24789;3338;674;10;14;10;0
24791;3326;674;10;14;10;0
24792;3314;674;10;14;10;0
24794;3302;674;10;14;10;0
24796;3290;674;10;14;10;0
24797;3278;674;10;14;10;0
24799;3266;674;10;14;10;0
24800;2978;674;10;14;10;0
24801;3374;674;10;14;10;0
24803;2966;674;10;14;10;0
24806;2810;674;10;14;10;0
24807;2642;674;10;14;10;0
24808;2630;674;10;14;10;0
24809;2618;674;10;14;10;0
24811;2606;674;10;14;10;0
24812;2594;674;10;14;10;0
24813;2582;674;10;14;10;0
24814;2570;674;10;14;10;0
24815;2558;674;10;14;10;0
24816;2546;674;10;14;10;0
24817;2534;674;10;14;10;0
24819;2522;674;10;14;10;0
24820;2510;674;10;14;10;0
24822;2498;674;10;14;10;0
24823;2486;674;10;14;10;0
24825;2474;674;10;14;10;0
24826;2462;674;10;14;10;0
24827;2450;674;10;14;10;0
24832;2438;674;10;14;10;0
24833;2426;674;10;14;10;0
24835;2654;674;10;14;10;0
24838;2666;674;10;14;10;0
24840;2678;674;10;14;10;0
24841;2690;674;10;14;10;0
24845;2930;674;10;14;10;0
24846;2918;674;10;14;10;0
24847;2906;674;10;14;10;0
24850;2894;674;10;14;10;0
24851;2882;674;10;14;10;0
24852;2870;674;10;14;10;0
24853;2858;674;10;14;10;0
24858;2846;674;10;14;10;0
24859;2834;674;10;14;10;0
24860;2942;674;10;14;10;0
24863;2822;674;10;14;10;0
24864;2798;674;10;14;10;0
24865;2786;674;10;14;10;0
24867;2774;674;10;14;10;0
24868;2762;674;10;14;10;0
24870;2750;674;10;14;10;0
24871;2738;674;10;14;10;0
24872;2726;674;10;14;10;0
24875;2714;674;10;14;10;0
24876;2702;674;10;14;10;0
24884;1286;674;10;14;10;0
24887;2390;674;10;14;10;0
24892;1274;674;10;14;10;0
24893;134;674;10;14;10;0
24894;3914;658;10;14;10;0
24895;3902;658;10;14;10;0
24898;3890;658;10;14;10;0
24900;3878;658;10;14;10;0
24903;3866;658;10;14;10;0
24904;3854;658;10;14;10;0
24906;3842;658;10;14;10;0
24907;3830;658;10;14;10;0
24908;3818;658;10;14;10;0
24909;3806;658;10;14;10;0
24910;3794;658;10;14;10;0
24913;3782;658;10;14;10;0
24915;3770;658;10;14;10;0
24917;3758;658;10;14;10;0
24920;3746;658;10;14;10;0
24921;3734;658;10;14;10;0
24922;3722;658;10;14;10;0
24925;3710;658;10;14;10;0
24927;3698;658;10;14;10;0
24930;3926;658;10;14;10;0
24931;3938;658;10;14;10;0
24932;3950;658;10;14;10;0
24933;3962;658;10;14;10;0
24935;110;674;10;14;10;0
24936;98;674;10;14;10;0
24938;86;674;10;14;10;0
24939;74;674;10;14;10;0
24942;62;674;10;14;10;0
24943;50;674;10;14;10;0
24944;38;674;10;14;10;0
24945;26;674;10;14;10;0
24947;14;674;10;14;10;0
24948;122;674;10;14;10;0
24949;2;674;10;14;10;0
24950;4070;658;10;14;10;0
24951;4058;658;10;14;10;0
24956;4046;658;10;14;10;0
24958;4034;658;10;14;10;0
24962;4022;658;10;14;10;0
24967;4010;658;10;14;10;0
24970;3998;658;10;14;10;0
24971;3986;658;10;14;10;0
24974;3974;658;10;14;10;0
24976;3686;658;10;14;10;0
24977;4082;658;10;14;10;0
24980;3674;658;10;14;10;0
24982;3518;658;10;14;10;0
24985;3350;658;10;14;10;0
24986;3338;658;10;14;10;0
24996;3326;658;10;14;10;0
24999;3314;658;10;14;10;0
25000;3302;658;10;14;10;0
25001;3290;658;10;14;10;0
25003;3278;658;10;14;10;0
25004;3266;658;10;14;10;0
25006;3254;658;10;14;10;0
25010;3242;658;10;14;10;0
25014;3230;658;10;14;10;0
25018;3218;658;10;14;10;0
25022;3206;658;10;14;10;0
25026;3194;658;10;14;10;0
25027;3182;658;10;14;10;0
25030;3170;658;10;14;10;0
25031;3158;658;10;14;10;0
25032;3146;658;10;14;10;0
25033;3134;658;10;14;10;0
25034;3362;658;10;14;10;0
25035;3374;658;10;14;10;0
25036;3386;658;10;14;10;0
25037;3398;658;10;14;10;0
25040;3638;658;10;14;10;0
25041;3626;658;10;14;10;0
25042;3614;658;10;14;10;0
25044;3602;658;10;14;10;0
25054;3590;658;10;14;10;0
25055;3578;658;10;14;10;0
25059;3566;658;10;14;10;0
25062;3554;658;10;14;10;0
25064;3542;658;10;14;10;0
25074;3650;658;10;14;10;0
25076;3530;658;10;14;10;0
25077;3506;658;10;14;10;0
25078;3494;658;10;14;10;0
25079;3482;658;10;14;10;0
25080;3470;658;10;14;10;0
25081;3458;658;10;14;10;0
25082;3446;658;10;14;10;0
25084;3434;658;10;14;10;0
25085;3422;658;10;14;10;0
25086;3410;658;10;14;10;0
25087;3662;658;10;14;10;0
25088;146;674;10;14;10;0
25093;698;674;10;14;10;0
25094;158;674;10;14;10;0
25095;950;674;10;14;10;0
25096;938;674;10;14;10;0
25097;926;674;10;14;10;0
25098;914;674;10;14;10;0
25100;902;674;10;14;10;0
25101;890;674;10;14;10;0
25102;878;674;10;14;10;0
25103;866;674;10;14;10;0
25104;854;674;10;14;10;0
25105;842;674;10;14;10;0
25106;830;674;10;14;10;0
25108;818;674;10;14;10;0
25109;806;674;10;14;10;0
25110;794;674;10;14;10;0
25111;782;674;10;14;10;0
25112;770;674;10;14;10;0
25113;758;674;10;14;10;0
25114;746;674;10;14;10;0
25115;734;674;10;14;10;0
25117;962;674;10;14;10;0
25118;974;674;10;14;10;0
25119;986;674;10;14;10;0
25121;998;674;10;14;10;0
25122;1238;674;10;14;10;0
25125;1226;674;10;14;10;0
25126;1214;674;10;14;10;0
25128;1202;674;10;14;10;0
25129;1190;674;10;14;10;0
25130;1178;674;10;14;10;0
25134;1166;674;10;14;10;0
25135;1154;674;10;14;10;0
25136;1142;674;10;14;10;0
25137;1250;674;10;14;10;0
25138;1130;674;10;14;10;0
25139;1106;674;10;14;10;0
25140;1094;674;10;14;10;0
25142;1082;674;10;14;10;0
25143;1070;674;10;14;10;0
25144;1058;674;10;14;10;0
25147;1046;674;10;14;10;0
25149;1034;674;10;14;10;0
25150;1022;674;10;14;10;0
25151;1010;674;10;14;10;0
25152;722;674;10;14;10;0
25153;1118;674;10;14;10;0
25155;710;674;10;14;10;0
25159;554;674;10;14;10;0
25160;386;674;10;14;10;0
25161;374;674;10;14;10;0
25163;362;674;10;14;10;0
25164;350;674;10;14;10;0
25165;338;674;10;14;10;0
25166;326;674;10;14;10;0
25169;314;674;10;14;10;0
25170;302;674;10;14;10;0
25171;290;674;10;14;10;0
25172;278;674;10;14;10;0
25173;266;674;10;14;10;0
25176;254;674;10;14;10;0
25177;242;674;10;14;10;0
25178;230;674;10;14;10;0
25179;218;674;10;14;10;0
25182;206;674;10;14;10;0
25184;194;674;10;14;10;0
25185;182;674;10;14;10;0
25187;170;674;10;14;10;0
25189;398;674;10;14;10;0
25190;410;674;10;14;10;0
25191;422;674;10;14;10;0
25192;434;674;10;14;10;0
25193;674;674;10;14;10;0
25195;662;674;10;14;10;0
25196;650;674;10;14;10;0
25197;638;674;10;14;10;0
25198;626;674;10;14;10;0
25199;614;674;10;14;10;0
25200;602;674;10;14;10;0
25201;590;674;10;14;10;0
25203;578;674;10;14;10;0
25206;686;674;10;14;10;0
25209;566;674;10;14;10;0
25210;542;674;10;14;10;0
25212;530;674;10;14;10;0
25213;518;674;10;14;10;0
25214;506;674;10;14;10;0
25215;494;674;10;14;10;0
25216;482;674;10;14;10;0
25218;470;674;10;14;10;0
25219;458;674;10;14;10;0
25220;446;674;10;14;10;0
25222;1262;674;10;14;10;0
25225;3530;674;10;14;10;0
25226;1682;690;10;14;10;0
25228;3542;674;10;14;10;0
25233;2498;690;10;14;10;0
25234;2486;690;10;14;10;0
25235;2474;690;10;14;10;0
25236;2462;690;10;14;10;0
25237;2450;690;10;14;10;0
25238;2438;690;10;14;10;0
25239;2426;690;10;14;10;0
25240;2414;690;10;14;10;0
25242;2402;690;10;14;10;0
25243;2390;690;10;14;10;0
25244;2378;690;10;14;10;0
25246;2366;690;10;14;10;0
25248;2354;690;10;14;10;0
25249;2342;690;10;14;10;0
25250;2330;690;10;14;10;0
25252;2318;690;10;14;10;0
25253;2306;690;10;14;10;0
25254;2294;690;10;14;10;0
25255;2282;690;10;14;10;0
25256;2510;690;10;14;10;0
25259;2522;690;10;14;10;0
25260;2534;690;10;14;10;0
25263;2546;690;10;14;10;0
25265;2786;690;10;14;10;0
25266;2774;690;10;14;10;0
25269;2762;690;10;14;10;0
25273;2750;690;10;14;10;0
25274;2738;690;10;14;10;0
25275;2726;690;10;14;10;0
25276;2714;690;10;14;10;0
25277;2702;690;10;14;10;0
25279;2690;690;10;14;10;0
25282;2798;690;10;14;10;0
25283;2678;690;10;14;10;0
25284;2654;690;10;14;10;0
25285;2642;690;10;14;10;0
25286;2630;690;10;14;10;0
25287;2618;690;10;14;10;0
25288;2606;690;10;14;10;0
25289;2594;690;10;14;10;0
25290;2582;690;10;14;10;0
25291;2570;690;10;14;10;0
25292;2558;690;10;14;10;0
25293;2270;690;10;14;10;0
25294;2666;690;10;14;10;0
25295;2258;690;10;14;10;0
25296;2102;690;10;14;10;0
25297;1934;690;10;14;10;0
25298;1922;690;10;14;10;0
25299;1910;690;10;14;10;0
25300;1898;690;10;14;10;0
25302;1886;690;10;14;10;0
25303;1874;690;10;14;10;0
25304;1862;690;10;14;10;0
25305;1850;690;10;14;10;0
25306;1838;690;10;14;10;0
25307;1826;690;10;14;10;0
25308;1814;690;10;14;10;0
25309;1802;690;10;14;10;0
25311;1790;690;10;14;10;0
25312;1778;690;10;14;10;0
25313;1766;690;10;14;10;0
25314;1754;690;10;14;10;0
25315;1742;690;10;14;10;0
25317;1730;690;10;14;10;0
25318;1718;690;10;14;10;0
25319;1946;690;10;14;10;0
25320;1958;690;10;14;10;0
25321;1970;690;10;14;10;0
25324;1982;690;10;14;10;0
25325;2222;690;10;14;10;0
25326;2210;690;10;14;10;0
25327;2198;690;10;14;10;0
25329;2186;690;10;14;10;0
25331;2174;690;10;14;10;0
25332;2162;690;10;14;10;0
25333;2150;690;10;14;10;0
25334;2138;690;10;14;10;0
25335;2126;690;10;14;10;0
25340;2234;690;10;14;10;0
25341;2114;690;10;14;10;0
25342;2090;690;10;14;10;0
25343;2078;690;10;14;10;0
25344;2066;690;10;14;10;0
25345;2054;690;10;14;10;0
25346;2042;690;10;14;10;0
25351;2030;690;10;14;10;0
25352;2018;690;10;14;10;0
25353;2006;690;10;14;10;0
25356;1994;690;10;14;10;0
25357;2246;690;10;14;10;0
25358;2822;690;10;14;10;0
25361;3374;690;10;14;10;0
25366;2834;690;10;14;10;0
25369;3626;690;10;14;10;0
25370;3614;690;10;14;10;0
25371;3602;690;10;14;10;0
25373;3590;690;10;14;10;0
25374;3578;690;10;14;10;0
25375;3566;690;10;14;10;0
25376;3554;690;10;14;10;0
25377;3542;690;10;14;10;0
25379;3530;690;10;14;10;0
25380;3518;690;10;14;10;0
25381;3506;690;10;14;10;0
25383;3494;690;10;14;10;0
25384;3482;690;10;14;10;0
25386;3470;690;10;14;10;0
25387;3458;690;10;14;10;0
25389;3446;690;10;14;10;0
25391;3434;690;10;14;10;0
25394;3422;690;10;14;10;0
25397;3410;690;10;14;10;0
25401;3638;690;10;14;10;0
25402;3650;690;10;14;10;0
25405;3662;690;10;14;10;0
25406;3674;690;10;14;10;0
25407;3914;690;10;14;10;0
25410;3902;690;10;14;10;0
25413;3890;690;10;14;10;0
25414;3878;690;10;14;10;0
25417;3866;690;10;14;10;0
25419;3854;690;10;14;10;0
25420;3842;690;10;14;10;0
25421;3830;690;10;14;10;0
25422;3818;690;10;14;10;0
25423;3926;690;10;14;10;0
25424;3806;690;10;14;10;0
25429;3782;690;10;14;10;0
25431;3770;690;10;14;10;0
25434;3758;690;10;14;10;0
25436;3746;690;10;14;10;0
25438;3734;690;10;14;10;0
25439;3722;690;10;14;10;0
25441;3710;690;10;14;10;0
25442;3698;690;10;14;10;0
25443;3686;690;10;14;10;0
25447;3398;690;10;14;10;0
25448;3794;690;10;14;10;0
25449;3386;690;10;14;10;0
25451;3230;690;10;14;10;0
25453;3062;690;10;14;10;0
25454;3050;690;10;14;10;0
25455;3038;690;10;14;10;0
25457;3026;690;10;14;10;0
25458;3014;690;10;14;10;0
25462;3002;690;10;14;10;0
25463;2990;690;10;14;10;0
25466;2978;690;10;14;10;0
25467;2966;690;10;14;10;0
25469;2954;690;10;14;10;0
25472;2942;690;10;14;10;0
25474;2930;690;10;14;10;0
25475;2918;690;10;14;10;0
25476;2906;690;10;14;10;0
25479;2894;690;10;14;10;0
25480;2882;690;10;14;10;0
25481;2870;690;10;14;10;0
25484;2858;690;10;14;10;0
25486;2846;690;10;14;10;0
25487;3074;690;10;14;10;0
25488;3086;690;10;14;10;0
25490;3098;690;10;14;10;0
25494;3110;690;10;14;10;0
25496;3350;690;10;14;10;0
25497;3338;690;10;14;10;0
25499;3326;690;10;14;10;0
25503;3314;690;10;14;10;0
25504;3302;690;10;14;10;0
25505;3290;690;10;14;10;0
25506;3278;690;10;14;10;0
25507;3266;690;10;14;10;0
25509;3254;690;10;14;10;0
25511;3362;690;10;14;10;0
25512;3242;690;10;14;10;0
25513;3218;690;10;14;10;0
25514;3206;690;10;14;10;0
25515;3194;690;10;14;10;0
25516;3182;690;10;14;10;0
25518;3170;690;10;14;10;0
25520;3158;690;10;14;10;0
25522;3146;690;10;14;10;0
25523;3134;690;10;14;10;0
25524;3122;690;10;14;10;0
25525;1706;690;10;14;10;0
25527;2810;690;10;14;10;0
25528;1694;690;10;14;10;0
25529;554;690;10;14;10;0
25530;242;690;10;14;10;0
25531;230;690;10;14;10;0
25534;218;690;10;14;10;0
25536;206;690;10;14;10;0
25539;194;690;10;14;10;0
25540;182;690;10;14;10;0
25542;170;690;10;14;10;0
25544;158;690;10;14;10;0
25545;146;690;10;14;10;0
25549;134;690;10;14;10;0
25551;122;690;10;14;10;0
25552;110;690;10;14;10;0
25554;98;690;10;14;10;0
25558;86;690;10;14;10;0
25562;74;690;10;14;10;0
25563;62;690;10;14;10;0
25566;50;690;10;14;10;0
25568;38;690;10;14;10;0
25569;26;690;10;14;10;0
25571;254;690;10;14;10;0
25572;266;690;10;14;10;0
25574;278;690;10;14;10;0
25577;290;690;10;14;10;0
25578;530;690;10;14;10;0
25580;518;690;10;14;10;0
25581;506;690;10;14;10;0
25582;494;690;10;14;10;0
25586;482;690;10;14;10;0
25588;470;690;10;14;10;0
25589;458;690;10;14;10;0
25590;446;690;10;14;10;0
25592;434;690;10;14;10;0
25593;542;690;10;14;10;0
25594;422;690;10;14;10;0
25595;398;690;10;14;10;0
25596;386;690;10;14;10;0
25597;374;690;10;14;10;0
25598;362;690;10;14;10;0
25600;350;690;10;14;10;0
25601;338;690;10;14;10;0
25602;326;690;10;14;10;0
25605;314;690;10;14;10;0
25606;302;690;10;14;10;0
25607;14;690;10;14;10;0
25613;410;690;10;14;10;0
25615;2;690;10;14;10;0
25616;3938;674;10;14;10;0
25619;3770;674;10;14;10;0
25620;3758;674;10;14;10;0
25622;3746;674;10;14;10;0
25623;3734;674;10;14;10;0
25625;3722;674;10;14;10;0
25628;3710;674;10;14;10;0
25629;3698;674;10;14;10;0
25630;3686;674;10;14;10;0
25633;3674;674;10;14;10;0
25635;3662;674;10;14;10;0
25637;3650;674;10;14;10;0
25638;3638;674;10;14;10;0
25639;3626;674;10;14;10;0
25640;3614;674;10;14;10;0
25642;3602;674;10;14;10;0
25644;3590;674;10;14;10;0
25645;3578;674;10;14;10;0
25650;3566;674;10;14;10;0
25652;3554;674;10;14;10;0
25653;3782;674;10;14;10;0
25654;3794;674;10;14;10;0
25658;3806;674;10;14;10;0
25661;3818;674;10;14;10;0
25662;4058;674;10;14;10;0
25664;4046;674;10;14;10;0
25665;4034;674;10;14;10;0
25666;4022;674;10;14;10;0
25667;4010;674;10;14;10;0
25668;3998;674;10;14;10;0
25670;3986;674;10;14;10;0
25671;3974;674;10;14;10;0
25672;3962;674;10;14;10;0
25674;4070;674;10;14;10;0
25678;3950;674;10;14;10;0
25681;3926;674;10;14;10;0
25682;3914;674;10;14;10;0
25684;3902;674;10;14;10;0
25688;3890;674;10;14;10;0
25689;3878;674;10;14;10;0
25692;3866;674;10;14;10;0
25694;3854;674;10;14;10;0
25695;3842;674;10;14;10;0
25703;3830;674;10;14;10;0
25705;4082;674;10;14;10;0
25709;566;690;10;14;10;0
25711;1118;690;10;14;10;0
25712;578;690;10;14;10;0
25713;1370;690;10;14;10;0
25715;1358;690;10;14;10;0
25717;1346;690;10;14;10;0
25718;1334;690;10;14;10;0
25719;1322;690;10;14;10;0
25720;1310;690;10;14;10;0
25721;1298;690;10;14;10;0
25722;1286;690;10;14;10;0
25723;1274;690;10;14;10;0
25730;1262;690;10;14;10;0
25731;1250;690;10;14;10;0
25733;1238;690;10;14;10;0
25735;1226;690;10;14;10;0
25736;1214;690;10;14;10;0
25741;1202;690;10;14;10;0
25744;1190;690;10;14;10;0
25745;1178;690;10;14;10;0
25746;1166;690;10;14;10;0
25747;1154;690;10;14;10;0
25749;1382;690;10;14;10;0
25750;1394;690;10;14;10;0
25752;1406;690;10;14;10;0
25753;1418;690;10;14;10;0
25754;1658;690;10;14;10;0
25758;1646;690;10;14;10;0
25759;1634;690;10;14;10;0
25762;1622;690;10;14;10;0
25763;1610;690;10;14;10;0
25764;1598;690;10;14;10;0
25765;1586;690;10;14;10;0
25769;1574;690;10;14;10;0
25771;1562;690;10;14;10;0
25772;1670;690;10;14;10;0
25773;1550;690;10;14;10;0
25774;1526;690;10;14;10;0
25776;1514;690;10;14;10;0
25778;1502;690;10;14;10;0
25779;1490;690;10;14;10;0
25780;1478;690;10;14;10;0
25781;1466;690;10;14;10;0
25784;1454;690;10;14;10;0
25785;1442;690;10;14;10;0
25786;1430;690;10;14;10;0
25787;1142;690;10;14;10;0
25788;1538;690;10;14;10;0
25790;1130;690;10;14;10;0
25791;974;690;10;14;10;0
25792;806;690;10;14;10;0
25793;794;690;10;14;10;0
25794;782;690;10;14;10;0
25796;770;690;10;14;10;0
25797;758;690;10;14;10;0
25799;746;690;10;14;10;0
25802;734;690;10;14;10;0
25803;722;690;10;14;10;0
25805;710;690;10;14;10;0
25806;698;690;10;14;10;0
25808;686;690;10;14;10;0
25810;674;690;10;14;10;0
25812;662;690;10;14;10;0
25813;650;690;10;14;10;0
25815;638;690;10;14;10;0
25816;626;690;10;14;10;0
25818;614;690;10;14;10;0
25821;602;690;10;14;10;0
25822;590;690;10;14;10;0
25824;818;690;10;14;10;0
25825;830;690;10;14;10;0
25826;842;690;10;14;10;0
25827;854;690;10;14;10;0
25828;1094;690;10;14;10;0
25830;1082;690;10;14;10;0
25831;1070;690;10;14;10;0
25836;1058;690;10;14;10;0
25837;1046;690;10;14;10;0
25839;1034;690;10;14;10;0
25840;1022;690;10;14;10;0
25841;1010;690;10;14;10;0
25842;998;690;10;14;10;0
25844;1106;690;10;14;10;0
25846;986;690;10;14;10;0
25847;962;690;10;14;10;0
25848;950;690;10;14;10;0
25850;938;690;10;14;10;0
25851;926;690;10;14;10;0
25852;914;690;10;14;10;0
25853;902;690;10;14;10;0
25854;890;690;10;14;10;0
25856;878;690;10;14;10;0
25861;866;690;10;14;10;0
25862;3122;658;10;14;10;0
25865;3110;658;10;14;10;0
25871;3098;658;10;14;10;0
25873;842;658;10;14;10;0
25874;1238;642;10;14;10;0
25876;1226;642;10;14;10;0
25878;1214;642;10;14;10;0
25880;1202;642;10;14;10;0
25881;1190;642;10;14;10;0
25884;1178;642;10;14;10;0
25885;1166;642;10;14;10;0
25886;1154;642;10;14;10;0
25890;1142;642;10;14;10;0
25891;1130;642;10;14;10;0
25892;1118;642;10;14;10;0
25893;1106;642;10;14;10;0
25898;1094;642;10;14;10;0
25899;1082;642;10;14;10;0
25900;1070;642;10;14;10;0
25903;1058;642;10;14;10;0
25904;1046;642;10;14;10;0
25908;1034;642;10;14;10;0
25909;1022;642;10;14;10;0
25910;1250;642;10;14;10;0
25911;1262;642;10;14;10;0
25912;1274;642;10;14;10;0
25913;1286;642;10;14;10;0
25914;1526;642;10;14;10;0
25915;1514;642;10;14;10;0
25918;1502;642;10;14;10;0
25919;1490;642;10;14;10;0
25925;1478;642;10;14;10;0
25928;1466;642;10;14;10;0
25929;1454;642;10;14;10;0
25932;1442;642;10;14;10;0
25933;1430;642;10;14;10;0
25934;1538;642;10;14;10;0
25935;1418;642;10;14;10;0
25937;1394;642;10;14;10;0
25940;1382;642;10;14;10;0
25941;1370;642;10;14;10;0
25942;1358;642;10;14;10;0
25943;1346;642;10;14;10;0
25944;1334;642;10;14;10;0
25945;1322;642;10;14;10;0
25947;1310;642;10;14;10;0
25949;1298;642;10;14;10;0
25950;1010;642;10;14;10;0
25954;1406;642;10;14;10;0
25955;998;642;10;14;10;0
25958;842;642;10;14;10;0
25960;674;642;10;14;10;0
25964;662;642;10;14;10;0
25968;650;642;10;14;10;0
25970;638;642;10;14;10;0
25972;626;642;10;14;10;0
25973;614;642;10;14;10;0
25975;602;642;10;14;10;0
25976;590;642;10;14;10;0
25986;578;642;10;14;10;0
25987;566;642;10;14;10;0
25991;554;642;10;14;10;0
25992;542;642;10;14;10;0
25993;530;642;10;14;10;0
25995;518;642;10;14;10;0
25996;506;642;10;14;10;0
25998;494;642;10;14;10;0
26000;482;642;10;14;10;0
26001;470;642;10;14;10;0
26003;458;642;10;14;10;0
26005;686;642;10;14;10;0
26007;698;642;10;14;10;0
26009;710;642;10;14;10;0
26011;722;642;10;14;10;0
26012;962;642;10;14;10;0
26015;950;642;10;14;10;0
26017;938;642;10;14;10;0
26020;926;642;10;14;10;0
26021;914;642;10;14;10;0
26023;902;642;10;14;10;0
26025;890;642;10;14;10;0
26027;878;642;10;14;10;0
26028;866;642;10;14;10;0
26029;974;642;10;14;10;0
26031;854;642;10;14;10;0
26032;830;642;10;14;10;0
26034;818;642;10;14;10;0
26039;806;642;10;14;10;0
26041;794;642;10;14;10;0
26044;782;642;10;14;10;0
26045;770;642;10;14;10;0
26049;758;642;10;14;10;0
26050;746;642;10;14;10;0
26051;734;642;10;14;10;0
26052;986;642;10;14;10;0
26053;1562;642;10;14;10;0
26054;2114;642;10;14;10;0
26059;1574;642;10;14;10;0
26060;2366;642;10;14;10;0
26062;2354;642;10;14;10;0
26063;2342;642;10;14;10;0
26066;2330;642;10;14;10;0
26070;2318;642;10;14;10;0
26071;2306;642;10;14;10;0
26073;2294;642;10;14;10;0
26075;2282;642;10;14;10;0
26080;2270;642;10;14;10;0
26081;2258;642;10;14;10;0
26082;2246;642;10;14;10;0
26085;2234;642;10;14;10;0
26086;2222;642;10;14;10;0
26087;2210;642;10;14;10;0
26088;2198;642;10;14;10;0
26089;2186;642;10;14;10;0
26092;2174;642;10;14;10;0
26093;2162;642;10;14;10;0
26094;2150;642;10;14;10;0
26095;2378;642;10;14;10;0
26096;2390;642;10;14;10;0
26097;2402;642;10;14;10;0
26098;2414;642;10;14;10;0
26099;2654;642;10;14;10;0
26101;2642;642;10;14;10;0
26102;2630;642;10;14;10;0
26103;2618;642;10;14;10;0
26105;2606;642;10;14;10;0
26106;2594;642;10;14;10;0
26107;2582;642;10;14;10;0
26108;2570;642;10;14;10;0
26111;2558;642;10;14;10;0
26112;2666;642;10;14;10;0
26114;2546;642;10;14;10;0
26115;2522;642;10;14;10;0
26118;2510;642;10;14;10;0
26119;2498;642;10;14;10;0
26121;2486;642;10;14;10;0
26122;2474;642;10;14;10;0
26124;2462;642;10;14;10;0
26125;2450;642;10;14;10;0
26126;2438;642;10;14;10;0
26127;2426;642;10;14;10;0
26131;2138;642;10;14;10;0
26132;2534;642;10;14;10;0
26133;2126;642;10;14;10;0
26137;1970;642;10;14;10;0
26140;1802;642;10;14;10;0
26141;1790;642;10;14;10;0
26143;1778;642;10;14;10;0
26144;1766;642;10;14;10;0
26148;1754;642;10;14;10;0
26149;1742;642;10;14;10;0
26151;1730;642;10;14;10;0
26152;1718;642;10;14;10;0
26155;1706;642;10;14;10;0
26157;1694;642;10;14;10;0
26159;1682;642;10;14;10;0
26160;1670;642;10;14;10;0
26161;1658;642;10;14;10;0
26164;1646;642;10;14;10;0
26165;1634;642;10;14;10;0
26166;1622;642;10;14;10;0
26172;1610;642;10;14;10;0
26174;1598;642;10;14;10;0
26175;1586;642;10;14;10;0
26177;1814;642;10;14;10;0
26178;1826;642;10;14;10;0
26179;1838;642;10;14;10;0
26180;1850;642;10;14;10;0
26181;2090;642;10;14;10;0
26184;2078;642;10;14;10;0
26185;2066;642;10;14;10;0
26187;2054;642;10;14;10;0
26188;2042;642;10;14;10;0
26191;2030;642;10;14;10;0
26194;2018;642;10;14;10;0
26195;2006;642;10;14;10;0
26196;1994;642;10;14;10;0
26197;2102;642;10;14;10;0
26198;1982;642;10;14;10;0
26199;1958;642;10;14;10;0
26201;1946;642;10;14;10;0
26202;1934;642;10;14;10;0
26205;1922;642;10;14;10;0
26206;1910;642;10;14;10;0
26207;1898;642;10;14;10;0
26209;1886;642;10;14;10;0
26210;1874;642;10;14;10;0
26212;1862;642;10;14;10;0
26214;446;642;10;14;10;0
26215;434;642;10;14;10;0
26216;422;642;10;14;10;0
26217;3950;626;10;14;10;0
26222;3074;626;10;14;10;0
26223;3062;626;10;14;10;0
26224;3050;626;10;14;10;0
26228;3038;626;10;14;10;0
26230;3026;626;10;14;10;0
26231;3014;626;10;14;10;0
26234;3002;626;10;14;10;0
26238;2990;626;10;14;10;0
26241;2978;626;10;14;10;0
26242;2966;626;10;14;10;0
26243;2954;626;10;14;10;0
26244;2942;626;10;14;10;0
26247;2930;626;10;14;10;0
26248;2918;626;10;14;10;0
26249;2906;626;10;14;10;0
26252;2894;626;10;14;10;0
26253;2882;626;10;14;10;0
26254;2870;626;10;14;10;0
26256;2858;626;10;14;10;0
26257;3086;626;10;14;10;0
26262;3098;626;10;14;10;0
26263;3110;626;10;14;10;0
26264;3122;626;10;14;10;0
26269;3362;626;10;14;10;0
26271;3350;626;10;14;10;0
26274;3338;626;10;14;10;0
26278;3326;626;10;14;10;0
26279;3314;626;10;14;10;0
26280;3302;626;10;14;10;0
26282;3290;626;10;14;10;0
26283;3278;626;10;14;10;0
26286;3266;626;10;14;10;0
26289;3374;626;10;14;10;0
26292;3254;626;10;14;10;0
26296;3230;626;10;14;10;0
26297;3218;626;10;14;10;0
26300;3206;626;10;14;10;0
26302;3194;626;10;14;10;0
26305;3182;626;10;14;10;0
26308;3170;626;10;14;10;0
26310;3158;626;10;14;10;0
26311;3146;626;10;14;10;0
26313;3134;626;10;14;10;0
26326;2846;626;10;14;10;0
26329;2834;626;10;14;10;0
26330;2822;626;10;14;10;0
26332;2546;626;10;14;10;0
26333;2522;626;10;14;10;0
26336;2510;626;10;14;10;0
26339;2498;626;10;14;10;0
26342;2486;626;10;14;10;0
26345;2474;626;10;14;10;0
26348;2462;626;10;14;10;0
26352;2450;626;10;14;10;0
26353;2438;626;10;14;10;0
26354;2426;626;10;14;10;0
26355;2414;626;10;14;10;0
26356;2402;626;10;14;10;0
26357;2390;626;10;14;10;0
26359;2378;626;10;14;10;0
26360;2366;626;10;14;10;0
26361;2354;626;10;14;10;0
26362;2342;626;10;14;10;0
26364;2330;626;10;14;10;0
26365;2318;626;10;14;10;0
26366;2306;626;10;14;10;0
26367;2534;626;10;14;10;0
26368;2558;626;10;14;10;0
26371;2810;626;10;14;10;0
26376;2570;626;10;14;10;0
26377;2798;626;10;14;10;0
26378;2786;626;10;14;10;0
26379;2774;626;10;14;10;0
26381;2762;626;10;14;10;0
26383;2750;626;10;14;10;0
26384;2738;626;10;14;10;0
26385;2726;626;10;14;10;0
26388;2714;626;10;14;10;0
26389;2702;626;10;14;10;0
26390;2690;626;10;14;10;0
26391;2678;626;10;14;10;0
26395;2666;626;10;14;10;0
26397;2654;626;10;14;10;0
26398;2642;626;10;14;10;0
26399;2630;626;10;14;10;0
26405;2618;626;10;14;10;0
26406;2606;626;10;14;10;0
26407;2594;626;10;14;10;0
26408;2582;626;10;14;10;0
26410;3242;626;10;14;10;0
26411;3386;626;10;14;10;0
26412;3398;626;10;14;10;0
26413;3410;626;10;14;10;0
26414;110;642;10;14;10;0
26415;98;642;10;14;10;0
26417;86;642;10;14;10;0
26420;74;642;10;14;10;0
26421;62;642;10;14;10;0
26422;50;642;10;14;10;0
26423;38;642;10;14;10;0
26424;26;642;10;14;10;0
26426;14;642;10;14;10;0
26429;2;642;10;14;10;0
26431;4082;626;10;14;10;0
26432;4070;626;10;14;10;0
26433;4058;626;10;14;10;0
26434;4046;626;10;14;10;0
26435;4034;626;10;14;10;0
26438;4022;626;10;14;10;0
26440;4010;626;10;14;10;0
26441;3998;626;10;14;10;0
26443;3986;626;10;14;10;0
26446;122;642;10;14;10;0
26447;134;642;10;14;10;0
26448;146;642;10;14;10;0
26449;158;642;10;14;10;0
26451;398;642;10;14;10;0
26453;386;642;10;14;10;0
26454;374;642;10;14;10;0
26455;362;642;10;14;10;0
26457;350;642;10;14;10;0
26460;338;642;10;14;10;0
26462;326;642;10;14;10;0
26463;314;642;10;14;10;0
26464;302;642;10;14;10;0
26465;410;642;10;14;10;0
26466;290;642;10;14;10;0
26467;266;642;10;14;10;0
26468;254;642;10;14;10;0
26469;242;642;10;14;10;0
26471;230;642;10;14;10;0
26472;218;642;10;14;10;0
26474;206;642;10;14;10;0
26477;194;642;10;14;10;0
26478;182;642;10;14;10;0
26479;170;642;10;14;10;0
26480;3974;626;10;14;10;0
26481;278;642;10;14;10;0
26482;3962;626;10;14;10;0
26483;3806;626;10;14;10;0
26485;3638;626;10;14;10;0
26487;3626;626;10;14;10;0
26491;3614;626;10;14;10;0
26492;3602;626;10;14;10;0
26494;3590;626;10;14;10;0
26495;3578;626;10;14;10;0
26497;3566;626;10;14;10;0
26500;3554;626;10;14;10;0
26501;3542;626;10;14;10;0
26503;3530;626;10;14;10;0
26505;3518;626;10;14;10;0
26507;3506;626;10;14;10;0
26508;3494;626;10;14;10;0
26511;3482;626;10;14;10;0
26512;3470;626;10;14;10;0
26514;3458;626;10;14;10;0
26515;3446;626;10;14;10;0
26517;3434;626;10;14;10;0
26519;3422;626;10;14;10;0
26520;3650;626;10;14;10;0
26522;3662;626;10;14;10;0
26524;3674;626;10;14;10;0
26525;3686;626;10;14;10;0
26526;3926;626;10;14;10;0
26528;3914;626;10;14;10;0
26529;3902;626;10;14;10;0
26530;3890;626;10;14;10;0
26531;3878;626;10;14;10;0
26534;3866;626;10;14;10;0
26537;3854;626;10;14;10;0
26538;3842;626;10;14;10;0
26539;3830;626;10;14;10;0
26543;3938;626;10;14;10;0
26544;3818;626;10;14;10;0
26545;3794;626;10;14;10;0
26547;3782;626;10;14;10;0
26548;3770;626;10;14;10;0
26550;3758;626;10;14;10;0
26551;3746;626;10;14;10;0
26552;3734;626;10;14;10;0
26553;3722;626;10;14;10;0
26558;3710;626;10;14;10;0
26561;3698;626;10;14;10;0
26564;1550;642;10;14;10;0
26566;2678;642;10;14;10;0
26570;2690;642;10;14;10;0
26574;2702;642;10;14;10;0
26575;1658;658;10;14;10;0
26576;1646;658;10;14;10;0
26577;1634;658;10;14;10;0
26578;1622;658;10;14;10;0
26579;1610;658;10;14;10;0
26580;1598;658;10;14;10;0
26584;1586;658;10;14;10;0
26585;1574;658;10;14;10;0
26586;1562;658;10;14;10;0
26588;1550;658;10;14;10;0
26589;1538;658;10;14;10;0
26590;1526;658;10;14;10;0
26592;1514;658;10;14;10;0
26594;1502;658;10;14;10;0
26596;1490;658;10;14;10;0
26597;1478;658;10;14;10;0
26599;1466;658;10;14;10;0
26601;1454;658;10;14;10;0
26604;1442;658;10;14;10;0
26606;1670;658;10;14;10;0
26607;1682;658;10;14;10;0
26608;1694;658;10;14;10;0
26609;1706;658;10;14;10;0
26611;1946;658;10;14;10;0
26612;1934;658;10;14;10;0
26613;1922;658;10;14;10;0
26618;1910;658;10;14;10;0
26619;1898;658;10;14;10;0
26621;1886;658;10;14;10;0
26622;1874;658;10;14;10;0
26623;1862;658;10;14;10;0
26626;1850;658;10;14;10;0
26627;1958;658;10;14;10;0
26628;1838;658;10;14;10;0
26629;1814;658;10;14;10;0
26631;1802;658;10;14;10;0
26632;1790;658;10;14;10;0
26633;1778;658;10;14;10;0
26635;1766;658;10;14;10;0
26639;1754;658;10;14;10;0
26641;1742;658;10;14;10;0
26643;1730;658;10;14;10;0
26646;1718;658;10;14;10;0
26647;1430;658;10;14;10;0
26648;1826;658;10;14;10;0
26654;1418;658;10;14;10;0
26657;1262;658;10;14;10;0
26658;1094;658;10;14;10;0
26665;1082;658;10;14;10;0
26666;1070;658;10;14;10;0
26667;1058;658;10;14;10;0
26674;1046;658;10;14;10;0
26675;1034;658;10;14;10;0
26676;1022;658;10;14;10;0
26679;1010;658;10;14;10;0
26680;998;658;10;14;10;0
26681;986;658;10;14;10;0
26684;974;658;10;14;10;0
26685;962;658;10;14;10;0
26688;950;658;10;14;10;0
26689;938;658;10;14;10;0
26690;926;658;10;14;10;0
26691;914;658;10;14;10;0
26692;902;658;10;14;10;0
26693;890;658;10;14;10;0
26694;878;658;10;14;10;0
26696;1106;658;10;14;10;0
26697;1118;658;10;14;10;0
26700;1130;658;10;14;10;0
26701;1142;658;10;14;10;0
26702;1382;658;10;14;10;0
26704;1370;658;10;14;10;0
26705;1358;658;10;14;10;0
26707;1346;658;10;14;10;0
26708;1334;658;10;14;10;0
26709;1322;658;10;14;10;0
26713;1310;658;10;14;10;0
26716;1298;658;10;14;10;0
26717;1286;658;10;14;10;0
26719;1394;658;10;14;10;0
26722;1274;658;10;14;10;0
26723;1250;658;10;14;10;0
26725;1238;658;10;14;10;0
26726;1226;658;10;14;10;0
26727;1214;658;10;14;10;0
26728;1202;658;10;14;10;0
26729;1190;658;10;14;10;0
26740;1178;658;10;14;10;0
26742;1166;658;10;14;10;0
26743;1154;658;10;14;10;0
26745;1406;658;10;14;10;0
26750;1982;658;10;14;10;0
26751;2534;658;10;14;10;0
26753;1994;658;10;14;10;0
26754;2786;658;10;14;10;0
26755;2774;658;10;14;10;0
26757;2762;658;10;14;10;0
26758;2750;658;10;14;10;0
26759;2738;658;10;14;10;0
26765;2726;658;10;14;10;0
26767;2714;658;10;14;10;0
26771;2702;658;10;14;10;0
26772;2690;658;10;14;10;0
26775;2678;658;10;14;10;0
26776;2666;658;10;14;10;0
26779;2654;658;10;14;10;0
26781;2642;658;10;14;10;0
26783;2630;658;10;14;10;0
26784;2618;658;10;14;10;0
26785;2606;658;10;14;10;0
26786;2594;658;10;14;10;0
26790;2582;658;10;14;10;0
26791;2570;658;10;14;10;0
26792;2798;658;10;14;10;0
26793;2810;658;10;14;10;0
26797;2822;658;10;14;10;0
26799;2834;658;10;14;10;0
26800;3074;658;10;14;10;0
26801;3062;658;10;14;10;0
26802;3050;658;10;14;10;0
26803;3038;658;10;14;10;0
26805;3026;658;10;14;10;0
26806;3014;658;10;14;10;0
26809;3002;658;10;14;10;0
26810;2990;658;10;14;10;0
26812;2978;658;10;14;10;0
26814;3086;658;10;14;10;0
26816;2966;658;10;14;10;0
26820;2942;658;10;14;10;0
26822;2930;658;10;14;10;0
26825;2918;658;10;14;10;0
26826;2906;658;10;14;10;0
26827;2894;658;10;14;10;0
26829;2882;658;10;14;10;0
26834;2870;658;10;14;10;0
26836;2858;658;10;14;10;0
26837;2846;658;10;14;10;0
26838;2558;658;10;14;10;0
26839;2954;658;10;14;10;0
26840;2546;658;10;14;10;0
26842;2390;658;10;14;10;0
26847;2222;658;10;14;10;0
26848;2210;658;10;14;10;0
26849;2198;658;10;14;10;0
26851;2186;658;10;14;10;0
26855;2174;658;10;14;10;0
26856;2162;658;10;14;10;0
26858;2150;658;10;14;10;0
26862;2138;658;10;14;10;0
26863;2126;658;10;14;10;0
26865;2114;658;10;14;10;0
26866;2102;658;10;14;10;0
26869;2090;658;10;14;10;0
26870;2078;658;10;14;10;0
26873;2066;658;10;14;10;0
26874;2054;658;10;14;10;0
26875;2042;658;10;14;10;0
26876;2030;658;10;14;10;0
26880;2018;658;10;14;10;0
26881;2006;658;10;14;10;0
26884;2234;658;10;14;10;0
26885;2246;658;10;14;10;0
26887;2258;658;10;14;10;0
26888;2270;658;10;14;10;0
26891;2510;658;10;14;10;0
26892;2498;658;10;14;10;0
26893;2486;658;10;14;10;0
26894;2474;658;10;14;10;0
26895;2462;658;10;14;10;0
26898;2450;658;10;14;10;0
26905;2438;658;10;14;10;0
26906;2426;658;10;14;10;0
26907;2414;658;10;14;10;0
26908;2522;658;10;14;10;0
26911;2402;658;10;14;10;0
26913;2378;658;10;14;10;0
26914;2366;658;10;14;10;0
26915;2354;658;10;14;10;0
26917;2342;658;10;14;10;0
26918;2330;658;10;14;10;0
26920;2318;658;10;14;10;0
26922;2306;658;10;14;10;0
26925;2294;658;10;14;10;0
26928;2282;658;10;14;10;0
26932;866;658;10;14;10;0
26934;1970;658;10;14;10;0
26937;854;658;10;14;10;0
26941;3806;642;10;14;10;0
26943;3494;642;10;14;10;0
26946;3482;642;10;14;10;0
26954;3470;642;10;14;10;0
26963;3458;642;10;14;10;0
26964;3446;642;10;14;10;0
26965;3434;642;10;14;10;0
26969;3422;642;10;14;10;0
26970;3410;642;10;14;10;0
26971;3398;642;10;14;10;0
26972;3386;642;10;14;10;0
26973;3374;642;10;14;10;0
26974;3362;642;10;14;10;0
26975;3350;642;10;14;10;0
26976;3338;642;10;14;10;0
26977;3326;642;10;14;10;0
26978;3314;642;10;14;10;0
26979;3302;642;10;14;10;0
26982;3290;642;10;14;10;0
26984;3278;642;10;14;10;0
26986;3506;642;10;14;10;0
26987;3518;642;10;14;10;0
26988;3530;642;10;14;10;0
26989;3542;642;10;14;10;0
26990;3782;642;10;14;10;0
26991;3770;642;10;14;10;0
26993;3758;642;10;14;10;0
26995;3746;642;10;14;10;0
26996;3734;642;10;14;10;0
26997;3722;642;10;14;10;0
26999;3710;642;10;14;10;0
27000;3698;642;10;14;10;0
27001;3686;642;10;14;10;0
27004;3794;642;10;14;10;0
27005;3674;642;10;14;10;0
27006;3650;642;10;14;10;0
27009;3638;642;10;14;10;0
27010;3626;642;10;14;10;0
27012;3614;642;10;14;10;0
27014;3602;642;10;14;10;0
27016;3590;642;10;14;10;0
27017;3578;642;10;14;10;0
27018;3566;642;10;14;10;0
27022;3554;642;10;14;10;0
27025;3266;642;10;14;10;0
27028;3662;642;10;14;10;0
27029;3254;642;10;14;10;0
27030;3098;642;10;14;10;0
27035;2930;642;10;14;10;0
27036;2918;642;10;14;10;0
27040;2906;642;10;14;10;0
27043;2894;642;10;14;10;0
27046;2882;642;10;14;10;0
27047;2870;642;10;14;10;0
27048;2858;642;10;14;10;0
27051;2846;642;10;14;10;0
27053;2834;642;10;14;10;0
27054;2822;642;10;14;10;0
27057;2810;642;10;14;10;0
27058;2798;642;10;14;10;0
27060;2786;642;10;14;10;0
27063;2774;642;10;14;10;0
27067;2762;642;10;14;10;0
27070;2750;642;10;14;10;0
27071;2738;642;10;14;10;0
27073;2726;642;10;14;10;0
27075;2714;642;10;14;10;0
27079;2942;642;10;14;10;0
27082;2954;642;10;14;10;0
27083;2966;642;10;14;10;0
27084;2978;642;10;14;10;0
27085;3218;642;10;14;10;0
27086;3206;642;10;14;10;0
27088;3194;642;10;14;10;0
27091;3182;642;10;14;10;0
27093;3170;642;10;14;10;0
27096;3158;642;10;14;10;0
27097;3146;642;10;14;10;0
27099;3134;642;10;14;10;0
27101;3122;642;10;14;10;0
27102;3230;642;10;14;10;0
27103;3110;642;10;14;10;0
27108;3086;642;10;14;10;0
27111;3074;642;10;14;10;0
27112;3062;642;10;14;10;0
27114;3050;642;10;14;10;0
27115;3038;642;10;14;10;0
27117;3026;642;10;14;10;0
27122;3014;642;10;14;10;0
27123;3002;642;10;14;10;0
27129;2990;642;10;14;10;0
27130;3242;642;10;14;10;0
27131;3818;642;10;14;10;0
27133;278;658;10;14;10;0
27135;3830;642;10;14;10;0
27137;530;658;10;14;10;0
27138;518;658;10;14;10;0
27141;506;658;10;14;10;0
27146;494;658;10;14;10;0
27147;482;658;10;14;10;0
27148;470;658;10;14;10;0
27153;458;658;10;14;10;0
27154;446;658;10;14;10;0
27155;434;658;10;14;10;0
27156;422;658;10;14;10;0
27159;410;658;10;14;10;0
27161;398;658;10;14;10;0
27163;386;658;10;14;10;0
27166;374;658;10;14;10;0
27167;362;658;10;14;10;0
27169;350;658;10;14;10;0
27170;338;658;10;14;10;0
27171;326;658;10;14;10;0
27177;314;658;10;14;10;0
27178;542;658;10;14;10;0
27179;554;658;10;14;10;0
27182;566;658;10;14;10;0
27185;578;658;10;14;10;0
27189;818;658;10;14;10;0
27190;806;658;10;14;10;0
27192;794;658;10;14;10;0
27193;782;658;10;14;10;0
27194;770;658;10;14;10;0
27197;758;658;10;14;10;0
27198;746;658;10;14;10;0
27204;734;658;10;14;10;0
27207;722;658;10;14;10;0
27208;830;658;10;14;10;0
27211;710;658;10;14;10;0
27224;686;658;10;14;10;0
27225;674;658;10;14;10;0
27227;662;658;10;14;10;0
27230;650;658;10;14;10;0
27231;638;658;10;14;10;0
27233;626;658;10;14;10;0
27234;614;658;10;14;10;0
27237;602;658;10;14;10;0
27238;590;658;10;14;10;0
27243;302;658;10;14;10;0
27249;698;658;10;14;10;0
27250;290;658;10;14;10;0
27256;134;658;10;14;10;0
27257;4058;642;10;14;10;0
27262;4046;642;10;14;10;0
27263;4034;642;10;14;10;0
27264;4022;642;10;14;10;0
27268;4010;642;10;14;10;0
27277;3998;642;10;14;10;0
27278;3986;642;10;14;10;0
27280;3974;642;10;14;10;0
27281;3962;642;10;14;10;0
27284;3950;642;10;14;10;0
27287;3938;642;10;14;10;0
27292;3926;642;10;14;10;0
27296;3914;642;10;14;10;0
27298;3902;642;10;14;10;0
27299;3890;642;10;14;10;0
27301;3878;642;10;14;10;0
27304;3866;642;10;14;10;0
27305;3854;642;10;14;10;0
27306;3842;642;10;14;10;0
27308;4070;642;10;14;10;0
27310;4082;642;10;14;10;0
27311;2;658;10;14;10;0
27315;14;658;10;14;10;0
27317;254;658;10;14;10;0
27320;242;658;10;14;10;0
27323;230;658;10;14;10;0
27329;218;658;10;14;10;0
27330;206;658;10;14;10;0
27331;194;658;10;14;10;0
27334;182;658;10;14;10;0
27336;170;658;10;14;10;0
27345;158;658;10;14;10;0
27347;266;658;10;14;10;0
27354;146;658;10;14;10;0
27355;122;658;10;14;10;0
27357;110;658;10;14;10;0
27358;98;658;10;14;10;0
27359;86;658;10;14;10;0
27365;74;658;10;14;10;0
27367;62;658;10;14;10;0
27368;50;658;10;14;10;0
27370;38;658;10;14;10;0
27371;26;658;10;14;10;0
27372;3934;754;10;14;10;0
27377;1514;834;10;14;10;0
27379;1526;834;10;14;10;0
27384;1538;834;10;14;10;0
27386;566;1026;10;14;10;0
27387;554;1026;10;14;10;0
27396;542;1026;10;14;10;0
27397;530;1026;10;14;10;0
27401;518;1026;10;14;10;0
27402;506;1026;10;14;10;0
27408;494;1026;10;14;10;0
27410;482;1026;10;14;10;0
27414;470;1026;10;14;10;0
27415;458;1026;10;14;10;0
27421;446;1026;10;14;10;0
27422;434;1026;10;14;10;0
27423;422;1026;10;14;10;0
27424;410;1026;10;14;10;0
27425;398;1026;10;14;10;0
27426;386;1026;10;14;10;0
27427;374;1026;10;14;10;0
27428;362;1026;10;14;10;0
27431;350;1026;10;14;10;0
27442;578;1026;10;14;10;0
27447;590;1026;10;14;10;0
27448;602;1026;10;14;10;0
27449;614;1026;10;14;10;0
27450;854;1026;10;14;10;0
27453;842;1026;10;14;10;0
27454;830;1026;10;14;10;0
27459;818;1026;10;14;10;0
27462;806;1026;10;14;10;0
27463;794;1026;10;14;10;0
27465;782;1026;10;14;10;0
27468;770;1026;10;14;10;0
27470;758;1026;10;14;10;0
27472;866;1026;10;14;10;0
27475;746;1026;10;14;10;0
27476;722;1026;10;14;10;0
27480;710;1026;10;14;10;0
27481;698;1026;10;14;10;0
27483;686;1026;10;14;10;0
27484;674;1026;10;14;10;0
27487;662;1026;10;14;10;0
27489;650;1026;10;14;10;0
27490;638;1026;10;14;10;0
27491;626;1026;10;14;10;0
27492;338;1026;10;14;10;0
27493;734;1026;10;14;10;0
27494;326;1026;10;14;10;0
27495;170;1026;10;14;10;0
27497;2;1026;10;14;10;0
27498;4082;1010;10;14;10;0
27503;4070;1010;10;14;10;0
27506;4058;1010;10;14;10;0
27507;4046;1010;10;14;10;0
27508;4034;1010;10;14;10;0
27511;4022;1010;10;14;10;0
27512;4010;1010;10;14;10;0
27513;3998;1010;10;14;10;0
27515;3986;1010;10;14;10;0
27516;3974;1010;10;14;10;0
27519;3962;1010;10;14;10;0
27520;3950;1010;10;14;10;0
27521;3938;1010;10;14;10;0
27522;3926;1010;10;14;10;0
27523;3914;1010;10;14;10;0
27524;3902;1010;10;14;10;0
27526;3890;1010;10;14;10;0
27527;3878;1010;10;14;10;0
27529;14;1026;10;14;10;0
27530;26;1026;10;14;10;0
27531;38;1026;10;14;10;0
27533;50;1026;10;14;10;0
27538;290;1026;10;14;10;0
27539;278;1026;10;14;10;0
27541;266;1026;10;14;10;0
27542;254;1026;10;14;10;0
27544;242;1026;10;14;10;0
27547;230;1026;10;14;10;0
27550;218;1026;10;14;10;0
27553;206;1026;10;14;10;0
27556;194;1026;10;14;10;0
27562;302;1026;10;14;10;0
27563;182;1026;10;14;10;0
27565;158;1026;10;14;10;0
27566;146;1026;10;14;10;0
27567;134;1026;10;14;10;0
27569;122;1026;10;14;10;0
27570;110;1026;10;14;10;0
27571;98;1026;10;14;10;0
27572;86;1026;10;14;10;0
27573;74;1026;10;14;10;0
27575;62;1026;10;14;10;0
27578;314;1026;10;14;10;0
27579;890;1026;10;14;10;0
27580;1442;1026;10;14;10;0
27583;902;1026;10;14;10;0
27584;1694;1026;10;14;10;0
27585;1682;1026;10;14;10;0
27586;1670;1026;10;14;10;0
27589;1658;1026;10;14;10;0
27590;1646;1026;10;14;10;0
27595;1634;1026;10;14;10;0
27597;1622;1026;10;14;10;0
27598;1610;1026;10;14;10;0
27599;1598;1026;10;14;10;0
27600;1586;1026;10;14;10;0
27602;1574;1026;10;14;10;0
27603;1562;1026;10;14;10;0
27604;1550;1026;10;14;10;0
27605;1538;1026;10;14;10;0
27606;1526;1026;10;14;10;0
27607;1514;1026;10;14;10;0
27608;1502;1026;10;14;10;0
27609;1490;1026;10;14;10;0
27610;1478;1026;10;14;10;0
27611;1706;1026;10;14;10;0
27615;1718;1026;10;14;10;0
27617;1730;1026;10;14;10;0
27627;1742;1026;10;14;10;0
27628;1982;1026;10;14;10;0
27631;1970;1026;10;14;10;0
27635;1958;1026;10;14;10;0
27645;1946;1026;10;14;10;0
27653;1934;1026;10;14;10;0
27656;1922;1026;10;14;10;0
27658;1910;1026;10;14;10;0
27661;1898;1026;10;14;10;0
27663;1886;1026;10;14;10;0
27664;1994;1026;10;14;10;0
27665;1874;1026;10;14;10;0
27667;1850;1026;10;14;10;0
27668;1838;1026;10;14;10;0
27669;1826;1026;10;14;10;0
27670;1814;1026;10;14;10;0
27671;1802;1026;10;14;10;0
27672;1790;1026;10;14;10;0
27673;1778;1026;10;14;10;0
27674;1766;1026;10;14;10;0
27675;1754;1026;10;14;10;0
27679;1466;1026;10;14;10;0
27681;1862;1026;10;14;10;0
27682;1454;1026;10;14;10;0
27683;1298;1026;10;14;10;0
27684;1130;1026;10;14;10;0
27686;1118;1026;10;14;10;0
27687;1106;1026;10;14;10;0
27688;1094;1026;10;14;10;0
27690;1082;1026;10;14;10;0
27691;1070;1026;10;14;10;0
27692;1058;1026;10;14;10;0
27694;1046;1026;10;14;10;0
27695;1034;1026;10;14;10;0
27696;1022;1026;10;14;10;0
27698;1010;1026;10;14;10;0
27699;998;1026;10;14;10;0
27700;986;1026;10;14;10;0
27701;974;1026;10;14;10;0
27702;962;1026;10;14;10;0
27703;950;1026;10;14;10;0
27704;938;1026;10;14;10;0
27705;926;1026;10;14;10;0
27710;914;1026;10;14;10;0
27712;1142;1026;10;14;10;0
27713;1154;1026;10;14;10;0
27714;1166;1026;10;14;10;0
27718;1178;1026;10;14;10;0
27719;1418;1026;10;14;10;0
27721;1406;1026;10;14;10;0
27722;1394;1026;10;14;10;0
27725;1382;1026;10;14;10;0
27726;1370;1026;10;14;10;0
27727;1358;1026;10;14;10;0
27728;1346;1026;10;14;10;0
27733;1334;1026;10;14;10;0
27735;1322;1026;10;14;10;0
27737;1430;1026;10;14;10;0
27738;1310;1026;10;14;10;0
27739;1286;1026;10;14;10;0
27740;1274;1026;10;14;10;0
27741;1262;1026;10;14;10;0
27742;1250;1026;10;14;10;0
27743;1238;1026;10;14;10;0
27744;1226;1026;10;14;10;0
27745;1214;1026;10;14;10;0
27746;1202;1026;10;14;10;0
27748;1190;1026;10;14;10;0
27752;3866;1010;10;14;10;0
27753;878;1026;10;14;10;0
27754;3854;1010;10;14;10;0
27755;2714;1010;10;14;10;0
27760;2402;1010;10;14;10;0
27762;2390;1010;10;14;10;0
27763;2378;1010;10;14;10;0
27764;2366;1010;10;14;10;0
27766;2354;1010;10;14;10;0
27769;2342;1010;10;14;10;0
27770;2330;1010;10;14;10;0
27773;2318;1010;10;14;10;0
27774;2306;1010;10;14;10;0
27777;2294;1010;10;14;10;0
27778;2282;1010;10;14;10;0
27779;2270;1010;10;14;10;0
27780;2258;1010;10;14;10;0
27781;2246;1010;10;14;10;0
27782;2234;1010;10;14;10;0
27784;2222;1010;10;14;10;0
27785;2210;1010;10;14;10;0
27788;2198;1010;10;14;10;0
27789;2186;1010;10;14;10;0
27791;2414;1010;10;14;10;0
27792;2426;1010;10;14;10;0
27793;2438;1010;10;14;10;0
27794;2450;1010;10;14;10;0
27795;2690;1010;10;14;10;0
27796;2678;1010;10;14;10;0
27798;2666;1010;10;14;10;0
27800;2654;1010;10;14;10;0
27801;2642;1010;10;14;10;0
27802;2630;1010;10;14;10;0
27803;2618;1010;10;14;10;0
27805;2606;1010;10;14;10;0
27807;2594;1010;10;14;10;0
27809;2702;1010;10;14;10;0
27810;2582;1010;10;14;10;0
27812;2558;1010;10;14;10;0
27813;2546;1010;10;14;10;0
27814;2534;1010;10;14;10;0
27815;2522;1010;10;14;10;0
27817;2510;1010;10;14;10;0
27818;2498;1010;10;14;10;0
27819;2486;1010;10;14;10;0
27820;2474;1010;10;14;10;0
27821;2462;1010;10;14;10;0
27822;2174;1010;10;14;10;0
27825;2570;1010;10;14;10;0
27827;2162;1010;10;14;10;0
27831;2006;1010;10;14;10;0
27832;1838;1010;10;14;10;0
27833;1826;1010;10;14;10;0
27834;1814;1010;10;14;10;0
27835;1802;1010;10;14;10;0
27836;1790;1010;10;14;10;0
27837;1778;1010;10;14;10;0
27838;1766;1010;10;14;10;0
27839;1754;1010;10;14;10;0
27841;1742;1010;10;14;10;0
27842;1730;1010;10;14;10;0
27844;1718;1010;10;14;10;0
27845;1706;1010;10;14;10;0
27849;1694;1010;10;14;10;0
27850;1682;1010;10;14;10;0
27852;1670;1010;10;14;10;0
27853;1658;1010;10;14;10;0
27859;1646;1010;10;14;10;0
27861;1634;1010;10;14;10;0
27862;1622;1010;10;14;10;0
27863;1850;1010;10;14;10;0
27865;1862;1010;10;14;10;0
27867;1874;1010;10;14;10;0
27868;1886;1010;10;14;10;0
27869;2126;1010;10;14;10;0
27870;2114;1010;10;14;10;0
27872;2102;1010;10;14;10;0
27873;2090;1010;10;14;10;0
27874;2078;1010;10;14;10;0
27875;2066;1010;10;14;10;0
27877;2054;1010;10;14;10;0
27880;2042;1010;10;14;10;0
27882;2030;1010;10;14;10;0
27886;2138;1010;10;14;10;0
27887;2018;1010;10;14;10;0
27888;1994;1010;10;14;10;0
27889;1982;1010;10;14;10;0
27891;1970;1010;10;14;10;0
27893;1958;1010;10;14;10;0
27896;1946;1010;10;14;10;0
27897;1934;1010;10;14;10;0
27899;1922;1010;10;14;10;0
27900;1910;1010;10;14;10;0
27901;1898;1010;10;14;10;0
27902;2150;1010;10;14;10;0
27905;2726;1010;10;14;10;0
27908;3278;1010;10;14;10;0
27915;2738;1010;10;14;10;0
27916;3530;1010;10;14;10;0
27918;3518;1010;10;14;10;0
27920;3506;1010;10;14;10;0
27922;3494;1010;10;14;10;0
27927;3482;1010;10;14;10;0
27929;3470;1010;10;14;10;0
27931;3458;1010;10;14;10;0
27934;3446;1010;10;14;10;0
27935;3434;1010;10;14;10;0
27938;3422;1010;10;14;10;0
27941;3410;1010;10;14;10;0
27943;3398;1010;10;14;10;0
27944;3386;1010;10;14;10;0
27945;3374;1010;10;14;10;0
27946;3362;1010;10;14;10;0
27947;3350;1010;10;14;10;0
27950;3338;1010;10;14;10;0
27953;3326;1010;10;14;10;0
27954;3314;1010;10;14;10;0
27955;3542;1010;10;14;10;0
27957;3554;1010;10;14;10;0
27958;3566;1010;10;14;10;0
27960;3578;1010;10;14;10;0
27961;3818;1010;10;14;10;0
27962;3806;1010;10;14;10;0
27963;3794;1010;10;14;10;0
27964;3782;1010;10;14;10;0
27965;3770;1010;10;14;10;0
27966;3758;1010;10;14;10;0
27969;3746;1010;10;14;10;0
27971;3734;1010;10;14;10;0
27972;3722;1010;10;14;10;0
27973;3830;1010;10;14;10;0
27974;3710;1010;10;14;10;0
27975;3686;1010;10;14;10;0
27978;3674;1010;10;14;10;0
27979;3662;1010;10;14;10;0
27982;3650;1010;10;14;10;0
27983;3638;1010;10;14;10;0
27985;3626;1010;10;14;10;0
27986;3614;1010;10;14;10;0
27987;3602;1010;10;14;10;0
27988;3590;1010;10;14;10;0
27993;3302;1010;10;14;10;0
27994;3698;1010;10;14;10;0
27996;3290;1010;10;14;10;0
27998;3134;1010;10;14;10;0
28003;2966;1010;10;14;10;0
28004;2954;1010;10;14;10;0
28005;2942;1010;10;14;10;0
28006;2930;1010;10;14;10;0
28009;2918;1010;10;14;10;0
28010;2906;1010;10;14;10;0
28012;2894;1010;10;14;10;0
28013;2882;1010;10;14;10;0
28014;2870;1010;10;14;10;0
28015;2858;1010;10;14;10;0
28020;2846;1010;10;14;10;0
28023;2834;1010;10;14;10;0
28024;2822;1010;10;14;10;0
28025;2810;1010;10;14;10;0
28034;2798;1010;10;14;10;0
28037;2786;1010;10;14;10;0
28039;2774;1010;10;14;10;0
28040;2762;1010;10;14;10;0
28041;2750;1010;10;14;10;0
28042;2978;1010;10;14;10;0
28044;2990;1010;10;14;10;0
28046;3002;1010;10;14;10;0
28051;3014;1010;10;14;10;0
28052;3254;1010;10;14;10;0
28053;3242;1010;10;14;10;0
28056;3230;1010;10;14;10;0
28057;3218;1010;10;14;10;0
28059;3206;1010;10;14;10;0
28060;3194;1010;10;14;10;0
28061;3182;1010;10;14;10;0
28063;3170;1010;10;14;10;0
28065;3158;1010;10;14;10;0
28067;3266;1010;10;14;10;0
28068;3146;1010;10;14;10;0
28070;3122;1010;10;14;10;0
28071;3110;1010;10;14;10;0
28072;3098;1010;10;14;10;0
28073;3086;1010;10;14;10;0
28074;3074;1010;10;14;10;0
28078;3062;1010;10;14;10;0
28079;3050;1010;10;14;10;0
28081;3038;1010;10;14;10;0
28082;3026;1010;10;14;10;0
28084;3842;1010;10;14;10;0
28085;2018;1026;10;14;10;0
28087;170;1042;10;14;10;0
28088;2030;1026;10;14;10;0
28092;986;1042;10;14;10;0
28095;974;1042;10;14;10;0
28096;962;1042;10;14;10;0
28098;950;1042;10;14;10;0
28100;938;1042;10;14;10;0
28101;926;1042;10;14;10;0
28102;914;1042;10;14;10;0
28103;902;1042;10;14;10;0
28107;890;1042;10;14;10;0
28108;878;1042;10;14;10;0
28109;866;1042;10;14;10;0
28113;854;1042;10;14;10;0
28114;842;1042;10;14;10;0
28117;830;1042;10;14;10;0
28118;818;1042;10;14;10;0
28120;806;1042;10;14;10;0
28121;794;1042;10;14;10;0
28122;782;1042;10;14;10;0
28126;770;1042;10;14;10;0
28129;998;1042;10;14;10;0
28132;1010;1042;10;14;10;0
28133;1022;1042;10;14;10;0
28134;1034;1042;10;14;10;0
28136;1274;1042;10;14;10;0
28137;1262;1042;10;14;10;0
28138;1250;1042;10;14;10;0
28139;1238;1042;10;14;10;0
28140;1226;1042;10;14;10;0
28142;1214;1042;10;14;10;0
28143;1202;1042;10;14;10;0
28145;1190;1042;10;14;10;0
28147;1178;1042;10;14;10;0
28149;1286;1042;10;14;10;0
28151;1166;1042;10;14;10;0
28152;1142;1042;10;14;10;0
28153;1130;1042;10;14;10;0
28154;1118;1042;10;14;10;0
28155;1106;1042;10;14;10;0
28156;1094;1042;10;14;10;0
28165;1082;1042;10;14;10;0
28167;1070;1042;10;14;10;0
28168;1058;1042;10;14;10;0
28169;1046;1042;10;14;10;0
28170;758;1042;10;14;10;0
28171;1154;1042;10;14;10;0
28173;746;1042;10;14;10;0
28174;590;1042;10;14;10;0
28175;422;1042;10;14;10;0
28176;410;1042;10;14;10;0
28179;398;1042;10;14;10;0
28180;386;1042;10;14;10;0
28181;374;1042;10;14;10;0
28183;362;1042;10;14;10;0
28185;350;1042;10;14;10;0
28186;338;1042;10;14;10;0
28187;326;1042;10;14;10;0
28189;314;1042;10;14;10;0
28191;302;1042;10;14;10;0
28192;290;1042;10;14;10;0
28193;278;1042;10;14;10;0
28195;266;1042;10;14;10;0
28196;254;1042;10;14;10;0
28197;242;1042;10;14;10;0
28198;230;1042;10;14;10;0
28201;218;1042;10;14;10;0
28203;206;1042;10;14;10;0
28204;434;1042;10;14;10;0
28205;446;1042;10;14;10;0
28206;458;1042;10;14;10;0
28207;470;1042;10;14;10;0
28210;710;1042;10;14;10;0
28212;698;1042;10;14;10;0
28216;686;1042;10;14;10;0
28218;674;1042;10;14;10;0
28220;662;1042;10;14;10;0
28222;650;1042;10;14;10;0
28227;638;1042;10;14;10;0
28228;626;1042;10;14;10;0
28233;614;1042;10;14;10;0
28234;722;1042;10;14;10;0
28237;602;1042;10;14;10;0
28238;578;1042;10;14;10;0
28244;566;1042;10;14;10;0
28246;554;1042;10;14;10;0
28248;542;1042;10;14;10;0
28251;530;1042;10;14;10;0
28255;518;1042;10;14;10;0
28257;506;1042;10;14;10;0
28259;494;1042;10;14;10;0
28263;482;1042;10;14;10;0
28265;734;1042;10;14;10;0
28267;1310;1042;10;14;10;0
28270;1862;1042;10;14;10;0
28271;1322;1042;10;14;10;0
28274;2114;1042;10;14;10;0
28275;2102;1042;10;14;10;0
28278;2090;1042;10;14;10;0
28280;2078;1042;10;14;10;0
28281;2066;1042;10;14;10;0
28286;2054;1042;10;14;10;0
28287;2042;1042;10;14;10;0
28288;2030;1042;10;14;10;0
28290;2018;1042;10;14;10;0
28291;2006;1042;10;14;10;0
28293;1994;1042;10;14;10;0
28297;1982;1042;10;14;10;0
28300;1970;1042;10;14;10;0
28303;1958;1042;10;14;10;0
28304;1946;1042;10;14;10;0
28310;1934;1042;10;14;10;0
28312;1922;1042;10;14;10;0
28316;1910;1042;10;14;10;0
28317;1898;1042;10;14;10;0
28319;2126;1042;10;14;10;0
28322;2138;1042;10;14;10;0
28325;2150;1042;10;14;10;0
28327;2162;1042;10;14;10;0
28330;2402;1042;10;14;10;0
28331;2390;1042;10;14;10;0
28335;2378;1042;10;14;10;0
28337;2366;1042;10;14;10;0
28338;2354;1042;10;14;10;0
28340;2342;1042;10;14;10;0
28342;2330;1042;10;14;10;0
28343;2318;1042;10;14;10;0
28346;2306;1042;10;14;10;0
28348;2414;1042;10;14;10;0
28349;2294;1042;10;14;10;0
28353;2270;1042;10;14;10;0
28354;2258;1042;10;14;10;0
28356;2246;1042;10;14;10;0
28357;2234;1042;10;14;10;0
28359;2222;1042;10;14;10;0
28361;2210;1042;10;14;10;0
28363;2198;1042;10;14;10;0
28364;2186;1042;10;14;10;0
28366;2174;1042;10;14;10;0
28367;1886;1042;10;14;10;0
28369;2282;1042;10;14;10;0
28370;1874;1042;10;14;10;0
28371;1718;1042;10;14;10;0
28372;1550;1042;10;14;10;0
28373;1538;1042;10;14;10;0
28376;1526;1042;10;14;10;0
28377;1514;1042;10;14;10;0
28378;1502;1042;10;14;10;0
28381;1490;1042;10;14;10;0
28382;1478;1042;10;14;10;0
28385;1466;1042;10;14;10;0
28388;1454;1042;10;14;10;0
28389;1442;1042;10;14;10;0
28390;1430;1042;10;14;10;0
28392;1418;1042;10;14;10;0
28393;1406;1042;10;14;10;0
28396;1394;1042;10;14;10;0
28399;1382;1042;10;14;10;0
28402;1370;1042;10;14;10;0
28404;1358;1042;10;14;10;0
28407;1346;1042;10;14;10;0
28408;1334;1042;10;14;10;0
28409;1562;1042;10;14;10;0
28414;1574;1042;10;14;10;0
28415;1586;1042;10;14;10;0
28417;1598;1042;10;14;10;0
28418;1838;1042;10;14;10;0
28422;1826;1042;10;14;10;0
28425;1814;1042;10;14;10;0
28431;1802;1042;10;14;10;0
28433;1790;1042;10;14;10;0
28435;1778;1042;10;14;10;0
28436;1766;1042;10;14;10;0
28437;1754;1042;10;14;10;0
28442;1742;1042;10;14;10;0
28448;1850;1042;10;14;10;0
28450;1730;1042;10;14;10;0
28451;1706;1042;10;14;10;0
28453;1694;1042;10;14;10;0
28455;1682;1042;10;14;10;0
28457;1670;1042;10;14;10;0
28458;1658;1042;10;14;10;0
28459;1646;1042;10;14;10;0
28460;1634;1042;10;14;10;0
28461;1622;1042;10;14;10;0
28463;1610;1042;10;14;10;0
28465;194;1042;10;14;10;0
28466;1298;1042;10;14;10;0
28467;182;1042;10;14;10;0
28472;3134;1026;10;14;10;0
28478;2822;1026;10;14;10;0
28479;2810;1026;10;14;10;0
28481;2798;1026;10;14;10;0
28484;2786;1026;10;14;10;0
28485;2774;1026;10;14;10;0
28486;2762;1026;10;14;10;0
28487;2750;1026;10;14;10;0
28493;2738;1026;10;14;10;0
28497;2726;1026;10;14;10;0
28498;2714;1026;10;14;10;0
28500;2702;1026;10;14;10;0
28504;2690;1026;10;14;10;0
28507;2678;1026;10;14;10;0
28508;2666;1026;10;14;10;0
28510;2654;1026;10;14;10;0
28511;2642;1026;10;14;10;0
28512;2630;1026;10;14;10;0
28514;2618;1026;10;14;10;0
28516;2606;1026;10;14;10;0
28518;2834;1026;10;14;10;0
28519;2846;1026;10;14;10;0
28525;2858;1026;10;14;10;0
28526;2870;1026;10;14;10;0
28527;3110;1026;10;14;10;0
28528;3098;1026;10;14;10;0
28530;3086;1026;10;14;10;0
28532;3074;1026;10;14;10;0
28536;3062;1026;10;14;10;0
28538;3050;1026;10;14;10;0
28540;3038;1026;10;14;10;0
28542;3026;1026;10;14;10;0
28544;3014;1026;10;14;10;0
28545;3122;1026;10;14;10;0
28546;3002;1026;10;14;10;0
28548;2978;1026;10;14;10;0
28550;2966;1026;10;14;10;0
28551;2954;1026;10;14;10;0
28552;2942;1026;10;14;10;0
28557;2930;1026;10;14;10;0
28558;2918;1026;10;14;10;0
28560;2906;1026;10;14;10;0
28561;2894;1026;10;14;10;0
28564;2882;1026;10;14;10;0
28567;2594;1026;10;14;10;0
28572;2990;1026;10;14;10;0
28576;2582;1026;10;14;10;0
28577;2426;1026;10;14;10;0
28579;2258;1026;10;14;10;0
28580;2246;1026;10;14;10;0
28582;2234;1026;10;14;10;0
28583;2222;1026;10;14;10;0
28586;2210;1026;10;14;10;0
28593;2198;1026;10;14;10;0
28595;2186;1026;10;14;10;0
28596;2174;1026;10;14;10;0
28598;2162;1026;10;14;10;0
28601;2150;1026;10;14;10;0
28608;2138;1026;10;14;10;0
28609;2126;1026;10;14;10;0
28610;2114;1026;10;14;10;0
28611;2102;1026;10;14;10;0
28614;2090;1026;10;14;10;0
28625;2078;1026;10;14;10;0
28626;2066;1026;10;14;10;0
28628;2054;1026;10;14;10;0
28629;2042;1026;10;14;10;0
28632;2270;1026;10;14;10;0
28635;2282;1026;10;14;10;0
28638;2294;1026;10;14;10;0
28639;2306;1026;10;14;10;0
28640;2546;1026;10;14;10;0
28641;2534;1026;10;14;10;0
28644;2522;1026;10;14;10;0
28648;2510;1026;10;14;10;0
28649;2498;1026;10;14;10;0
28651;2486;1026;10;14;10;0
28652;2474;1026;10;14;10;0
28654;2462;1026;10;14;10;0
28655;2450;1026;10;14;10;0
28656;2558;1026;10;14;10;0
28657;2438;1026;10;14;10;0
28659;2414;1026;10;14;10;0
28662;2402;1026;10;14;10;0
28666;2390;1026;10;14;10;0
28670;2378;1026;10;14;10;0
28673;2366;1026;10;14;10;0
28674;2354;1026;10;14;10;0
28677;2342;1026;10;14;10;0
28678;2330;1026;10;14;10;0
28681;2318;1026;10;14;10;0
28683;2570;1026;10;14;10;0
28687;3146;1026;10;14;10;0
28689;3698;1026;10;14;10;0
28693;3158;1026;10;14;10;0
28696;3950;1026;10;14;10;0
28698;3938;1026;10;14;10;0
28699;3926;1026;10;14;10;0
28701;3914;1026;10;14;10;0
28702;3902;1026;10;14;10;0
28703;3890;1026;10;14;10;0
28704;3878;1026;10;14;10;0
28705;3866;1026;10;14;10;0
28707;3854;1026;10;14;10;0
28710;3842;1026;10;14;10;0
28711;3830;1026;10;14;10;0
28712;3818;1026;10;14;10;0
28716;3806;1026;10;14;10;0
28720;3794;1026;10;14;10;0
28722;3782;1026;10;14;10;0
28726;3770;1026;10;14;10;0
28734;3758;1026;10;14;10;0
28739;3746;1026;10;14;10;0
28742;3734;1026;10;14;10;0
28748;3962;1026;10;14;10;0
28753;3974;1026;10;14;10;0
28756;3986;1026;10;14;10;0
28757;3998;1026;10;14;10;0
28760;146;1042;10;14;10;0
28765;134;1042;10;14;10;0
28766;122;1042;10;14;10;0
28768;110;1042;10;14;10;0
28771;98;1042;10;14;10;0
28772;86;1042;10;14;10;0
28773;74;1042;10;14;10;0
28775;62;1042;10;14;10;0
28777;50;1042;10;14;10;0
28779;158;1042;10;14;10;0
28781;38;1042;10;14;10;0
28783;14;1042;10;14;10;0
28784;2;1042;10;14;10;0
28789;4082;1026;10;14;10;0
28790;4070;1026;10;14;10;0
28792;4058;1026;10;14;10;0
28796;4046;1026;10;14;10;0
28797;4034;1026;10;14;10;0
28798;4022;1026;10;14;10;0
28799;4010;1026;10;14;10;0
28805;3722;1026;10;14;10;0
28806;26;1042;10;14;10;0
28809;3710;1026;10;14;10;0
28810;3554;1026;10;14;10;0
28814;3386;1026;10;14;10;0
28818;3374;1026;10;14;10;0
28820;3362;1026;10;14;10;0
28821;3350;1026;10;14;10;0
28822;3338;1026;10;14;10;0
28824;3326;1026;10;14;10;0
28825;3314;1026;10;14;10;0
28828;3302;1026;10;14;10;0
28829;3290;1026;10;14;10;0
28835;3278;1026;10;14;10;0
28836;3266;1026;10;14;10;0
28843;3254;1026;10;14;10;0
28844;3242;1026;10;14;10;0
28845;3230;1026;10;14;10;0
28846;3218;1026;10;14;10;0
28847;3206;1026;10;14;10;0
28849;3194;1026;10;14;10;0
28851;3182;1026;10;14;10;0
28855;3170;1026;10;14;10;0
28856;3398;1026;10;14;10;0
28857;3410;1026;10;14;10;0
28858;3422;1026;10;14;10;0
28860;3434;1026;10;14;10;0
28861;3674;1026;10;14;10;0
28864;3662;1026;10;14;10;0
28865;3650;1026;10;14;10;0
28866;3638;1026;10;14;10;0
28867;3626;1026;10;14;10;0
28871;3614;1026;10;14;10;0
28872;3602;1026;10;14;10;0
28874;3590;1026;10;14;10;0
28875;3578;1026;10;14;10;0
28879;3686;1026;10;14;10;0
28884;3566;1026;10;14;10;0
28888;3542;1026;10;14;10;0
28889;3530;1026;10;14;10;0
28890;3518;1026;10;14;10;0
28891;3506;1026;10;14;10;0
28892;3494;1026;10;14;10;0
28893;3482;1026;10;14;10;0
28895;3470;1026;10;14;10;0
28900;3458;1026;10;14;10;0
28902;3446;1026;10;14;10;0
28903;1610;1010;10;14;10;0
28905;1598;1010;10;14;10;0
28907;1586;1010;10;14;10;0
28908;3422;994;10;14;10;0
28909;3818;978;10;14;10;0
28911;3806;978;10;14;10;0
28913;3794;978;10;14;10;0
28915;3782;978;10;14;10;0
28916;3770;978;10;14;10;0
28919;3758;978;10;14;10;0
28921;3746;978;10;14;10;0
28925;3734;978;10;14;10;0
28932;3722;978;10;14;10;0
28937;3710;978;10;14;10;0
28938;3698;978;10;14;10;0
28940;3686;978;10;14;10;0
28944;3674;978;10;14;10;0
28948;3662;978;10;14;10;0
28949;3650;978;10;14;10;0
28951;3638;978;10;14;10;0
28952;3626;978;10;14;10;0
28953;3614;978;10;14;10;0
28954;3602;978;10;14;10;0
28956;3830;978;10;14;10;0
28960;3842;978;10;14;10;0
28961;3854;978;10;14;10;0
28962;3866;978;10;14;10;0
28966;14;994;10;14;10;0
28975;2;994;10;14;10;0
28976;4082;978;10;14;10;0
28977;4070;978;10;14;10;0
28982;4058;978;10;14;10;0
28988;4046;978;10;14;10;0
28991;4034;978;10;14;10;0
28992;4022;978;10;14;10;0
28995;4010;978;10;14;10;0
28997;26;994;10;14;10;0
28998;3998;978;10;14;10;0
28999;3974;978;10;14;10;0
29001;3962;978;10;14;10;0
29002;3950;978;10;14;10;0
29004;3938;978;10;14;10;0
29006;3926;978;10;14;10;0
29007;3914;978;10;14;10;0
29008;3902;978;10;14;10;0
29009;3890;978;10;14;10;0
29010;3878;978;10;14;10;0
29013;3590;978;10;14;10;0
29014;3986;978;10;14;10;0
29017;3578;978;10;14;10;0
29018;3422;978;10;14;10;0
29020;3254;978;10;14;10;0
29022;3242;978;10;14;10;0
29026;3230;978;10;14;10;0
29028;3218;978;10;14;10;0
29029;3206;978;10;14;10;0
29030;3194;978;10;14;10;0
29031;3182;978;10;14;10;0
29032;3170;978;10;14;10;0
29033;3158;978;10;14;10;0
29036;3146;978;10;14;10;0
29038;3134;978;10;14;10;0
29042;3122;978;10;14;10;0
29047;3110;978;10;14;10;0
29048;3098;978;10;14;10;0
29053;3086;978;10;14;10;0
29060;3074;978;10;14;10;0
29064;3062;978;10;14;10;0
29066;3050;978;10;14;10;0
29071;3038;978;10;14;10;0
29074;3266;978;10;14;10;0
29076;3278;978;10;14;10;0
29077;3290;978;10;14;10;0
29079;3302;978;10;14;10;0
29081;3542;978;10;14;10;0
29087;3530;978;10;14;10;0
29088;3518;978;10;14;10;0
29096;3506;978;10;14;10;0
29100;3494;978;10;14;10;0
29105;3482;978;10;14;10;0
29109;3470;978;10;14;10;0
29113;3458;978;10;14;10;0
29118;3446;978;10;14;10;0
29121;3554;978;10;14;10;0
29123;3434;978;10;14;10;0
29124;3410;978;10;14;10;0
29128;3398;978;10;14;10;0
29129;3386;978;10;14;10;0
29130;3374;978;10;14;10;0
29134;3362;978;10;14;10;0
29136;3350;978;10;14;10;0
29138;3338;978;10;14;10;0
29140;3326;978;10;14;10;0
29141;3314;978;10;14;10;0
29143;3566;978;10;14;10;0
29145;50;994;10;14;10;0
29146;602;994;10;14;10;0
29148;62;994;10;14;10;0
29151;854;994;10;14;10;0
29152;842;994;10;14;10;0
29157;830;994;10;14;10;0
29158;818;994;10;14;10;0
29159;806;994;10;14;10;0
29164;794;994;10;14;10;0
29165;782;994;10;14;10;0
29166;770;994;10;14;10;0
29172;758;994;10;14;10;0
29173;746;994;10;14;10;0
29174;734;994;10;14;10;0
29176;722;994;10;14;10;0
29177;710;994;10;14;10;0
29179;698;994;10;14;10;0
29180;686;994;10;14;10;0
29182;674;994;10;14;10;0
29183;662;994;10;14;10;0
29190;650;994;10;14;10;0
29191;638;994;10;14;10;0
29196;866;994;10;14;10;0
29197;878;994;10;14;10;0
29200;890;994;10;14;10;0
29211;902;994;10;14;10;0
29213;1142;994;10;14;10;0
29224;1130;994;10;14;10;0
29226;1118;994;10;14;10;0
29228;1106;994;10;14;10;0
29229;1094;994;10;14;10;0
29232;1082;994;10;14;10;0
29233;1070;994;10;14;10;0
29234;1058;994;10;14;10;0
29237;1046;994;10;14;10;0
29238;1154;994;10;14;10;0
29239;1034;994;10;14;10;0
29240;1010;994;10;14;10;0
29241;998;994;10;14;10;0
29242;986;994;10;14;10;0
29243;974;994;10;14;10;0
29244;962;994;10;14;10;0
29245;950;994;10;14;10;0
29246;938;994;10;14;10;0
29247;926;994;10;14;10;0
29248;914;994;10;14;10;0
29254;626;994;10;14;10;0
29255;1022;994;10;14;10;0
29256;614;994;10;14;10;0
29259;458;994;10;14;10;0
29260;290;994;10;14;10;0
29261;278;994;10;14;10;0
29266;266;994;10;14;10;0
29270;254;994;10;14;10;0
29272;242;994;10;14;10;0
29273;230;994;10;14;10;0
29275;218;994;10;14;10;0
29277;206;994;10;14;10;0
29279;194;994;10;14;10;0
29280;182;994;10;14;10;0
29281;170;994;10;14;10;0
29282;158;994;10;14;10;0
29284;146;994;10;14;10;0
29286;134;994;10;14;10;0
29287;122;994;10;14;10;0
29289;110;994;10;14;10;0
29295;98;994;10;14;10;0
29298;86;994;10;14;10;0
29300;74;994;10;14;10;0
29301;302;994;10;14;10;0
29305;314;994;10;14;10;0
29306;326;994;10;14;10;0
29307;338;994;10;14;10;0
29309;578;994;10;14;10;0
29310;566;994;10;14;10;0
29312;554;994;10;14;10;0
29313;542;994;10;14;10;0
29314;530;994;10;14;10;0
29316;518;994;10;14;10;0
29319;506;994;10;14;10;0
29322;494;994;10;14;10;0
29325;482;994;10;14;10;0
29330;590;994;10;14;10;0
29334;470;994;10;14;10;0
29339;446;994;10;14;10;0
29343;434;994;10;14;10;0
29344;422;994;10;14;10;0
29345;410;994;10;14;10;0
29346;398;994;10;14;10;0
29351;386;994;10;14;10;0
29356;374;994;10;14;10;0
29359;362;994;10;14;10;0
29360;350;994;10;14;10;0
29362;3026;978;10;14;10;0
29366;3014;978;10;14;10;0
29367;3002;978;10;14;10;0
29369;2438;978;10;14;10;0
29373;1562;978;10;14;10;0
29376;1550;978;10;14;10;0
29377;1538;978;10;14;10;0
29378;1526;978;10;14;10;0
29379;1514;978;10;14;10;0
29380;1502;978;10;14;10;0
29382;1490;978;10;14;10;0
29384;1478;978;10;14;10;0
29390;1466;978;10;14;10;0
29392;1454;978;10;14;10;0
29394;1442;978;10;14;10;0
29398;1430;978;10;14;10;0
29399;1418;978;10;14;10;0
29401;1406;978;10;14;10;0
29402;1394;978;10;14;10;0
29403;1382;978;10;14;10;0
29405;1370;978;10;14;10;0
29406;1358;978;10;14;10;0
29408;1346;978;10;14;10;0
29409;1574;978;10;14;10;0
29410;1586;978;10;14;10;0
29417;1598;978;10;14;10;0
29420;1610;978;10;14;10;0
29421;1850;978;10;14;10;0
29422;1838;978;10;14;10;0
29424;1826;978;10;14;10;0
29425;1814;978;10;14;10;0
29426;1802;978;10;14;10;0
29427;1790;978;10;14;10;0
29431;1778;978;10;14;10;0
29432;1766;978;10;14;10;0
29433;1754;978;10;14;10;0
29434;1862;978;10;14;10;0
29436;1742;978;10;14;10;0
29437;1718;978;10;14;10;0
29441;1706;978;10;14;10;0
29450;1694;978;10;14;10;0
29454;1682;978;10;14;10;0
29459;1670;978;10;14;10;0
29462;1658;978;10;14;10;0
29463;1646;978;10;14;10;0
29465;1634;978;10;14;10;0
29467;1622;978;10;14;10;0
29468;1334;978;10;14;10;0
29469;1322;978;10;14;10;0
29470;1310;978;10;14;10;0
29471;1034;978;10;14;10;0
29473;1010;978;10;14;10;0
29474;998;978;10;14;10;0
29477;986;978;10;14;10;0
29481;974;978;10;14;10;0
29482;962;978;10;14;10;0
29483;950;978;10;14;10;0
29484;938;978;10;14;10;0
29486;926;978;10;14;10;0
29487;914;978;10;14;10;0
29492;902;978;10;14;10;0
29494;890;978;10;14;10;0
29495;878;978;10;14;10;0
29499;866;978;10;14;10;0
29500;854;978;10;14;10;0
29502;842;978;10;14;10;0
29503;830;978;10;14;10;0
29505;818;978;10;14;10;0
29507;806;978;10;14;10;0
29508;794;978;10;14;10;0
29509;1022;978;10;14;10;0
29511;1046;978;10;14;10;0
29517;1298;978;10;14;10;0
29518;1058;978;10;14;10;0
29519;1286;978;10;14;10;0
29520;1274;978;10;14;10;0
29522;1262;978;10;14;10;0
29527;1250;978;10;14;10;0
29536;1238;978;10;14;10;0
29538;1226;978;10;14;10;0
29539;1214;978;10;14;10;0
29544;1202;978;10;14;10;0
29546;1190;978;10;14;10;0
29549;1178;978;10;14;10;0
29551;1166;978;10;14;10;0
29552;1154;978;10;14;10;0
29554;1142;978;10;14;10;0
29556;1130;978;10;14;10;0
29557;1118;978;10;14;10;0
29559;1106;978;10;14;10;0
29560;1094;978;10;14;10;0
29562;1082;978;10;14;10;0
29563;1070;978;10;14;10;0
29564;1730;978;10;14;10;0
29566;1874;978;10;14;10;0
29568;1886;978;10;14;10;0
29572;1898;978;10;14;10;0
29574;2690;978;10;14;10;0
29575;2678;978;10;14;10;0
29577;2666;978;10;14;10;0
29578;2654;978;10;14;10;0
29579;2642;978;10;14;10;0
29589;2630;978;10;14;10;0
29590;2618;978;10;14;10;0
29592;2606;978;10;14;10;0
29595;2594;978;10;14;10;0
29599;2582;978;10;14;10;0
29600;2570;978;10;14;10;0
29602;2558;978;10;14;10;0
29605;2546;978;10;14;10;0
29608;2534;978;10;14;10;0
29609;2522;978;10;14;10;0
29611;2510;978;10;14;10;0
29615;2498;978;10;14;10;0
29616;2486;978;10;14;10;0
29618;2474;978;10;14;10;0
29619;2702;978;10;14;10;0
29623;2714;978;10;14;10;0
29627;2726;978;10;14;10;0
29632;2738;978;10;14;10;0
29634;2978;978;10;14;10;0
29637;2966;978;10;14;10;0
29640;2954;978;10;14;10;0
29641;2942;978;10;14;10;0
29642;2930;978;10;14;10;0
29645;2918;978;10;14;10;0
29646;2906;978;10;14;10;0
29647;2894;978;10;14;10;0
29648;2882;978;10;14;10;0
29649;2990;978;10;14;10;0
29657;2870;978;10;14;10;0
29661;2846;978;10;14;10;0
29662;2834;978;10;14;10;0
29664;2822;978;10;14;10;0
29665;2810;978;10;14;10;0
29667;2798;978;10;14;10;0
29669;2786;978;10;14;10;0
29673;2774;978;10;14;10;0
29674;2762;978;10;14;10;0
29677;2750;978;10;14;10;0
29678;2462;978;10;14;10;0
29680;2858;978;10;14;10;0
29681;2450;978;10;14;10;0
29685;2294;978;10;14;10;0
29688;2126;978;10;14;10;0
29690;2114;978;10;14;10;0
29693;2102;978;10;14;10;0
29694;2090;978;10;14;10;0
29697;2078;978;10;14;10;0
29699;2066;978;10;14;10;0
29700;2054;978;10;14;10;0
29701;2042;978;10;14;10;0
29702;2030;978;10;14;10;0
29703;2018;978;10;14;10;0
29705;2006;978;10;14;10;0
29706;1994;978;10;14;10;0
29709;1982;978;10;14;10;0
29712;1970;978;10;14;10;0
29722;1958;978;10;14;10;0
29723;1946;978;10;14;10;0
29729;1934;978;10;14;10;0
29730;1922;978;10;14;10;0
29732;1910;978;10;14;10;0
29733;2138;978;10;14;10;0
29734;2150;978;10;14;10;0
29736;2162;978;10;14;10;0
29738;2174;978;10;14;10;0
29740;2414;978;10;14;10;0
29741;2402;978;10;14;10;0
29742;2390;978;10;14;10;0
29743;2378;978;10;14;10;0
29744;2366;978;10;14;10;0
29746;2354;978;10;14;10;0
29747;2342;978;10;14;10;0
29748;2330;978;10;14;10;0
29749;2318;978;10;14;10;0
29750;2426;978;10;14;10;0
29754;2306;978;10;14;10;0
29756;2282;978;10;14;10;0
29759;2270;978;10;14;10;0
29760;2258;978;10;14;10;0
29761;2246;978;10;14;10;0
29764;2234;978;10;14;10;0
29771;2222;978;10;14;10;0
29781;2210;978;10;14;10;0
29783;2198;978;10;14;10;0
29785;2186;978;10;14;10;0
29786;38;994;10;14;10;0
29787;1166;994;10;14;10;0
29788;1178;994;10;14;10;0
29790;1190;994;10;14;10;0
29791;146;1010;10;14;10;0
29792;134;1010;10;14;10;0
29794;122;1010;10;14;10;0
29795;110;1010;10;14;10;0
29796;98;1010;10;14;10;0
29801;86;1010;10;14;10;0
29802;74;1010;10;14;10;0
29805;62;1010;10;14;10;0
29806;50;1010;10;14;10;0
29807;38;1010;10;14;10;0
29808;26;1010;10;14;10;0
29809;14;1010;10;14;10;0
29810;2;1010;10;14;10;0
29811;4082;994;10;14;10;0
29814;4070;994;10;14;10;0
29822;4058;994;10;14;10;0
29824;4046;994;10;14;10;0
29825;4034;994;10;14;10;0
29827;4022;994;10;14;10;0
29831;158;1010;10;14;10;0
29833;170;1010;10;14;10;0
29834;182;1010;10;14;10;0
29835;194;1010;10;14;10;0
29840;434;1010;10;14;10;0
29848;422;1010;10;14;10;0
29852;410;1010;10;14;10;0
29854;398;1010;10;14;10;0
29855;386;1010;10;14;10;0
29856;374;1010;10;14;10;0
29858;362;1010;10;14;10;0
29859;350;1010;10;14;10;0
29862;338;1010;10;14;10;0
29863;446;1010;10;14;10;0
29864;326;1010;10;14;10;0
29865;302;1010;10;14;10;0
29866;290;1010;10;14;10;0
29872;278;1010;10;14;10;0
29873;266;1010;10;14;10;0
29880;254;1010;10;14;10;0
29882;242;1010;10;14;10;0
29885;230;1010;10;14;10;0
29887;218;1010;10;14;10;0
29896;206;1010;10;14;10;0
29898;4010;994;10;14;10;0
29899;314;1010;10;14;10;0
29903;3998;994;10;14;10;0
29908;3842;994;10;14;10;0
29910;3674;994;10;14;10;0
29914;3662;994;10;14;10;0
29916;3650;994;10;14;10;0
29918;3638;994;10;14;10;0
29920;3626;994;10;14;10;0
29922;3614;994;10;14;10;0
29923;3602;994;10;14;10;0
29924;3590;994;10;14;10;0
29926;3578;994;10;14;10;0
29927;3566;994;10;14;10;0
29929;3554;994;10;14;10;0
29934;3542;994;10;14;10;0
29935;3530;994;10;14;10;0
29936;3518;994;10;14;10;0
29937;3506;994;10;14;10;0
29938;3494;994;10;14;10;0
29940;3482;994;10;14;10;0
29942;3470;994;10;14;10;0
29943;3458;994;10;14;10;0
29944;3686;994;10;14;10;0
29955;3698;994;10;14;10;0
29956;3710;994;10;14;10;0
29957;3722;994;10;14;10;0
29964;3962;994;10;14;10;0
29965;3950;994;10;14;10;0
29966;3938;994;10;14;10;0
29969;3926;994;10;14;10;0
29971;3914;994;10;14;10;0
29973;3902;994;10;14;10;0
29976;3890;994;10;14;10;0
29978;3878;994;10;14;10;0
29980;3866;994;10;14;10;0
29982;3974;994;10;14;10;0
29983;3854;994;10;14;10;0
29985;3830;994;10;14;10;0
29986;3818;994;10;14;10;0
29987;3806;994;10;14;10;0
29989;3794;994;10;14;10;0
29990;3782;994;10;14;10;0
29992;3770;994;10;14;10;0
29993;3758;994;10;14;10;0
29995;3746;994;10;14;10;0
29996;3734;994;10;14;10;0
29997;3986;994;10;14;10;0
29999;470;1010;10;14;10;0
30000;1022;1010;10;14;10;0
30001;482;1010;10;14;10;0
30002;1274;1010;10;14;10;0
30003;1262;1010;10;14;10;0
30004;1250;1010;10;14;10;0
30005;1238;1010;10;14;10;0
30007;1226;1010;10;14;10;0
30008;1214;1010;10;14;10;0
30010;1202;1010;10;14;10;0
30011;1190;1010;10;14;10;0
30012;1178;1010;10;14;10;0
30013;1166;1010;10;14;10;0
30014;1154;1010;10;14;10;0
30016;1142;1010;10;14;10;0
30020;1130;1010;10;14;10;0
30021;1118;1010;10;14;10;0
30022;1106;1010;10;14;10;0
30023;1094;1010;10;14;10;0
30025;1082;1010;10;14;10;0
30026;1070;1010;10;14;10;0
30027;1058;1010;10;14;10;0
30028;1286;1010;10;14;10;0
30029;1298;1010;10;14;10;0
30030;1310;1010;10;14;10;0
30031;1322;1010;10;14;10;0
30033;1562;1010;10;14;10;0
30036;1550;1010;10;14;10;0
30041;1538;1010;10;14;10;0
30042;1526;1010;10;14;10;0
30043;1514;1010;10;14;10;0
30044;1502;1010;10;14;10;0
30045;1490;1010;10;14;10;0
30048;1478;1010;10;14;10;0
30050;1466;1010;10;14;10;0
30052;1574;1010;10;14;10;0
30053;1454;1010;10;14;10;0
30054;1430;1010;10;14;10;0
30055;1418;1010;10;14;10;0
30057;1406;1010;10;14;10;0
30058;1394;1010;10;14;10;0
30059;1382;1010;10;14;10;0
30060;1370;1010;10;14;10;0
30061;1358;1010;10;14;10;0
30063;1346;1010;10;14;10;0
30064;1334;1010;10;14;10;0
30066;1046;1010;10;14;10;0
30067;1442;1010;10;14;10;0
30068;1034;1010;10;14;10;0
30070;878;1010;10;14;10;0
30071;710;1010;10;14;10;0
30072;698;1010;10;14;10;0
30074;686;1010;10;14;10;0
30078;674;1010;10;14;10;0
30079;662;1010;10;14;10;0
30082;650;1010;10;14;10;0
30086;638;1010;10;14;10;0
30087;626;1010;10;14;10;0
30089;614;1010;10;14;10;0
30090;602;1010;10;14;10;0
30091;590;1010;10;14;10;0
30094;578;1010;10;14;10;0
30095;566;1010;10;14;10;0
30097;554;1010;10;14;10;0
30098;542;1010;10;14;10;0
30100;530;1010;10;14;10;0
30102;518;1010;10;14;10;0
30103;506;1010;10;14;10;0
30105;494;1010;10;14;10;0
30106;722;1010;10;14;10;0
30109;734;1010;10;14;10;0
30111;746;1010;10;14;10;0
30113;758;1010;10;14;10;0
30114;998;1010;10;14;10;0
30115;986;1010;10;14;10;0
30116;974;1010;10;14;10;0
30117;962;1010;10;14;10;0
30122;950;1010;10;14;10;0
30123;938;1010;10;14;10;0
30126;926;1010;10;14;10;0
30127;914;1010;10;14;10;0
30129;902;1010;10;14;10;0
30130;1010;1010;10;14;10;0
30131;890;1010;10;14;10;0
30132;866;1010;10;14;10;0
30133;854;1010;10;14;10;0
30136;842;1010;10;14;10;0
30137;830;1010;10;14;10;0
30139;818;1010;10;14;10;0
30140;806;1010;10;14;10;0
30141;794;1010;10;14;10;0
30142;782;1010;10;14;10;0
30144;770;1010;10;14;10;0
30146;3446;994;10;14;10;0
30147;458;1010;10;14;10;0
30149;3434;994;10;14;10;0
30151;2294;994;10;14;10;0
30152;1982;994;10;14;10;0
30153;1970;994;10;14;10;0
30154;1958;994;10;14;10;0
30157;1946;994;10;14;10;0
30162;1934;994;10;14;10;0
30164;1922;994;10;14;10;0
30165;1910;994;10;14;10;0
30168;1898;994;10;14;10;0
30169;1886;994;10;14;10;0
30171;1874;994;10;14;10;0
30174;1862;994;10;14;10;0
30176;1850;994;10;14;10;0
30178;1838;994;10;14;10;0
30179;1826;994;10;14;10;0
30180;1814;994;10;14;10;0
30183;1802;994;10;14;10;0
30184;1790;994;10;14;10;0
30185;1778;994;10;14;10;0
30186;1766;994;10;14;10;0
30187;1994;994;10;14;10;0
30192;2006;994;10;14;10;0
30193;2018;994;10;14;10;0
30194;2030;994;10;14;10;0
30195;2270;994;10;14;10;0
30196;2258;994;10;14;10;0
30201;2246;994;10;14;10;0
30202;2234;994;10;14;10;0
30204;2222;994;10;14;10;0
30206;2210;994;10;14;10;0
30207;2198;994;10;14;10;0
30208;2186;994;10;14;10;0
30209;2174;994;10;14;10;0
30217;2282;994;10;14;10;0
30219;2162;994;10;14;10;0
30221;2138;994;10;14;10;0
30224;2126;994;10;14;10;0
30227;2114;994;10;14;10;0
30230;2102;994;10;14;10;0
30233;2090;994;10;14;10;0
30236;2078;994;10;14;10;0
30238;2066;994;10;14;10;0
30239;2054;994;10;14;10;0
30240;2042;994;10;14;10;0
30241;1754;994;10;14;10;0
30242;2150;994;10;14;10;0
30244;1742;994;10;14;10;0
30246;1586;994;10;14;10;0
30247;1418;994;10;14;10;0
30249;1406;994;10;14;10;0
30250;1394;994;10;14;10;0
30251;1382;994;10;14;10;0
30254;1370;994;10;14;10;0
30256;1358;994;10;14;10;0
30260;1346;994;10;14;10;0
30264;1334;994;10;14;10;0
30266;1322;994;10;14;10;0
30267;1310;994;10;14;10;0
30268;1298;994;10;14;10;0
30270;1286;994;10;14;10;0
30272;1274;994;10;14;10;0
30274;1262;994;10;14;10;0
30278;1250;994;10;14;10;0
30279;1238;994;10;14;10;0
30280;1226;994;10;14;10;0
30284;1214;994;10;14;10;0
30286;1202;994;10;14;10;0
30290;1430;994;10;14;10;0
30294;1442;994;10;14;10;0
30296;1454;994;10;14;10;0
30300;1466;994;10;14;10;0
30302;1706;994;10;14;10;0
30303;1694;994;10;14;10;0
30305;1682;994;10;14;10;0
30306;1670;994;10;14;10;0
30307;1658;994;10;14;10;0
30308;1646;994;10;14;10;0
30309;1634;994;10;14;10;0
30310;1622;994;10;14;10;0
30311;1610;994;10;14;10;0
30312;1718;994;10;14;10;0
30313;1598;994;10;14;10;0
30314;1574;994;10;14;10;0
30315;1562;994;10;14;10;0
30316;1550;994;10;14;10;0
30318;1538;994;10;14;10;0
30320;1526;994;10;14;10;0
30321;1514;994;10;14;10;0
30322;1502;994;10;14;10;0
30326;1490;994;10;14;10;0
30328;1478;994;10;14;10;0
30329;1730;994;10;14;10;0
30330;2306;994;10;14;10;0
30331;2858;994;10;14;10;0
30332;2318;994;10;14;10;0
30333;3110;994;10;14;10;0
30334;3098;994;10;14;10;0
30336;3086;994;10;14;10;0
30337;3074;994;10;14;10;0
30338;3062;994;10;14;10;0
30339;3050;994;10;14;10;0
30340;3038;994;10;14;10;0
30342;3026;994;10;14;10;0
30343;3014;994;10;14;10;0
30344;3002;994;10;14;10;0
30347;2990;994;10;14;10;0
30350;2978;994;10;14;10;0
30352;2966;994;10;14;10;0
30353;2954;994;10;14;10;0
30355;2942;994;10;14;10;0
30358;2930;994;10;14;10;0
30361;2918;994;10;14;10;0
30362;2906;994;10;14;10;0
30363;2894;994;10;14;10;0
30366;3122;994;10;14;10;0
30372;3134;994;10;14;10;0
30382;3146;994;10;14;10;0
30384;3158;994;10;14;10;0
30385;3398;994;10;14;10;0
30388;3386;994;10;14;10;0
30391;3374;994;10;14;10;0
30392;3362;994;10;14;10;0
30393;3350;994;10;14;10;0
30394;3338;994;10;14;10;0
30399;3326;994;10;14;10;0
30402;3314;994;10;14;10;0
30403;3302;994;10;14;10;0
30405;3410;994;10;14;10;0
30406;3290;994;10;14;10;0
30408;3266;994;10;14;10;0
30410;3254;994;10;14;10;0
30413;3242;994;10;14;10;0
30414;3230;994;10;14;10;0
30415;3218;994;10;14;10;0
30416;3206;994;10;14;10;0
30417;3194;994;10;14;10;0
30418;3182;994;10;14;10;0
30420;3170;994;10;14;10;0
30422;2882;994;10;14;10;0
30423;3278;994;10;14;10;0
30424;2870;994;10;14;10;0
30427;2714;994;10;14;10;0
30428;2546;994;10;14;10;0
30430;2534;994;10;14;10;0
30431;2522;994;10;14;10;0
30433;2510;994;10;14;10;0
30435;2498;994;10;14;10;0
30436;2486;994;10;14;10;0
30437;2474;994;10;14;10;0
30439;2462;994;10;14;10;0
30442;2450;994;10;14;10;0
30444;2438;994;10;14;10;0
30446;2426;994;10;14;10;0
30447;2414;994;10;14;10;0
30449;2402;994;10;14;10;0
30450;2390;994;10;14;10;0
30452;2378;994;10;14;10;0
30455;2366;994;10;14;10;0
30456;2354;994;10;14;10;0
30457;2342;994;10;14;10;0
30458;2330;994;10;14;10;0
30459;2558;994;10;14;10;0
30460;2570;994;10;14;10;0
30462;2582;994;10;14;10;0
30464;2594;994;10;14;10;0
30465;2834;994;10;14;10;0
30468;2822;994;10;14;10;0
30471;2810;994;10;14;10;0
30472;2798;994;10;14;10;0
30473;2786;994;10;14;10;0
30475;2774;994;10;14;10;0
30476;2762;994;10;14;10;0
30489;2750;994;10;14;10;0
30490;2738;994;10;14;10;0
30491;2846;994;10;14;10;0
30493;2726;994;10;14;10;0
30494;2702;994;10;14;10;0
30495;2690;994;10;14;10;0
30496;2678;994;10;14;10;0
30500;2666;994;10;14;10;0
30501;2654;994;10;14;10;0
30502;2642;994;10;14;10;0
30504;2630;994;10;14;10;0
30505;2618;994;10;14;10;0
30509;2606;994;10;14;10;0
30511;2006;1026;10;14;10;0
30518;2438;1042;10;14;10;0
30519;3674;1090;10;14;10;0
30520;2450;1042;10;14;10;0
30522;2234;1090;10;14;10;0
30524;2222;1090;10;14;10;0
30526;2210;1090;10;14;10;0
30528;2198;1090;10;14;10;0
30529;2186;1090;10;14;10;0
30534;2174;1090;10;14;10;0
30535;2162;1090;10;14;10;0
30543;2150;1090;10;14;10;0
30544;2138;1090;10;14;10;0
30545;2126;1090;10;14;10;0
30554;2114;1090;10;14;10;0
30555;2102;1090;10;14;10;0
30556;2090;1090;10;14;10;0
30558;2078;1090;10;14;10;0
30561;2066;1090;10;14;10;0
30562;2054;1090;10;14;10;0
30563;2042;1090;10;14;10;0
30565;2030;1090;10;14;10;0
30566;2018;1090;10;14;10;0
30568;2246;1090;10;14;10;0
30569;2258;1090;10;14;10;0
30570;2270;1090;10;14;10;0
30571;2282;1090;10;14;10;0
30572;2522;1090;10;14;10;0
30573;2510;1090;10;14;10;0
30578;2498;1090;10;14;10;0
30585;2486;1090;10;14;10;0
30589;2474;1090;10;14;10;0
30590;2462;1090;10;14;10;0
30591;2450;1090;10;14;10;0
30596;2438;1090;10;14;10;0
30597;2426;1090;10;14;10;0
30599;2534;1090;10;14;10;0
30601;2414;1090;10;14;10;0
30603;2390;1090;10;14;10;0
30604;2378;1090;10;14;10;0
30605;2366;1090;10;14;10;0
30606;2354;1090;10;14;10;0
30609;2342;1090;10;14;10;0
30610;2330;1090;10;14;10;0
30611;2318;1090;10;14;10;0
30612;2306;1090;10;14;10;0
30622;2294;1090;10;14;10;0
30623;2006;1090;10;14;10;0
30624;2402;1090;10;14;10;0
30629;1994;1090;10;14;10;0
30631;1838;1090;10;14;10;0
30633;1670;1090;10;14;10;0
30634;1658;1090;10;14;10;0
30636;1646;1090;10;14;10;0
30637;1634;1090;10;14;10;0
30640;1622;1090;10;14;10;0
30643;1610;1090;10;14;10;0
30646;1598;1090;10;14;10;0
30649;1586;1090;10;14;10;0
30651;1574;1090;10;14;10;0
30652;1562;1090;10;14;10;0
30653;1550;1090;10;14;10;0
30655;1538;1090;10;14;10;0
30663;1526;1090;10;14;10;0
30667;1514;1090;10;14;10;0
30669;1502;1090;10;14;10;0
30675;1490;1090;10;14;10;0
30678;1478;1090;10;14;10;0
30679;1466;1090;10;14;10;0
30682;1454;1090;10;14;10;0
30683;1682;1090;10;14;10;0
30684;1694;1090;10;14;10;0
30690;1706;1090;10;14;10;0
30691;1718;1090;10;14;10;0
30693;1958;1090;10;14;10;0
30695;1946;1090;10;14;10;0
30697;1934;1090;10;14;10;0
30699;1922;1090;10;14;10;0
30700;1910;1090;10;14;10;0
30701;1898;1090;10;14;10;0
30702;1886;1090;10;14;10;0
30703;1874;1090;10;14;10;0
30707;1862;1090;10;14;10;0
30710;1970;1090;10;14;10;0
30712;1850;1090;10;14;10;0
30715;1826;1090;10;14;10;0
30716;1814;1090;10;14;10;0
30717;1802;1090;10;14;10;0
30718;1790;1090;10;14;10;0
30719;1778;1090;10;14;10;0
30721;1766;1090;10;14;10;0
30722;1754;1090;10;14;10;0
30728;1742;1090;10;14;10;0
30732;1730;1090;10;14;10;0
30733;1982;1090;10;14;10;0
30738;2558;1090;10;14;10;0
30740;3110;1090;10;14;10;0
30741;2570;1090;10;14;10;0
30742;3362;1090;10;14;10;0
30743;3350;1090;10;14;10;0
30745;3338;1090;10;14;10;0
30746;3326;1090;10;14;10;0
30749;3314;1090;10;14;10;0
30751;3302;1090;10;14;10;0
30752;3290;1090;10;14;10;0
30755;3278;1090;10;14;10;0
30757;3266;1090;10;14;10;0
30758;3254;1090;10;14;10;0
30759;3242;1090;10;14;10;0
30765;3230;1090;10;14;10;0
30768;3218;1090;10;14;10;0
30769;3206;1090;10;14;10;0
30770;3194;1090;10;14;10;0
30772;3182;1090;10;14;10;0
30773;3170;1090;10;14;10;0
30775;3158;1090;10;14;10;0
30776;3146;1090;10;14;10;0
30778;3374;1090;10;14;10;0
30782;3386;1090;10;14;10;0
30783;3398;1090;10;14;10;0
30784;3410;1090;10;14;10;0
30787;3650;1090;10;14;10;0
30789;3638;1090;10;14;10;0
30796;3626;1090;10;14;10;0
30798;3614;1090;10;14;10;0
30800;3602;1090;10;14;10;0
30801;3590;1090;10;14;10;0
30802;3578;1090;10;14;10;0
30803;3566;1090;10;14;10;0
30805;3554;1090;10;14;10;0
30813;3662;1090;10;14;10;0
30820;3542;1090;10;14;10;0
30822;3518;1090;10;14;10;0
30827;3506;1090;10;14;10;0
30828;3494;1090;10;14;10;0
30830;3482;1090;10;14;10;0
30831;3470;1090;10;14;10;0
30834;3458;1090;10;14;10;0
30836;3446;1090;10;14;10;0
30839;3434;1090;10;14;10;0
30844;3422;1090;10;14;10;0
30847;3134;1090;10;14;10;0
30849;3530;1090;10;14;10;0
30854;3122;1090;10;14;10;0
30855;2966;1090;10;14;10;0
30857;2798;1090;10;14;10;0
30860;2786;1090;10;14;10;0
30861;2774;1090;10;14;10;0
30862;2762;1090;10;14;10;0
30865;2750;1090;10;14;10;0
30867;2738;1090;10;14;10;0
30869;2726;1090;10;14;10;0
30870;2714;1090;10;14;10;0
30871;2702;1090;10;14;10;0
30872;2690;1090;10;14;10;0
30874;2678;1090;10;14;10;0
30875;2666;1090;10;14;10;0
30876;2654;1090;10;14;10;0
30879;2642;1090;10;14;10;0
30880;2630;1090;10;14;10;0
30883;2618;1090;10;14;10;0
30887;2606;1090;10;14;10;0
30889;2594;1090;10;14;10;0
30890;2582;1090;10;14;10;0
30895;2810;1090;10;14;10;0
30896;2822;1090;10;14;10;0
30897;2834;1090;10;14;10;0
30898;2846;1090;10;14;10;0
30899;3086;1090;10;14;10;0
30900;3074;1090;10;14;10;0
30901;3062;1090;10;14;10;0
30906;3050;1090;10;14;10;0
30908;3038;1090;10;14;10;0
30910;3026;1090;10;14;10;0
30913;3014;1090;10;14;10;0
30917;3002;1090;10;14;10;0
30918;2990;1090;10;14;10;0
30922;3098;1090;10;14;10;0
30923;2978;1090;10;14;10;0
30928;2954;1090;10;14;10;0
30929;2942;1090;10;14;10;0
30932;2930;1090;10;14;10;0
30933;2918;1090;10;14;10;0
30936;2906;1090;10;14;10;0
30937;2894;1090;10;14;10;0
30938;2882;1090;10;14;10;0
30940;2870;1090;10;14;10;0
30945;2858;1090;10;14;10;0
30951;1442;1090;10;14;10;0
30952;2546;1090;10;14;10;0
30956;1430;1090;10;14;10;0
30959;290;1090;10;14;10;0
30964;4070;1074;10;14;10;0
30967;4058;1074;10;14;10;0
30970;4046;1074;10;14;10;0
30971;4034;1074;10;14;10;0
30973;4022;1074;10;14;10;0
30977;4010;1074;10;14;10;0
30983;3998;1074;10;14;10;0
30990;3986;1074;10;14;10;0
30992;3974;1074;10;14;10;0
30993;3962;1074;10;14;10;0
30994;3950;1074;10;14;10;0
31001;3938;1074;10;14;10;0
31009;3926;1074;10;14;10;0
31012;3914;1074;10;14;10;0
31014;3902;1074;10;14;10;0
31018;3890;1074;10;14;10;0
31019;3878;1074;10;14;10;0
31020;3866;1074;10;14;10;0
31025;3854;1074;10;14;10;0
31027;4082;1074;10;14;10;0
31028;2;1090;10;14;10;0
31034;14;1090;10;14;10;0
31036;26;1090;10;14;10;0
31037;266;1090;10;14;10;0
31038;254;1090;10;14;10;0
31040;242;1090;10;14;10;0
31041;230;1090;10;14;10;0
31042;218;1090;10;14;10;0
31045;206;1090;10;14;10;0
31046;194;1090;10;14;10;0
31047;182;1090;10;14;10;0
31048;170;1090;10;14;10;0
31049;278;1090;10;14;10;0
31054;158;1090;10;14;10;0
31056;134;1090;10;14;10;0
31059;122;1090;10;14;10;0
31061;110;1090;10;14;10;0
31062;98;1090;10;14;10;0
31063;86;1090;10;14;10;0
31066;74;1090;10;14;10;0
31067;62;1090;10;14;10;0
31068;50;1090;10;14;10;0
31069;38;1090;10;14;10;0
31070;3842;1074;10;14;10;0
31071;146;1090;10;14;10;0
31072;3830;1074;10;14;10;0
31074;3674;1074;10;14;10;0
31077;3506;1074;10;14;10;0
31080;3494;1074;10;14;10;0
31085;3482;1074;10;14;10;0
31087;3470;1074;10;14;10;0
31095;3458;1074;10;14;10;0
31096;3446;1074;10;14;10;0
31098;3434;1074;10;14;10;0
31100;3422;1074;10;14;10;0
31103;3410;1074;10;14;10;0
31104;3398;1074;10;14;10;0
31105;3386;1074;10;14;10;0
31108;3374;1074;10;14;10;0
31109;3362;1074;10;14;10;0
31114;3350;1074;10;14;10;0
31117;3338;1074;10;14;10;0
31118;3326;1074;10;14;10;0
31119;3314;1074;10;14;10;0
31124;3302;1074;10;14;10;0
31125;3290;1074;10;14;10;0
31130;3518;1074;10;14;10;0
31131;3530;1074;10;14;10;0
31133;3542;1074;10;14;10;0
31137;3554;1074;10;14;10;0
31140;3794;1074;10;14;10;0
31142;3782;1074;10;14;10;0
31143;3770;1074;10;14;10;0
31146;3758;1074;10;14;10;0
31150;3746;1074;10;14;10;0
31152;3734;1074;10;14;10;0
31153;3722;1074;10;14;10;0
31155;3710;1074;10;14;10;0
31161;3698;1074;10;14;10;0
31162;3806;1074;10;14;10;0
31163;3686;1074;10;14;10;0
31165;3662;1074;10;14;10;0
31166;3650;1074;10;14;10;0
31167;3638;1074;10;14;10;0
31168;3626;1074;10;14;10;0
31169;3614;1074;10;14;10;0
31171;3602;1074;10;14;10;0
31174;3590;1074;10;14;10;0
31176;3578;1074;10;14;10;0
31177;3566;1074;10;14;10;0
31178;3818;1074;10;14;10;0
31179;302;1090;10;14;10;0
31181;854;1090;10;14;10;0
31185;314;1090;10;14;10;0
31186;1106;1090;10;14;10;0
31189;1094;1090;10;14;10;0
31192;1082;1090;10;14;10;0
31197;1070;1090;10;14;10;0
31199;1058;1090;10;14;10;0
31201;1046;1090;10;14;10;0
31203;1034;1090;10;14;10;0
31204;1022;1090;10;14;10;0
31206;1010;1090;10;14;10;0
31207;998;1090;10;14;10;0
31209;986;1090;10;14;10;0
31211;974;1090;10;14;10;0
31212;962;1090;10;14;10;0
31213;950;1090;10;14;10;0
31215;938;1090;10;14;10;0
31216;926;1090;10;14;10;0
31224;914;1090;10;14;10;0
31227;902;1090;10;14;10;0
31229;890;1090;10;14;10;0
31232;1118;1090;10;14;10;0
31234;1130;1090;10;14;10;0
31235;1142;1090;10;14;10;0
31236;1154;1090;10;14;10;0
31237;1394;1090;10;14;10;0
31240;1382;1090;10;14;10;0
31241;1370;1090;10;14;10;0
31243;1358;1090;10;14;10;0
31245;1346;1090;10;14;10;0
31246;1334;1090;10;14;10;0
31252;1322;1090;10;14;10;0
31255;1310;1090;10;14;10;0
31256;1298;1090;10;14;10;0
31257;1406;1090;10;14;10;0
31258;1286;1090;10;14;10;0
31260;1262;1090;10;14;10;0
31262;1250;1090;10;14;10;0
31263;1238;1090;10;14;10;0
31264;1226;1090;10;14;10;0
31267;1214;1090;10;14;10;0
31278;1202;1090;10;14;10;0
31281;1190;1090;10;14;10;0
31282;1178;1090;10;14;10;0
31283;1166;1090;10;14;10;0
31287;878;1090;10;14;10;0
31289;1274;1090;10;14;10;0
31291;866;1090;10;14;10;0
31292;710;1090;10;14;10;0
31293;542;1090;10;14;10;0
31294;530;1090;10;14;10;0
31295;518;1090;10;14;10;0
31296;506;1090;10;14;10;0
31298;494;1090;10;14;10;0
31299;482;1090;10;14;10;0
31302;470;1090;10;14;10;0
31303;458;1090;10;14;10;0
31305;446;1090;10;14;10;0
31307;434;1090;10;14;10;0
31308;422;1090;10;14;10;0
31309;410;1090;10;14;10;0
31310;398;1090;10;14;10;0
31311;386;1090;10;14;10;0
31312;374;1090;10;14;10;0
31313;362;1090;10;14;10;0
31319;350;1090;10;14;10;0
31328;338;1090;10;14;10;0
31329;326;1090;10;14;10;0
31330;554;1090;10;14;10;0
31331;566;1090;10;14;10;0
31336;578;1090;10;14;10;0
31337;590;1090;10;14;10;0
31338;830;1090;10;14;10;0
31339;818;1090;10;14;10;0
31344;806;1090;10;14;10;0
31348;794;1090;10;14;10;0
31350;782;1090;10;14;10;0
31351;770;1090;10;14;10;0
31353;758;1090;10;14;10;0
31354;746;1090;10;14;10;0
31357;734;1090;10;14;10;0
31359;842;1090;10;14;10;0
31361;722;1090;10;14;10;0
31363;698;1090;10;14;10;0
31364;686;1090;10;14;10;0
31368;674;1090;10;14;10;0
31373;662;1090;10;14;10;0
31377;650;1090;10;14;10;0
31378;638;1090;10;14;10;0
31379;626;1090;10;14;10;0
31381;614;1090;10;14;10;0
31382;602;1090;10;14;10;0
31383;1418;1090;10;14;10;0
31384;3686;1090;10;14;10;0
31388;1838;1106;10;14;10;0
31389;3698;1090;10;14;10;0
31391;2654;1106;10;14;10;0
31392;2642;1106;10;14;10;0
31395;2630;1106;10;14;10;0
31397;2618;1106;10;14;10;0
31398;2606;1106;10;14;10;0
31401;2594;1106;10;14;10;0
31402;2582;1106;10;14;10;0
31406;2570;1106;10;14;10;0
31407;2558;1106;10;14;10;0
31408;2546;1106;10;14;10;0
31411;2534;1106;10;14;10;0
31414;2522;1106;10;14;10;0
31416;2510;1106;10;14;10;0
31418;2498;1106;10;14;10;0
31419;2486;1106;10;14;10;0
31423;2474;1106;10;14;10;0
31427;2462;1106;10;14;10;0
31428;2450;1106;10;14;10;0
31429;2438;1106;10;14;10;0
31431;2666;1106;10;14;10;0
31432;2678;1106;10;14;10;0
31434;2690;1106;10;14;10;0
31435;2702;1106;10;14;10;0
31437;2942;1106;10;14;10;0
31439;2930;1106;10;14;10;0
31441;2918;1106;10;14;10;0
31442;2906;1106;10;14;10;0
31443;2894;1106;10;14;10;0
31444;2882;1106;10;14;10;0
31445;2870;1106;10;14;10;0
31446;2858;1106;10;14;10;0
31449;2846;1106;10;14;10;0
31450;2954;1106;10;14;10;0
31452;2834;1106;10;14;10;0
31453;2810;1106;10;14;10;0
31454;2798;1106;10;14;10;0
31455;2786;1106;10;14;10;0
31456;2774;1106;10;14;10;0
31457;2762;1106;10;14;10;0
31458;2750;1106;10;14;10;0
31459;2738;1106;10;14;10;0
31461;2726;1106;10;14;10;0
31462;2714;1106;10;14;10;0
31466;2426;1106;10;14;10;0
31469;2822;1106;10;14;10;0
31471;2414;1106;10;14;10;0
31472;2258;1106;10;14;10;0
31478;2090;1106;10;14;10;0
31480;2078;1106;10;14;10;0
31481;2066;1106;10;14;10;0
31482;2054;1106;10;14;10;0
31485;2042;1106;10;14;10;0
31487;2030;1106;10;14;10;0
31490;2018;1106;10;14;10;0
31491;2006;1106;10;14;10;0
31492;1994;1106;10;14;10;0
31494;1982;1106;10;14;10;0
31496;1970;1106;10;14;10;0
31498;1958;1106;10;14;10;0
31499;1946;1106;10;14;10;0
31503;1934;1106;10;14;10;0
31505;1922;1106;10;14;10;0
31508;1910;1106;10;14;10;0
31512;1898;1106;10;14;10;0
31513;1886;1106;10;14;10;0
31515;1874;1106;10;14;10;0
31518;2102;1106;10;14;10;0
31520;2114;1106;10;14;10;0
31524;2126;1106;10;14;10;0
31525;2138;1106;10;14;10;0
31526;2378;1106;10;14;10;0
31528;2366;1106;10;14;10;0
31530;2354;1106;10;14;10;0
31531;2342;1106;10;14;10;0
31532;2330;1106;10;14;10;0
31533;2318;1106;10;14;10;0
31534;2306;1106;10;14;10;0
31539;2294;1106;10;14;10;0
31541;2282;1106;10;14;10;0
31542;2390;1106;10;14;10;0
31545;2270;1106;10;14;10;0
31546;2246;1106;10;14;10;0
31548;2234;1106;10;14;10;0
31557;2222;1106;10;14;10;0
31558;2210;1106;10;14;10;0
31560;2198;1106;10;14;10;0
31561;2186;1106;10;14;10;0
31562;2174;1106;10;14;10;0
31563;2162;1106;10;14;10;0
31564;2150;1106;10;14;10;0
31565;2402;1106;10;14;10;0
31567;2978;1106;10;14;10;0
31568;3530;1106;10;14;10;0
31569;2990;1106;10;14;10;0
31570;3782;1106;10;14;10;0
31572;3770;1106;10;14;10;0
31574;3758;1106;10;14;10;0
31578;3746;1106;10;14;10;0
31579;3734;1106;10;14;10;0
31580;3722;1106;10;14;10;0
31581;3710;1106;10;14;10;0
31584;3698;1106;10;14;10;0
31589;3686;1106;10;14;10;0
31590;3674;1106;10;14;10;0
31591;3662;1106;10;14;10;0
31596;3650;1106;10;14;10;0
31598;3638;1106;10;14;10;0
31599;3626;1106;10;14;10;0
31600;3614;1106;10;14;10;0
31601;3602;1106;10;14;10;0
31602;3590;1106;10;14;10;0
31603;3578;1106;10;14;10;0
31604;3566;1106;10;14;10;0
31605;3794;1106;10;14;10;0
31607;3806;1106;10;14;10;0
31609;3818;1106;10;14;10;0
31610;3830;1106;10;14;10;0
31611;4070;1106;10;14;10;0
31614;4058;1106;10;14;10;0
31616;4046;1106;10;14;10;0
31620;4034;1106;10;14;10;0
31622;4022;1106;10;14;10;0
31623;4010;1106;10;14;10;0
31627;3998;1106;10;14;10;0
31629;3986;1106;10;14;10;0
31630;3974;1106;10;14;10;0
31631;4082;1106;10;14;10;0
31632;3962;1106;10;14;10;0
31634;3938;1106;10;14;10;0
31636;3926;1106;10;14;10;0
31637;3914;1106;10;14;10;0
31639;3902;1106;10;14;10;0
31640;3890;1106;10;14;10;0
31641;3878;1106;10;14;10;0
31642;3866;1106;10;14;10;0
31644;3854;1106;10;14;10;0
31645;3842;1106;10;14;10;0
31647;3554;1106;10;14;10;0
31648;3950;1106;10;14;10;0
31649;3542;1106;10;14;10;0
31654;3386;1106;10;14;10;0
31657;3218;1106;10;14;10;0
31658;3206;1106;10;14;10;0
31659;3194;1106;10;14;10;0
31660;3182;1106;10;14;10;0
31661;3170;1106;10;14;10;0
31665;3158;1106;10;14;10;0
31668;3146;1106;10;14;10;0
31672;3134;1106;10;14;10;0
31680;3122;1106;10;14;10;0
31681;3110;1106;10;14;10;0
31684;3098;1106;10;14;10;0
31686;3086;1106;10;14;10;0
31687;3074;1106;10;14;10;0
31689;3062;1106;10;14;10;0
31691;3050;1106;10;14;10;0
31692;3038;1106;10;14;10;0
31695;3026;1106;10;14;10;0
31697;3014;1106;10;14;10;0
31699;3002;1106;10;14;10;0
31705;3230;1106;10;14;10;0
31707;3242;1106;10;14;10;0
31709;3254;1106;10;14;10;0
31712;3266;1106;10;14;10;0
31713;3506;1106;10;14;10;0
31716;3494;1106;10;14;10;0
31717;3482;1106;10;14;10;0
31718;3470;1106;10;14;10;0
31721;3458;1106;10;14;10;0
31722;3446;1106;10;14;10;0
31725;3434;1106;10;14;10;0
31726;3422;1106;10;14;10;0
31729;3410;1106;10;14;10;0
31731;3518;1106;10;14;10;0
31734;3398;1106;10;14;10;0
31735;3374;1106;10;14;10;0
31742;3362;1106;10;14;10;0
31744;3350;1106;10;14;10;0
31751;3338;1106;10;14;10;0
31755;3326;1106;10;14;10;0
31756;3314;1106;10;14;10;0
31757;3302;1106;10;14;10;0
31761;3290;1106;10;14;10;0
31762;3278;1106;10;14;10;0
31763;1862;1106;10;14;10;0
31764;2966;1106;10;14;10;0
31767;1850;1106;10;14;10;0
31774;710;1106;10;14;10;0
31775;398;1106;10;14;10;0
31777;386;1106;10;14;10;0
31779;374;1106;10;14;10;0
31783;362;1106;10;14;10;0
31786;350;1106;10;14;10;0
31787;338;1106;10;14;10;0
31792;326;1106;10;14;10;0
31799;314;1106;10;14;10;0
31800;302;1106;10;14;10;0
31805;290;1106;10;14;10;0
31806;278;1106;10;14;10;0
31807;266;1106;10;14;10;0
31808;254;1106;10;14;10;0
31809;242;1106;10;14;10;0
31811;230;1106;10;14;10;0
31820;218;1106;10;14;10;0
31821;206;1106;10;14;10;0
31823;194;1106;10;14;10;0
31824;182;1106;10;14;10;0
31827;410;1106;10;14;10;0
31828;422;1106;10;14;10;0
31830;434;1106;10;14;10;0
31831;446;1106;10;14;10;0
31832;686;1106;10;14;10;0
31833;674;1106;10;14;10;0
31836;662;1106;10;14;10;0
31839;650;1106;10;14;10;0
31840;638;1106;10;14;10;0
31843;626;1106;10;14;10;0
31844;614;1106;10;14;10;0
31845;602;1106;10;14;10;0
31852;590;1106;10;14;10;0
31854;698;1106;10;14;10;0
31858;578;1106;10;14;10;0
31859;554;1106;10;14;10;0
31861;542;1106;10;14;10;0
31864;530;1106;10;14;10;0
31867;518;1106;10;14;10;0
31869;506;1106;10;14;10;0
31870;494;1106;10;14;10;0
31873;482;1106;10;14;10;0
31874;470;1106;10;14;10;0
31875;458;1106;10;14;10;0
31876;170;1106;10;14;10;0
31881;566;1106;10;14;10;0
31883;158;1106;10;14;10;0
31885;2;1106;10;14;10;0
31888;3926;1090;10;14;10;0
31889;3914;1090;10;14;10;0
31890;3902;1090;10;14;10;0
31893;3890;1090;10;14;10;0
31895;3878;1090;10;14;10;0
31896;3866;1090;10;14;10;0
31899;3854;1090;10;14;10;0
31901;3842;1090;10;14;10;0
31903;3830;1090;10;14;10;0
31905;3818;1090;10;14;10;0
31906;3806;1090;10;14;10;0
31908;3794;1090;10;14;10;0
31909;3782;1090;10;14;10;0
31911;3770;1090;10;14;10;0
31912;3758;1090;10;14;10;0
31914;3746;1090;10;14;10;0
31915;3734;1090;10;14;10;0
31917;3722;1090;10;14;10;0
31918;3710;1090;10;14;10;0
31921;3938;1090;10;14;10;0
31922;3950;1090;10;14;10;0
31923;3962;1090;10;14;10;0
31924;3974;1090;10;14;10;0
31925;122;1106;10;14;10;0
31929;110;1106;10;14;10;0
31930;98;1106;10;14;10;0
31932;86;1106;10;14;10;0
31933;74;1106;10;14;10;0
31934;62;1106;10;14;10;0
31935;50;1106;10;14;10;0
31936;38;1106;10;14;10;0
31938;26;1106;10;14;10;0
31941;134;1106;10;14;10;0
31944;14;1106;10;14;10;0
31945;4082;1090;10;14;10;0
31946;4070;1090;10;14;10;0
31948;4058;1090;10;14;10;0
31949;4046;1090;10;14;10;0
31950;4034;1090;10;14;10;0
31954;4022;1090;10;14;10;0
31957;4010;1090;10;14;10;0
31958;3998;1090;10;14;10;0
31959;3986;1090;10;14;10;0
31960;146;1106;10;14;10;0
31961;722;1106;10;14;10;0
31964;1274;1106;10;14;10;0
31965;734;1106;10;14;10;0
31966;1526;1106;10;14;10;0
31967;1514;1106;10;14;10;0
31968;1502;1106;10;14;10;0
31970;1490;1106;10;14;10;0
31975;1478;1106;10;14;10;0
31980;1466;1106;10;14;10;0
31981;1454;1106;10;14;10;0
31983;1442;1106;10;14;10;0
31984;1430;1106;10;14;10;0
31986;1418;1106;10;14;10;0
31988;1406;1106;10;14;10;0
31990;1394;1106;10;14;10;0
31992;1382;1106;10;14;10;0
31994;1370;1106;10;14;10;0
31995;1358;1106;10;14;10;0
31998;1346;1106;10;14;10;0
32000;1334;1106;10;14;10;0
32002;1322;1106;10;14;10;0
32004;1310;1106;10;14;10;0
32005;1538;1106;10;14;10;0
32006;1550;1106;10;14;10;0
32007;1562;1106;10;14;10;0
32008;1574;1106;10;14;10;0
32009;1814;1106;10;14;10;0
32010;1802;1106;10;14;10;0
32011;1790;1106;10;14;10;0
32013;1778;1106;10;14;10;0
32016;1766;1106;10;14;10;0
32019;1754;1106;10;14;10;0
32020;1742;1106;10;14;10;0
32021;1730;1106;10;14;10;0
32023;1718;1106;10;14;10;0
32024;1826;1106;10;14;10;0
32025;1706;1106;10;14;10;0
32026;1682;1106;10;14;10;0
32027;1670;1106;10;14;10;0
32028;1658;1106;10;14;10;0
32032;1646;1106;10;14;10;0
32033;1634;1106;10;14;10;0
32034;1622;1106;10;14;10;0
32037;1610;1106;10;14;10;0
32039;1598;1106;10;14;10;0
32043;1586;1106;10;14;10;0
32044;1298;1106;10;14;10;0
32046;1694;1106;10;14;10;0
32047;1286;1106;10;14;10;0
32048;1130;1106;10;14;10;0
32049;962;1106;10;14;10;0
32050;950;1106;10;14;10;0
32051;938;1106;10;14;10;0
32053;926;1106;10;14;10;0
32057;914;1106;10;14;10;0
32058;902;1106;10;14;10;0
32060;890;1106;10;14;10;0
32063;878;1106;10;14;10;0
32064;866;1106;10;14;10;0
32066;854;1106;10;14;10;0
32067;842;1106;10;14;10;0
32068;830;1106;10;14;10;0
32069;818;1106;10;14;10;0
32070;806;1106;10;14;10;0
32075;794;1106;10;14;10;0
32076;782;1106;10;14;10;0
32078;770;1106;10;14;10;0
32079;758;1106;10;14;10;0
32080;746;1106;10;14;10;0
32085;974;1106;10;14;10;0
32086;986;1106;10;14;10;0
32090;998;1106;10;14;10;0
32091;1010;1106;10;14;10;0
32092;1250;1106;10;14;10;0
32093;1238;1106;10;14;10;0
32094;1226;1106;10;14;10;0
32097;1214;1106;10;14;10;0
32098;1202;1106;10;14;10;0
32099;1190;1106;10;14;10;0
32102;1178;1106;10;14;10;0
32104;1166;1106;10;14;10;0
32110;1154;1106;10;14;10;0
32112;1262;1106;10;14;10;0
32113;1142;1106;10;14;10;0
32114;1118;1106;10;14;10;0
32115;1106;1106;10;14;10;0
32117;1094;1106;10;14;10;0
32118;1082;1106;10;14;10;0
32121;1070;1106;10;14;10;0
32122;1058;1106;10;14;10;0
32125;1046;1106;10;14;10;0
32129;1034;1106;10;14;10;0
32137;1022;1106;10;14;10;0
32143;3278;1074;10;14;10;0
32145;3266;1074;10;14;10;0
32147;3254;1074;10;14;10;0
32152;998;1074;10;14;10;0
32153;1394;1058;10;14;10;0
32154;1382;1058;10;14;10;0
32155;1370;1058;10;14;10;0
32156;1358;1058;10;14;10;0
32158;1346;1058;10;14;10;0
32159;1334;1058;10;14;10;0
32160;1322;1058;10;14;10;0
32162;1310;1058;10;14;10;0
32163;1298;1058;10;14;10;0
32166;1286;1058;10;14;10;0
32170;1274;1058;10;14;10;0
32171;1262;1058;10;14;10;0
32172;1250;1058;10;14;10;0
32173;1238;1058;10;14;10;0
32174;1226;1058;10;14;10;0
32175;1214;1058;10;14;10;0
32176;1202;1058;10;14;10;0
32177;1190;1058;10;14;10;0
32178;1178;1058;10;14;10;0
32179;1406;1058;10;14;10;0
32180;1418;1058;10;14;10;0
32181;1430;1058;10;14;10;0
32184;1442;1058;10;14;10;0
32186;1682;1058;10;14;10;0
32187;1670;1058;10;14;10;0
32189;1658;1058;10;14;10;0
32190;1646;1058;10;14;10;0
32191;1634;1058;10;14;10;0
32193;1622;1058;10;14;10;0
32196;1610;1058;10;14;10;0
32199;1598;1058;10;14;10;0
32202;1586;1058;10;14;10;0
32203;1694;1058;10;14;10;0
32205;1574;1058;10;14;10;0
32207;1550;1058;10;14;10;0
32209;1538;1058;10;14;10;0
32210;1526;1058;10;14;10;0
32213;1514;1058;10;14;10;0
32216;1502;1058;10;14;10;0
32217;1490;1058;10;14;10;0
32218;1478;1058;10;14;10;0
32220;1466;1058;10;14;10;0
32221;1454;1058;10;14;10;0
32222;1166;1058;10;14;10;0
32224;1562;1058;10;14;10;0
32225;1154;1058;10;14;10;0
32227;998;1058;10;14;10;0
32228;830;1058;10;14;10;0
32232;818;1058;10;14;10;0
32233;806;1058;10;14;10;0
32236;794;1058;10;14;10;0
32239;782;1058;10;14;10;0
32241;770;1058;10;14;10;0
32242;758;1058;10;14;10;0
32244;746;1058;10;14;10;0
32249;734;1058;10;14;10;0
32251;722;1058;10;14;10;0
32257;710;1058;10;14;10;0
32260;698;1058;10;14;10;0
32261;686;1058;10;14;10;0
32264;674;1058;10;14;10;0
32265;662;1058;10;14;10;0
32266;650;1058;10;14;10;0
32267;638;1058;10;14;10;0
32272;626;1058;10;14;10;0
32273;614;1058;10;14;10;0
32274;842;1058;10;14;10;0
32277;854;1058;10;14;10;0
32283;866;1058;10;14;10;0
32285;878;1058;10;14;10;0
32286;1118;1058;10;14;10;0
32287;1106;1058;10;14;10;0
32289;1094;1058;10;14;10;0
32290;1082;1058;10;14;10;0
32291;1070;1058;10;14;10;0
32294;1058;1058;10;14;10;0
32295;1046;1058;10;14;10;0
32299;1034;1058;10;14;10;0
32301;1022;1058;10;14;10;0
32302;1130;1058;10;14;10;0
32303;1010;1058;10;14;10;0
32305;986;1058;10;14;10;0
32306;974;1058;10;14;10;0
32307;962;1058;10;14;10;0
32308;950;1058;10;14;10;0
32309;938;1058;10;14;10;0
32311;926;1058;10;14;10;0
32313;914;1058;10;14;10;0
32314;902;1058;10;14;10;0
32315;890;1058;10;14;10;0
32317;1142;1058;10;14;10;0
32318;1718;1058;10;14;10;0
32319;2270;1058;10;14;10;0
32321;1730;1058;10;14;10;0
32323;2522;1058;10;14;10;0
32325;2510;1058;10;14;10;0
32326;2498;1058;10;14;10;0
32327;2486;1058;10;14;10;0
32328;2474;1058;10;14;10;0
32330;2462;1058;10;14;10;0
32331;2450;1058;10;14;10;0
32333;2438;1058;10;14;10;0
32337;2426;1058;10;14;10;0
32338;2414;1058;10;14;10;0
32340;2402;1058;10;14;10;0
32341;2390;1058;10;14;10;0
32342;2378;1058;10;14;10;0
32345;2366;1058;10;14;10;0
32346;2354;1058;10;14;10;0
32349;2342;1058;10;14;10;0
32350;2330;1058;10;14;10;0
32353;2318;1058;10;14;10;0
32358;2306;1058;10;14;10;0
32359;2534;1058;10;14;10;0
32361;2546;1058;10;14;10;0
32362;2558;1058;10;14;10;0
32363;2570;1058;10;14;10;0
32365;2810;1058;10;14;10;0
32366;2798;1058;10;14;10;0
32368;2786;1058;10;14;10;0
32371;2774;1058;10;14;10;0
32377;2762;1058;10;14;10;0
32379;2750;1058;10;14;10;0
32380;2738;1058;10;14;10;0
32381;2726;1058;10;14;10;0
32382;2714;1058;10;14;10;0
32383;2822;1058;10;14;10;0
32386;2702;1058;10;14;10;0
32387;2678;1058;10;14;10;0
32391;2666;1058;10;14;10;0
32392;2654;1058;10;14;10;0
32393;2642;1058;10;14;10;0
32396;2630;1058;10;14;10;0
32397;2618;1058;10;14;10;0
32398;2606;1058;10;14;10;0
32399;2594;1058;10;14;10;0
32400;2582;1058;10;14;10;0
32402;2294;1058;10;14;10;0
32403;2690;1058;10;14;10;0
32404;2282;1058;10;14;10;0
32406;2126;1058;10;14;10;0
32408;1958;1058;10;14;10;0
32411;1946;1058;10;14;10;0
32412;1934;1058;10;14;10;0
32416;1922;1058;10;14;10;0
32418;1910;1058;10;14;10;0
32420;1898;1058;10;14;10;0
32422;1886;1058;10;14;10;0
32423;1874;1058;10;14;10;0
32424;1862;1058;10;14;10;0
32425;1850;1058;10;14;10;0
32426;1838;1058;10;14;10;0
32427;1826;1058;10;14;10;0
32428;1814;1058;10;14;10;0
32429;1802;1058;10;14;10;0
32431;1790;1058;10;14;10;0
32433;1778;1058;10;14;10;0
32434;1766;1058;10;14;10;0
32435;1754;1058;10;14;10;0
32437;1742;1058;10;14;10;0
32438;1970;1058;10;14;10;0
32439;1982;1058;10;14;10;0
32440;1994;1058;10;14;10;0
32441;2006;1058;10;14;10;0
32442;2246;1058;10;14;10;0
32443;2234;1058;10;14;10;0
32445;2222;1058;10;14;10;0
32447;2210;1058;10;14;10;0
32451;2198;1058;10;14;10;0
32452;2186;1058;10;14;10;0
32453;2174;1058;10;14;10;0
32454;2162;1058;10;14;10;0
32455;2150;1058;10;14;10;0
32456;2258;1058;10;14;10;0
32457;2138;1058;10;14;10;0
32458;2114;1058;10;14;10;0
32460;2102;1058;10;14;10;0
32461;2090;1058;10;14;10;0
32462;2078;1058;10;14;10;0
32463;2066;1058;10;14;10;0
32465;2054;1058;10;14;10;0
32466;2042;1058;10;14;10;0
32467;2030;1058;10;14;10;0
32468;2018;1058;10;14;10;0
32469;602;1058;10;14;10;0
32472;590;1058;10;14;10;0
32473;578;1058;10;14;10;0
32474;14;1058;10;14;10;0
32476;3230;1042;10;14;10;0
32477;3218;1042;10;14;10;0
32478;3206;1042;10;14;10;0
32479;3194;1042;10;14;10;0
32480;3182;1042;10;14;10;0
32482;3170;1042;10;14;10;0
32483;3158;1042;10;14;10;0
32485;3146;1042;10;14;10;0
32486;3134;1042;10;14;10;0
32487;3122;1042;10;14;10;0
32489;3110;1042;10;14;10;0
32490;3098;1042;10;14;10;0
32491;3086;1042;10;14;10;0
32493;3074;1042;10;14;10;0
32494;3062;1042;10;14;10;0
32495;3050;1042;10;14;10;0
32496;3038;1042;10;14;10;0
32499;3026;1042;10;14;10;0
32500;3014;1042;10;14;10;0
32501;3242;1042;10;14;10;0
32503;3254;1042;10;14;10;0
32504;3266;1042;10;14;10;0
32508;3278;1042;10;14;10;0
32509;3518;1042;10;14;10;0
32511;3506;1042;10;14;10;0
32512;3494;1042;10;14;10;0
32515;3482;1042;10;14;10;0
32516;3470;1042;10;14;10;0
32517;3458;1042;10;14;10;0
32518;3446;1042;10;14;10;0
32519;3434;1042;10;14;10;0
32520;3422;1042;10;14;10;0
32521;3530;1042;10;14;10;0
32526;3410;1042;10;14;10;0
32527;3386;1042;10;14;10;0
32531;3374;1042;10;14;10;0
32532;3362;1042;10;14;10;0
32533;3350;1042;10;14;10;0
32534;3338;1042;10;14;10;0
32536;3326;1042;10;14;10;0
32537;3314;1042;10;14;10;0
32538;3302;1042;10;14;10;0
32541;3290;1042;10;14;10;0
32544;3002;1042;10;14;10;0
32545;2990;1042;10;14;10;0
32548;2978;1042;10;14;10;0
32550;2702;1042;10;14;10;0
32552;2678;1042;10;14;10;0
32553;2666;1042;10;14;10;0
32554;2654;1042;10;14;10;0
32555;2642;1042;10;14;10;0
32556;2630;1042;10;14;10;0
32557;2618;1042;10;14;10;0
32558;2606;1042;10;14;10;0
32560;2594;1042;10;14;10;0
32564;2582;1042;10;14;10;0
32566;2570;1042;10;14;10;0
32568;2558;1042;10;14;10;0
32570;2546;1042;10;14;10;0
32573;2534;1042;10;14;10;0
32580;2522;1042;10;14;10;0
32581;2510;1042;10;14;10;0
32584;2498;1042;10;14;10;0
32588;2486;1042;10;14;10;0
32589;2474;1042;10;14;10;0
32590;2462;1042;10;14;10;0
32591;2690;1042;10;14;10;0
32592;2714;1042;10;14;10;0
32593;2966;1042;10;14;10;0
32596;2726;1042;10;14;10;0
32597;2954;1042;10;14;10;0
32599;2942;1042;10;14;10;0
32600;2930;1042;10;14;10;0
32602;2918;1042;10;14;10;0
32607;2906;1042;10;14;10;0
32608;2894;1042;10;14;10;0
32609;2882;1042;10;14;10;0
32610;2870;1042;10;14;10;0
32611;2858;1042;10;14;10;0
32615;2846;1042;10;14;10;0
32616;2834;1042;10;14;10;0
32617;2822;1042;10;14;10;0
32618;2810;1042;10;14;10;0
32619;2798;1042;10;14;10;0
32622;2786;1042;10;14;10;0
32624;2774;1042;10;14;10;0
32626;2762;1042;10;14;10;0
32629;2750;1042;10;14;10;0
32631;2738;1042;10;14;10;0
32632;3398;1042;10;14;10;0
32633;3542;1042;10;14;10;0
32641;3554;1042;10;14;10;0
32642;3566;1042;10;14;10;0
32643;266;1058;10;14;10;0
32645;254;1058;10;14;10;0
32646;242;1058;10;14;10;0
32647;230;1058;10;14;10;0
32648;218;1058;10;14;10;0
32650;206;1058;10;14;10;0
32651;194;1058;10;14;10;0
32652;182;1058;10;14;10;0
32654;170;1058;10;14;10;0
32660;158;1058;10;14;10;0
32663;146;1058;10;14;10;0
32666;134;1058;10;14;10;0
32669;122;1058;10;14;10;0
32670;110;1058;10;14;10;0
32673;98;1058;10;14;10;0
32675;86;1058;10;14;10;0
32676;74;1058;10;14;10;0
32677;62;1058;10;14;10;0
32679;50;1058;10;14;10;0
32680;278;1058;10;14;10;0
32681;290;1058;10;14;10;0
32686;302;1058;10;14;10;0
32687;314;1058;10;14;10;0
32688;554;1058;10;14;10;0
32690;542;1058;10;14;10;0
32694;530;1058;10;14;10;0
32696;518;1058;10;14;10;0
32697;506;1058;10;14;10;0
32700;494;1058;10;14;10;0
32701;482;1058;10;14;10;0
32703;470;1058;10;14;10;0
32705;458;1058;10;14;10;0
32709;566;1058;10;14;10;0
32710;446;1058;10;14;10;0
32714;422;1058;10;14;10;0
32716;410;1058;10;14;10;0
32718;398;1058;10;14;10;0
32722;386;1058;10;14;10;0
32724;374;1058;10;14;10;0
32725;362;1058;10;14;10;0
32728;350;1058;10;14;10;0
32735;338;1058;10;14;10;0
32736;326;1058;10;14;10;0
32737;38;1058;10;14;10;0
32741;434;1058;10;14;10;0
32742;26;1058;10;14;10;0
32745;3962;1042;10;14;10;0
32747;3794;1042;10;14;10;0
32748;3782;1042;10;14;10;0
32750;3770;1042;10;14;10;0
32752;3758;1042;10;14;10;0
32753;3746;1042;10;14;10;0
32755;3734;1042;10;14;10;0
32761;3722;1042;10;14;10;0
32762;3710;1042;10;14;10;0
32763;3698;1042;10;14;10;0
32764;3686;1042;10;14;10;0
32768;3674;1042;10;14;10;0
32769;3662;1042;10;14;10;0
32771;3650;1042;10;14;10;0
32772;3638;1042;10;14;10;0
32773;3626;1042;10;14;10;0
32774;3614;1042;10;14;10;0
32779;3602;1042;10;14;10;0
32780;3590;1042;10;14;10;0
32781;3578;1042;10;14;10;0
32784;3806;1042;10;14;10;0
32785;3818;1042;10;14;10;0
32786;3830;1042;10;14;10;0
32788;3842;1042;10;14;10;0
32789;4082;1042;10;14;10;0
32790;4070;1042;10;14;10;0
32791;4058;1042;10;14;10;0
32792;4046;1042;10;14;10;0
32793;4034;1042;10;14;10;0
32796;4022;1042;10;14;10;0
32800;4010;1042;10;14;10;0
32801;3998;1042;10;14;10;0
32802;3986;1042;10;14;10;0
32805;2;1058;10;14;10;0
32806;3974;1042;10;14;10;0
32807;3950;1042;10;14;10;0
32808;3938;1042;10;14;10;0
32809;3926;1042;10;14;10;0
32810;3914;1042;10;14;10;0
32819;3902;1042;10;14;10;0
32822;3890;1042;10;14;10;0
32823;3878;1042;10;14;10;0
32824;3866;1042;10;14;10;0
32827;3854;1042;10;14;10;0
32829;1706;1058;10;14;10;0
32831;2834;1058;10;14;10;0
32834;2846;1058;10;14;10;0
32835;2858;1058;10;14;10;0
32838;1814;1074;10;14;10;0
32842;1802;1074;10;14;10;0
32843;1790;1074;10;14;10;0
32844;1778;1074;10;14;10;0
32845;1766;1074;10;14;10;0
32850;1754;1074;10;14;10;0
32852;1742;1074;10;14;10;0
32854;1730;1074;10;14;10;0
32856;1718;1074;10;14;10;0
32858;1706;1074;10;14;10;0
32862;1694;1074;10;14;10;0
32863;1682;1074;10;14;10;0
32865;1670;1074;10;14;10;0
32866;1658;1074;10;14;10;0
32872;1646;1074;10;14;10;0
32874;1634;1074;10;14;10;0
32879;1622;1074;10;14;10;0
32880;1610;1074;10;14;10;0
32881;1598;1074;10;14;10;0
32882;1826;1074;10;14;10;0
32883;1838;1074;10;14;10;0
32884;1850;1074;10;14;10;0
32885;1862;1074;10;14;10;0
32886;2102;1074;10;14;10;0
32887;2090;1074;10;14;10;0
32889;2078;1074;10;14;10;0
32893;2066;1074;10;14;10;0
32894;2054;1074;10;14;10;0
32895;2042;1074;10;14;10;0
32899;2030;1074;10;14;10;0
32900;2018;1074;10;14;10;0
32901;2006;1074;10;14;10;0
32902;2114;1074;10;14;10;0
32903;1994;1074;10;14;10;0
32905;1970;1074;10;14;10;0
32907;1958;1074;10;14;10;0
32908;1946;1074;10;14;10;0
32911;1934;1074;10;14;10;0
32915;1922;1074;10;14;10;0
32916;1910;1074;10;14;10;0
32917;1898;1074;10;14;10;0
32918;1886;1074;10;14;10;0
32920;1874;1074;10;14;10;0
32922;1586;1074;10;14;10;0
32923;1982;1074;10;14;10;0
32925;1574;1074;10;14;10;0
32928;1418;1074;10;14;10;0
32929;1250;1074;10;14;10;0
32930;1238;1074;10;14;10;0
32932;1226;1074;10;14;10;0
32933;1214;1074;10;14;10;0
32937;1202;1074;10;14;10;0
32938;1190;1074;10;14;10;0
32939;1178;1074;10;14;10;0
32940;1166;1074;10;14;10;0
32941;1154;1074;10;14;10;0
32942;1142;1074;10;14;10;0
32943;1130;1074;10;14;10;0
32945;1118;1074;10;14;10;0
32946;1106;1074;10;14;10;0
32948;1094;1074;10;14;10;0
32950;1082;1074;10;14;10;0
32954;1070;1074;10;14;10;0
32957;1058;1074;10;14;10;0
32958;1046;1074;10;14;10;0
32959;1034;1074;10;14;10;0
32960;1262;1074;10;14;10;0
32961;1274;1074;10;14;10;0
32963;1286;1074;10;14;10;0
32964;1298;1074;10;14;10;0
32966;1538;1074;10;14;10;0
32972;1526;1074;10;14;10;0
32974;1514;1074;10;14;10;0
32977;1502;1074;10;14;10;0
32982;1490;1074;10;14;10;0
32983;1478;1074;10;14;10;0
32985;1466;1074;10;14;10;0
32986;1454;1074;10;14;10;0
32987;1442;1074;10;14;10;0
32988;1550;1074;10;14;10;0
32989;1430;1074;10;14;10;0
32990;1406;1074;10;14;10;0
32993;1394;1074;10;14;10;0
32996;1382;1074;10;14;10;0
32997;1370;1074;10;14;10;0
32999;1358;1074;10;14;10;0
33005;1346;1074;10;14;10;0
33007;1334;1074;10;14;10;0
33008;1322;1074;10;14;10;0
33009;1310;1074;10;14;10;0
33011;1562;1074;10;14;10;0
33012;2138;1074;10;14;10;0
33014;2690;1074;10;14;10;0
33016;2150;1074;10;14;10;0
33018;2942;1074;10;14;10;0
33020;2930;1074;10;14;10;0
33021;2918;1074;10;14;10;0
33023;2906;1074;10;14;10;0
33026;2894;1074;10;14;10;0
33029;2882;1074;10;14;10;0
33030;2870;1074;10;14;10;0
33031;2858;1074;10;14;10;0
33032;2846;1074;10;14;10;0
33033;2834;1074;10;14;10;0
33034;2822;1074;10;14;10;0
33037;2810;1074;10;14;10;0
33038;2798;1074;10;14;10;0
33039;2786;1074;10;14;10;0
33040;2774;1074;10;14;10;0
33041;2762;1074;10;14;10;0
33043;2750;1074;10;14;10;0
33044;2738;1074;10;14;10;0
33046;2726;1074;10;14;10;0
33047;2954;1074;10;14;10;0
33048;2966;1074;10;14;10;0
33050;2978;1074;10;14;10;0
33051;2990;1074;10;14;10;0
33053;3230;1074;10;14;10;0
33058;3218;1074;10;14;10;0
33059;3206;1074;10;14;10;0
33060;3194;1074;10;14;10;0
33062;3182;1074;10;14;10;0
33065;3170;1074;10;14;10;0
33067;3158;1074;10;14;10;0
33071;3146;1074;10;14;10;0
33072;3134;1074;10;14;10;0
33073;3242;1074;10;14;10;0
33075;3122;1074;10;14;10;0
33078;3098;1074;10;14;10;0
33079;3086;1074;10;14;10;0
33080;3074;1074;10;14;10;0
33081;3062;1074;10;14;10;0
33086;3050;1074;10;14;10;0
33090;3038;1074;10;14;10;0
33094;3026;1074;10;14;10;0
33096;3014;1074;10;14;10;0
33098;3002;1074;10;14;10;0
33099;2714;1074;10;14;10;0
33100;3110;1074;10;14;10;0
33102;2702;1074;10;14;10;0
33104;2546;1074;10;14;10;0
33105;2378;1074;10;14;10;0
33107;2366;1074;10;14;10;0
33108;2354;1074;10;14;10;0
33109;2342;1074;10;14;10;0
33113;2330;1074;10;14;10;0
33114;2318;1074;10;14;10;0
33119;2306;1074;10;14;10;0
33125;2294;1074;10;14;10;0
33126;2282;1074;10;14;10;0
33129;2270;1074;10;14;10;0
33131;2258;1074;10;14;10;0
33133;2246;1074;10;14;10;0
33134;2234;1074;10;14;10;0
33136;2222;1074;10;14;10;0
33137;2210;1074;10;14;10;0
33139;2198;1074;10;14;10;0
33140;2186;1074;10;14;10;0
33144;2174;1074;10;14;10;0
33145;2162;1074;10;14;10;0
33146;2390;1074;10;14;10;0
33147;2402;1074;10;14;10;0
33148;2414;1074;10;14;10;0
33150;2426;1074;10;14;10;0
33151;2666;1074;10;14;10;0
33152;2654;1074;10;14;10;0
33154;2642;1074;10;14;10;0
33155;2630;1074;10;14;10;0
33160;2618;1074;10;14;10;0
33162;2606;1074;10;14;10;0
33163;2594;1074;10;14;10;0
33166;2582;1074;10;14;10;0
33167;2570;1074;10;14;10;0
33171;2678;1074;10;14;10;0
33173;2558;1074;10;14;10;0
33176;2534;1074;10;14;10;0
33178;2522;1074;10;14;10;0
33179;2510;1074;10;14;10;0
33180;2498;1074;10;14;10;0
33181;2486;1074;10;14;10;0
33182;2474;1074;10;14;10;0
33184;2462;1074;10;14;10;0
33187;2450;1074;10;14;10;0
33188;2438;1074;10;14;10;0
33189;1022;1074;10;14;10;0
33192;2126;1074;10;14;10;0
33193;1010;1074;10;14;10;0
33200;3962;1058;10;14;10;0
33203;3650;1058;10;14;10;0
33205;3638;1058;10;14;10;0
33206;3626;1058;10;14;10;0
33208;3614;1058;10;14;10;0
33210;3602;1058;10;14;10;0
33211;3590;1058;10;14;10;0
33213;3578;1058;10;14;10;0
33214;3566;1058;10;14;10;0
33215;3554;1058;10;14;10;0
33216;3542;1058;10;14;10;0
33218;3530;1058;10;14;10;0
33219;3518;1058;10;14;10;0
33222;3506;1058;10;14;10;0
33224;3494;1058;10;14;10;0
33225;3482;1058;10;14;10;0
33226;3470;1058;10;14;10;0
33229;3458;1058;10;14;10;0
33231;3446;1058;10;14;10;0
33233;3434;1058;10;14;10;0
33235;3662;1058;10;14;10;0
33240;3674;1058;10;14;10;0
33241;3686;1058;10;14;10;0
33242;3698;1058;10;14;10;0
33247;3938;1058;10;14;10;0
33248;3926;1058;10;14;10;0
33250;3914;1058;10;14;10;0
33251;3902;1058;10;14;10;0
33253;3890;1058;10;14;10;0
33255;3878;1058;10;14;10;0
33256;3866;1058;10;14;10;0
33258;3854;1058;10;14;10;0
33260;3842;1058;10;14;10;0
33261;3950;1058;10;14;10;0
33267;3830;1058;10;14;10;0
33268;3806;1058;10;14;10;0
33274;3794;1058;10;14;10;0
33275;3782;1058;10;14;10;0
33276;3770;1058;10;14;10;0
33278;3758;1058;10;14;10;0
33280;3746;1058;10;14;10;0
33281;3734;1058;10;14;10;0
33282;3722;1058;10;14;10;0
33284;3710;1058;10;14;10;0
33285;3422;1058;10;14;10;0
33286;3818;1058;10;14;10;0
33287;3410;1058;10;14;10;0
33288;3254;1058;10;14;10;0
33289;3086;1058;10;14;10;0
33290;3074;1058;10;14;10;0
33292;3062;1058;10;14;10;0
33293;3050;1058;10;14;10;0
33294;3038;1058;10;14;10;0
33296;3026;1058;10;14;10;0
33298;3014;1058;10;14;10;0
33300;3002;1058;10;14;10;0
33302;2990;1058;10;14;10;0
33303;2978;1058;10;14;10;0
33304;2966;1058;10;14;10;0
33307;2954;1058;10;14;10;0
33308;2942;1058;10;14;10;0
33310;2930;1058;10;14;10;0
33311;2918;1058;10;14;10;0
33314;2906;1058;10;14;10;0
33315;2894;1058;10;14;10;0
33318;2882;1058;10;14;10;0
33320;2870;1058;10;14;10;0
33321;3098;1058;10;14;10;0
33322;3110;1058;10;14;10;0
33323;3122;1058;10;14;10;0
33324;3134;1058;10;14;10;0
33326;3374;1058;10;14;10;0
33328;3362;1058;10;14;10;0
33329;3350;1058;10;14;10;0
33331;3338;1058;10;14;10;0
33333;3326;1058;10;14;10;0
33334;3314;1058;10;14;10;0
33335;3302;1058;10;14;10;0
33336;3290;1058;10;14;10;0
33337;3278;1058;10;14;10;0
33338;3386;1058;10;14;10;0
33344;3266;1058;10;14;10;0
33351;3242;1058;10;14;10;0
33353;3230;1058;10;14;10;0
33355;3218;1058;10;14;10;0
33359;3206;1058;10;14;10;0
33368;3194;1058;10;14;10;0
33369;3182;1058;10;14;10;0
33370;3170;1058;10;14;10;0
33373;3158;1058;10;14;10;0
33375;3146;1058;10;14;10;0
33378;3398;1058;10;14;10;0
33380;3974;1058;10;14;10;0
33382;434;1074;10;14;10;0
33384;3986;1058;10;14;10;0
33386;686;1074;10;14;10;0
33387;674;1074;10;14;10;0
33390;662;1074;10;14;10;0
33391;650;1074;10;14;10;0
33392;638;1074;10;14;10;0
33393;626;1074;10;14;10;0
33394;614;1074;10;14;10;0
33395;602;1074;10;14;10;0
33398;590;1074;10;14;10;0
33399;578;1074;10;14;10;0
33400;566;1074;10;14;10;0
33401;554;1074;10;14;10;0
33402;542;1074;10;14;10;0
33406;530;1074;10;14;10;0
33410;518;1074;10;14;10;0
33411;506;1074;10;14;10;0
33418;494;1074;10;14;10;0
33419;482;1074;10;14;10;0
33421;470;1074;10;14;10;0
33422;698;1074;10;14;10;0
33426;710;1074;10;14;10;0
33431;722;1074;10;14;10;0
33433;734;1074;10;14;10;0
33436;974;1074;10;14;10;0
33437;962;1074;10;14;10;0
33439;950;1074;10;14;10;0
33440;938;1074;10;14;10;0
33441;926;1074;10;14;10;0
33443;914;1074;10;14;10;0
33445;902;1074;10;14;10;0
33446;890;1074;10;14;10;0
33447;878;1074;10;14;10;0
33449;986;1074;10;14;10;0
33450;866;1074;10;14;10;0
33451;842;1074;10;14;10;0
33452;830;1074;10;14;10;0
33453;818;1074;10;14;10;0
33454;806;1074;10;14;10;0
33455;794;1074;10;14;10;0
33456;782;1074;10;14;10;0
33457;770;1074;10;14;10;0
33459;758;1074;10;14;10;0
33461;746;1074;10;14;10;0
33463;458;1074;10;14;10;0
33464;854;1074;10;14;10;0
33465;446;1074;10;14;10;0
33467;290;1074;10;14;10;0
33469;122;1074;10;14;10;0
33470;110;1074;10;14;10;0
33477;98;1074;10;14;10;0
33479;86;1074;10;14;10;0
33480;74;1074;10;14;10;0
33483;62;1074;10;14;10;0
33485;50;1074;10;14;10;0
33486;38;1074;10;14;10;0
33487;26;1074;10;14;10;0
33489;14;1074;10;14;10;0
33490;2;1074;10;14;10;0
33491;4082;1058;10;14;10;0
33492;4070;1058;10;14;10;0
33493;4058;1058;10;14;10;0
33494;4046;1058;10;14;10;0
33495;4034;1058;10;14;10;0
33496;4022;1058;10;14;10;0
33497;4010;1058;10;14;10;0
33499;3998;1058;10;14;10;0
33500;134;1074;10;14;10;0
33502;146;1074;10;14;10;0
33503;158;1074;10;14;10;0
33505;170;1074;10;14;10;0
33507;410;1074;10;14;10;0
33509;398;1074;10;14;10;0
33510;386;1074;10;14;10;0
33511;374;1074;10;14;10;0
33515;362;1074;10;14;10;0
33519;350;1074;10;14;10;0
33521;338;1074;10;14;10;0
33523;326;1074;10;14;10;0
33524;314;1074;10;14;10;0
33527;422;1074;10;14;10;0
33529;302;1074;10;14;10;0
33530;278;1074;10;14;10;0
33531;266;1074;10;14;10;0
33537;254;1074;10;14;10;0
33538;242;1074;10;14;10;0
33539;230;1074;10;14;10;0
33540;218;1074;10;14;10;0
33541;206;1074;10;14;10;0
33542;194;1074;10;14;10;0
33545;182;1074;10;14;10;0
33548;782;978;10;14;10;0
33549;2426;1042;10;14;10;0
33550;770;978;10;14;10;0
33553;3182;898;10;14;10;0
33556;1322;882;10;14;10;0
33557;1310;882;10;14;10;0
33558;1298;882;10;14;10;0
33559;1286;882;10;14;10;0
33560;1274;882;10;14;10;0
33563;1262;882;10;14;10;0
33564;1250;882;10;14;10;0
33566;1238;882;10;14;10;0
33571;1226;882;10;14;10;0
33575;1214;882;10;14;10;0
33576;1202;882;10;14;10;0
33579;1190;882;10;14;10;0
33580;1178;882;10;14;10;0
33581;1166;882;10;14;10;0
33583;1154;882;10;14;10;0
33585;1142;882;10;14;10;0
33586;1130;882;10;14;10;0
33588;1118;882;10;14;10;0
33589;1106;882;10;14;10;0
33590;1334;882;10;14;10;0
33592;1346;882;10;14;10;0
33593;1358;882;10;14;10;0
33594;1370;882;10;14;10;0
33596;1610;882;10;14;10;0
33600;1598;882;10;14;10;0
33603;1586;882;10;14;10;0
33605;1574;882;10;14;10;0
33606;1562;882;10;14;10;0
33607;1550;882;10;14;10;0
33609;1538;882;10;14;10;0
33610;1526;882;10;14;10;0
33614;1514;882;10;14;10;0
33615;1622;882;10;14;10;0
33616;1502;882;10;14;10;0
33618;1478;882;10;14;10;0
33620;1466;882;10;14;10;0
33622;1454;882;10;14;10;0
33623;1442;882;10;14;10;0
33624;1430;882;10;14;10;0
33626;1418;882;10;14;10;0
33627;1406;882;10;14;10;0
33630;1394;882;10;14;10;0
33631;1382;882;10;14;10;0
33632;1094;882;10;14;10;0
33633;1490;882;10;14;10;0
33635;1082;882;10;14;10;0
33636;926;882;10;14;10;0
33639;758;882;10;14;10;0
33642;746;882;10;14;10;0
33643;734;882;10;14;10;0
33644;722;882;10;14;10;0
33647;710;882;10;14;10;0
33650;698;882;10;14;10;0
33651;686;882;10;14;10;0
33653;674;882;10;14;10;0
33655;662;882;10;14;10;0
33656;650;882;10;14;10;0
33658;638;882;10;14;10;0
33659;626;882;10;14;10;0
33660;614;882;10;14;10;0
33661;602;882;10;14;10;0
33668;590;882;10;14;10;0
33669;578;882;10;14;10;0
33670;566;882;10;14;10;0
33671;554;882;10;14;10;0
33673;542;882;10;14;10;0
33674;770;882;10;14;10;0
33678;782;882;10;14;10;0
33682;794;882;10;14;10;0
33683;806;882;10;14;10;0
33685;1046;882;10;14;10;0
33686;1034;882;10;14;10;0
33688;1022;882;10;14;10;0
33690;1010;882;10;14;10;0
33691;998;882;10;14;10;0
33692;986;882;10;14;10;0
33694;974;882;10;14;10;0
33695;962;882;10;14;10;0
33696;950;882;10;14;10;0
33698;1058;882;10;14;10;0
33703;938;882;10;14;10;0
33704;914;882;10;14;10;0
33705;902;882;10;14;10;0
33706;890;882;10;14;10;0
33707;878;882;10;14;10;0
33713;866;882;10;14;10;0
33714;854;882;10;14;10;0
33717;842;882;10;14;10;0
33719;830;882;10;14;10;0
33721;818;882;10;14;10;0
33722;1070;882;10;14;10;0
33725;1646;882;10;14;10;0
33727;2198;882;10;14;10;0
33728;1658;882;10;14;10;0
33729;2450;882;10;14;10;0
33733;2438;882;10;14;10;0
33735;2426;882;10;14;10;0
33736;2414;882;10;14;10;0
33737;2402;882;10;14;10;0
33738;2390;882;10;14;10;0
33740;2378;882;10;14;10;0
33742;2366;882;10;14;10;0
33743;2354;882;10;14;10;0
33745;2342;882;10;14;10;0
33747;2330;882;10;14;10;0
33748;2318;882;10;14;10;0
33750;2306;882;10;14;10;0
33752;2294;882;10;14;10;0
33756;2282;882;10;14;10;0
33759;2270;882;10;14;10;0
33760;2258;882;10;14;10;0
33761;2246;882;10;14;10;0
33769;2234;882;10;14;10;0
33770;2462;882;10;14;10;0
33771;2474;882;10;14;10;0
33775;2486;882;10;14;10;0
33776;2498;882;10;14;10;0
33777;2738;882;10;14;10;0
33778;2726;882;10;14;10;0
33780;2714;882;10;14;10;0
33783;2702;882;10;14;10;0
33784;2690;882;10;14;10;0
33787;2678;882;10;14;10;0
33789;2666;882;10;14;10;0
33793;2654;882;10;14;10;0
33795;2642;882;10;14;10;0
33796;2750;882;10;14;10;0
33799;2630;882;10;14;10;0
33802;2606;882;10;14;10;0
33803;2594;882;10;14;10;0
33804;2582;882;10;14;10;0
33805;2570;882;10;14;10;0
33806;2558;882;10;14;10;0
33807;2546;882;10;14;10;0
33811;2534;882;10;14;10;0
33819;2522;882;10;14;10;0
33821;2510;882;10;14;10;0
33824;2222;882;10;14;10;0
33826;2618;882;10;14;10;0
33827;2210;882;10;14;10;0
33828;2054;882;10;14;10;0
33829;1886;882;10;14;10;0
33830;1874;882;10;14;10;0
33831;1862;882;10;14;10;0
33832;1850;882;10;14;10;0
33833;1838;882;10;14;10;0
33834;1826;882;10;14;10;0
33836;1814;882;10;14;10;0
33841;1802;882;10;14;10;0
33845;1790;882;10;14;10;0
33848;1778;882;10;14;10;0
33851;1766;882;10;14;10;0
33852;1754;882;10;14;10;0
33853;1742;882;10;14;10;0
33862;1730;882;10;14;10;0
33863;1718;882;10;14;10;0
33865;1706;882;10;14;10;0
33870;1694;882;10;14;10;0
33874;1682;882;10;14;10;0
33878;1670;882;10;14;10;0
33879;1898;882;10;14;10;0
33881;1910;882;10;14;10;0
33882;1922;882;10;14;10;0
33883;1934;882;10;14;10;0
33889;2174;882;10;14;10;0
33890;2162;882;10;14;10;0
33891;2150;882;10;14;10;0
33894;2138;882;10;14;10;0
33895;2126;882;10;14;10;0
33897;2114;882;10;14;10;0
33899;2102;882;10;14;10;0
33900;2090;882;10;14;10;0
33901;2078;882;10;14;10;0
33902;2186;882;10;14;10;0
33903;2066;882;10;14;10;0
33905;2042;882;10;14;10;0
33907;2030;882;10;14;10;0
33909;2018;882;10;14;10;0
33910;2006;882;10;14;10;0
33911;1994;882;10;14;10;0
33912;1982;882;10;14;10;0
33913;1970;882;10;14;10;0
33914;1958;882;10;14;10;0
33922;1946;882;10;14;10;0
33924;530;882;10;14;10;0
33931;1634;882;10;14;10;0
33933;518;882;10;14;10;0
33936;3470;866;10;14;10;0
33938;3158;866;10;14;10;0
33940;3146;866;10;14;10;0
33943;3134;866;10;14;10;0
33945;3122;866;10;14;10;0
33948;3110;866;10;14;10;0
33949;3098;866;10;14;10;0
33950;3086;866;10;14;10;0
33951;3074;866;10;14;10;0
33953;3062;866;10;14;10;0
33960;3050;866;10;14;10;0
33965;3038;866;10;14;10;0
33967;3026;866;10;14;10;0
33970;3014;866;10;14;10;0
33972;3002;866;10;14;10;0
33976;2990;866;10;14;10;0
33977;2978;866;10;14;10;0
33979;2966;866;10;14;10;0
33980;2954;866;10;14;10;0
33982;2942;866;10;14;10;0
33983;3170;866;10;14;10;0
33984;3182;866;10;14;10;0
33985;3194;866;10;14;10;0
33988;3206;866;10;14;10;0
33990;3446;866;10;14;10;0
33991;3434;866;10;14;10;0
33993;3422;866;10;14;10;0
33994;3410;866;10;14;10;0
33995;3398;866;10;14;10;0
33997;3386;866;10;14;10;0
34000;3374;866;10;14;10;0
34001;3362;866;10;14;10;0
34003;3350;866;10;14;10;0
34006;3458;866;10;14;10;0
34009;3338;866;10;14;10;0
34010;3314;866;10;14;10;0
34013;3302;866;10;14;10;0
34015;3290;866;10;14;10;0
34022;3278;866;10;14;10;0
34026;3266;866;10;14;10;0
34028;3254;866;10;14;10;0
34030;3242;866;10;14;10;0
34031;3230;866;10;14;10;0
34032;3218;866;10;14;10;0
34035;2930;866;10;14;10;0
34036;3326;866;10;14;10;0
34039;2918;866;10;14;10;0
34044;2762;866;10;14;10;0
34045;2594;866;10;14;10;0
34047;2582;866;10;14;10;0
34048;2570;866;10;14;10;0
34054;2558;866;10;14;10;0
34065;2546;866;10;14;10;0
34067;2534;866;10;14;10;0
34068;2522;866;10;14;10;0
34069;2510;866;10;14;10;0
34071;2498;866;10;14;10;0
34072;2486;866;10;14;10;0
34074;2474;866;10;14;10;0
34078;2462;866;10;14;10;0
34079;2450;866;10;14;10;0
34081;2438;866;10;14;10;0
34083;2426;866;10;14;10;0
34085;2414;866;10;14;10;0
34086;2402;866;10;14;10;0
34091;2390;866;10;14;10;0
34092;2378;866;10;14;10;0
34093;2606;866;10;14;10;0
34100;2618;866;10;14;10;0
34101;2630;866;10;14;10;0
34103;2642;866;10;14;10;0
34104;2882;866;10;14;10;0
34106;2870;866;10;14;10;0
34107;2858;866;10;14;10;0
34108;2846;866;10;14;10;0
34109;2834;866;10;14;10;0
34112;2822;866;10;14;10;0
34113;2810;866;10;14;10;0
34115;2798;866;10;14;10;0
34120;2786;866;10;14;10;0
34121;2894;866;10;14;10;0
34122;2774;866;10;14;10;0
34123;2750;866;10;14;10;0
34126;2738;866;10;14;10;0
34130;2726;866;10;14;10;0
34133;2714;866;10;14;10;0
34135;2702;866;10;14;10;0
34136;2690;866;10;14;10;0
34137;2678;866;10;14;10;0
34138;2666;866;10;14;10;0
34142;2654;866;10;14;10;0
34147;2906;866;10;14;10;0
34148;3482;866;10;14;10;0
34152;4034;866;10;14;10;0
34153;3494;866;10;14;10;0
34154;194;882;10;14;10;0
34157;182;882;10;14;10;0
34162;170;882;10;14;10;0
34164;158;882;10;14;10;0
34167;146;882;10;14;10;0
34169;134;882;10;14;10;0
34174;122;882;10;14;10;0
34176;110;882;10;14;10;0
34177;98;882;10;14;10;0
34180;86;882;10;14;10;0
34181;74;882;10;14;10;0
34183;62;882;10;14;10;0
34184;50;882;10;14;10;0
34186;38;882;10;14;10;0
34188;26;882;10;14;10;0
34191;14;882;10;14;10;0
34192;2;882;10;14;10;0
34193;4082;866;10;14;10;0
34196;4070;866;10;14;10;0
34199;206;882;10;14;10;0
34201;218;882;10;14;10;0
34203;230;882;10;14;10;0
34204;242;882;10;14;10;0
34212;482;882;10;14;10;0
34214;470;882;10;14;10;0
34216;458;882;10;14;10;0
34217;446;882;10;14;10;0
34218;434;882;10;14;10;0
34219;422;882;10;14;10;0
34220;410;882;10;14;10;0
34222;398;882;10;14;10;0
34223;386;882;10;14;10;0
34224;494;882;10;14;10;0
34228;374;882;10;14;10;0
34230;350;882;10;14;10;0
34232;338;882;10;14;10;0
34233;326;882;10;14;10;0
34234;314;882;10;14;10;0
34238;302;882;10;14;10;0
34241;290;882;10;14;10;0
34249;278;882;10;14;10;0
34253;266;882;10;14;10;0
34255;254;882;10;14;10;0
34256;4058;866;10;14;10;0
34259;362;882;10;14;10;0
34261;4046;866;10;14;10;0
34268;3890;866;10;14;10;0
34269;3722;866;10;14;10;0
34276;3710;866;10;14;10;0
34277;3698;866;10;14;10;0
34278;3686;866;10;14;10;0
34280;3674;866;10;14;10;0
34281;3662;866;10;14;10;0
34282;3650;866;10;14;10;0
34292;3638;866;10;14;10;0
34295;3626;866;10;14;10;0
34297;3614;866;10;14;10;0
34298;3602;866;10;14;10;0
34299;3590;866;10;14;10;0
34302;3578;866;10;14;10;0
34303;3566;866;10;14;10;0
34306;3554;866;10;14;10;0
34308;3542;866;10;14;10;0
34309;3530;866;10;14;10;0
34310;3518;866;10;14;10;0
34311;3506;866;10;14;10;0
34314;3734;866;10;14;10;0
34315;3746;866;10;14;10;0
34321;3758;866;10;14;10;0
34323;3770;866;10;14;10;0
34326;4010;866;10;14;10;0
34327;3998;866;10;14;10;0
34330;3986;866;10;14;10;0
34334;3974;866;10;14;10;0
34337;3962;866;10;14;10;0
34338;3950;866;10;14;10;0
34342;3938;866;10;14;10;0
34347;3926;866;10;14;10;0
34349;3914;866;10;14;10;0
34351;4022;866;10;14;10;0
34352;3902;866;10;14;10;0
34360;3878;866;10;14;10;0
34365;3866;866;10;14;10;0
34367;3854;866;10;14;10;0
34374;3842;866;10;14;10;0
34378;3830;866;10;14;10;0
34381;3818;866;10;14;10;0
34382;3806;866;10;14;10;0
34383;3794;866;10;14;10;0
34384;3782;866;10;14;10;0
34385;506;882;10;14;10;0
34388;2774;882;10;14;10;0
34389;926;898;10;14;10;0
34394;2786;882;10;14;10;0
34395;1742;898;10;14;10;0
34396;1730;898;10;14;10;0
34398;1718;898;10;14;10;0
34399;1706;898;10;14;10;0
34402;1694;898;10;14;10;0
34407;1682;898;10;14;10;0
34411;1670;898;10;14;10;0
34412;1658;898;10;14;10;0
34415;1646;898;10;14;10;0
34417;1634;898;10;14;10;0
34425;1622;898;10;14;10;0
34426;1610;898;10;14;10;0
34427;1598;898;10;14;10;0
34429;1586;898;10;14;10;0
34430;1574;898;10;14;10;0
34432;1562;898;10;14;10;0
34433;1550;898;10;14;10;0
34434;1538;898;10;14;10;0
34442;1526;898;10;14;10;0
34443;1754;898;10;14;10;0
34444;1766;898;10;14;10;0
34451;1778;898;10;14;10;0
34453;1790;898;10;14;10;0
34457;2030;898;10;14;10;0
34460;2018;898;10;14;10;0
34467;2006;898;10;14;10;0
34468;1994;898;10;14;10;0
34471;1982;898;10;14;10;0
34473;1970;898;10;14;10;0
34474;1958;898;10;14;10;0
34475;1946;898;10;14;10;0
34479;1934;898;10;14;10;0
34480;2042;898;10;14;10;0
34481;1922;898;10;14;10;0
34484;1898;898;10;14;10;0
34485;1886;898;10;14;10;0
34486;1874;898;10;14;10;0
34490;1862;898;10;14;10;0
34496;1850;898;10;14;10;0
34500;1838;898;10;14;10;0
34502;1826;898;10;14;10;0
34503;1814;898;10;14;10;0
34505;1802;898;10;14;10;0
34506;1514;898;10;14;10;0
34507;1910;898;10;14;10;0
34509;1502;898;10;14;10;0
34510;1346;898;10;14;10;0
34512;1178;898;10;14;10;0
34516;1166;898;10;14;10;0
34520;1154;898;10;14;10;0
34521;1142;898;10;14;10;0
34523;1130;898;10;14;10;0
34526;1118;898;10;14;10;0
34527;1106;898;10;14;10;0
34532;1094;898;10;14;10;0
34537;1082;898;10;14;10;0
34540;1070;898;10;14;10;0
34541;1058;898;10;14;10;0
34542;1046;898;10;14;10;0
34543;1034;898;10;14;10;0
34544;1022;898;10;14;10;0
34552;1010;898;10;14;10;0
34553;998;898;10;14;10;0
34554;986;898;10;14;10;0
34555;974;898;10;14;10;0
34558;962;898;10;14;10;0
34560;1190;898;10;14;10;0
34562;1202;898;10;14;10;0
34563;1214;898;10;14;10;0
34566;1226;898;10;14;10;0
34567;1466;898;10;14;10;0
34568;1454;898;10;14;10;0
34569;1442;898;10;14;10;0
34570;1430;898;10;14;10;0
34571;1418;898;10;14;10;0
34573;1406;898;10;14;10;0
34577;1394;898;10;14;10;0
34578;1382;898;10;14;10;0
34579;1370;898;10;14;10;0
34581;1478;898;10;14;10;0
34583;1358;898;10;14;10;0
34584;1334;898;10;14;10;0
34586;1322;898;10;14;10;0
34588;1310;898;10;14;10;0
34590;1298;898;10;14;10;0
34593;1286;898;10;14;10;0
34594;1274;898;10;14;10;0
34595;1262;898;10;14;10;0
34597;1250;898;10;14;10;0
34601;1238;898;10;14;10;0
34606;1490;898;10;14;10;0
34609;2066;898;10;14;10;0
34612;2618;898;10;14;10;0
34615;2078;898;10;14;10;0
34619;2870;898;10;14;10;0
34622;2858;898;10;14;10;0
34623;2846;898;10;14;10;0
34631;2834;898;10;14;10;0
34632;2822;898;10;14;10;0
34633;2810;898;10;14;10;0
34635;2798;898;10;14;10;0
34636;2786;898;10;14;10;0
34638;2774;898;10;14;10;0
34643;2762;898;10;14;10;0
34645;2750;898;10;14;10;0
34647;2738;898;10;14;10;0
34649;2726;898;10;14;10;0
34655;2714;898;10;14;10;0
34656;2702;898;10;14;10;0
34659;2690;898;10;14;10;0
34660;2678;898;10;14;10;0
34662;2666;898;10;14;10;0
34664;2654;898;10;14;10;0
34666;2882;898;10;14;10;0
34670;2894;898;10;14;10;0
34672;2906;898;10;14;10;0
34676;2918;898;10;14;10;0
34678;3158;898;10;14;10;0
34680;3146;898;10;14;10;0
34681;3134;898;10;14;10;0
34683;3122;898;10;14;10;0
34684;3110;898;10;14;10;0
34685;3098;898;10;14;10;0
34686;3086;898;10;14;10;0
34687;3074;898;10;14;10;0
34690;3062;898;10;14;10;0
34691;3170;898;10;14;10;0
34692;3050;898;10;14;10;0
34693;3026;898;10;14;10;0
34694;3014;898;10;14;10;0
34696;3002;898;10;14;10;0
34701;2990;898;10;14;10;0
34702;2978;898;10;14;10;0
34707;2966;898;10;14;10;0
34711;2954;898;10;14;10;0
34718;2942;898;10;14;10;0
34719;2930;898;10;14;10;0
34722;2642;898;10;14;10;0
34723;3038;898;10;14;10;0
34728;2630;898;10;14;10;0
34731;2474;898;10;14;10;0
34733;2306;898;10;14;10;0
34735;2294;898;10;14;10;0
34739;2282;898;10;14;10;0
34746;2270;898;10;14;10;0
34747;2258;898;10;14;10;0
34749;2246;898;10;14;10;0
34752;2234;898;10;14;10;0
34756;2222;898;10;14;10;0
34758;2210;898;10;14;10;0
34759;2198;898;10;14;10;0
34760;2186;898;10;14;10;0
34762;2174;898;10;14;10;0
34763;2162;898;10;14;10;0
34766;2150;898;10;14;10;0
34768;2138;898;10;14;10;0
34769;2126;898;10;14;10;0
34770;2114;898;10;14;10;0
34779;2102;898;10;14;10;0
34784;2090;898;10;14;10;0
34791;2318;898;10;14;10;0
34794;2330;898;10;14;10;0
34796;2342;898;10;14;10;0
34799;2354;898;10;14;10;0
34802;2594;898;10;14;10;0
34803;2582;898;10;14;10;0
34806;2570;898;10;14;10;0
34807;2558;898;10;14;10;0
34809;2546;898;10;14;10;0
34811;2534;898;10;14;10;0
34814;2522;898;10;14;10;0
34819;2510;898;10;14;10;0
34820;2498;898;10;14;10;0
34821;2606;898;10;14;10;0
34827;2486;898;10;14;10;0
34829;2462;898;10;14;10;0
34830;2450;898;10;14;10;0
34831;2438;898;10;14;10;0
34833;2426;898;10;14;10;0
34836;2414;898;10;14;10;0
34837;2402;898;10;14;10;0
34838;2390;898;10;14;10;0
34847;2378;898;10;14;10;0
34849;2366;898;10;14;10;0
34850;950;898;10;14;10;0
34851;2054;898;10;14;10;0
34855;938;898;10;14;10;0
34865;3890;882;10;14;10;0
34866;3578;882;10;14;10;0
34869;3566;882;10;14;10;0
34870;3554;882;10;14;10;0
34873;3542;882;10;14;10;0
34875;3530;882;10;14;10;0
34876;3518;882;10;14;10;0
34880;3506;882;10;14;10;0
34882;3494;882;10;14;10;0
34884;3482;882;10;14;10;0
34885;3470;882;10;14;10;0
34886;3458;882;10;14;10;0
34890;3446;882;10;14;10;0
34892;3434;882;10;14;10;0
34893;3422;882;10;14;10;0
34898;3410;882;10;14;10;0
34899;3398;882;10;14;10;0
34900;3386;882;10;14;10;0
34901;3374;882;10;14;10;0
34902;3362;882;10;14;10;0
34903;3590;882;10;14;10;0
34905;3602;882;10;14;10;0
34906;3614;882;10;14;10;0
34907;3626;882;10;14;10;0
34909;3866;882;10;14;10;0
34910;3854;882;10;14;10;0
34913;3842;882;10;14;10;0
34914;3830;882;10;14;10;0
34915;3818;882;10;14;10;0
34917;3806;882;10;14;10;0
34920;3794;882;10;14;10;0
34921;3782;882;10;14;10;0
34923;3770;882;10;14;10;0
34924;3878;882;10;14;10;0
34928;3758;882;10;14;10;0
34930;3734;882;10;14;10;0
34933;3722;882;10;14;10;0
34935;3710;882;10;14;10;0
34937;3698;882;10;14;10;0
34941;3686;882;10;14;10;0
34942;3674;882;10;14;10;0
34943;3662;882;10;14;10;0
34945;3650;882;10;14;10;0
34946;3638;882;10;14;10;0
34948;3350;882;10;14;10;0
34949;3746;882;10;14;10;0
34952;3338;882;10;14;10;0
34955;3182;882;10;14;10;0
34957;3014;882;10;14;10;0
34962;3002;882;10;14;10;0
34963;2990;882;10;14;10;0
34966;2978;882;10;14;10;0
34967;2966;882;10;14;10;0
34969;2954;882;10;14;10;0
34972;2942;882;10;14;10;0
34974;2930;882;10;14;10;0
34978;2918;882;10;14;10;0
34980;2906;882;10;14;10;0
34986;2894;882;10;14;10;0
34987;2882;882;10;14;10;0
34989;2870;882;10;14;10;0
34990;2858;882;10;14;10;0
34992;2846;882;10;14;10;0
34993;2834;882;10;14;10;0
34996;2822;882;10;14;10;0
34997;2810;882;10;14;10;0
34999;2798;882;10;14;10;0
35007;3026;882;10;14;10;0
35009;3038;882;10;14;10;0
35010;3050;882;10;14;10;0
35011;3062;882;10;14;10;0
35012;3302;882;10;14;10;0
35013;3290;882;10;14;10;0
35014;3278;882;10;14;10;0
35015;3266;882;10;14;10;0
35018;3254;882;10;14;10;0
35022;3242;882;10;14;10;0
35023;3230;882;10;14;10;0
35026;3218;882;10;14;10;0
35028;3206;882;10;14;10;0
35029;3314;882;10;14;10;0
35032;3194;882;10;14;10;0
35033;3170;882;10;14;10;0
35036;3158;882;10;14;10;0
35037;3146;882;10;14;10;0
35039;3134;882;10;14;10;0
35041;3122;882;10;14;10;0
35042;3110;882;10;14;10;0
35044;3098;882;10;14;10;0
35045;3086;882;10;14;10;0
35048;3074;882;10;14;10;0
35055;3326;882;10;14;10;0
35056;3902;882;10;14;10;0
35057;362;898;10;14;10;0
35058;3914;882;10;14;10;0
35059;614;898;10;14;10;0
35060;602;898;10;14;10;0
35064;590;898;10;14;10;0
35065;578;898;10;14;10;0
35068;566;898;10;14;10;0
35069;554;898;10;14;10;0
35070;542;898;10;14;10;0
35072;530;898;10;14;10;0
35074;518;898;10;14;10;0
35076;506;898;10;14;10;0
35079;494;898;10;14;10;0
35082;482;898;10;14;10;0
35084;470;898;10;14;10;0
35088;458;898;10;14;10;0
35090;446;898;10;14;10;0
35091;434;898;10;14;10;0
35092;422;898;10;14;10;0
35093;410;898;10;14;10;0
35096;398;898;10;14;10;0
35097;626;898;10;14;10;0
35098;638;898;10;14;10;0
35101;650;898;10;14;10;0
35102;662;898;10;14;10;0
35103;902;898;10;14;10;0
35105;890;898;10;14;10;0
35109;878;898;10;14;10;0
35114;866;898;10;14;10;0
35115;854;898;10;14;10;0
35122;842;898;10;14;10;0
35124;830;898;10;14;10;0
35125;818;898;10;14;10;0
35126;806;898;10;14;10;0
35128;914;898;10;14;10;0
35131;794;898;10;14;10;0
35133;770;898;10;14;10;0
35137;758;898;10;14;10;0
35139;746;898;10;14;10;0
35140;734;898;10;14;10;0
35148;722;898;10;14;10;0
35149;710;898;10;14;10;0
35158;698;898;10;14;10;0
35166;686;898;10;14;10;0
35167;674;898;10;14;10;0
35168;386;898;10;14;10;0
35172;782;898;10;14;10;0
35174;374;898;10;14;10;0
35178;218;898;10;14;10;0
35180;50;898;10;14;10;0
35181;38;898;10;14;10;0
35183;26;898;10;14;10;0
35186;14;898;10;14;10;0
35188;2;898;10;14;10;0
35191;4082;882;10;14;10;0
35198;4070;882;10;14;10;0
35199;4058;882;10;14;10;0
35201;4046;882;10;14;10;0
35203;4034;882;10;14;10;0
35205;4022;882;10;14;10;0
35206;4010;882;10;14;10;0
35207;3998;882;10;14;10;0
35208;3986;882;10;14;10;0
35210;3974;882;10;14;10;0
35211;3962;882;10;14;10;0
35215;3950;882;10;14;10;0
35219;3938;882;10;14;10;0
35222;3926;882;10;14;10;0
35223;62;898;10;14;10;0
35224;74;898;10;14;10;0
35226;86;898;10;14;10;0
35228;98;898;10;14;10;0
35233;338;898;10;14;10;0
35236;326;898;10;14;10;0
35238;314;898;10;14;10;0
35239;302;898;10;14;10;0
35241;290;898;10;14;10;0
35242;278;898;10;14;10;0
35244;266;898;10;14;10;0
35247;254;898;10;14;10;0
35250;242;898;10;14;10;0
35251;350;898;10;14;10;0
35255;230;898;10;14;10;0
35258;206;898;10;14;10;0
35261;194;898;10;14;10;0
35263;182;898;10;14;10;0
35264;170;898;10;14;10;0
35265;158;898;10;14;10;0
35266;146;898;10;14;10;0
35268;134;898;10;14;10;0
35269;122;898;10;14;10;0
35270;110;898;10;14;10;0
35272;2366;866;10;14;10;0
35273;2354;866;10;14;10;0
35274;2342;866;10;14;10;0
35276;86;866;10;14;10;0
35278;482;850;10;14;10;0
35281;470;850;10;14;10;0
35282;458;850;10;14;10;0
35284;446;850;10;14;10;0
35290;434;850;10;14;10;0
35292;422;850;10;14;10;0
35293;410;850;10;14;10;0
35299;398;850;10;14;10;0
35301;386;850;10;14;10;0
35302;374;850;10;14;10;0
35303;362;850;10;14;10;0
35309;350;850;10;14;10;0
35316;338;850;10;14;10;0
35320;326;850;10;14;10;0
35324;314;850;10;14;10;0
35328;302;850;10;14;10;0
35329;290;850;10;14;10;0
35330;278;850;10;14;10;0
35331;266;850;10;14;10;0
35335;494;850;10;14;10;0
35336;506;850;10;14;10;0
35337;518;850;10;14;10;0
35338;530;850;10;14;10;0
35340;770;850;10;14;10;0
35342;758;850;10;14;10;0
35343;746;850;10;14;10;0
35344;734;850;10;14;10;0
35345;722;850;10;14;10;0
35347;710;850;10;14;10;0
35349;698;850;10;14;10;0
35350;686;850;10;14;10;0
35351;674;850;10;14;10;0
35352;782;850;10;14;10;0
35355;662;850;10;14;10;0
35357;638;850;10;14;10;0
35359;626;850;10;14;10;0
35362;614;850;10;14;10;0
35363;602;850;10;14;10;0
35365;590;850;10;14;10;0
35367;578;850;10;14;10;0
35370;566;850;10;14;10;0
35373;554;850;10;14;10;0
35377;542;850;10;14;10;0
35379;254;850;10;14;10;0
35380;650;850;10;14;10;0
35382;242;850;10;14;10;0
35386;86;850;10;14;10;0
35387;4010;834;10;14;10;0
35388;3998;834;10;14;10;0
35389;3986;834;10;14;10;0
35390;3974;834;10;14;10;0
35393;3962;834;10;14;10;0
35398;3950;834;10;14;10;0
35400;3938;834;10;14;10;0
35406;3926;834;10;14;10;0
35408;3914;834;10;14;10;0
35409;3902;834;10;14;10;0
35410;3890;834;10;14;10;0
35412;3878;834;10;14;10;0
35413;3866;834;10;14;10;0
35414;3854;834;10;14;10;0
35416;3842;834;10;14;10;0
35419;3830;834;10;14;10;0
35421;3818;834;10;14;10;0
35422;3806;834;10;14;10;0
35424;3794;834;10;14;10;0
35425;4022;834;10;14;10;0
35426;4034;834;10;14;10;0
35427;4046;834;10;14;10;0
35430;4058;834;10;14;10;0
35432;206;850;10;14;10;0
35433;194;850;10;14;10;0
35435;182;850;10;14;10;0
35436;170;850;10;14;10;0
35437;158;850;10;14;10;0
35438;146;850;10;14;10;0
35440;134;850;10;14;10;0
35441;122;850;10;14;10;0
35442;110;850;10;14;10;0
35443;218;850;10;14;10;0
35449;98;850;10;14;10;0
35451;74;850;10;14;10;0
35452;62;850;10;14;10;0
35458;50;850;10;14;10;0
35460;38;850;10;14;10;0
35461;26;850;10;14;10;0
35462;14;850;10;14;10;0
35463;2;850;10;14;10;0
35465;4082;834;10;14;10;0
35466;4070;834;10;14;10;0
35468;230;850;10;14;10;0
35469;806;850;10;14;10;0
35473;1358;850;10;14;10;0
35474;818;850;10;14;10;0
35475;1610;850;10;14;10;0
35476;1598;850;10;14;10;0
35477;1586;850;10;14;10;0
35480;1574;850;10;14;10;0
35482;1562;850;10;14;10;0
35486;1550;850;10;14;10;0
35488;1538;850;10;14;10;0
35489;1526;850;10;14;10;0
35491;1514;850;10;14;10;0
35492;1502;850;10;14;10;0
35493;1490;850;10;14;10;0
35494;1478;850;10;14;10;0
35495;1466;850;10;14;10;0
35496;1454;850;10;14;10;0
35498;1442;850;10;14;10;0
35500;1430;850;10;14;10;0
35501;1418;850;10;14;10;0
35504;1406;850;10;14;10;0
35506;1394;850;10;14;10;0
35510;1622;850;10;14;10;0
35513;1634;850;10;14;10;0
35516;1646;850;10;14;10;0
35519;1658;850;10;14;10;0
35522;1898;850;10;14;10;0
35524;1886;850;10;14;10;0
35526;1874;850;10;14;10;0
35527;1862;850;10;14;10;0
35529;1850;850;10;14;10;0
35531;1838;850;10;14;10;0
35532;1826;850;10;14;10;0
35533;1814;850;10;14;10;0
35535;1802;850;10;14;10;0
35538;1910;850;10;14;10;0
35542;1790;850;10;14;10;0
35543;1766;850;10;14;10;0
35546;1754;850;10;14;10;0
35547;1742;850;10;14;10;0
35548;1730;850;10;14;10;0
35550;1718;850;10;14;10;0
35552;1706;850;10;14;10;0
35553;1694;850;10;14;10;0
35554;1682;850;10;14;10;0
35556;1670;850;10;14;10;0
35558;1382;850;10;14;10;0
35559;1778;850;10;14;10;0
35562;1370;850;10;14;10;0
35563;1214;850;10;14;10;0
35565;1046;850;10;14;10;0
35566;1034;850;10;14;10;0
35569;1022;850;10;14;10;0
35571;1010;850;10;14;10;0
35572;998;850;10;14;10;0
35574;986;850;10;14;10;0
35575;974;850;10;14;10;0
35576;962;850;10;14;10;0
35578;950;850;10;14;10;0
35580;938;850;10;14;10;0
35582;926;850;10;14;10;0
35584;914;850;10;14;10;0
35585;902;850;10;14;10;0
35586;890;850;10;14;10;0
35588;878;850;10;14;10;0
35589;866;850;10;14;10;0
35591;854;850;10;14;10;0
35594;842;850;10;14;10;0
35596;830;850;10;14;10;0
35598;1058;850;10;14;10;0
35600;1070;850;10;14;10;0
35604;1082;850;10;14;10;0
35606;1094;850;10;14;10;0
35607;1334;850;10;14;10;0
35609;1322;850;10;14;10;0
35610;1310;850;10;14;10;0
35611;1298;850;10;14;10;0
35613;1286;850;10;14;10;0
35616;1274;850;10;14;10;0
35617;1262;850;10;14;10;0
35618;1250;850;10;14;10;0
35622;1238;850;10;14;10;0
35624;1346;850;10;14;10;0
35627;1226;850;10;14;10;0
35628;1202;850;10;14;10;0
35630;1190;850;10;14;10;0
35635;1178;850;10;14;10;0
35641;1166;850;10;14;10;0
35646;1154;850;10;14;10;0
35649;1142;850;10;14;10;0
35654;1130;850;10;14;10;0
35657;1118;850;10;14;10;0
35658;1106;850;10;14;10;0
35660;3782;834;10;14;10;0
35662;3770;834;10;14;10;0
35663;3758;834;10;14;10;0
35670;3194;834;10;14;10;0
35672;2318;834;10;14;10;0
35673;2306;834;10;14;10;0
35674;2294;834;10;14;10;0
35675;2282;834;10;14;10;0
35676;2270;834;10;14;10;0
35679;2258;834;10;14;10;0
35680;2246;834;10;14;10;0
35686;2234;834;10;14;10;0
35690;2222;834;10;14;10;0
35691;2210;834;10;14;10;0
35692;2198;834;10;14;10;0
35693;2186;834;10;14;10;0
35695;2174;834;10;14;10;0
35696;2162;834;10;14;10;0
35697;2150;834;10;14;10;0
35698;2138;834;10;14;10;0
35700;2126;834;10;14;10;0
35703;2114;834;10;14;10;0
35709;2102;834;10;14;10;0
35711;2330;834;10;14;10;0
35712;2342;834;10;14;10;0
35715;2354;834;10;14;10;0
35722;2366;834;10;14;10;0
35724;2606;834;10;14;10;0
35726;2594;834;10;14;10;0
35728;2582;834;10;14;10;0
35730;2570;834;10;14;10;0
35731;2558;834;10;14;10;0
35733;2546;834;10;14;10;0
35734;2534;834;10;14;10;0
35737;2522;834;10;14;10;0
35738;2510;834;10;14;10;0
35740;2618;834;10;14;10;0
35742;2498;834;10;14;10;0
35744;2474;834;10;14;10;0
35745;2462;834;10;14;10;0
35746;2450;834;10;14;10;0
35747;2438;834;10;14;10;0
35748;2426;834;10;14;10;0
35749;2414;834;10;14;10;0
35751;2402;834;10;14;10;0
35752;2390;834;10;14;10;0
35753;2378;834;10;14;10;0
35754;2090;834;10;14;10;0
35755;2078;834;10;14;10;0
35757;2066;834;10;14;10;0
35758;1790;834;10;14;10;0
35759;1766;834;10;14;10;0
35760;1754;834;10;14;10;0
35762;1742;834;10;14;10;0
35763;1730;834;10;14;10;0
35766;1718;834;10;14;10;0
35768;1706;834;10;14;10;0
35769;1694;834;10;14;10;0
35770;1682;834;10;14;10;0
35772;1670;834;10;14;10;0
35773;1658;834;10;14;10;0
35774;1646;834;10;14;10;0
35775;1634;834;10;14;10;0
35776;1622;834;10;14;10;0
35777;1610;834;10;14;10;0
35779;1598;834;10;14;10;0
35780;1586;834;10;14;10;0
35781;1574;834;10;14;10;0
35782;1562;834;10;14;10;0
35784;1550;834;10;14;10;0
35785;1778;834;10;14;10;0
35786;1802;834;10;14;10;0
35787;2054;834;10;14;10;0
35788;1814;834;10;14;10;0
35789;2042;834;10;14;10;0
35791;2030;834;10;14;10;0
35793;2018;834;10;14;10;0
35795;2006;834;10;14;10;0
35797;1994;834;10;14;10;0
35799;1982;834;10;14;10;0
35800;1970;834;10;14;10;0
35801;1958;834;10;14;10;0
35802;1946;834;10;14;10;0
35803;1934;834;10;14;10;0
35805;1922;834;10;14;10;0
35806;1910;834;10;14;10;0
35807;1898;834;10;14;10;0
35808;1886;834;10;14;10;0
35809;1874;834;10;14;10;0
35810;1862;834;10;14;10;0
35811;1850;834;10;14;10;0
35812;1838;834;10;14;10;0
35813;1826;834;10;14;10;0
35814;2486;834;10;14;10;0
35815;2630;834;10;14;10;0
35819;2642;834;10;14;10;0
35820;2654;834;10;14;10;0
35821;3446;834;10;14;10;0
35822;3434;834;10;14;10;0
35823;3422;834;10;14;10;0
35824;3410;834;10;14;10;0
35825;3398;834;10;14;10;0
35826;3386;834;10;14;10;0
35827;3374;834;10;14;10;0
35828;3362;834;10;14;10;0
35829;3350;834;10;14;10;0
35830;3338;834;10;14;10;0
35831;3326;834;10;14;10;0
35832;3314;834;10;14;10;0
35834;3302;834;10;14;10;0
35835;3290;834;10;14;10;0
35836;3278;834;10;14;10;0
35837;3266;834;10;14;10;0
35838;3254;834;10;14;10;0
35839;3242;834;10;14;10;0
35840;3230;834;10;14;10;0
35841;3458;834;10;14;10;0
35842;3470;834;10;14;10;0
35843;3482;834;10;14;10;0
35844;3494;834;10;14;10;0
35845;3734;834;10;14;10;0
35846;3722;834;10;14;10;0
35848;3710;834;10;14;10;0
35850;3698;834;10;14;10;0
35851;3686;834;10;14;10;0
35853;3674;834;10;14;10;0
35854;3662;834;10;14;10;0
35855;3650;834;10;14;10;0
35856;3638;834;10;14;10;0
35857;3746;834;10;14;10;0
35858;3626;834;10;14;10;0
35859;3602;834;10;14;10;0
35860;3590;834;10;14;10;0
35861;3578;834;10;14;10;0
35863;3566;834;10;14;10;0
35866;3554;834;10;14;10;0
35868;3542;834;10;14;10;0
35872;3530;834;10;14;10;0
35873;3518;834;10;14;10;0
35874;3506;834;10;14;10;0
35875;3218;834;10;14;10;0
35876;3614;834;10;14;10;0
35878;3206;834;10;14;10;0
35879;3050;834;10;14;10;0
35880;2882;834;10;14;10;0
35881;2870;834;10;14;10;0
35884;2858;834;10;14;10;0
35885;2846;834;10;14;10;0
35888;2834;834;10;14;10;0
35889;2822;834;10;14;10;0
35890;2810;834;10;14;10;0
35892;2798;834;10;14;10;0
35894;2786;834;10;14;10;0
35895;2774;834;10;14;10;0
35896;2762;834;10;14;10;0
35898;2750;834;10;14;10;0
35903;2738;834;10;14;10;0
35905;2726;834;10;14;10;0
35910;2714;834;10;14;10;0
35912;2702;834;10;14;10;0
35913;2690;834;10;14;10;0
35914;2678;834;10;14;10;0
35915;2666;834;10;14;10;0
35916;2894;834;10;14;10;0
35918;2906;834;10;14;10;0
35920;2918;834;10;14;10;0
35924;2930;834;10;14;10;0
35925;3170;834;10;14;10;0
35930;3158;834;10;14;10;0
35937;3146;834;10;14;10;0
35938;3134;834;10;14;10;0
35946;3122;834;10;14;10;0
35947;3110;834;10;14;10;0
35948;3098;834;10;14;10;0
35949;3086;834;10;14;10;0
35955;3074;834;10;14;10;0
35960;3182;834;10;14;10;0
35961;3062;834;10;14;10;0
35962;3038;834;10;14;10;0
35964;3026;834;10;14;10;0
35970;3014;834;10;14;10;0
35973;3002;834;10;14;10;0
35977;2990;834;10;14;10;0
35978;2978;834;10;14;10;0
35980;2966;834;10;14;10;0
35981;2954;834;10;14;10;0
35982;2942;834;10;14;10;0
35987;794;850;10;14;10;0
35988;1922;850;10;14;10;0
35992;1934;850;10;14;10;0
35997;1946;850;10;14;10;0
35998;902;866;10;14;10;0
36000;890;866;10;14;10;0
36001;878;866;10;14;10;0
36002;866;866;10;14;10;0
36003;854;866;10;14;10;0
36007;842;866;10;14;10;0
36008;830;866;10;14;10;0
36009;818;866;10;14;10;0
36010;806;866;10;14;10;0
36011;794;866;10;14;10;0
36012;782;866;10;14;10;0
36013;770;866;10;14;10;0
36014;758;866;10;14;10;0
36015;746;866;10;14;10;0
36016;734;866;10;14;10;0
36018;722;866;10;14;10;0
36019;710;866;10;14;10;0
36020;698;866;10;14;10;0
36022;686;866;10;14;10;0
36023;914;866;10;14;10;0
36024;926;866;10;14;10;0
36027;938;866;10;14;10;0
36028;950;866;10;14;10;0
36029;1190;866;10;14;10;0
36031;1178;866;10;14;10;0
36032;1166;866;10;14;10;0
36033;1154;866;10;14;10;0
36034;1142;866;10;14;10;0
36035;1130;866;10;14;10;0
36036;1118;866;10;14;10;0
36037;1106;866;10;14;10;0
36039;1094;866;10;14;10;0
36040;1202;866;10;14;10;0
36042;1082;866;10;14;10;0
36045;1058;866;10;14;10;0
36046;1046;866;10;14;10;0
36049;1034;866;10;14;10;0
36050;1022;866;10;14;10;0
36051;1010;866;10;14;10;0
36058;998;866;10;14;10;0
36059;986;866;10;14;10;0
36060;974;866;10;14;10;0
36062;962;866;10;14;10;0
36064;674;866;10;14;10;0
36065;1070;866;10;14;10;0
36066;662;866;10;14;10;0
36067;506;866;10;14;10;0
36068;338;866;10;14;10;0
36070;326;866;10;14;10;0
36074;314;866;10;14;10;0
36076;302;866;10;14;10;0
36077;290;866;10;14;10;0
36084;278;866;10;14;10;0
36088;266;866;10;14;10;0
36090;254;866;10;14;10;0
36091;242;866;10;14;10;0
36092;230;866;10;14;10;0
36093;218;866;10;14;10;0
36100;206;866;10;14;10;0
36101;194;866;10;14;10;0
36103;182;866;10;14;10;0
36104;170;866;10;14;10;0
36106;158;866;10;14;10;0
36107;146;866;10;14;10;0
36109;134;866;10;14;10;0
36111;122;866;10;14;10;0
36112;350;866;10;14;10;0
36113;362;866;10;14;10;0
36115;374;866;10;14;10;0
36116;386;866;10;14;10;0
36118;626;866;10;14;10;0
36119;614;866;10;14;10;0
36123;602;866;10;14;10;0
36124;590;866;10;14;10;0
36125;578;866;10;14;10;0
36126;566;866;10;14;10;0
36127;554;866;10;14;10;0
36129;542;866;10;14;10;0
36130;530;866;10;14;10;0
36131;638;866;10;14;10;0
36132;518;866;10;14;10;0
36133;494;866;10;14;10;0
36134;482;866;10;14;10;0
36135;470;866;10;14;10;0
36136;458;866;10;14;10;0
36137;446;866;10;14;10;0
36138;434;866;10;14;10;0
36139;422;866;10;14;10;0
36140;410;866;10;14;10;0
36141;398;866;10;14;10;0
36142;650;866;10;14;10;0
36143;1226;866;10;14;10;0
36144;1778;866;10;14;10;0
36145;1238;866;10;14;10;0
36148;2030;866;10;14;10;0
36149;2018;866;10;14;10;0
36151;2006;866;10;14;10;0
36152;1994;866;10;14;10;0
36153;1982;866;10;14;10;0
36154;1970;866;10;14;10;0
36155;1958;866;10;14;10;0
36156;1946;866;10;14;10;0
36158;1934;866;10;14;10;0
36159;1922;866;10;14;10;0
36161;1910;866;10;14;10;0
36162;1898;866;10;14;10;0
36163;1886;866;10;14;10;0
36164;1874;866;10;14;10;0
36170;1862;866;10;14;10;0
36171;1850;866;10;14;10;0
36172;1838;866;10;14;10;0
36174;1826;866;10;14;10;0
36175;1814;866;10;14;10;0
36176;2042;866;10;14;10;0
36180;2054;866;10;14;10;0
36182;2066;866;10;14;10;0
36184;2078;866;10;14;10;0
36186;2318;866;10;14;10;0
36187;2306;866;10;14;10;0
36188;2294;866;10;14;10;0
36189;2282;866;10;14;10;0
36190;2270;866;10;14;10;0
36192;2258;866;10;14;10;0
36193;2246;866;10;14;10;0
36194;2234;866;10;14;10;0
36195;2222;866;10;14;10;0
36196;2330;866;10;14;10;0
36198;2210;866;10;14;10;0
36199;2186;866;10;14;10;0
36203;2174;866;10;14;10;0
36205;2162;866;10;14;10;0
36208;2150;866;10;14;10;0
36209;2138;866;10;14;10;0
36211;2126;866;10;14;10;0
36212;2114;866;10;14;10;0
36213;2102;866;10;14;10;0
36214;2090;866;10;14;10;0
36215;1802;866;10;14;10;0
36225;2198;866;10;14;10;0
36228;1790;866;10;14;10;0
36229;1634;866;10;14;10;0
36234;1466;866;10;14;10;0
36235;1454;866;10;14;10;0
36244;1442;866;10;14;10;0
36245;1430;866;10;14;10;0
36246;1418;866;10;14;10;0
36249;1406;866;10;14;10;0
36255;1394;866;10;14;10;0
36259;1382;866;10;14;10;0
36264;1370;866;10;14;10;0
36271;1358;866;10;14;10;0
36275;1346;866;10;14;10;0
36276;1334;866;10;14;10;0
36280;1322;866;10;14;10;0
36282;1310;866;10;14;10;0
36286;1298;866;10;14;10;0
36287;1286;866;10;14;10;0
36290;1274;866;10;14;10;0
36291;1262;866;10;14;10;0
36292;1250;866;10;14;10;0
36294;1478;866;10;14;10;0
36299;1490;866;10;14;10;0
36300;1502;866;10;14;10;0
36302;1514;866;10;14;10;0
36303;1754;866;10;14;10;0
36305;1742;866;10;14;10;0
36308;1730;866;10;14;10;0
36310;1718;866;10;14;10;0
36311;1706;866;10;14;10;0
36314;1694;866;10;14;10;0
36315;1682;866;10;14;10;0
36317;1670;866;10;14;10;0
36319;1658;866;10;14;10;0
36321;1766;866;10;14;10;0
36323;1646;866;10;14;10;0
36324;1622;866;10;14;10;0
36326;1610;866;10;14;10;0
36328;1598;866;10;14;10;0
36329;1586;866;10;14;10;0
36330;1574;866;10;14;10;0
36331;1562;866;10;14;10;0
36335;1550;866;10;14;10;0
36339;1538;866;10;14;10;0
36341;1526;866;10;14;10;0
36342;110;866;10;14;10;0
36343;1214;866;10;14;10;0
36345;98;866;10;14;10;0
36346;3050;850;10;14;10;0
36347;2738;850;10;14;10;0
36348;2726;850;10;14;10;0
36351;2714;850;10;14;10;0
36357;2702;850;10;14;10;0
36360;2690;850;10;14;10;0
36361;2678;850;10;14;10;0
36362;2666;850;10;14;10;0
36364;2654;850;10;14;10;0
36366;2642;850;10;14;10;0
36367;2630;850;10;14;10;0
36368;2618;850;10;14;10;0
36371;2606;850;10;14;10;0
36380;2594;850;10;14;10;0
36381;2582;850;10;14;10;0
36382;2570;850;10;14;10;0
36383;2558;850;10;14;10;0
36385;2546;850;10;14;10;0
36386;2534;850;10;14;10;0
36392;2522;850;10;14;10;0
36393;2750;850;10;14;10;0
36394;2762;850;10;14;10;0
36395;2774;850;10;14;10;0
36397;2786;850;10;14;10;0
36398;3026;850;10;14;10;0
36399;3014;850;10;14;10;0
36400;3002;850;10;14;10;0
36401;2990;850;10;14;10;0
36404;2978;850;10;14;10;0
36405;2966;850;10;14;10;0
36409;2954;850;10;14;10;0
36412;2942;850;10;14;10;0
36413;2930;850;10;14;10;0
36416;3038;850;10;14;10;0
36418;2918;850;10;14;10;0
36420;2894;850;10;14;10;0
36423;2882;850;10;14;10;0
36424;2870;850;10;14;10;0
36425;2858;850;10;14;10;0
36426;2846;850;10;14;10;0
36427;2834;850;10;14;10;0
36428;2822;850;10;14;10;0
36432;2810;850;10;14;10;0
36433;2798;850;10;14;10;0
36434;2510;850;10;14;10;0
36435;2906;850;10;14;10;0
36436;2498;850;10;14;10;0
36437;2342;850;10;14;10;0
36441;2174;850;10;14;10;0
36442;2162;850;10;14;10;0
36447;2150;850;10;14;10;0
36448;2138;850;10;14;10;0
36451;2126;850;10;14;10;0
36452;2114;850;10;14;10;0
36454;2102;850;10;14;10;0
36455;2090;850;10;14;10;0
36457;2078;850;10;14;10;0
36460;2066;850;10;14;10;0
36461;2054;850;10;14;10;0
36464;2042;850;10;14;10;0
36466;2030;850;10;14;10;0
36468;2018;850;10;14;10;0
36470;2006;850;10;14;10;0
36474;1994;850;10;14;10;0
36475;1982;850;10;14;10;0
36476;1970;850;10;14;10;0
36478;1958;850;10;14;10;0
36479;2186;850;10;14;10;0
36480;2198;850;10;14;10;0
36481;2210;850;10;14;10;0
36482;2222;850;10;14;10;0
36484;2462;850;10;14;10;0
36485;2450;850;10;14;10;0
36487;2438;850;10;14;10;0
36489;2426;850;10;14;10;0
36490;2414;850;10;14;10;0
36491;2402;850;10;14;10;0
36493;2390;850;10;14;10;0
36495;2378;850;10;14;10;0
36497;2366;850;10;14;10;0
36499;2474;850;10;14;10;0
36500;2354;850;10;14;10;0
36501;2330;850;10;14;10;0
36505;2318;850;10;14;10;0
36508;2306;850;10;14;10;0
36509;2294;850;10;14;10;0
36510;2282;850;10;14;10;0
36513;2270;850;10;14;10;0
36517;2258;850;10;14;10;0
36522;2246;850;10;14;10;0
36523;2234;850;10;14;10;0
36524;2486;850;10;14;10;0
36525;3062;850;10;14;10;0
36527;3614;850;10;14;10;0
36528;3074;850;10;14;10;0
36529;3866;850;10;14;10;0
36530;3854;850;10;14;10;0
36538;3842;850;10;14;10;0
36540;3830;850;10;14;10;0
36542;3818;850;10;14;10;0
36544;3806;850;10;14;10;0
36545;3794;850;10;14;10;0
36549;3782;850;10;14;10;0
36550;3770;850;10;14;10;0
36552;3758;850;10;14;10;0
36554;3746;850;10;14;10;0
36555;3734;850;10;14;10;0
36556;3722;850;10;14;10;0
36557;3710;850;10;14;10;0
36559;3698;850;10;14;10;0
36562;3686;850;10;14;10;0
36564;3674;850;10;14;10;0
36566;3662;850;10;14;10;0
36570;3650;850;10;14;10;0
36571;3878;850;10;14;10;0
36575;3890;850;10;14;10;0
36578;3902;850;10;14;10;0
36579;3914;850;10;14;10;0
36584;62;866;10;14;10;0
36587;50;866;10;14;10;0
36594;38;866;10;14;10;0
36600;26;866;10;14;10;0
36601;14;866;10;14;10;0
36603;2;866;10;14;10;0
36604;4082;850;10;14;10;0
36605;4070;850;10;14;10;0
36606;4058;850;10;14;10;0
36611;74;866;10;14;10;0
36612;4046;850;10;14;10;0
36613;4022;850;10;14;10;0
36617;4010;850;10;14;10;0
36618;3998;850;10;14;10;0
36619;3986;850;10;14;10;0
36620;3974;850;10;14;10;0
36626;3962;850;10;14;10;0
36627;3950;850;10;14;10;0
36628;3938;850;10;14;10;0
36629;3926;850;10;14;10;0
36633;3638;850;10;14;10;0
36635;4034;850;10;14;10;0
36636;3626;850;10;14;10;0
36637;3470;850;10;14;10;0
36638;3302;850;10;14;10;0
36639;3290;850;10;14;10;0
36645;3278;850;10;14;10;0
36646;3266;850;10;14;10;0
36649;3254;850;10;14;10;0
36650;3242;850;10;14;10;0
36653;3230;850;10;14;10;0
36655;3218;850;10;14;10;0
36659;3206;850;10;14;10;0
36662;3194;850;10;14;10;0
36664;3182;850;10;14;10;0
36665;3170;850;10;14;10;0
36667;3158;850;10;14;10;0
36670;3146;850;10;14;10;0
36671;3134;850;10;14;10;0
36672;3122;850;10;14;10;0
36674;3110;850;10;14;10;0
36676;3098;850;10;14;10;0
36677;3086;850;10;14;10;0
36678;3314;850;10;14;10;0
36681;3326;850;10;14;10;0
36684;3338;850;10;14;10;0
36685;3350;850;10;14;10;0
36686;3590;850;10;14;10;0
36692;3578;850;10;14;10;0
36695;3566;850;10;14;10;0
36700;3554;850;10;14;10;0
36703;3542;850;10;14;10;0
36705;3530;850;10;14;10;0
36706;3518;850;10;14;10;0
36707;3506;850;10;14;10;0
36708;3494;850;10;14;10;0
36710;3602;850;10;14;10;0
36711;3482;850;10;14;10;0
36712;3458;850;10;14;10;0
36713;3446;850;10;14;10;0
36716;3434;850;10;14;10;0
36717;3422;850;10;14;10;0
36718;3410;850;10;14;10;0
36719;3398;850;10;14;10;0
36720;3386;850;10;14;10;0
36721;3374;850;10;14;10;0
36723;3362;850;10;14;10;0
36724;2762;882;10;14;10;0
36725;3194;898;10;14;10;0
36731;338;962;10;14;10;0
36732;3206;898;10;14;10;0
36733;2990;946;10;14;10;0
36735;2978;946;10;14;10;0
36739;2966;946;10;14;10;0
36740;2954;946;10;14;10;0
36741;2942;946;10;14;10;0
36742;2930;946;10;14;10;0
36743;2918;946;10;14;10;0
36744;2906;946;10;14;10;0
36745;2894;946;10;14;10;0
36746;2882;946;10;14;10;0
36747;2870;946;10;14;10;0
36749;2858;946;10;14;10;0
36750;2846;946;10;14;10;0
36751;2834;946;10;14;10;0
36752;2822;946;10;14;10;0
36753;2810;946;10;14;10;0
36755;2798;946;10;14;10;0
36757;2786;946;10;14;10;0
36758;2774;946;10;14;10;0
36759;3002;946;10;14;10;0
36760;3014;946;10;14;10;0
36761;3026;946;10;14;10;0
36763;3038;946;10;14;10;0
36764;3278;946;10;14;10;0
36766;3266;946;10;14;10;0
36767;3254;946;10;14;10;0
36770;3242;946;10;14;10;0
36771;3230;946;10;14;10;0
36774;3218;946;10;14;10;0
36775;3206;946;10;14;10;0
36776;3194;946;10;14;10;0
36777;3182;946;10;14;10;0
36779;3290;946;10;14;10;0
36781;3170;946;10;14;10;0
36782;3146;946;10;14;10;0
36783;3134;946;10;14;10;0
36784;3122;946;10;14;10;0
36785;3110;946;10;14;10;0
36786;3098;946;10;14;10;0
36789;3086;946;10;14;10;0
36790;3074;946;10;14;10;0
36791;3062;946;10;14;10;0
36793;3050;946;10;14;10;0
36794;2762;946;10;14;10;0
36795;3158;946;10;14;10;0
36796;2750;946;10;14;10;0
36797;2594;946;10;14;10;0
36798;2426;946;10;14;10;0
36799;2414;946;10;14;10;0
36801;2402;946;10;14;10;0
36802;2390;946;10;14;10;0
36804;2378;946;10;14;10;0
36805;2366;946;10;14;10;0
36806;2354;946;10;14;10;0
36807;2342;946;10;14;10;0
36808;2330;946;10;14;10;0
36811;2318;946;10;14;10;0
36812;2306;946;10;14;10;0
36814;2294;946;10;14;10;0
36816;2282;946;10;14;10;0
36817;2270;946;10;14;10;0
36819;2258;946;10;14;10;0
36820;2246;946;10;14;10;0
36824;2234;946;10;14;10;0
36825;2222;946;10;14;10;0
36826;2210;946;10;14;10;0
36827;2438;946;10;14;10;0
36828;2450;946;10;14;10;0
36829;2462;946;10;14;10;0
36830;2474;946;10;14;10;0
36831;2714;946;10;14;10;0
36834;2702;946;10;14;10;0
36835;2690;946;10;14;10;0
36836;2678;946;10;14;10;0
36837;2666;946;10;14;10;0
36838;2654;946;10;14;10;0
36840;2642;946;10;14;10;0
36841;2630;946;10;14;10;0
36842;2618;946;10;14;10;0
36843;2726;946;10;14;10;0
36845;2606;946;10;14;10;0
36847;2582;946;10;14;10;0
36848;2570;946;10;14;10;0
36851;2558;946;10;14;10;0
36852;2546;946;10;14;10;0
36853;2534;946;10;14;10;0
36855;2522;946;10;14;10;0
36856;2510;946;10;14;10;0
36857;2498;946;10;14;10;0
36858;2486;946;10;14;10;0
36861;2738;946;10;14;10;0
36864;3314;946;10;14;10;0
36865;3866;946;10;14;10;0
36866;3326;946;10;14;10;0
36867;26;962;10;14;10;0
36868;14;962;10;14;10;0
36869;2;962;10;14;10;0
36870;4082;946;10;14;10;0
36872;4070;946;10;14;10;0
36873;4058;946;10;14;10;0
36874;4046;946;10;14;10;0
36875;4034;946;10;14;10;0
36877;4022;946;10;14;10;0
36878;4010;946;10;14;10;0
36879;3998;946;10;14;10;0
36880;3986;946;10;14;10;0
36881;3974;946;10;14;10;0
36882;3962;946;10;14;10;0
36883;3950;946;10;14;10;0
36884;3938;946;10;14;10;0
36885;3926;946;10;14;10;0
36886;3914;946;10;14;10;0
36887;3902;946;10;14;10;0
36889;38;962;10;14;10;0
36890;50;962;10;14;10;0
36891;62;962;10;14;10;0
36893;74;962;10;14;10;0
36894;314;962;10;14;10;0
36895;302;962;10;14;10;0
36896;290;962;10;14;10;0
36897;278;962;10;14;10;0
36898;266;962;10;14;10;0
36899;254;962;10;14;10;0
36903;242;962;10;14;10;0
36910;230;962;10;14;10;0
36911;218;962;10;14;10;0
36913;326;962;10;14;10;0
36914;206;962;10;14;10;0
36917;182;962;10;14;10;0
36918;170;962;10;14;10;0
36920;158;962;10;14;10;0
36921;146;962;10;14;10;0
36923;134;962;10;14;10;0
36924;122;962;10;14;10;0
36926;110;962;10;14;10;0
36929;98;962;10;14;10;0
36930;86;962;10;14;10;0
36933;3890;946;10;14;10;0
36935;194;962;10;14;10;0
36937;3878;946;10;14;10;0
36938;3722;946;10;14;10;0
36939;3554;946;10;14;10;0
36941;3542;946;10;14;10;0
36942;3530;946;10;14;10;0
36943;3518;946;10;14;10;0
36944;3506;946;10;14;10;0
36945;3494;946;10;14;10;0
36946;3482;946;10;14;10;0
36947;3470;946;10;14;10;0
36948;3458;946;10;14;10;0
36949;3446;946;10;14;10;0
36950;3434;946;10;14;10;0
36951;3422;946;10;14;10;0
36952;3410;946;10;14;10;0
36953;3398;946;10;14;10;0
36955;3386;946;10;14;10;0
36956;3374;946;10;14;10;0
36957;3362;946;10;14;10;0
36958;3350;946;10;14;10;0
36960;3338;946;10;14;10;0
36961;3566;946;10;14;10;0
36962;3578;946;10;14;10;0
36963;3590;946;10;14;10;0
36965;3602;946;10;14;10;0
36968;3842;946;10;14;10;0
36969;3830;946;10;14;10;0
36970;3818;946;10;14;10;0
36973;3806;946;10;14;10;0
36974;3794;946;10;14;10;0
36975;3782;946;10;14;10;0
36978;3770;946;10;14;10;0
36980;3758;946;10;14;10;0
36981;3746;946;10;14;10;0
36982;3854;946;10;14;10;0
36983;3734;946;10;14;10;0
36984;3710;946;10;14;10;0
36986;3698;946;10;14;10;0
36988;3686;946;10;14;10;0
36989;3674;946;10;14;10;0
36991;3662;946;10;14;10;0
36992;3650;946;10;14;10;0
36993;3638;946;10;14;10;0
36994;3626;946;10;14;10;0
36995;3614;946;10;14;10;0
36996;2198;946;10;14;10;0
36999;3302;946;10;14;10;0
37000;2186;946;10;14;10;0
37001;1046;946;10;14;10;0
37002;734;946;10;14;10;0
37003;722;946;10;14;10;0
37007;710;946;10;14;10;0
37008;698;946;10;14;10;0
37009;686;946;10;14;10;0
37011;674;946;10;14;10;0
37013;662;946;10;14;10;0
37017;650;946;10;14;10;0
37019;638;946;10;14;10;0
37021;626;946;10;14;10;0
37026;614;946;10;14;10;0
37027;602;946;10;14;10;0
37030;590;946;10;14;10;0
37032;578;946;10;14;10;0
37034;566;946;10;14;10;0
37038;554;946;10;14;10;0
37039;542;946;10;14;10;0
37040;530;946;10;14;10;0
37041;518;946;10;14;10;0
37043;746;946;10;14;10;0
37044;758;946;10;14;10;0
37045;770;946;10;14;10;0
37046;782;946;10;14;10;0
37048;1022;946;10;14;10;0
37049;1010;946;10;14;10;0
37051;998;946;10;14;10;0
37057;986;946;10;14;10;0
37059;974;946;10;14;10;0
37060;962;946;10;14;10;0
37061;950;946;10;14;10;0
37063;938;946;10;14;10;0
37066;926;946;10;14;10;0
37070;1034;946;10;14;10;0
37073;914;946;10;14;10;0
37079;890;946;10;14;10;0
37081;878;946;10;14;10;0
37082;866;946;10;14;10;0
37083;854;946;10;14;10;0
37084;842;946;10;14;10;0
37085;830;946;10;14;10;0
37086;818;946;10;14;10;0
37087;806;946;10;14;10;0
37089;794;946;10;14;10;0
37090;506;946;10;14;10;0
37092;902;946;10;14;10;0
37094;494;946;10;14;10;0
37095;338;946;10;14;10;0
37096;170;946;10;14;10;0
37100;158;946;10;14;10;0
37101;146;946;10;14;10;0
37103;134;946;10;14;10;0
37108;122;946;10;14;10;0
37109;110;946;10;14;10;0
37111;98;946;10;14;10;0
37112;86;946;10;14;10;0
37117;74;946;10;14;10;0
37118;62;946;10;14;10;0
37122;50;946;10;14;10;0
37129;38;946;10;14;10;0
37138;26;946;10;14;10;0
37140;14;946;10;14;10;0
37141;2;946;10;14;10;0
37143;4082;930;10;14;10;0
37144;4070;930;10;14;10;0
37145;4058;930;10;14;10;0
37150;4046;930;10;14;10;0
37154;182;946;10;14;10;0
37159;194;946;10;14;10;0
37165;206;946;10;14;10;0
37167;218;946;10;14;10;0
37168;458;946;10;14;10;0
37169;446;946;10;14;10;0
37170;434;946;10;14;10;0
37172;422;946;10;14;10;0
37177;410;946;10;14;10;0
37178;398;946;10;14;10;0
37190;386;946;10;14;10;0
37192;374;946;10;14;10;0
37193;362;946;10;14;10;0
37194;470;946;10;14;10;0
37195;350;946;10;14;10;0
37196;326;946;10;14;10;0
37197;314;946;10;14;10;0
37198;302;946;10;14;10;0
37199;290;946;10;14;10;0
37200;278;946;10;14;10;0
37202;266;946;10;14;10;0
37204;254;946;10;14;10;0
37206;242;946;10;14;10;0
37207;230;946;10;14;10;0
37208;482;946;10;14;10;0
37210;1058;946;10;14;10;0
37212;1610;946;10;14;10;0
37213;1070;946;10;14;10;0
37214;1862;946;10;14;10;0
37217;1850;946;10;14;10;0
37218;1838;946;10;14;10;0
37219;1826;946;10;14;10;0
37221;1814;946;10;14;10;0
37222;1802;946;10;14;10;0
37225;1790;946;10;14;10;0
37226;1778;946;10;14;10;0
37228;1766;946;10;14;10;0
37230;1754;946;10;14;10;0
37231;1742;946;10;14;10;0
37233;1730;946;10;14;10;0
37234;1718;946;10;14;10;0
37235;1706;946;10;14;10;0
37236;1694;946;10;14;10;0
37237;1682;946;10;14;10;0
37238;1670;946;10;14;10;0
37239;1658;946;10;14;10;0
37240;1646;946;10;14;10;0
37247;1874;946;10;14;10;0
37250;1886;946;10;14;10;0
37251;1898;946;10;14;10;0
37255;1910;946;10;14;10;0
37257;2150;946;10;14;10;0
37259;2138;946;10;14;10;0
37261;2126;946;10;14;10;0
37262;2114;946;10;14;10;0
37264;2102;946;10;14;10;0
37266;2090;946;10;14;10;0
37270;2078;946;10;14;10;0
37271;2066;946;10;14;10;0
37274;2054;946;10;14;10;0
37275;2162;946;10;14;10;0
37276;2042;946;10;14;10;0
37278;2018;946;10;14;10;0
37282;2006;946;10;14;10;0
37283;1994;946;10;14;10;0
37284;1982;946;10;14;10;0
37290;1970;946;10;14;10;0
37291;1958;946;10;14;10;0
37292;1946;946;10;14;10;0
37294;1934;946;10;14;10;0
37295;1922;946;10;14;10;0
37297;1634;946;10;14;10;0
37300;2030;946;10;14;10;0
37301;1622;946;10;14;10;0
37304;1466;946;10;14;10;0
37306;1298;946;10;14;10;0
37312;1286;946;10;14;10;0
37313;1274;946;10;14;10;0
37317;1262;946;10;14;10;0
37318;1250;946;10;14;10;0
37319;1238;946;10;14;10;0
37320;1226;946;10;14;10;0
37321;1214;946;10;14;10;0
37322;1202;946;10;14;10;0
37323;1190;946;10;14;10;0
37324;1178;946;10;14;10;0
37325;1166;946;10;14;10;0
37326;1154;946;10;14;10;0
37327;1142;946;10;14;10;0
37328;1130;946;10;14;10;0
37329;1118;946;10;14;10;0
37331;1106;946;10;14;10;0
37332;1094;946;10;14;10;0
37333;1082;946;10;14;10;0
37334;1310;946;10;14;10;0
37335;1322;946;10;14;10;0
37336;1334;946;10;14;10;0
37337;1346;946;10;14;10;0
37339;1586;946;10;14;10;0
37340;1574;946;10;14;10;0
37341;1562;946;10;14;10;0
37343;1550;946;10;14;10;0
37345;1538;946;10;14;10;0
37347;1526;946;10;14;10;0
37348;1514;946;10;14;10;0
37350;1502;946;10;14;10;0
37351;1490;946;10;14;10;0
37353;1598;946;10;14;10;0
37357;1478;946;10;14;10;0
37365;1454;946;10;14;10;0
37366;1442;946;10;14;10;0
37367;1430;946;10;14;10;0
37369;1418;946;10;14;10;0
37370;1406;946;10;14;10;0
37372;1394;946;10;14;10;0
37375;1382;946;10;14;10;0
37376;1370;946;10;14;10;0
37377;1358;946;10;14;10;0
37380;2174;946;10;14;10;0
37383;350;962;10;14;10;0
37384;2594;962;10;14;10;0
37385;362;962;10;14;10;0
37386;3410;962;10;14;10;0
37389;3398;962;10;14;10;0
37390;3386;962;10;14;10;0
37392;3374;962;10;14;10;0
37393;3362;962;10;14;10;0
37396;3350;962;10;14;10;0
37397;3338;962;10;14;10;0
37404;3326;962;10;14;10;0
37406;3314;962;10;14;10;0
37411;3302;962;10;14;10;0
37413;3290;962;10;14;10;0
37414;3278;962;10;14;10;0
37415;3266;962;10;14;10;0
37417;3254;962;10;14;10;0
37418;3242;962;10;14;10;0
37420;3230;962;10;14;10;0
37422;3218;962;10;14;10;0
37424;3206;962;10;14;10;0
37428;3194;962;10;14;10;0
37431;3422;962;10;14;10;0
37432;3434;962;10;14;10;0
37433;3446;962;10;14;10;0
37434;3458;962;10;14;10;0
37437;3698;962;10;14;10;0
37438;3686;962;10;14;10;0
37439;3674;962;10;14;10;0
37440;3662;962;10;14;10;0
37444;3650;962;10;14;10;0
37445;3638;962;10;14;10;0
37446;3626;962;10;14;10;0
37448;3614;962;10;14;10;0
37449;3602;962;10;14;10;0
37451;3710;962;10;14;10;0
37453;3590;962;10;14;10;0
37456;3566;962;10;14;10;0
37457;3554;962;10;14;10;0
37461;3542;962;10;14;10;0
37463;3530;962;10;14;10;0
37465;3518;962;10;14;10;0
37466;3506;962;10;14;10;0
37467;3494;962;10;14;10;0
37469;3482;962;10;14;10;0
37470;3470;962;10;14;10;0
37474;3182;962;10;14;10;0
37476;3578;962;10;14;10;0
37478;3170;962;10;14;10;0
37480;3014;962;10;14;10;0
37484;2846;962;10;14;10;0
37485;2834;962;10;14;10;0
37489;2822;962;10;14;10;0
37490;2810;962;10;14;10;0
37491;2798;962;10;14;10;0
37492;2786;962;10;14;10;0
37496;2774;962;10;14;10;0
37498;2762;962;10;14;10;0
37499;2750;962;10;14;10;0
37500;2738;962;10;14;10;0
37502;2726;962;10;14;10;0
37503;2714;962;10;14;10;0
37504;2702;962;10;14;10;0
37507;2690;962;10;14;10;0
37509;2678;962;10;14;10;0
37514;2666;962;10;14;10;0
37518;2654;962;10;14;10;0
37521;2642;962;10;14;10;0
37523;2630;962;10;14;10;0
37525;2858;962;10;14;10;0
37526;2870;962;10;14;10;0
37528;2882;962;10;14;10;0
37530;2894;962;10;14;10;0
37531;3134;962;10;14;10;0
37532;3122;962;10;14;10;0
37536;3110;962;10;14;10;0
37539;3098;962;10;14;10;0
37541;3086;962;10;14;10;0
37542;3074;962;10;14;10;0
37543;3062;962;10;14;10;0
37544;3050;962;10;14;10;0
37545;3038;962;10;14;10;0
37546;3146;962;10;14;10;0
37547;3026;962;10;14;10;0
37548;3002;962;10;14;10;0
37549;2990;962;10;14;10;0
37550;2978;962;10;14;10;0
37554;2966;962;10;14;10;0
37555;2954;962;10;14;10;0
37558;2942;962;10;14;10;0
37559;2930;962;10;14;10;0
37561;2918;962;10;14;10;0
37563;2906;962;10;14;10;0
37564;3158;962;10;14;10;0
37569;3734;962;10;14;10;0
37570;194;978;10;14;10;0
37571;3746;962;10;14;10;0
37573;446;978;10;14;10;0
37574;434;978;10;14;10;0
37575;422;978;10;14;10;0
37577;410;978;10;14;10;0
37580;398;978;10;14;10;0
37583;386;978;10;14;10;0
37584;374;978;10;14;10;0
37586;362;978;10;14;10;0
37589;350;978;10;14;10;0
37593;338;978;10;14;10;0
37604;326;978;10;14;10;0
37606;314;978;10;14;10;0
37608;302;978;10;14;10;0
37609;290;978;10;14;10;0
37610;278;978;10;14;10;0
37613;266;978;10;14;10;0
37615;254;978;10;14;10;0
37616;242;978;10;14;10;0
37617;230;978;10;14;10;0
37618;458;978;10;14;10;0
37619;470;978;10;14;10;0
37624;482;978;10;14;10;0
37626;494;978;10;14;10;0
37628;734;978;10;14;10;0
37632;722;978;10;14;10;0
37634;710;978;10;14;10;0
37636;698;978;10;14;10;0
37638;686;978;10;14;10;0
37647;674;978;10;14;10;0
37648;662;978;10;14;10;0
37650;650;978;10;14;10;0
37653;638;978;10;14;10;0
37656;746;978;10;14;10;0
37657;626;978;10;14;10;0
37658;602;978;10;14;10;0
37659;590;978;10;14;10;0
37662;578;978;10;14;10;0
37664;566;978;10;14;10;0
37665;554;978;10;14;10;0
37666;542;978;10;14;10;0
37667;530;978;10;14;10;0
37668;518;978;10;14;10;0
37670;506;978;10;14;10;0
37671;218;978;10;14;10;0
37672;614;978;10;14;10;0
37673;206;978;10;14;10;0
37675;50;978;10;14;10;0
37676;3974;962;10;14;10;0
37678;3962;962;10;14;10;0
37679;3950;962;10;14;10;0
37682;3938;962;10;14;10;0
37683;3926;962;10;14;10;0
37685;3914;962;10;14;10;0
37686;3902;962;10;14;10;0
37688;3890;962;10;14;10;0
37690;3878;962;10;14;10;0
37691;3866;962;10;14;10;0
37692;3854;962;10;14;10;0
37694;3842;962;10;14;10;0
37697;3830;962;10;14;10;0
37700;3818;962;10;14;10;0
37701;3806;962;10;14;10;0
37702;3794;962;10;14;10;0
37703;3782;962;10;14;10;0
37704;3770;962;10;14;10;0
37706;3758;962;10;14;10;0
37707;3986;962;10;14;10;0
37709;3998;962;10;14;10;0
37716;4010;962;10;14;10;0
37718;4022;962;10;14;10;0
37720;170;978;10;14;10;0
37721;158;978;10;14;10;0
37722;146;978;10;14;10;0
37723;134;978;10;14;10;0
37724;122;978;10;14;10;0
37728;110;978;10;14;10;0
37733;98;978;10;14;10;0
37737;86;978;10;14;10;0
37740;74;978;10;14;10;0
37742;182;978;10;14;10;0
37744;62;978;10;14;10;0
37749;38;978;10;14;10;0
37750;26;978;10;14;10;0
37754;14;978;10;14;10;0
37756;2;978;10;14;10;0
37758;4082;962;10;14;10;0
37762;4070;962;10;14;10;0
37765;4058;962;10;14;10;0
37770;4046;962;10;14;10;0
37772;4034;962;10;14;10;0
37775;2618;962;10;14;10;0
37780;3722;962;10;14;10;0
37782;2606;962;10;14;10;0
37783;1466;962;10;14;10;0
37784;1154;962;10;14;10;0
37786;1142;962;10;14;10;0
37789;1130;962;10;14;10;0
37793;1118;962;10;14;10;0
37794;1106;962;10;14;10;0
37796;1094;962;10;14;10;0
37798;1082;962;10;14;10;0
37799;1070;962;10;14;10;0
37801;1058;962;10;14;10;0
37804;1046;962;10;14;10;0
37805;1034;962;10;14;10;0
37806;1022;962;10;14;10;0
37807;1010;962;10;14;10;0
37808;998;962;10;14;10;0
37811;986;962;10;14;10;0
37813;974;962;10;14;10;0
37814;962;962;10;14;10;0
37815;950;962;10;14;10;0
37817;938;962;10;14;10;0
37827;1166;962;10;14;10;0
37828;1178;962;10;14;10;0
37832;1190;962;10;14;10;0
37836;1202;962;10;14;10;0
37837;1442;962;10;14;10;0
37840;1430;962;10;14;10;0
37841;1418;962;10;14;10;0
37846;1406;962;10;14;10;0
37847;1394;962;10;14;10;0
37848;1382;962;10;14;10;0
37852;1370;962;10;14;10;0
37853;1358;962;10;14;10;0
37854;1346;962;10;14;10;0
37855;1454;962;10;14;10;0
37857;1334;962;10;14;10;0
37858;1310;962;10;14;10;0
37860;1298;962;10;14;10;0
37861;1286;962;10;14;10;0
37864;1274;962;10;14;10;0
37877;1262;962;10;14;10;0
37879;1250;962;10;14;10;0
37881;1238;962;10;14;10;0
37885;1226;962;10;14;10;0
37891;1214;962;10;14;10;0
37895;926;962;10;14;10;0
37903;1322;962;10;14;10;0
37904;914;962;10;14;10;0
37906;758;962;10;14;10;0
37907;590;962;10;14;10;0
37908;578;962;10;14;10;0
37912;566;962;10;14;10;0
37913;554;962;10;14;10;0
37914;542;962;10;14;10;0
37920;530;962;10;14;10;0
37921;518;962;10;14;10;0
37924;506;962;10;14;10;0
37927;494;962;10;14;10;0
37928;482;962;10;14;10;0
37931;470;962;10;14;10;0
37934;458;962;10;14;10;0
37938;446;962;10;14;10;0
37939;434;962;10;14;10;0
37941;422;962;10;14;10;0
37942;410;962;10;14;10;0
37944;398;962;10;14;10;0
37946;386;962;10;14;10;0
37949;374;962;10;14;10;0
37951;602;962;10;14;10;0
37952;614;962;10;14;10;0
37953;626;962;10;14;10;0
37956;638;962;10;14;10;0
37962;878;962;10;14;10;0
37964;866;962;10;14;10;0
37969;854;962;10;14;10;0
37970;842;962;10;14;10;0
37971;830;962;10;14;10;0
37978;818;962;10;14;10;0
37979;806;962;10;14;10;0
37982;794;962;10;14;10;0
37984;782;962;10;14;10;0
37986;890;962;10;14;10;0
37987;770;962;10;14;10;0
37988;746;962;10;14;10;0
37994;734;962;10;14;10;0
37995;722;962;10;14;10;0
37997;710;962;10;14;10;0
38000;698;962;10;14;10;0
38002;686;962;10;14;10;0
38005;674;962;10;14;10;0
38007;662;962;10;14;10;0
38012;650;962;10;14;10;0
38013;902;962;10;14;10;0
38014;1478;962;10;14;10;0
38015;2030;962;10;14;10;0
38017;1490;962;10;14;10;0
38021;2282;962;10;14;10;0
38024;2270;962;10;14;10;0
38025;2258;962;10;14;10;0
38026;2246;962;10;14;10;0
38028;2234;962;10;14;10;0
38029;2222;962;10;14;10;0
38030;2210;962;10;14;10;0
38034;2198;962;10;14;10;0
38035;2186;962;10;14;10;0
38039;2174;962;10;14;10;0
38041;2162;962;10;14;10;0
38043;2150;962;10;14;10;0
38045;2138;962;10;14;10;0
38046;2126;962;10;14;10;0
38047;2114;962;10;14;10;0
38048;2102;962;10;14;10;0
38049;2090;962;10;14;10;0
38050;2078;962;10;14;10;0
38051;2066;962;10;14;10;0
38053;2294;962;10;14;10;0
38054;2306;962;10;14;10;0
38055;2318;962;10;14;10;0
38056;2330;962;10;14;10;0
38057;2570;962;10;14;10;0
38062;2558;962;10;14;10;0
38063;2546;962;10;14;10;0
38065;2534;962;10;14;10;0
38067;2522;962;10;14;10;0
38068;2510;962;10;14;10;0
38069;2498;962;10;14;10;0
38075;2486;962;10;14;10;0
38078;2474;962;10;14;10;0
38079;2582;962;10;14;10;0
38080;2462;962;10;14;10;0
38081;2438;962;10;14;10;0
38082;2426;962;10;14;10;0
38083;2414;962;10;14;10;0
38085;2402;962;10;14;10;0
38086;2390;962;10;14;10;0
38091;2378;962;10;14;10;0
38094;2366;962;10;14;10;0
38096;2354;962;10;14;10;0
38101;2342;962;10;14;10;0
38102;2054;962;10;14;10;0
38107;2450;962;10;14;10;0
38108;2042;962;10;14;10;0
38109;1886;962;10;14;10;0
38112;1718;962;10;14;10;0
38113;1706;962;10;14;10;0
38115;1694;962;10;14;10;0
38116;1682;962;10;14;10;0
38119;1670;962;10;14;10;0
38122;1658;962;10;14;10;0
38124;1646;962;10;14;10;0
38125;1634;962;10;14;10;0
38126;1622;962;10;14;10;0
38128;1610;962;10;14;10;0
38129;1598;962;10;14;10;0
38130;1586;962;10;14;10;0
38131;1574;962;10;14;10;0
38133;1562;962;10;14;10;0
38134;1550;962;10;14;10;0
38135;1538;962;10;14;10;0
38136;1526;962;10;14;10;0
38138;1514;962;10;14;10;0
38139;1502;962;10;14;10;0
38142;1730;962;10;14;10;0
38143;1742;962;10;14;10;0
38144;1754;962;10;14;10;0
38145;1766;962;10;14;10;0
38146;2006;962;10;14;10;0
38148;1994;962;10;14;10;0
38149;1982;962;10;14;10;0
38152;1970;962;10;14;10;0
38153;1958;962;10;14;10;0
38154;1946;962;10;14;10;0
38155;1934;962;10;14;10;0
38156;1922;962;10;14;10;0
38160;1910;962;10;14;10;0
38161;2018;962;10;14;10;0
38162;1898;962;10;14;10;0
38163;1874;962;10;14;10;0
38165;1862;962;10;14;10;0
38167;1850;962;10;14;10;0
38169;1838;962;10;14;10;0
38170;1826;962;10;14;10;0
38177;1814;962;10;14;10;0
38178;1802;962;10;14;10;0
38179;1790;962;10;14;10;0
38180;1778;962;10;14;10;0
38181;4034;930;10;14;10;0
38182;4022;930;10;14;10;0
38184;4010;930;10;14;10;0
38186;1754;930;10;14;10;0
38189;2150;914;10;14;10;0
38190;2138;914;10;14;10;0
38191;2126;914;10;14;10;0
38192;2114;914;10;14;10;0
38194;2102;914;10;14;10;0
38197;2090;914;10;14;10;0
38198;2078;914;10;14;10;0
38200;2066;914;10;14;10;0
38201;2054;914;10;14;10;0
38202;2042;914;10;14;10;0
38203;2030;914;10;14;10;0
38208;2018;914;10;14;10;0
38209;2006;914;10;14;10;0
38210;1994;914;10;14;10;0
38212;1982;914;10;14;10;0
38215;1970;914;10;14;10;0
38218;1958;914;10;14;10;0
38220;1946;914;10;14;10;0
38221;1934;914;10;14;10;0
38224;2162;914;10;14;10;0
38225;2174;914;10;14;10;0
38230;2186;914;10;14;10;0
38236;2198;914;10;14;10;0
38243;2438;914;10;14;10;0
38253;2426;914;10;14;10;0
38255;2414;914;10;14;10;0
38256;2402;914;10;14;10;0
38259;2390;914;10;14;10;0
38262;2378;914;10;14;10;0
38263;2366;914;10;14;10;0
38271;2354;914;10;14;10;0
38272;2342;914;10;14;10;0
38274;2450;914;10;14;10;0
38275;2330;914;10;14;10;0
38278;2306;914;10;14;10;0
38279;2294;914;10;14;10;0
38280;2282;914;10;14;10;0
38281;2270;914;10;14;10;0
38282;2258;914;10;14;10;0
38283;2246;914;10;14;10;0
38286;2234;914;10;14;10;0
38287;2222;914;10;14;10;0
38289;2210;914;10;14;10;0
38290;1922;914;10;14;10;0
38291;2318;914;10;14;10;0
38292;1910;914;10;14;10;0
38294;1754;914;10;14;10;0
38296;1586;914;10;14;10;0
38297;1574;914;10;14;10;0
38304;1562;914;10;14;10;0
38305;1550;914;10;14;10;0
38306;1538;914;10;14;10;0
38307;1526;914;10;14;10;0
38308;1514;914;10;14;10;0
38309;1502;914;10;14;10;0
38311;1490;914;10;14;10;0
38312;1478;914;10;14;10;0
38313;1466;914;10;14;10;0
38314;1454;914;10;14;10;0
38315;1442;914;10;14;10;0
38316;1430;914;10;14;10;0
38317;1418;914;10;14;10;0
38321;1406;914;10;14;10;0
38322;1394;914;10;14;10;0
38329;1382;914;10;14;10;0
38330;1370;914;10;14;10;0
38331;1598;914;10;14;10;0
38332;1610;914;10;14;10;0
38334;1622;914;10;14;10;0
38339;1634;914;10;14;10;0
38342;1874;914;10;14;10;0
38343;1862;914;10;14;10;0
38344;1850;914;10;14;10;0
38345;1838;914;10;14;10;0
38346;1826;914;10;14;10;0
38347;1814;914;10;14;10;0
38348;1802;914;10;14;10;0
38349;1790;914;10;14;10;0
38352;1778;914;10;14;10;0
38356;1886;914;10;14;10;0
38357;1766;914;10;14;10;0
38358;1742;914;10;14;10;0
38360;1730;914;10;14;10;0
38364;1718;914;10;14;10;0
38366;1706;914;10;14;10;0
38369;1694;914;10;14;10;0
38370;1682;914;10;14;10;0
38373;1670;914;10;14;10;0
38376;1658;914;10;14;10;0
38377;1646;914;10;14;10;0
38378;1898;914;10;14;10;0
38379;2474;914;10;14;10;0
38380;3026;914;10;14;10;0
38381;2486;914;10;14;10;0
38382;3278;914;10;14;10;0
38383;3266;914;10;14;10;0
38384;3254;914;10;14;10;0
38386;3242;914;10;14;10;0
38388;3230;914;10;14;10;0
38389;3218;914;10;14;10;0
38391;3206;914;10;14;10;0
38392;3194;914;10;14;10;0
38393;3182;914;10;14;10;0
38394;3170;914;10;14;10;0
38395;3158;914;10;14;10;0
38397;3146;914;10;14;10;0
38398;3134;914;10;14;10;0
38400;3122;914;10;14;10;0
38401;3110;914;10;14;10;0
38402;3098;914;10;14;10;0
38405;3086;914;10;14;10;0
38408;3074;914;10;14;10;0
38409;3062;914;10;14;10;0
38412;3290;914;10;14;10;0
38414;3302;914;10;14;10;0
38416;3314;914;10;14;10;0
38417;3326;914;10;14;10;0
38420;3566;914;10;14;10;0
38422;3554;914;10;14;10;0
38425;3542;914;10;14;10;0
38428;3530;914;10;14;10;0
38431;3518;914;10;14;10;0
38433;3506;914;10;14;10;0
38434;3494;914;10;14;10;0
38440;3482;914;10;14;10;0
38442;3470;914;10;14;10;0
38444;3578;914;10;14;10;0
38446;3458;914;10;14;10;0
38447;3434;914;10;14;10;0
38449;3422;914;10;14;10;0
38450;3410;914;10;14;10;0
38451;3398;914;10;14;10;0
38452;3386;914;10;14;10;0
38453;3374;914;10;14;10;0
38454;3362;914;10;14;10;0
38459;3350;914;10;14;10;0
38463;3338;914;10;14;10;0
38464;3050;914;10;14;10;0
38466;3446;914;10;14;10;0
38468;3038;914;10;14;10;0
38469;2882;914;10;14;10;0
38470;2714;914;10;14;10;0
38471;2702;914;10;14;10;0
38472;2690;914;10;14;10;0
38475;2678;914;10;14;10;0
38476;2666;914;10;14;10;0
38477;2654;914;10;14;10;0
38479;2642;914;10;14;10;0
38480;2630;914;10;14;10;0
38484;2618;914;10;14;10;0
38485;2606;914;10;14;10;0
38488;2594;914;10;14;10;0
38491;2582;914;10;14;10;0
38492;2570;914;10;14;10;0
38493;2558;914;10;14;10;0
38494;2546;914;10;14;10;0
38495;2534;914;10;14;10;0
38496;2522;914;10;14;10;0
38497;2510;914;10;14;10;0
38498;2498;914;10;14;10;0
38499;2726;914;10;14;10;0
38500;2738;914;10;14;10;0
38501;2750;914;10;14;10;0
38502;2762;914;10;14;10;0
38503;3002;914;10;14;10;0
38504;2990;914;10;14;10;0
38505;2978;914;10;14;10;0
38506;2966;914;10;14;10;0
38508;2954;914;10;14;10;0
38512;2942;914;10;14;10;0
38514;2930;914;10;14;10;0
38515;2918;914;10;14;10;0
38516;2906;914;10;14;10;0
38517;3014;914;10;14;10;0
38518;2894;914;10;14;10;0
38519;2870;914;10;14;10;0
38520;2858;914;10;14;10;0
38522;2846;914;10;14;10;0
38525;2834;914;10;14;10;0
38530;2822;914;10;14;10;0
38532;2810;914;10;14;10;0
38533;2798;914;10;14;10;0
38534;2786;914;10;14;10;0
38536;2774;914;10;14;10;0
38538;1358;914;10;14;10;0
38539;1346;914;10;14;10;0
38541;1334;914;10;14;10;0
38542;770;914;10;14;10;0
38543;3986;898;10;14;10;0
38544;3974;898;10;14;10;0
38548;3962;898;10;14;10;0
38549;3950;898;10;14;10;0
38551;3938;898;10;14;10;0
38552;3926;898;10;14;10;0
38553;3914;898;10;14;10;0
38555;3902;898;10;14;10;0
38556;3890;898;10;14;10;0
38560;3878;898;10;14;10;0
38563;3866;898;10;14;10;0
38567;3854;898;10;14;10;0
38568;3842;898;10;14;10;0
38570;3830;898;10;14;10;0
38576;3818;898;10;14;10;0
38577;3806;898;10;14;10;0
38578;3794;898;10;14;10;0
38580;3782;898;10;14;10;0
38582;3770;898;10;14;10;0
38583;3998;898;10;14;10;0
38584;4010;898;10;14;10;0
38585;4022;898;10;14;10;0
38587;4034;898;10;14;10;0
38588;182;914;10;14;10;0
38589;170;914;10;14;10;0
38590;158;914;10;14;10;0
38592;146;914;10;14;10;0
38593;134;914;10;14;10;0
38595;122;914;10;14;10;0
38596;110;914;10;14;10;0
38597;98;914;10;14;10;0
38598;86;914;10;14;10;0
38599;194;914;10;14;10;0
38601;74;914;10;14;10;0
38602;50;914;10;14;10;0
38603;38;914;10;14;10;0
38604;26;914;10;14;10;0
38605;14;914;10;14;10;0
38606;2;914;10;14;10;0
38607;4082;898;10;14;10;0
38609;4070;898;10;14;10;0
38610;4058;898;10;14;10;0
38613;4046;898;10;14;10;0
38614;3758;898;10;14;10;0
38617;3746;898;10;14;10;0
38619;3734;898;10;14;10;0
38620;3458;898;10;14;10;0
38622;3434;898;10;14;10;0
38626;3422;898;10;14;10;0
38627;3410;898;10;14;10;0
38632;3398;898;10;14;10;0
38633;3386;898;10;14;10;0
38634;3374;898;10;14;10;0
38635;3362;898;10;14;10;0
38639;3350;898;10;14;10;0
38640;3338;898;10;14;10;0
38642;3326;898;10;14;10;0
38643;3314;898;10;14;10;0
38646;3302;898;10;14;10;0
38647;3290;898;10;14;10;0
38649;3278;898;10;14;10;0
38651;3266;898;10;14;10;0
38654;3254;898;10;14;10;0
38656;3242;898;10;14;10;0
38658;3230;898;10;14;10;0
38660;3218;898;10;14;10;0
38662;3446;898;10;14;10;0
38663;3470;898;10;14;10;0
38664;3722;898;10;14;10;0
38665;3482;898;10;14;10;0
38666;3710;898;10;14;10;0
38669;3698;898;10;14;10;0
38670;3686;898;10;14;10;0
38671;3674;898;10;14;10;0
38673;3662;898;10;14;10;0
38675;3650;898;10;14;10;0
38678;3638;898;10;14;10;0
38681;3626;898;10;14;10;0
38684;3614;898;10;14;10;0
38685;3602;898;10;14;10;0
38686;3590;898;10;14;10;0
38692;3578;898;10;14;10;0
38694;3566;898;10;14;10;0
38695;3554;898;10;14;10;0
38696;3542;898;10;14;10;0
38698;3530;898;10;14;10;0
38701;3518;898;10;14;10;0
38704;3506;898;10;14;10;0
38706;3494;898;10;14;10;0
38712;62;914;10;14;10;0
38713;206;914;10;14;10;0
38717;218;914;10;14;10;0
38718;230;914;10;14;10;0
38721;1022;914;10;14;10;0
38722;1010;914;10;14;10;0
38724;998;914;10;14;10;0
38726;986;914;10;14;10;0
38728;974;914;10;14;10;0
38729;962;914;10;14;10;0
38737;950;914;10;14;10;0
38738;938;914;10;14;10;0
38739;926;914;10;14;10;0
38742;914;914;10;14;10;0
38745;902;914;10;14;10;0
38746;890;914;10;14;10;0
38747;878;914;10;14;10;0
38748;866;914;10;14;10;0
38750;854;914;10;14;10;0
38752;842;914;10;14;10;0
38753;830;914;10;14;10;0
38754;818;914;10;14;10;0
38756;806;914;10;14;10;0
38757;1034;914;10;14;10;0
38758;1046;914;10;14;10;0
38760;1058;914;10;14;10;0
38761;1070;914;10;14;10;0
38763;1310;914;10;14;10;0
38765;1298;914;10;14;10;0
38769;1286;914;10;14;10;0
38771;1274;914;10;14;10;0
38772;1262;914;10;14;10;0
38774;1250;914;10;14;10;0
38777;1238;914;10;14;10;0
38778;1226;914;10;14;10;0
38780;1214;914;10;14;10;0
38785;1322;914;10;14;10;0
38788;1202;914;10;14;10;0
38789;1178;914;10;14;10;0
38790;1166;914;10;14;10;0
38795;1154;914;10;14;10;0
38797;1142;914;10;14;10;0
38799;1130;914;10;14;10;0
38800;1118;914;10;14;10;0
38801;1106;914;10;14;10;0
38805;1094;914;10;14;10;0
38808;1082;914;10;14;10;0
38812;794;914;10;14;10;0
38816;1190;914;10;14;10;0
38819;782;914;10;14;10;0
38822;626;914;10;14;10;0
38824;458;914;10;14;10;0
38827;446;914;10;14;10;0
38828;434;914;10;14;10;0
38829;422;914;10;14;10;0
38834;410;914;10;14;10;0
38835;398;914;10;14;10;0
38836;386;914;10;14;10;0
38849;374;914;10;14;10;0
38851;362;914;10;14;10;0
38854;350;914;10;14;10;0
38856;338;914;10;14;10;0
38857;326;914;10;14;10;0
38859;314;914;10;14;10;0
38860;302;914;10;14;10;0
38867;290;914;10;14;10;0
38873;278;914;10;14;10;0
38876;266;914;10;14;10;0
38878;254;914;10;14;10;0
38881;242;914;10;14;10;0
38886;470;914;10;14;10;0
38887;482;914;10;14;10;0
38889;494;914;10;14;10;0
38890;506;914;10;14;10;0
38891;746;914;10;14;10;0
38892;734;914;10;14;10;0
38893;722;914;10;14;10;0
38894;710;914;10;14;10;0
38897;698;914;10;14;10;0
38898;686;914;10;14;10;0
38899;674;914;10;14;10;0
38901;662;914;10;14;10;0
38902;650;914;10;14;10;0
38905;758;914;10;14;10;0
38907;638;914;10;14;10;0
38910;614;914;10;14;10;0
38911;602;914;10;14;10;0
38913;590;914;10;14;10;0
38914;578;914;10;14;10;0
38915;566;914;10;14;10;0
38917;554;914;10;14;10;0
38918;542;914;10;14;10;0
38919;530;914;10;14;10;0
38920;518;914;10;14;10;0
38922;2462;914;10;14;10;0
38924;3590;914;10;14;10;0
38926;3602;914;10;14;10;0
38927;3614;914;10;14;10;0
38928;2570;930;10;14;10;0
38929;2558;930;10;14;10;0
38930;2546;930;10;14;10;0
38931;2534;930;10;14;10;0
38935;2522;930;10;14;10;0
38936;2510;930;10;14;10;0
38938;2498;930;10;14;10;0
38940;2486;930;10;14;10;0
38945;2474;930;10;14;10;0
38948;2462;930;10;14;10;0
38955;2450;930;10;14;10;0
38956;2438;930;10;14;10;0
38957;2426;930;10;14;10;0
38960;2414;930;10;14;10;0
38964;2402;930;10;14;10;0
38967;2390;930;10;14;10;0
38968;2378;930;10;14;10;0
38969;2366;930;10;14;10;0
38971;2354;930;10;14;10;0
38972;2582;930;10;14;10;0
38973;2594;930;10;14;10;0
38982;2606;930;10;14;10;0
38987;2618;930;10;14;10;0
38988;2858;930;10;14;10;0
38989;2846;930;10;14;10;0
38990;2834;930;10;14;10;0
38991;2822;930;10;14;10;0
38995;2810;930;10;14;10;0
38996;2798;930;10;14;10;0
38997;2786;930;10;14;10;0
38999;2774;930;10;14;10;0
39000;2762;930;10;14;10;0
39001;2870;930;10;14;10;0
39002;2750;930;10;14;10;0
39003;2726;930;10;14;10;0
39006;2714;930;10;14;10;0
39010;2702;930;10;14;10;0
39013;2690;930;10;14;10;0
39015;2678;930;10;14;10;0
39019;2666;930;10;14;10;0
39023;2654;930;10;14;10;0
39024;2642;930;10;14;10;0
39025;2630;930;10;14;10;0
39027;2342;930;10;14;10;0
39028;2738;930;10;14;10;0
39029;2330;930;10;14;10;0
39030;2174;930;10;14;10;0
39031;2006;930;10;14;10;0
39033;1994;930;10;14;10;0
39034;1982;930;10;14;10;0
39035;1970;930;10;14;10;0
39037;1958;930;10;14;10;0
39038;1946;930;10;14;10;0
39039;1934;930;10;14;10;0
39041;1922;930;10;14;10;0
39042;1910;930;10;14;10;0
39044;1898;930;10;14;10;0
39045;1886;930;10;14;10;0
39046;1874;930;10;14;10;0
39047;1862;930;10;14;10;0
39048;1850;930;10;14;10;0
39050;1838;930;10;14;10;0
39052;1826;930;10;14;10;0
39056;1814;930;10;14;10;0
39057;1802;930;10;14;10;0
39059;1790;930;10;14;10;0
39060;2018;930;10;14;10;0
39062;2030;930;10;14;10;0
39063;2042;930;10;14;10;0
39064;2054;930;10;14;10;0
39066;2294;930;10;14;10;0
39068;2282;930;10;14;10;0
39069;2270;930;10;14;10;0
39072;2258;930;10;14;10;0
39076;2246;930;10;14;10;0
39079;2234;930;10;14;10;0
39080;2222;930;10;14;10;0
39082;2210;930;10;14;10;0
39087;2198;930;10;14;10;0
39089;2306;930;10;14;10;0
39091;2186;930;10;14;10;0
39094;2162;930;10;14;10;0
39095;2150;930;10;14;10;0
39098;2138;930;10;14;10;0
39100;2126;930;10;14;10;0
39107;2114;930;10;14;10;0
39108;2102;930;10;14;10;0
39110;2090;930;10;14;10;0
39112;2078;930;10;14;10;0
39118;2066;930;10;14;10;0
39122;2318;930;10;14;10;0
39125;2894;930;10;14;10;0
39128;3446;930;10;14;10;0
39129;2906;930;10;14;10;0
39130;3698;930;10;14;10;0
39131;3686;930;10;14;10;0
39132;3674;930;10;14;10;0
39134;3662;930;10;14;10;0
39135;3650;930;10;14;10;0
39138;3638;930;10;14;10;0
39141;3626;930;10;14;10;0
39143;3614;930;10;14;10;0
39144;3602;930;10;14;10;0
39145;3590;930;10;14;10;0
39146;3578;930;10;14;10;0
39147;3566;930;10;14;10;0
39149;3554;930;10;14;10;0
39150;3542;930;10;14;10;0
39151;3530;930;10;14;10;0
39154;3518;930;10;14;10;0
39156;3506;930;10;14;10;0
39164;3494;930;10;14;10;0
39165;3482;930;10;14;10;0
39166;3710;930;10;14;10;0
39171;3722;930;10;14;10;0
39173;3734;930;10;14;10;0
39177;3746;930;10;14;10;0
39178;3986;930;10;14;10;0
39180;3974;930;10;14;10;0
39184;3962;930;10;14;10;0
39185;3950;930;10;14;10;0
39186;3938;930;10;14;10;0
39187;3926;930;10;14;10;0
39188;3914;930;10;14;10;0
39192;3902;930;10;14;10;0
39194;3890;930;10;14;10;0
39195;3998;930;10;14;10;0
39197;3878;930;10;14;10;0
39198;3854;930;10;14;10;0
39200;3842;930;10;14;10;0
39201;3830;930;10;14;10;0
39204;3818;930;10;14;10;0
39208;3806;930;10;14;10;0
39212;3794;930;10;14;10;0
39214;3782;930;10;14;10;0
39221;3770;930;10;14;10;0
39224;3758;930;10;14;10;0
39229;3470;930;10;14;10;0
39230;3866;930;10;14;10;0
39231;3458;930;10;14;10;0
39232;3302;930;10;14;10;0
39234;3134;930;10;14;10;0
39235;3122;930;10;14;10;0
39237;3110;930;10;14;10;0
39240;3098;930;10;14;10;0
39241;3086;930;10;14;10;0
39243;3074;930;10;14;10;0
39244;3062;930;10;14;10;0
39248;3050;930;10;14;10;0
39249;3038;930;10;14;10;0
39250;3026;930;10;14;10;0
39253;3014;930;10;14;10;0
39255;3002;930;10;14;10;0
39260;2990;930;10;14;10;0
39262;2978;930;10;14;10;0
39269;2966;930;10;14;10;0
39272;2954;930;10;14;10;0
39274;2942;930;10;14;10;0
39277;2930;930;10;14;10;0
39278;2918;930;10;14;10;0
39279;3146;930;10;14;10;0
39280;3158;930;10;14;10;0
39281;3170;930;10;14;10;0
39282;3182;930;10;14;10;0
39284;3422;930;10;14;10;0
39285;3410;930;10;14;10;0
39286;3398;930;10;14;10;0
39290;3386;930;10;14;10;0
39292;3374;930;10;14;10;0
39295;3362;930;10;14;10;0
39296;3350;930;10;14;10;0
39297;3338;930;10;14;10;0
39300;3326;930;10;14;10;0
39301;3434;930;10;14;10;0
39302;3314;930;10;14;10;0
39304;3290;930;10;14;10;0
39307;3278;930;10;14;10;0
39309;3266;930;10;14;10;0
39311;3254;930;10;14;10;0
39312;3242;930;10;14;10;0
39313;3230;930;10;14;10;0
39314;3218;930;10;14;10;0
39315;3206;930;10;14;10;0
39316;3194;930;10;14;10;0
39317;1778;930;10;14;10;0
39318;2882;930;10;14;10;0
39319;1766;930;10;14;10;0
39320;626;930;10;14;10;0
39321;314;930;10;14;10;0
39333;302;930;10;14;10;0
39336;290;930;10;14;10;0
39340;278;930;10;14;10;0
39341;266;930;10;14;10;0
39342;254;930;10;14;10;0
39345;242;930;10;14;10;0
39347;230;930;10;14;10;0
39348;218;930;10;14;10;0
39356;206;930;10;14;10;0
39361;194;930;10;14;10;0
39363;182;930;10;14;10;0
39364;170;930;10;14;10;0
39365;158;930;10;14;10;0
39366;146;930;10;14;10;0
39367;134;930;10;14;10;0
39368;122;930;10;14;10;0
39376;110;930;10;14;10;0
39377;98;930;10;14;10;0
39378;326;930;10;14;10;0
39381;338;930;10;14;10;0
39384;350;930;10;14;10;0
39385;362;930;10;14;10;0
39387;602;930;10;14;10;0
39389;590;930;10;14;10;0
39391;578;930;10;14;10;0
39393;566;930;10;14;10;0
39394;554;930;10;14;10;0
39405;542;930;10;14;10;0
39406;530;930;10;14;10;0
39409;518;930;10;14;10;0
39410;506;930;10;14;10;0
39416;614;930;10;14;10;0
39419;494;930;10;14;10;0
39423;470;930;10;14;10;0
39425;458;930;10;14;10;0
39429;446;930;10;14;10;0
39438;434;930;10;14;10;0
39439;422;930;10;14;10;0
39442;410;930;10;14;10;0
39443;398;930;10;14;10;0
39446;386;930;10;14;10;0
39449;374;930;10;14;10;0
39464;86;930;10;14;10;0
39467;482;930;10;14;10;0
39470;74;930;10;14;10;0
39471;4010;914;10;14;10;0
39472;3842;914;10;14;10;0
39477;3830;914;10;14;10;0
39479;3818;914;10;14;10;0
39486;3806;914;10;14;10;0
39488;3794;914;10;14;10;0
39489;3782;914;10;14;10;0
39490;3770;914;10;14;10;0
39491;3758;914;10;14;10;0
39492;3746;914;10;14;10;0
39493;3734;914;10;14;10;0
39498;3722;914;10;14;10;0
39500;3710;914;10;14;10;0
39501;3698;914;10;14;10;0
39506;3686;914;10;14;10;0
39509;3674;914;10;14;10;0
39511;3662;914;10;14;10;0
39514;3650;914;10;14;10;0
39515;3638;914;10;14;10;0
39519;3626;914;10;14;10;0
39522;3854;914;10;14;10;0
39523;3866;914;10;14;10;0
39524;3878;914;10;14;10;0
39525;3890;914;10;14;10;0
39529;38;930;10;14;10;0
39530;26;930;10;14;10;0
39531;14;930;10;14;10;0
39532;2;930;10;14;10;0
39533;4082;914;10;14;10;0
39534;4070;914;10;14;10;0
39535;4058;914;10;14;10;0
39536;4046;914;10;14;10;0
39537;4034;914;10;14;10;0
39539;50;930;10;14;10;0
39540;4022;914;10;14;10;0
39542;3998;914;10;14;10;0
39544;3986;914;10;14;10;0
39545;3974;914;10;14;10;0
39547;3962;914;10;14;10;0
39548;3950;914;10;14;10;0
39550;3938;914;10;14;10;0
39551;3926;914;10;14;10;0
39553;3914;914;10;14;10;0
39554;3902;914;10;14;10;0
39556;62;930;10;14;10;0
39558;638;930;10;14;10;0
39559;1190;930;10;14;10;0
39560;650;930;10;14;10;0
39562;1442;930;10;14;10;0
39563;1430;930;10;14;10;0
39564;1418;930;10;14;10;0
39567;1406;930;10;14;10;0
39569;1394;930;10;14;10;0
39575;1382;930;10;14;10;0
39578;1370;930;10;14;10;0
39581;1358;930;10;14;10;0
39582;1346;930;10;14;10;0
39584;1334;930;10;14;10;0
39585;1322;930;10;14;10;0
39588;1310;930;10;14;10;0
39589;1298;930;10;14;10;0
39592;1286;930;10;14;10;0
39597;1274;930;10;14;10;0
39599;1262;930;10;14;10;0
39600;1250;930;10;14;10;0
39601;1238;930;10;14;10;0
39606;1226;930;10;14;10;0
39607;1454;930;10;14;10;0
39608;1466;930;10;14;10;0
39609;1478;930;10;14;10;0
39612;1490;930;10;14;10;0
39614;1730;930;10;14;10;0
39616;1718;930;10;14;10;0
39617;1706;930;10;14;10;0
39618;1694;930;10;14;10;0
39620;1682;930;10;14;10;0
39621;1670;930;10;14;10;0
39631;1658;930;10;14;10;0
39633;1646;930;10;14;10;0
39634;1634;930;10;14;10;0
39635;1742;930;10;14;10;0
39636;1622;930;10;14;10;0
39637;1598;930;10;14;10;0
39638;1586;930;10;14;10;0
39640;1574;930;10;14;10;0
39646;1562;930;10;14;10;0
39647;1550;930;10;14;10;0
39649;1538;930;10;14;10;0
39650;1526;930;10;14;10;0
39651;1514;930;10;14;10;0
39654;1502;930;10;14;10;0
39658;1214;930;10;14;10;0
39659;1610;930;10;14;10;0
39661;1202;930;10;14;10;0
39662;1046;930;10;14;10;0
39663;878;930;10;14;10;0
39665;866;930;10;14;10;0
39668;854;930;10;14;10;0
39671;842;930;10;14;10;0
39673;830;930;10;14;10;0
39675;818;930;10;14;10;0
39683;806;930;10;14;10;0
39686;794;930;10;14;10;0
39688;782;930;10;14;10;0
39693;770;930;10;14;10;0
39695;758;930;10;14;10;0
39699;746;930;10;14;10;0
39704;734;930;10;14;10;0
39706;722;930;10;14;10;0
39711;710;930;10;14;10;0
39714;698;930;10;14;10;0
39715;686;930;10;14;10;0
39717;674;930;10;14;10;0
39718;662;930;10;14;10;0
39719;890;930;10;14;10;0
39720;902;930;10;14;10;0
39721;914;930;10;14;10;0
39722;926;930;10;14;10;0
39726;1166;930;10;14;10;0
39727;1154;930;10;14;10;0
39729;1142;930;10;14;10;0
39730;1130;930;10;14;10;0
39739;1118;930;10;14;10;0
39740;1106;930;10;14;10;0
39742;1094;930;10;14;10;0
39745;1082;930;10;14;10;0
39746;1070;930;10;14;10;0
39747;1178;930;10;14;10;0
39748;1058;930;10;14;10;0
39749;1034;930;10;14;10;0
39750;1022;930;10;14;10;0
39751;1010;930;10;14;10;0
39752;998;930;10;14;10;0
39753;986;930;10;14;10;0
39757;974;930;10;14;10;0
39758;962;930;10;14;10;0
39759;950;930;10;14;10;0
39761;938;930;10;14;10;0
39764;638;562;10;14;10;0
39768;626;562;10;14;10;0
39770;614;562;10;14;10;0
39775;2546;274;10;14;10;0
39776;3110;178;10;14;10;0
39782;3098;178;10;14;10;0
39784;3086;178;10;14;10;0
39785;3074;178;10;14;10;0
39791;3062;178;10;14;10;0
39796;3050;178;10;14;10;0
39799;3038;178;10;14;10;0
39805;3026;178;10;14;10;0
39808;3014;178;10;14;10;0
39811;3002;178;10;14;10;0
39819;2990;178;10;14;10;0
39822;2978;178;10;14;10;0
39824;2966;178;10;14;10;0
39825;2954;178;10;14;10;0
39826;2942;178;10;14;10;0
39827;2930;178;10;14;10;0
39830;2918;178;10;14;10;0
39831;2906;178;10;14;10;0
39839;2894;178;10;14;10;0
39840;3122;178;10;14;10;0
39848;3134;178;10;14;10;0
39850;3146;178;10;14;10;0
39851;3158;178;10;14;10;0
39853;3398;178;10;14;10;0
39854;3386;178;10;14;10;0
39860;3374;178;10;14;10;0
39864;3362;178;10;14;10;0
39865;3350;178;10;14;10;0
39872;3338;178;10;14;10;0
39873;3326;178;10;14;10;0
39874;3314;178;10;14;10;0
39878;3302;178;10;14;10;0
39879;3410;178;10;14;10;0
39880;3290;178;10;14;10;0
39881;3266;178;10;14;10;0
39882;3254;178;10;14;10;0
39887;3242;178;10;14;10;0
39889;3230;178;10;14;10;0
39890;3218;178;10;14;10;0
39891;3206;178;10;14;10;0
39892;3194;178;10;14;10;0
39894;3182;178;10;14;10;0
39895;3170;178;10;14;10;0
39897;2882;178;10;14;10;0
39899;3278;178;10;14;10;0
39901;2870;178;10;14;10;0
39905;2714;178;10;14;10;0
39906;2546;178;10;14;10;0
39907;2534;178;10;14;10;0
39908;2522;178;10;14;10;0
39911;2510;178;10;14;10;0
39912;2498;178;10;14;10;0
39914;2486;178;10;14;10;0
39917;2474;178;10;14;10;0
39920;2462;178;10;14;10;0
39921;2450;178;10;14;10;0
39922;2438;178;10;14;10;0
39925;2426;178;10;14;10;0
39927;2414;178;10;14;10;0
39933;2402;178;10;14;10;0
39938;2390;178;10;14;10;0
39940;2378;178;10;14;10;0
39942;2366;178;10;14;10;0
39944;2354;178;10;14;10;0
39945;2342;178;10;14;10;0
39946;2330;178;10;14;10;0
39948;2558;178;10;14;10;0
39949;2570;178;10;14;10;0
39952;2582;178;10;14;10;0
39954;2594;178;10;14;10;0
39955;2834;178;10;14;10;0
39956;2822;178;10;14;10;0
39957;2810;178;10;14;10;0
39963;2798;178;10;14;10;0
39964;2786;178;10;14;10;0
39969;2774;178;10;14;10;0
39972;2762;178;10;14;10;0
39973;2750;178;10;14;10;0
39977;2738;178;10;14;10;0
39981;2846;178;10;14;10;0
39982;2726;178;10;14;10;0
39983;2702;178;10;14;10;0
39984;2690;178;10;14;10;0
39985;2678;178;10;14;10;0
39986;2666;178;10;14;10;0
39993;2654;178;10;14;10;0
39994;2642;178;10;14;10;0
39995;2630;178;10;14;10;0
39998;2618;178;10;14;10;0
40006;2606;178;10;14;10;0
40007;2858;178;10;14;10;0
40008;3434;178;10;14;10;0
40009;3986;178;10;14;10;0
40018;3446;178;10;14;10;0
40020;146;194;10;14;10;0
40022;134;194;10;14;10;0
40023;122;194;10;14;10;0
40024;110;194;10;14;10;0
40025;98;194;10;14;10;0
40026;86;194;10;14;10;0
40028;74;194;10;14;10;0
40031;62;194;10;14;10;0
40032;50;194;10;14;10;0
40039;38;194;10;14;10;0
40050;26;194;10;14;10;0
40054;14;194;10;14;10;0
40055;2;194;10;14;10;0
40056;4082;178;10;14;10;0
40058;4070;178;10;14;10;0
40060;4058;178;10;14;10;0
40063;4046;178;10;14;10;0
40065;4034;178;10;14;10;0
40072;4022;178;10;14;10;0
40073;158;194;10;14;10;0
40076;170;194;10;14;10;0
40077;182;194;10;14;10;0
40078;194;194;10;14;10;0
40081;434;194;10;14;10;0
40082;422;194;10;14;10;0
40085;410;194;10;14;10;0
40092;398;194;10;14;10;0
40095;386;194;10;14;10;0
40096;374;194;10;14;10;0
40097;362;194;10;14;10;0
40098;350;194;10;14;10;0
40099;338;194;10;14;10;0
40100;446;194;10;14;10;0
40101;326;194;10;14;10;0
40102;302;194;10;14;10;0
40103;290;194;10;14;10;0
40104;278;194;10;14;10;0
40107;266;194;10;14;10;0
40109;14;1122;9;14;10;0
40110;254;194;10;14;10;0
40113;242;194;10;14;10;0
40114;230;194;10;14;10;0
40115;218;194;10;14;10;0
40118;206;194;10;14;10;0
40120;4010;178;10;14;10;0
40127;314;194;10;14;10;0
40131;3998;178;10;14;10;0
40132;3842;178;10;14;10;0
40137;3674;178;10;14;10;0
40140;3662;178;10;14;10;0
40141;3650;178;10;14;10;0
40143;3638;178;10;14;10;0
40149;3626;178;10;14;10;0
40150;3614;178;10;14;10;0
40153;3602;178;10;14;10;0
40156;3590;178;10;14;10;0
40157;3578;178;10;14;10;0
40158;3566;178;10;14;10;0
40159;3554;178;10;14;10;0
40165;3542;178;10;14;10;0
40167;3530;178;10;14;10;0
40169;3518;178;10;14;10;0
40171;3506;178;10;14;10;0
40172;3494;178;10;14;10;0
40175;3482;178;10;14;10;0
40176;3470;178;10;14;10;0
40179;3458;178;10;14;10;0
40180;3686;178;10;14;10;0
40182;3698;178;10;14;10;0
40195;3710;178;10;14;10;0
40198;3722;178;10;14;10;0
40199;3962;178;10;14;10;0
40200;3950;178;10;14;10;0
40201;3938;178;10;14;10;0
40206;3926;178;10;14;10;0
40210;3914;178;10;14;10;0
40213;3902;178;10;14;10;0
40219;3890;178;10;14;10;0
40221;3878;178;10;14;10;0
40222;3866;178;10;14;10;0
40223;3974;178;10;14;10;0
40227;3854;178;10;14;10;0
40230;3830;178;10;14;10;0
40232;3818;178;10;14;10;0
40234;3806;178;10;14;10;0
40235;3794;178;10;14;10;0
40236;3782;178;10;14;10;0
40239;3770;178;10;14;10;0
40247;3758;178;10;14;10;0
40251;3746;178;10;14;10;0
40253;3734;178;10;14;10;0
40254;2318;178;10;14;10;0
40255;3422;178;10;14;10;0
40257;2306;178;10;14;10;0
40260;1166;178;10;14;10;0
40262;854;178;10;14;10;0
40264;842;178;10;14;10;0
40272;830;178;10;14;10;0
40273;818;178;10;14;10;0
40281;806;178;10;14;10;0
40284;794;178;10;14;10;0
40285;782;178;10;14;10;0
40286;770;178;10;14;10;0
40287;758;178;10;14;10;0
40288;746;178;10;14;10;0
40289;734;178;10;14;10;0
40292;722;178;10;14;10;0
40298;710;178;10;14;10;0
40300;698;178;10;14;10;0
40303;686;178;10;14;10;0
40304;674;178;10;14;10;0
40306;662;178;10;14;10;0
40314;650;178;10;14;10;0
40326;638;178;10;14;10;0
40327;866;178;10;14;10;0
40329;878;178;10;14;10;0
40335;890;178;10;14;10;0
40339;902;178;10;14;10;0
40342;1142;178;10;14;10;0
40344;1130;178;10;14;10;0
40346;1118;178;10;14;10;0
40356;1106;178;10;14;10;0
40361;1094;178;10;14;10;0
40363;1082;178;10;14;10;0
40367;1070;178;10;14;10;0
40370;1058;178;10;14;10;0
40372;1046;178;10;14;10;0
40376;1154;178;10;14;10;0
40378;1034;178;10;14;10;0
40379;1010;178;10;14;10;0
40380;998;178;10;14;10;0
40383;986;178;10;14;10;0
40384;974;178;10;14;10;0
40385;962;178;10;14;10;0
40386;950;178;10;14;10;0
40388;938;178;10;14;10;0
40390;926;178;10;14;10;0
40399;914;178;10;14;10;0
40403;626;178;10;14;10;0
40407;1022;178;10;14;10;0
40409;614;178;10;14;10;0
40413;458;178;10;14;10;0
40421;290;178;10;14;10;0
40422;278;178;10;14;10;0
40429;266;178;10;14;10;0
40431;254;178;10;14;10;0
40434;242;178;10;14;10;0
40436;230;178;10;14;10;0
40440;218;178;10;14;10;0
40441;206;178;10;14;10;0
40442;194;178;10;14;10;0
40445;182;178;10;14;10;0
40447;170;178;10;14;10;0
40469;158;178;10;14;10;0
40474;146;178;10;14;10;0
40475;134;178;10;14;10;0
40477;122;178;10;14;10;0
40478;110;178;10;14;10;0
40479;98;178;10;14;10;0
40480;86;178;10;14;10;0
40481;74;178;10;14;10;0
40482;302;178;10;14;10;0
40483;314;178;10;14;10;0
40485;326;178;10;14;10;0
40486;338;178;10;14;10;0
40489;578;178;10;14;10;0
40493;566;178;10;14;10;0
40494;554;178;10;14;10;0
40495;542;178;10;14;10;0
40497;530;178;10;14;10;0
40499;518;178;10;14;10;0
40501;506;178;10;14;10;0
40504;494;178;10;14;10;0
40509;482;178;10;14;10;0
40511;590;178;10;14;10;0
40513;470;178;10;14;10;0
40515;446;178;10;14;10;0
40517;434;178;10;14;10;0
40520;422;178;10;14;10;0
40521;410;178;10;14;10;0
40522;398;178;10;14;10;0
40523;386;178;10;14;10;0
40524;374;178;10;14;10;0
40527;362;178;10;14;10;0
40529;350;178;10;14;10;0
40533;602;178;10;14;10;0
40540;1178;178;10;14;10;0
40548;1730;178;10;14;10;0
40550;1190;178;10;14;10;0
40555;1982;178;10;14;10;0
40556;1970;178;10;14;10;0
40557;1958;178;10;14;10;0
40560;1946;178;10;14;10;0
40561;1934;178;10;14;10;0
40563;1922;178;10;14;10;0
40565;1910;178;10;14;10;0
40568;1898;178;10;14;10;0
40569;1886;178;10;14;10;0
40572;1874;178;10;14;10;0
40573;1862;178;10;14;10;0
40574;1850;178;10;14;10;0
40575;1838;178;10;14;10;0
40577;1826;178;10;14;10;0
40578;1814;178;10;14;10;0
40583;1802;178;10;14;10;0
40584;1790;178;10;14;10;0
40587;1778;178;10;14;10;0
40588;1766;178;10;14;10;0
40593;1994;178;10;14;10;0
40594;2006;178;10;14;10;0
40595;2018;178;10;14;10;0
40597;2030;178;10;14;10;0
40598;2270;178;10;14;10;0
40599;2258;178;10;14;10;0
40605;2246;178;10;14;10;0
40607;2234;178;10;14;10;0
40613;2222;178;10;14;10;0
40614;2210;178;10;14;10;0
40617;2198;178;10;14;10;0
40618;2186;178;10;14;10;0
40621;2174;178;10;14;10;0
40623;2282;178;10;14;10;0
40628;2162;178;10;14;10;0
40629;2138;178;10;14;10;0
40632;2126;178;10;14;10;0
40633;2114;178;10;14;10;0
40634;2102;178;10;14;10;0
40635;2090;178;10;14;10;0
40636;2078;178;10;14;10;0
40637;2066;178;10;14;10;0
40638;2054;178;10;14;10;0
40639;2042;178;10;14;10;0
40643;1754;178;10;14;10;0
40644;2150;178;10;14;10;0
40649;1742;178;10;14;10;0
40652;1586;178;10;14;10;0
40653;1418;178;10;14;10;0
40654;1406;178;10;14;10;0
40655;1394;178;10;14;10;0
40656;1382;178;10;14;10;0
40657;1370;178;10;14;10;0
40658;1358;178;10;14;10;0
40660;1346;178;10;14;10;0
40664;1334;178;10;14;10;0
40665;1322;178;10;14;10;0
40667;1310;178;10;14;10;0
40668;1298;178;10;14;10;0
40669;1286;178;10;14;10;0
40670;1274;178;10;14;10;0
40672;1262;178;10;14;10;0
40674;1250;178;10;14;10;0
40677;1238;178;10;14;10;0
40680;1226;178;10;14;10;0
40681;1214;178;10;14;10;0
40687;1202;178;10;14;10;0
40692;1430;178;10;14;10;0
40694;1442;178;10;14;10;0
40695;1454;178;10;14;10;0
40697;1466;178;10;14;10;0
40699;1706;178;10;14;10;0
40700;1694;178;10;14;10;0
40701;1682;178;10;14;10;0
40703;1670;178;10;14;10;0
40711;1658;178;10;14;10;0
40712;1646;178;10;14;10;0
40714;1634;178;10;14;10;0
40715;1622;178;10;14;10;0
40718;1610;178;10;14;10;0
40720;1718;178;10;14;10;0
40723;1598;178;10;14;10;0
40725;1574;178;10;14;10;0
40729;1562;178;10;14;10;0
40736;1550;178;10;14;10;0
40737;1538;178;10;14;10;0
40745;1526;178;10;14;10;0
40748;1514;178;10;14;10;0
40751;1502;178;10;14;10;0
40753;1490;178;10;14;10;0
40756;1478;178;10;14;10;0
40761;2294;178;10;14;10;0
40763;470;194;10;14;10;0
40766;2714;194;10;14;10;0
40769;482;194;10;14;10;0
40778;3530;194;10;14;10;0
40779;3518;194;10;14;10;0
40782;3506;194;10;14;10;0
40783;3494;194;10;14;10;0
40784;3482;194;10;14;10;0
40786;3470;194;10;14;10;0
40788;3458;194;10;14;10;0
40793;3446;194;10;14;10;0
40796;3434;194;10;14;10;0
40798;3422;194;10;14;10;0
40799;3410;194;10;14;10;0
40800;3398;194;10;14;10;0
40801;3386;194;10;14;10;0
40802;3374;194;10;14;10;0
40803;3362;194;10;14;10;0
40806;3350;194;10;14;10;0
40807;3338;194;10;14;10;0
40810;3326;194;10;14;10;0
40812;3314;194;10;14;10;0
40818;3542;194;10;14;10;0
40822;3554;194;10;14;10;0
40823;3566;194;10;14;10;0
40831;3578;194;10;14;10;0
40836;3818;194;10;14;10;0
40839;3806;194;10;14;10;0
40842;3794;194;10;14;10;0
40843;3782;194;10;14;10;0
40844;3770;194;10;14;10;0
40845;3758;194;10;14;10;0
40848;3746;194;10;14;10;0
40852;3734;194;10;14;10;0
40853;3722;194;10;14;10;0
40856;3830;194;10;14;10;0
40857;3710;194;10;14;10;0
40858;3686;194;10;14;10;0
40860;3674;194;10;14;10;0
40861;3662;194;10;14;10;0
40863;3650;194;10;14;10;0
40864;3638;194;10;14;10;0
40866;3626;194;10;14;10;0
40880;3614;194;10;14;10;0
40881;3602;194;10;14;10;0
40911;3590;194;10;14;10;0
40916;3302;194;10;14;10;0
40939;3698;194;10;14;10;0
40940;3290;194;10;14;10;0
40941;3134;194;10;14;10;0
44032;2966;194;10;14;10;0
44033;2954;194;10;14;10;0
44034;2942;194;10;14;10;0
44035;2930;194;10;14;10;0
44036;2918;194;10;14;10;0
44037;2906;194;10;14;10;0
44038;2894;194;10;14;10;0
44039;2882;194;10;14;10;0
44040;2870;194;10;14;10;0
44041;2858;194;10;14;10;0
44042;2846;194;10;14;10;0
44043;2834;194;10;14;10;0
44044;2822;194;10;14;10;0
44045;2810;194;10;14;10;0
44046;2798;194;10;14;10;0
44047;2786;194;10;14;10;0
44048;2774;194;10;14;10;0
44049;2762;194;10;14;10;0
44050;2750;194;10;14;10;0
44051;2978;194;10;14;10;0
44052;2990;194;10;14;10;0
44053;3002;194;10;14;10;0
44054;3014;194;10;14;10;0
44055;3254;194;10;14;10;0
44056;3242;194;10;14;10;0
44057;3230;194;10;14;10;0
44058;3218;194;10;14;10;0
44059;3206;194;10;14;10;0
44060;3194;194;10;14;10;0
44061;3182;194;10;14;10;0
44062;3170;194;10;14;10;0
44063;3158;194;10;14;10;0
44064;3266;194;10;14;10;0
44065;3146;194;10;14;10;0
44066;3122;194;10;14;10;0
44067;3110;194;10;14;10;0
44068;3098;194;10;14;10;0
44069;3086;194;10;14;10;0
44070;3074;194;10;14;10;0
44071;3062;194;10;14;10;0
44072;3050;194;10;14;10;0
44073;3038;194;10;14;10;0
44074;3026;194;10;14;10;0
44075;3278;194;10;14;10;0
44076;3854;194;10;14;10;0
44077;314;210;10;14;10;0
44078;3866;194;10;14;10;0
44079;566;210;10;14;10;0
44080;554;210;10;14;10;0
44081;542;210;10;14;10;0
44082;530;210;10;14;10;0
44083;518;210;10;14;10;0
44084;506;210;10;14;10;0
44085;494;210;10;14;10;0
44086;482;210;10;14;10;0
44087;470;210;10;14;10;0
44088;458;210;10;14;10;0
44089;446;210;10;14;10;0
44090;434;210;10;14;10;0
44091;422;210;10;14;10;0
44092;410;210;10;14;10;0
44093;398;210;10;14;10;0
44094;386;210;10;14;10;0
44095;374;210;10;14;10;0
44096;362;210;10;14;10;0
44097;350;210;10;14;10;0
44098;578;210;10;14;10;0
44099;590;210;10;14;10;0
44100;602;210;10;14;10;0
44101;614;210;10;14;10;0
44102;854;210;10;14;10;0
44103;842;210;10;14;10;0
44104;830;210;10;14;10;0
44105;818;210;10;14;10;0
44106;806;210;10;14;10;0
44107;794;210;10;14;10;0
44108;782;210;10;14;10;0
44109;770;210;10;14;10;0
44110;758;210;10;14;10;0
44111;866;210;10;14;10;0
44112;746;210;10;14;10;0
44113;722;210;10;14;10;0
44114;710;210;10;14;10;0
44115;698;210;10;14;10;0
44116;686;210;10;14;10;0
44117;674;210;10;14;10;0
44118;662;210;10;14;10;0
44119;650;210;10;14;10;0
44120;638;210;10;14;10;0
44121;626;210;10;14;10;0
44122;338;210;10;14;10;0
44123;734;210;10;14;10;0
44124;326;210;10;14;10;0
44125;170;210;10;14;10;0
44126;2;210;10;14;10;0
44127;4082;194;10;14;10;0
44128;4070;194;10;14;10;0
44129;4058;194;10;14;10;0
44130;4046;194;10;14;10;0
44131;4034;194;10;14;10;0
44132;4022;194;10;14;10;0
44133;4010;194;10;14;10;0
44134;3998;194;10;14;10;0
44135;3986;194;10;14;10;0
44136;3974;194;10;14;10;0
44137;3962;194;10;14;10;0
44138;3950;194;10;14;10;0
44139;3938;194;10;14;10;0
44140;3926;194;10;14;10;0
44141;3914;194;10;14;10;0
44142;3902;194;10;14;10;0
44143;3890;194;10;14;10;0
44144;3878;194;10;14;10;0
44145;14;210;10;14;10;0
44146;26;210;10;14;10;0
44147;38;210;10;14;10;0
44148;50;210;10;14;10;0
44149;290;210;10;14;10;0
44150;278;210;10;14;10;0
44151;266;210;10;14;10;0
44152;254;210;10;14;10;0
44153;242;210;10;14;10;0
44154;230;210;10;14;10;0
44155;218;210;10;14;10;0
44156;206;210;10;14;10;0
44157;194;210;10;14;10;0
44158;302;210;10;14;10;0
44159;182;210;10;14;10;0
44160;158;210;10;14;10;0
44161;146;210;10;14;10;0
44162;134;210;10;14;10;0
44163;122;210;10;14;10;0
44164;110;210;10;14;10;0
44165;98;210;10;14;10;0
44166;86;210;10;14;10;0
44167;74;210;10;14;10;0
44168;62;210;10;14;10;0
44169;2738;194;10;14;10;0
44170;3842;194;10;14;10;0
44171;2726;194;10;14;10;0
44172;1586;194;10;14;10;0
44173;1274;194;10;14;10;0
44174;1262;194;10;14;10;0
44175;1250;194;10;14;10;0
44176;1238;194;10;14;10;0
44177;1226;194;10;14;10;0
44178;1214;194;10;14;10;0
44179;1202;194;10;14;10;0
44180;1190;194;10;14;10;0
44181;1178;194;10;14;10;0
44182;1166;194;10;14;10;0
44183;1154;194;10;14;10;0
44184;1142;194;10;14;10;0
44185;1130;194;10;14;10;0
44186;1118;194;10;14;10;0
44187;1106;194;10;14;10;0
44188;1094;194;10;14;10;0
44189;1082;194;10;14;10;0
44190;1070;194;10;14;10;0
44191;1058;194;10;14;10;0
44192;1286;194;10;14;10;0
44193;1298;194;10;14;10;0
44194;1310;194;10;14;10;0
44195;1322;194;10;14;10;0
44196;1562;194;10;14;10;0
44197;1550;194;10;14;10;0
44198;1538;194;10;14;10;0
44199;1526;194;10;14;10;0
44200;1514;194;10;14;10;0
44201;1502;194;10;14;10;0
44202;1490;194;10;14;10;0
44203;1478;194;10;14;10;0
44204;1466;194;10;14;10;0
44205;1574;194;10;14;10;0
44206;1454;194;10;14;10;0
44207;1430;194;10;14;10;0
44208;1418;194;10;14;10;0
44209;1406;194;10;14;10;0
44210;1394;194;10;14;10;0
44211;1382;194;10;14;10;0
44212;1370;194;10;14;10;0
44213;1358;194;10;14;10;0
44214;1346;194;10;14;10;0
44215;1334;194;10;14;10;0
44216;1046;194;10;14;10;0
44217;1442;194;10;14;10;0
44218;1034;194;10;14;10;0
44219;878;194;10;14;10;0
44220;710;194;10;14;10;0
44221;698;194;10;14;10;0
44222;686;194;10;14;10;0
44223;674;194;10;14;10;0
44224;662;194;10;14;10;0
44225;650;194;10;14;10;0
44226;638;194;10;14;10;0
44227;626;194;10;14;10;0
44228;614;194;10;14;10;0
44229;602;194;10;14;10;0
44230;590;194;10;14;10;0
44231;578;194;10;14;10;0
44232;566;194;10;14;10;0
44233;554;194;10;14;10;0
44234;542;194;10;14;10;0
44235;530;194;10;14;10;0
44236;518;194;10;14;10;0
44237;506;194;10;14;10;0
44238;494;194;10;14;10;0
44239;722;194;10;14;10;0
44240;734;194;10;14;10;0
44241;746;194;10;14;10;0
44242;758;194;10;14;10;0
44243;998;194;10;14;10;0
44244;986;194;10;14;10;0
44245;974;194;10;14;10;0
44246;962;194;10;14;10;0
44247;950;194;10;14;10;0
44248;938;194;10;14;10;0
44249;926;194;10;14;10;0
44250;914;194;10;14;10;0
44251;902;194;10;14;10;0
44252;1010;194;10;14;10;0
44253;890;194;10;14;10;0
44254;866;194;10;14;10;0
44255;854;194;10;14;10;0
44256;842;194;10;14;10;0
44257;830;194;10;14;10;0
44258;818;194;10;14;10;0
44259;806;194;10;14;10;0
44260;794;194;10;14;10;0
44261;782;194;10;14;10;0
44262;770;194;10;14;10;0
44263;1022;194;10;14;10;0
44264;1598;194;10;14;10;0
44265;2150;194;10;14;10;0
44266;1610;194;10;14;10;0
44267;2402;194;10;14;10;0
44268;2390;194;10;14;10;0
44269;2378;194;10;14;10;0
44270;2366;194;10;14;10;0
44271;2354;194;10;14;10;0
44272;2342;194;10;14;10;0
44273;2330;194;10;14;10;0
44274;2318;194;10;14;10;0
44275;2306;194;10;14;10;0
44276;2294;194;10;14;10;0
44277;2282;194;10;14;10;0
44278;2270;194;10;14;10;0
44279;2258;194;10;14;10;0
44280;2246;194;10;14;10;0
44281;2234;194;10;14;10;0
44282;2222;194;10;14;10;0
44283;2210;194;10;14;10;0
44284;2198;194;10;14;10;0
44285;2186;194;10;14;10;0
44286;2414;194;10;14;10;0
44287;2426;194;10;14;10;0
44288;2438;194;10;14;10;0
44289;2450;194;10;14;10;0
44290;2690;194;10;14;10;0
44291;2678;194;10;14;10;0
44292;2666;194;10;14;10;0
44293;2654;194;10;14;10;0
44294;2642;194;10;14;10;0
44295;2630;194;10;14;10;0
44296;2618;194;10;14;10;0
44297;2606;194;10;14;10;0
44298;2594;194;10;14;10;0
44299;2702;194;10;14;10;0
44300;2582;194;10;14;10;0
44301;2558;194;10;14;10;0
44302;2546;194;10;14;10;0
44303;2534;194;10;14;10;0
44304;2522;194;10;14;10;0
44305;2510;194;10;14;10;0
44306;2498;194;10;14;10;0
44307;2486;194;10;14;10;0
44308;2474;194;10;14;10;0
44309;2462;194;10;14;10;0
44310;2174;194;10;14;10;0
44311;2570;194;10;14;10;0
44312;2162;194;10;14;10;0
44313;2006;194;10;14;10;0
44314;1838;194;10;14;10;0
44315;1826;194;10;14;10;0
44316;1814;194;10;14;10;0
44317;1802;194;10;14;10;0
44318;1790;194;10;14;10;0
44319;1778;194;10;14;10;0
44320;1766;194;10;14;10;0
44321;1754;194;10;14;10;0
44322;1742;194;10;14;10;0
44323;1730;194;10;14;10;0
44324;1718;194;10;14;10;0
44325;1706;194;10;14;10;0
44326;1694;194;10;14;10;0
44327;1682;194;10;14;10;0
44328;1670;194;10;14;10;0
44329;1658;194;10;14;10;0
44330;1646;194;10;14;10;0
44331;1634;194;10;14;10;0
44332;1622;194;10;14;10;0
44333;1850;194;10;14;10;0
44334;1862;194;10;14;10;0
44335;1874;194;10;14;10;0
44336;1886;194;10;14;10;0
44337;2126;194;10;14;10;0
44338;2114;194;10;14;10;0
44339;2102;194;10;14;10;0
44340;2090;194;10;14;10;0
44341;2078;194;10;14;10;0
44342;2066;194;10;14;10;0
44343;2054;194;10;14;10;0
44344;2042;194;10;14;10;0
44345;2030;194;10;14;10;0
44346;2138;194;10;14;10;0
44347;2018;194;10;14;10;0
44348;1994;194;10;14;10;0
44349;1982;194;10;14;10;0
44350;1970;194;10;14;10;0
44351;1958;194;10;14;10;0
44352;1946;194;10;14;10;0
44353;1934;194;10;14;10;0
44354;1922;194;10;14;10;0
44355;1910;194;10;14;10;0
44356;1898;194;10;14;10;0
44357;62;178;10;14;10;0
44358;50;178;10;14;10;0
44359;38;178;10;14;10;0
44360;1874;162;10;14;10;0
44361;2270;146;10;14;10;0
44362;2258;146;10;14;10;0
44363;2246;146;10;14;10;0
44364;2234;146;10;14;10;0
44365;2222;146;10;14;10;0
44366;2210;146;10;14;10;0
44367;2198;146;10;14;10;0
44368;2186;146;10;14;10;0
44369;2174;146;10;14;10;0
44370;2162;146;10;14;10;0
44371;2150;146;10;14;10;0
44372;2138;146;10;14;10;0
44373;2126;146;10;14;10;0
44374;2114;146;10;14;10;0
44375;2102;146;10;14;10;0
44376;2090;146;10;14;10;0
44377;2078;146;10;14;10;0
44378;2066;146;10;14;10;0
44379;2054;146;10;14;10;0
44380;2282;146;10;14;10;0
44381;2294;146;10;14;10;0
44382;2306;146;10;14;10;0
44383;2318;146;10;14;10;0
44384;2558;146;10;14;10;0
44385;2546;146;10;14;10;0
44386;2534;146;10;14;10;0
44387;2522;146;10;14;10;0
44388;2510;146;10;14;10;0
44389;2498;146;10;14;10;0
44390;2486;146;10;14;10;0
44391;2474;146;10;14;10;0
44392;2462;146;10;14;10;0
44393;2570;146;10;14;10;0
44394;2450;146;10;14;10;0
44395;2426;146;10;14;10;0
44396;2414;146;10;14;10;0
44397;2402;146;10;14;10;0
44398;2390;146;10;14;10;0
44399;2378;146;10;14;10;0
44400;2366;146;10;14;10;0
44401;2354;146;10;14;10;0
44402;2342;146;10;14;10;0
44403;2330;146;10;14;10;0
44404;2042;146;10;14;10;0
44405;2438;146;10;14;10;0
44406;2030;146;10;14;10;0
44407;1874;146;10;14;10;0
44408;1706;146;10;14;10;0
44409;1694;146;10;14;10;0
44410;1682;146;10;14;10;0
44411;1670;146;10;14;10;0
44412;1658;146;10;14;10;0
44413;1646;146;10;14;10;0
44414;1634;146;10;14;10;0
44415;1622;146;10;14;10;0
44416;1610;146;10;14;10;0
44417;1598;146;10;14;10;0
44418;1586;146;10;14;10;0
44419;1574;146;10;14;10;0
44420;1562;146;10;14;10;0
44421;1550;146;10;14;10;0
44422;1538;146;10;14;10;0
44423;1526;146;10;14;10;0
44424;1514;146;10;14;10;0
44425;1502;146;10;14;10;0
44426;1490;146;10;14;10;0
44427;1718;146;10;14;10;0
44428;1730;146;10;14;10;0
44429;1742;146;10;14;10;0
44430;1754;146;10;14;10;0
44431;1994;146;10;14;10;0
44432;1982;146;10;14;10;0
44433;1970;146;10;14;10;0
44434;1958;146;10;14;10;0
44435;1946;146;10;14;10;0
44436;1934;146;10;14;10;0
44437;1922;146;10;14;10;0
44438;1910;146;10;14;10;0
44439;1898;146;10;14;10;0
44440;2006;146;10;14;10;0
44441;1886;146;10;14;10;0
44442;1862;146;10;14;10;0
44443;1850;146;10;14;10;0
44444;1838;146;10;14;10;0
44445;1826;146;10;14;10;0
44446;1814;146;10;14;10;0
44447;1802;146;10;14;10;0
44448;1790;146;10;14;10;0
44449;1778;146;10;14;10;0
44450;1766;146;10;14;10;0
44451;2018;146;10;14;10;0
44452;2594;146;10;14;10;0
44453;3146;146;10;14;10;0
44454;2606;146;10;14;10;0
44455;3398;146;10;14;10;0
44456;3386;146;10;14;10;0
44457;3374;146;10;14;10;0
44458;3362;146;10;14;10;0
44459;3350;146;10;14;10;0
44460;3338;146;10;14;10;0
44461;3326;146;10;14;10;0
44462;3314;146;10;14;10;0
44463;3302;146;10;14;10;0
44464;3290;146;10;14;10;0
44465;3278;146;10;14;10;0
44466;3266;146;10;14;10;0
44467;3254;146;10;14;10;0
44468;3242;146;10;14;10;0
44469;3230;146;10;14;10;0
44470;3218;146;10;14;10;0
44471;3206;146;10;14;10;0
44472;3194;146;10;14;10;0
44473;3182;146;10;14;10;0
44474;3410;146;10;14;10;0
44475;3422;146;10;14;10;0
44476;3434;146;10;14;10;0
44477;3446;146;10;14;10;0
44478;3686;146;10;14;10;0
44479;3674;146;10;14;10;0
44480;3662;146;10;14;10;0
44481;3650;146;10;14;10;0
44482;3638;146;10;14;10;0
44483;3626;146;10;14;10;0
44484;3614;146;10;14;10;0
44485;3602;146;10;14;10;0
44486;3590;146;10;14;10;0
44487;3698;146;10;14;10;0
44488;3578;146;10;14;10;0
44489;3554;146;10;14;10;0
44490;3542;146;10;14;10;0
44491;3530;146;10;14;10;0
44492;3518;146;10;14;10;0
44493;3506;146;10;14;10;0
44494;3494;146;10;14;10;0
44495;3482;146;10;14;10;0
44496;3470;146;10;14;10;0
44497;3458;146;10;14;10;0
44498;3170;146;10;14;10;0
44499;3566;146;10;14;10;0
44500;3158;146;10;14;10;0
44501;3002;146;10;14;10;0
44502;2834;146;10;14;10;0
44503;2822;146;10;14;10;0
44504;2810;146;10;14;10;0
44505;2798;146;10;14;10;0
44506;2786;146;10;14;10;0
44507;2774;146;10;14;10;0
44508;2762;146;10;14;10;0
44509;2750;146;10;14;10;0
44510;2738;146;10;14;10;0
44511;2726;146;10;14;10;0
44512;2714;146;10;14;10;0
44513;2702;146;10;14;10;0
44514;2690;146;10;14;10;0
44515;2678;146;10;14;10;0
44516;2666;146;10;14;10;0
44517;2654;146;10;14;10;0
44518;2642;146;10;14;10;0
44519;2630;146;10;14;10;0
44520;2618;146;10;14;10;0
44521;2846;146;10;14;10;0
44522;2858;146;10;14;10;0
44523;2870;146;10;14;10;0
44524;2882;146;10;14;10;0
44525;3122;146;10;14;10;0
44526;3110;146;10;14;10;0
44527;3098;146;10;14;10;0
44528;3086;146;10;14;10;0
44529;3074;146;10;14;10;0
44530;3062;146;10;14;10;0
44531;3050;146;10;14;10;0
44532;3038;146;10;14;10;0
44533;3026;146;10;14;10;0
44534;3134;146;10;14;10;0
44535;3014;146;10;14;10;0
44536;2990;146;10;14;10;0
44537;2978;146;10;14;10;0
44538;2966;146;10;14;10;0
44539;2954;146;10;14;10;0
44540;2942;146;10;14;10;0
44541;2930;146;10;14;10;0
44542;2918;146;10;14;10;0
44543;2906;146;10;14;10;0
44544;2894;146;10;14;10;0
44545;1478;146;10;14;10;0
44546;1466;146;10;14;10;0
44547;1454;146;10;14;10;0
44548;890;146;10;14;10;0
44549;14;146;10;14;10;0
44550;2;146;10;14;10;0
44551;4082;130;10;14;10;0
44552;4070;130;10;14;10;0
44553;4058;130;10;14;10;0
44554;4046;130;10;14;10;0
44555;4034;130;10;14;10;0
44556;4022;130;10;14;10;0
44557;4010;130;10;14;10;0
44558;3998;130;10;14;10;0
44559;3986;130;10;14;10;0
44560;3974;130;10;14;10;0
44561;3962;130;10;14;10;0
44562;3950;130;10;14;10;0
44563;3938;130;10;14;10;0
44564;3926;130;10;14;10;0
44565;3914;130;10;14;10;0
44566;3902;130;10;14;10;0
44567;3890;130;10;14;10;0
44568;26;146;10;14;10;0
44569;38;146;10;14;10;0
44570;50;146;10;14;10;0
44571;62;146;10;14;10;0
44572;302;146;10;14;10;0
44573;290;146;10;14;10;0
44574;278;146;10;14;10;0
44575;266;146;10;14;10;0
44576;254;146;10;14;10;0
44577;242;146;10;14;10;0
44578;230;146;10;14;10;0
44579;218;146;10;14;10;0
44580;206;146;10;14;10;0
44581;314;146;10;14;10;0
44582;194;146;10;14;10;0
44583;170;146;10;14;10;0
44584;158;146;10;14;10;0
44585;146;146;10;14;10;0
44586;134;146;10;14;10;0
44587;122;146;10;14;10;0
44588;110;146;10;14;10;0
44589;98;146;10;14;10;0
44590;86;146;10;14;10;0
44591;74;146;10;14;10;0
44592;3878;130;10;14;10;0
44593;3866;130;10;14;10;0
44594;3854;130;10;14;10;0
44595;3578;130;10;14;10;0
44596;3554;130;10;14;10;0
44597;3542;130;10;14;10;0
44598;3530;130;10;14;10;0
44599;3518;130;10;14;10;0
44600;3506;130;10;14;10;0
44601;3494;130;10;14;10;0
44602;3482;130;10;14;10;0
44603;3470;130;10;14;10;0
44604;3458;130;10;14;10;0
44605;3446;130;10;14;10;0
44606;3434;130;10;14;10;0
44607;3422;130;10;14;10;0
44608;3410;130;10;14;10;0
44609;3398;130;10;14;10;0
44610;3386;130;10;14;10;0
44611;3374;130;10;14;10;0
44612;3362;130;10;14;10;0
44613;3350;130;10;14;10;0
44614;3338;130;10;14;10;0
44615;3566;130;10;14;10;0
44616;3590;130;10;14;10;0
44617;3842;130;10;14;10;0
44618;3602;130;10;14;10;0
44619;3830;130;10;14;10;0
44620;3818;130;10;14;10;0
44621;3806;130;10;14;10;0
44622;3794;130;10;14;10;0
44623;3782;130;10;14;10;0
44624;3770;130;10;14;10;0
44625;3758;130;10;14;10;0
44626;3746;130;10;14;10;0
44627;3734;130;10;14;10;0
44628;3722;130;10;14;10;0
44629;3710;130;10;14;10;0
44630;3698;130;10;14;10;0
44631;3686;130;10;14;10;0
44632;3674;130;10;14;10;0
44633;3662;130;10;14;10;0
44634;3650;130;10;14;10;0
44635;3638;130;10;14;10;0
44636;3626;130;10;14;10;0
44637;3614;130;10;14;10;0
44638;182;146;10;14;10;0
44639;326;146;10;14;10;0
44640;338;146;10;14;10;0
44641;350;146;10;14;10;0
44642;1142;146;10;14;10;0
44643;1130;146;10;14;10;0
44644;1118;146;10;14;10;0
44645;1106;146;10;14;10;0
44646;1094;146;10;14;10;0
44647;1082;146;10;14;10;0
44648;1070;146;10;14;10;0
44649;1058;146;10;14;10;0
44650;1046;146;10;14;10;0
44651;1034;146;10;14;10;0
44652;1022;146;10;14;10;0
44653;1010;146;10;14;10;0
44654;998;146;10;14;10;0
44655;986;146;10;14;10;0
44656;974;146;10;14;10;0
44657;962;146;10;14;10;0
44658;950;146;10;14;10;0
44659;938;146;10;14;10;0
44660;926;146;10;14;10;0
44661;1154;146;10;14;10;0
44662;1166;146;10;14;10;0
44663;1178;146;10;14;10;0
44664;1190;146;10;14;10;0
44665;1430;146;10;14;10;0
44666;1418;146;10;14;10;0
44667;1406;146;10;14;10;0
44668;1394;146;10;14;10;0
44669;1382;146;10;14;10;0
44670;1370;146;10;14;10;0
44671;1358;146;10;14;10;0
44672;1346;146;10;14;10;0
44673;1334;146;10;14;10;0
44674;1442;146;10;14;10;0
44675;1322;146;10;14;10;0
44676;1298;146;10;14;10;0
44677;1286;146;10;14;10;0
44678;1274;146;10;14;10;0
44679;1262;146;10;14;10;0
44680;1250;146;10;14;10;0
44681;1238;146;10;14;10;0
44682;1226;146;10;14;10;0
44683;1214;146;10;14;10;0
44684;1202;146;10;14;10;0
44685;914;146;10;14;10;0
44686;1310;146;10;14;10;0
44687;902;146;10;14;10;0
44688;746;146;10;14;10;0
44689;578;146;10;14;10;0
44690;566;146;10;14;10;0
44691;554;146;10;14;10;0
44692;542;146;10;14;10;0
44693;530;146;10;14;10;0
44694;518;146;10;14;10;0
44695;506;146;10;14;10;0
44696;494;146;10;14;10;0
44697;482;146;10;14;10;0
44698;470;146;10;14;10;0
44699;458;146;10;14;10;0
44700;446;146;10;14;10;0
44701;434;146;10;14;10;0
44702;422;146;10;14;10;0
44703;410;146;10;14;10;0
44704;398;146;10;14;10;0
44705;386;146;10;14;10;0
44706;374;146;10;14;10;0
44707;362;146;10;14;10;0
44708;590;146;10;14;10;0
44709;602;146;10;14;10;0
44710;614;146;10;14;10;0
44711;626;146;10;14;10;0
44712;866;146;10;14;10;0
44713;854;146;10;14;10;0
44714;842;146;10;14;10;0
44715;830;146;10;14;10;0
44716;818;146;10;14;10;0
44717;806;146;10;14;10;0
44718;794;146;10;14;10;0
44719;782;146;10;14;10;0
44720;770;146;10;14;10;0
44721;878;146;10;14;10;0
44722;758;146;10;14;10;0
44723;734;146;10;14;10;0
44724;722;146;10;14;10;0
44725;710;146;10;14;10;0
44726;698;146;10;14;10;0
44727;686;146;10;14;10;0
44728;674;146;10;14;10;0
44729;662;146;10;14;10;0
44730;650;146;10;14;10;0
44731;638;146;10;14;10;0
44732;2582;146;10;14;10;0
44733;3710;146;10;14;10;0
44734;3722;146;10;14;10;0
44735;3734;146;10;14;10;0
44736;2690;162;10;14;10;0
44737;2678;162;10;14;10;0
44738;2666;162;10;14;10;0
44739;2654;162;10;14;10;0
44740;2642;162;10;14;10;0
44741;2630;162;10;14;10;0
44742;2618;162;10;14;10;0
44743;2606;162;10;14;10;0
44744;2594;162;10;14;10;0
44745;2582;162;10;14;10;0
44746;2570;162;10;14;10;0
44747;2558;162;10;14;10;0
44748;2546;162;10;14;10;0
44749;2534;162;10;14;10;0
44750;2522;162;10;14;10;0
44751;2510;162;10;14;10;0
44752;2498;162;10;14;10;0
44753;2486;162;10;14;10;0
44754;2474;162;10;14;10;0
44755;2702;162;10;14;10;0
44756;2714;162;10;14;10;0
44757;2726;162;10;14;10;0
44758;2738;162;10;14;10;0
44759;2978;162;10;14;10;0
44760;2966;162;10;14;10;0
44761;2954;162;10;14;10;0
44762;2942;162;10;14;10;0
44763;2930;162;10;14;10;0
44764;2918;162;10;14;10;0
44765;2906;162;10;14;10;0
44766;2894;162;10;14;10;0
44767;2882;162;10;14;10;0
44768;2990;162;10;14;10;0
44769;2870;162;10;14;10;0
44770;2846;162;10;14;10;0
44771;2834;162;10;14;10;0
44772;2822;162;10;14;10;0
44773;2810;162;10;14;10;0
44774;2798;162;10;14;10;0
44775;2786;162;10;14;10;0
44776;2774;162;10;14;10;0
44777;2762;162;10;14;10;0
44778;2750;162;10;14;10;0
44779;2462;162;10;14;10;0
44780;2858;162;10;14;10;0
44781;2450;162;10;14;10;0
44782;2294;162;10;14;10;0
44783;2126;162;10;14;10;0
44784;2114;162;10;14;10;0
44785;2102;162;10;14;10;0
44786;2090;162;10;14;10;0
44787;2078;162;10;14;10;0
44788;2066;162;10;14;10;0
44789;2054;162;10;14;10;0
44790;2042;162;10;14;10;0
44791;2030;162;10;14;10;0
44792;2018;162;10;14;10;0
44793;2006;162;10;14;10;0
44794;1994;162;10;14;10;0
44795;1982;162;10;14;10;0
44796;1970;162;10;14;10;0
44797;1958;162;10;14;10;0
44798;1946;162;10;14;10;0
44799;1934;162;10;14;10;0
44800;1922;162;10;14;10;0
44801;1910;162;10;14;10;0
44802;2138;162;10;14;10;0
44803;2150;162;10;14;10;0
44804;2162;162;10;14;10;0
44805;2174;162;10;14;10;0
44806;2414;162;10;14;10;0
44807;2402;162;10;14;10;0
44808;2390;162;10;14;10;0
44809;2378;162;10;14;10;0
44810;2366;162;10;14;10;0
44811;2354;162;10;14;10;0
44812;2342;162;10;14;10;0
44813;2330;162;10;14;10;0
44814;2318;162;10;14;10;0
44815;2426;162;10;14;10;0
44816;2306;162;10;14;10;0
44817;2282;162;10;14;10;0
44818;2270;162;10;14;10;0
44819;2258;162;10;14;10;0
44820;2246;162;10;14;10;0
44821;2234;162;10;14;10;0
44822;2222;162;10;14;10;0
44823;2210;162;10;14;10;0
44824;2198;162;10;14;10;0
44825;2186;162;10;14;10;0
44826;2438;162;10;14;10;0
44827;3014;162;10;14;10;0
44828;3566;162;10;14;10;0
44829;3026;162;10;14;10;0
44830;3818;162;10;14;10;0
44831;3806;162;10;14;10;0
44832;3794;162;10;14;10;0
44833;3782;162;10;14;10;0
44834;3770;162;10;14;10;0
44835;3758;162;10;14;10;0
44836;3746;162;10;14;10;0
44837;3734;162;10;14;10;0
44838;3722;162;10;14;10;0
44839;3710;162;10;14;10;0
44840;3698;162;10;14;10;0
44841;3686;162;10;14;10;0
44842;3674;162;10;14;10;0
44843;3662;162;10;14;10;0
44844;3650;162;10;14;10;0
44845;3638;162;10;14;10;0
44846;3626;162;10;14;10;0
44847;3614;162;10;14;10;0
44848;3602;162;10;14;10;0
44849;3830;162;10;14;10;0
44850;3842;162;10;14;10;0
44851;3854;162;10;14;10;0
44852;3866;162;10;14;10;0
44853;14;178;10;14;10;0
44854;2;178;10;14;10;0
44855;4082;162;10;14;10;0
44856;4070;162;10;14;10;0
44857;4058;162;10;14;10;0
44858;4046;162;10;14;10;0
44859;4034;162;10;14;10;0
44860;4022;162;10;14;10;0
44861;4010;162;10;14;10;0
44862;26;178;10;14;10;0
44863;3998;162;10;14;10;0
44864;3974;162;10;14;10;0
44865;3962;162;10;14;10;0
44866;3950;162;10;14;10;0
44867;3938;162;10;14;10;0
44868;3926;162;10;14;10;0
44869;3914;162;10;14;10;0
44870;3902;162;10;14;10;0
44871;3890;162;10;14;10;0
44872;3878;162;10;14;10;0
44873;3590;162;10;14;10;0
44874;3986;162;10;14;10;0
44875;3578;162;10;14;10;0
44876;3422;162;10;14;10;0
44877;3254;162;10;14;10;0
44878;3242;162;10;14;10;0
44879;3230;162;10;14;10;0
44880;3218;162;10;14;10;0
44881;3206;162;10;14;10;0
44882;3194;162;10;14;10;0
44883;3182;162;10;14;10;0
44884;3170;162;10;14;10;0
44885;3158;162;10;14;10;0
44886;3146;162;10;14;10;0
44887;3134;162;10;14;10;0
44888;3122;162;10;14;10;0
44889;3110;162;10;14;10;0
44890;3098;162;10;14;10;0
44891;3086;162;10;14;10;0
44892;3074;162;10;14;10;0
44893;3062;162;10;14;10;0
44894;3050;162;10;14;10;0
44895;3038;162;10;14;10;0
44896;3266;162;10;14;10;0
44897;3278;162;10;14;10;0
44898;3290;162;10;14;10;0
44899;3302;162;10;14;10;0
44900;3542;162;10;14;10;0
44901;3530;162;10;14;10;0
44902;3518;162;10;14;10;0
44903;3506;162;10;14;10;0
44904;3494;162;10;14;10;0
44905;3482;162;10;14;10;0
44906;3470;162;10;14;10;0
44907;3458;162;10;14;10;0
44908;3446;162;10;14;10;0
44909;3554;162;10;14;10;0
44910;3434;162;10;14;10;0
44911;3410;162;10;14;10;0
44912;3398;162;10;14;10;0
44913;3386;162;10;14;10;0
44914;3374;162;10;14;10;0
44915;3362;162;10;14;10;0
44916;3350;162;10;14;10;0
44917;3338;162;10;14;10;0
44918;3326;162;10;14;10;0
44919;3314;162;10;14;10;0
44920;1898;162;10;14;10;0
44921;3002;162;10;14;10;0
44922;1886;162;10;14;10;0
44923;746;162;10;14;10;0
44924;434;162;10;14;10;0
44925;422;162;10;14;10;0
44926;410;162;10;14;10;0
44927;398;162;10;14;10;0
44928;386;162;10;14;10;0
44929;374;162;10;14;10;0
44930;362;162;10;14;10;0
44931;350;162;10;14;10;0
44932;338;162;10;14;10;0
44933;326;162;10;14;10;0
44934;314;162;10;14;10;0
44935;302;162;10;14;10;0
44936;290;162;10;14;10;0
44937;278;162;10;14;10;0
44938;266;162;10;14;10;0
44939;254;162;10;14;10;0
44940;242;162;10;14;10;0
44941;230;162;10;14;10;0
44942;218;162;10;14;10;0
44943;446;162;10;14;10;0
44944;458;162;10;14;10;0
44945;470;162;10;14;10;0
44946;482;162;10;14;10;0
44947;722;162;10;14;10;0
44948;710;162;10;14;10;0
44949;698;162;10;14;10;0
44950;686;162;10;14;10;0
44951;674;162;10;14;10;0
44952;662;162;10;14;10;0
44953;650;162;10;14;10;0
44954;638;162;10;14;10;0
44955;626;162;10;14;10;0
44956;734;162;10;14;10;0
44957;614;162;10;14;10;0
44958;590;162;10;14;10;0
44959;578;162;10;14;10;0
44960;566;162;10;14;10;0
44961;554;162;10;14;10;0
44962;542;162;10;14;10;0
44963;530;162;10;14;10;0
44964;518;162;10;14;10;0
44965;506;162;10;14;10;0
44966;494;162;10;14;10;0
44967;206;162;10;14;10;0
44968;602;162;10;14;10;0
44969;194;162;10;14;10;0
44970;38;162;10;14;10;0
44971;3962;146;10;14;10;0
44972;3950;146;10;14;10;0
44973;3938;146;10;14;10;0
44974;3926;146;10;14;10;0
44975;3914;146;10;14;10;0
44976;3902;146;10;14;10;0
44977;3890;146;10;14;10;0
44978;3878;146;10;14;10;0
44979;3866;146;10;14;10;0
44980;3854;146;10;14;10;0
44981;3842;146;10;14;10;0
44982;3830;146;10;14;10;0
44983;3818;146;10;14;10;0
44984;3806;146;10;14;10;0
44985;3794;146;10;14;10;0
44986;3782;146;10;14;10;0
44987;3770;146;10;14;10;0
44988;3758;146;10;14;10;0
44989;3746;146;10;14;10;0
44990;3974;146;10;14;10;0
44991;3986;146;10;14;10;0
44992;3998;146;10;14;10;0
44993;4010;146;10;14;10;0
44994;158;162;10;14;10;0
44995;146;162;10;14;10;0
44996;134;162;10;14;10;0
44997;122;162;10;14;10;0
44998;110;162;10;14;10;0
44999;98;162;10;14;10;0
45000;86;162;10;14;10;0
45001;74;162;10;14;10;0
45002;62;162;10;14;10;0
45003;170;162;10;14;10;0
45004;50;162;10;14;10;0
45005;26;162;10;14;10;0
45006;14;162;10;14;10;0
45007;2;162;10;14;10;0
45008;4082;146;10;14;10;0
45009;4070;146;10;14;10;0
45010;4058;146;10;14;10;0
45011;4046;146;10;14;10;0
45012;4034;146;10;14;10;0
45013;4022;146;10;14;10;0
45014;182;162;10;14;10;0
45015;758;162;10;14;10;0
45016;1310;162;10;14;10;0
45017;770;162;10;14;10;0
45018;1562;162;10;14;10;0
45019;1550;162;10;14;10;0
45020;1538;162;10;14;10;0
45021;1526;162;10;14;10;0
45022;1514;162;10;14;10;0
45023;1502;162;10;14;10;0
45024;1490;162;10;14;10;0
45025;1478;162;10;14;10;0
45026;1466;162;10;14;10;0
45027;1454;162;10;14;10;0
45028;1442;162;10;14;10;0
45029;1430;162;10;14;10;0
45030;1418;162;10;14;10;0
45031;1406;162;10;14;10;0
45032;1394;162;10;14;10;0
45033;1382;162;10;14;10;0
45034;1370;162;10;14;10;0
45035;1358;162;10;14;10;0
45036;1346;162;10;14;10;0
45037;1574;162;10;14;10;0
45038;1586;162;10;14;10;0
45039;1598;162;10;14;10;0
45040;1610;162;10;14;10;0
45041;1850;162;10;14;10;0
45042;1838;162;10;14;10;0
45043;1826;162;10;14;10;0
45044;1814;162;10;14;10;0
45045;1802;162;10;14;10;0
45046;1790;162;10;14;10;0
45047;1778;162;10;14;10;0
45048;1766;162;10;14;10;0
45049;1754;162;10;14;10;0
45050;1862;162;10;14;10;0
45051;1742;162;10;14;10;0
45052;1718;162;10;14;10;0
45053;1706;162;10;14;10;0
45054;1694;162;10;14;10;0
45055;1682;162;10;14;10;0
45056;1670;162;10;14;10;0
45057;1658;162;10;14;10;0
45058;1646;162;10;14;10;0
45059;1634;162;10;14;10;0
45060;1622;162;10;14;10;0
45061;1334;162;10;14;10;0
45062;1730;162;10;14;10;0
45063;1322;162;10;14;10;0
45064;1166;162;10;14;10;0
45065;998;162;10;14;10;0
45066;986;162;10;14;10;0
45067;974;162;10;14;10;0
45068;962;162;10;14;10;0
45069;950;162;10;14;10;0
45070;938;162;10;14;10;0
45071;926;162;10;14;10;0
45072;914;162;10;14;10;0
45073;902;162;10;14;10;0
45074;890;162;10;14;10;0
45075;878;162;10;14;10;0
45076;866;162;10;14;10;0
45077;854;162;10;14;10;0
45078;842;162;10;14;10;0
45079;830;162;10;14;10;0
45080;818;162;10;14;10;0
45081;806;162;10;14;10;0
45082;794;162;10;14;10;0
45083;782;162;10;14;10;0
45084;1010;162;10;14;10;0
45085;1022;162;10;14;10;0
45086;1034;162;10;14;10;0
45087;1046;162;10;14;10;0
45088;1286;162;10;14;10;0
45089;1274;162;10;14;10;0
45090;1262;162;10;14;10;0
45091;1250;162;10;14;10;0
45092;1238;162;10;14;10;0
45093;1226;162;10;14;10;0
45094;1214;162;10;14;10;0
45095;1202;162;10;14;10;0
45096;1190;162;10;14;10;0
45097;1298;162;10;14;10;0
45098;1178;162;10;14;10;0
45099;1154;162;10;14;10;0
45100;1142;162;10;14;10;0
45101;1130;162;10;14;10;0
45102;1118;162;10;14;10;0
45103;1106;162;10;14;10;0
45104;1094;162;10;14;10;0
45105;1082;162;10;14;10;0
45106;1070;162;10;14;10;0
45107;1058;162;10;14;10;0
45108;458;194;10;14;10;0
45109;890;210;10;14;10;0
45110;2126;258;10;14;10;0
45111;902;210;10;14;10;0
45112;686;258;10;14;10;0
45113;674;258;10;14;10;0
45114;662;258;10;14;10;0
45115;650;258;10;14;10;0
45116;638;258;10;14;10;0
45117;626;258;10;14;10;0
45118;614;258;10;14;10;0
45119;602;258;10;14;10;0
45120;590;258;10;14;10;0
45121;578;258;10;14;10;0
45122;566;258;10;14;10;0
45123;554;258;10;14;10;0
45124;542;258;10;14;10;0
45125;530;258;10;14;10;0
45126;518;258;10;14;10;0
45127;506;258;10;14;10;0
45128;494;258;10;14;10;0
45129;482;258;10;14;10;0
45130;470;258;10;14;10;0
45131;698;258;10;14;10;0
45132;710;258;10;14;10;0
45133;722;258;10;14;10;0
45134;734;258;10;14;10;0
45135;974;258;10;14;10;0
45136;962;258;10;14;10;0
45137;950;258;10;14;10;0
45138;938;258;10;14;10;0
45139;926;258;10;14;10;0
45140;914;258;10;14;10;0
45141;902;258;10;14;10;0
45142;890;258;10;14;10;0
45143;878;258;10;14;10;0
45144;986;258;10;14;10;0
45145;866;258;10;14;10;0
45146;842;258;10;14;10;0
45147;830;258;10;14;10;0
45148;818;258;10;14;10;0
45149;806;258;10;14;10;0
45150;794;258;10;14;10;0
45151;782;258;10;14;10;0
45152;770;258;10;14;10;0
45153;758;258;10;14;10;0
45154;746;258;10;14;10;0
45155;458;258;10;14;10;0
45156;854;258;10;14;10;0
45157;446;258;10;14;10;0
45158;290;258;10;14;10;0
45159;122;258;10;14;10;0
45160;110;258;10;14;10;0
45161;98;258;10;14;10;0
45162;86;258;10;14;10;0
45163;74;258;10;14;10;0
45164;62;258;10;14;10;0
45165;50;258;10;14;10;0
45166;38;258;10;14;10;0
45167;26;258;10;14;10;0
45168;14;258;10;14;10;0
45169;2;258;10;14;10;0
45170;4082;242;10;14;10;0
45171;4070;242;10;14;10;0
45172;4058;242;10;14;10;0
45173;4046;242;10;14;10;0
45174;4034;242;10;14;10;0
45175;4022;242;10;14;10;0
45176;4010;242;10;14;10;0
45177;3998;242;10;14;10;0
45178;134;258;10;14;10;0
45179;146;258;10;14;10;0
45180;158;258;10;14;10;0
45181;170;258;10;14;10;0
45182;410;258;10;14;10;0
45183;398;258;10;14;10;0
45184;386;258;10;14;10;0
45185;374;258;10;14;10;0
45186;362;258;10;14;10;0
45187;350;258;10;14;10;0
45188;338;258;10;14;10;0
45189;326;258;10;14;10;0
45190;314;258;10;14;10;0
45191;422;258;10;14;10;0
45192;302;258;10;14;10;0
45193;278;258;10;14;10;0
45194;266;258;10;14;10;0
45195;254;258;10;14;10;0
45196;242;258;10;14;10;0
45197;230;258;10;14;10;0
45198;218;258;10;14;10;0
45199;206;258;10;14;10;0
45200;194;258;10;14;10;0
45201;182;258;10;14;10;0
45202;434;258;10;14;10;0
45203;1010;258;10;14;10;0
45204;1562;258;10;14;10;0
45205;1022;258;10;14;10;0
45206;1814;258;10;14;10;0
45207;1802;258;10;14;10;0
45208;1790;258;10;14;10;0
45209;1778;258;10;14;10;0
45210;1766;258;10;14;10;0
45211;1754;258;10;14;10;0
45212;1742;258;10;14;10;0
45213;1730;258;10;14;10;0
45214;1718;258;10;14;10;0
45215;1706;258;10;14;10;0
45216;1694;258;10;14;10;0
45217;1682;258;10;14;10;0
45218;1670;258;10;14;10;0
45219;1658;258;10;14;10;0
45220;1646;258;10;14;10;0
45221;1634;258;10;14;10;0
45222;1622;258;10;14;10;0
45223;1610;258;10;14;10;0
45224;1598;258;10;14;10;0
45225;1826;258;10;14;10;0
45226;1838;258;10;14;10;0
45227;1850;258;10;14;10;0
45228;1862;258;10;14;10;0
45229;2102;258;10;14;10;0
45230;2090;258;10;14;10;0
45231;2078;258;10;14;10;0
45232;2066;258;10;14;10;0
45233;2054;258;10;14;10;0
45234;2042;258;10;14;10;0
45235;2030;258;10;14;10;0
45236;2018;258;10;14;10;0
45237;2006;258;10;14;10;0
45238;2114;258;10;14;10;0
45239;1994;258;10;14;10;0
45240;1970;258;10;14;10;0
45241;1958;258;10;14;10;0
45242;1946;258;10;14;10;0
45243;1934;258;10;14;10;0
45244;1922;258;10;14;10;0
45245;1910;258;10;14;10;0
45246;1898;258;10;14;10;0
45247;1886;258;10;14;10;0
45248;1874;258;10;14;10;0
45249;1586;258;10;14;10;0
45250;1982;258;10;14;10;0
45251;1574;258;10;14;10;0
45252;1418;258;10;14;10;0
45253;1250;258;10;14;10;0
45254;1238;258;10;14;10;0
45255;1226;258;10;14;10;0
45256;1214;258;10;14;10;0
45257;1202;258;10;14;10;0
45258;1190;258;10;14;10;0
45259;1178;258;10;14;10;0
45260;1166;258;10;14;10;0
45261;1154;258;10;14;10;0
45262;1142;258;10;14;10;0
45263;1130;258;10;14;10;0
45264;1118;258;10;14;10;0
45265;1106;258;10;14;10;0
45266;1094;258;10;14;10;0
45267;1082;258;10;14;10;0
45268;1070;258;10;14;10;0
45269;1058;258;10;14;10;0
45270;1046;258;10;14;10;0
45271;1034;258;10;14;10;0
45272;1262;258;10;14;10;0
45273;1274;258;10;14;10;0
45274;1286;258;10;14;10;0
45275;1298;258;10;14;10;0
45276;1538;258;10;14;10;0
45277;1526;258;10;14;10;0
45278;1514;258;10;14;10;0
45279;1502;258;10;14;10;0
45280;1490;258;10;14;10;0
45281;1478;258;10;14;10;0
45282;1466;258;10;14;10;0
45283;1454;258;10;14;10;0
45284;1442;258;10;14;10;0
45285;1550;258;10;14;10;0
45286;1430;258;10;14;10;0
45287;1406;258;10;14;10;0
45288;1394;258;10;14;10;0
45289;1382;258;10;14;10;0
45290;1370;258;10;14;10;0
45291;1358;258;10;14;10;0
45292;1346;258;10;14;10;0
45293;1334;258;10;14;10;0
45294;1322;258;10;14;10;0
45295;1310;258;10;14;10;0
45296;3986;242;10;14;10;0
45297;998;258;10;14;10;0
45298;3974;242;10;14;10;0
45299;2834;242;10;14;10;0
45300;2522;242;10;14;10;0
45301;2510;242;10;14;10;0
45302;2498;242;10;14;10;0
45303;2486;242;10;14;10;0
45304;2474;242;10;14;10;0
45305;2462;242;10;14;10;0
45306;2450;242;10;14;10;0
45307;2438;242;10;14;10;0
45308;2426;242;10;14;10;0
45309;2414;242;10;14;10;0
45310;2402;242;10;14;10;0
45311;2390;242;10;14;10;0
45312;2378;242;10;14;10;0
45313;2366;242;10;14;10;0
45314;2354;242;10;14;10;0
45315;2342;242;10;14;10;0
45316;2330;242;10;14;10;0
45317;2318;242;10;14;10;0
45318;2306;242;10;14;10;0
45319;2534;242;10;14;10;0
45320;2546;242;10;14;10;0
45321;2558;242;10;14;10;0
45322;2570;242;10;14;10;0
45323;2810;242;10;14;10;0
45324;2798;242;10;14;10;0
45325;2786;242;10;14;10;0
45326;2774;242;10;14;10;0
45327;2762;242;10;14;10;0
45328;2750;242;10;14;10;0
45329;2738;242;10;14;10;0
45330;2726;242;10;14;10;0
45331;2714;242;10;14;10;0
45332;2822;242;10;14;10;0
45333;2702;242;10;14;10;0
45334;2678;242;10;14;10;0
45335;2666;242;10;14;10;0
45336;2654;242;10;14;10;0
45337;2642;242;10;14;10;0
45338;2630;242;10;14;10;0
45339;2618;242;10;14;10;0
45340;2606;242;10;14;10;0
45341;2594;242;10;14;10;0
45342;2582;242;10;14;10;0
45343;2294;242;10;14;10;0
45344;2690;242;10;14;10;0
45345;2282;242;10;14;10;0
45346;2126;242;10;14;10;0
45347;1958;242;10;14;10;0
45348;1946;242;10;14;10;0
45349;1934;242;10;14;10;0
45350;1922;242;10;14;10;0
45351;1910;242;10;14;10;0
45352;1898;242;10;14;10;0
45353;1886;242;10;14;10;0
45354;1874;242;10;14;10;0
45355;1862;242;10;14;10;0
45356;1850;242;10;14;10;0
45357;1838;242;10;14;10;0
45358;1826;242;10;14;10;0
45359;1814;242;10;14;10;0
45360;1802;242;10;14;10;0
45361;1790;242;10;14;10;0
45362;1778;242;10;14;10;0
45363;1766;242;10;14;10;0
45364;1754;242;10;14;10;0
45365;1742;242;10;14;10;0
45366;1970;242;10;14;10;0
45367;1982;242;10;14;10;0
45368;1994;242;10;14;10;0
45369;2006;242;10;14;10;0
45370;2246;242;10;14;10;0
45371;2234;242;10;14;10;0
45372;2222;242;10;14;10;0
45373;2210;242;10;14;10;0
45374;2198;242;10;14;10;0
45375;2186;242;10;14;10;0
45376;2174;242;10;14;10;0
45377;2162;242;10;14;10;0
45378;2150;242;10;14;10;0
45379;2258;242;10;14;10;0
45380;2138;242;10;14;10;0
45381;2114;242;10;14;10;0
45382;2102;242;10;14;10;0
45383;2090;242;10;14;10;0
45384;2078;242;10;14;10;0
45385;2066;242;10;14;10;0
45386;2054;242;10;14;10;0
45387;2042;242;10;14;10;0
45388;2030;242;10;14;10;0
45389;2018;242;10;14;10;0
45390;2270;242;10;14;10;0
45391;2846;242;10;14;10;0
45392;3398;242;10;14;10;0
45393;2858;242;10;14;10;0
45394;3650;242;10;14;10;0
45395;3638;242;10;14;10;0
45396;3626;242;10;14;10;0
45397;3614;242;10;14;10;0
45398;3602;242;10;14;10;0
45399;3590;242;10;14;10;0
45400;3578;242;10;14;10;0
45401;3566;242;10;14;10;0
45402;3554;242;10;14;10;0
45403;3542;242;10;14;10;0
45404;3530;242;10;14;10;0
45405;3518;242;10;14;10;0
45406;3506;242;10;14;10;0
45407;3494;242;10;14;10;0
45408;3482;242;10;14;10;0
45409;3470;242;10;14;10;0
45410;3458;242;10;14;10;0
45411;3446;242;10;14;10;0
45412;3434;242;10;14;10;0
45413;3662;242;10;14;10;0
45414;3674;242;10;14;10;0
45415;3686;242;10;14;10;0
45416;3698;242;10;14;10;0
45417;3938;242;10;14;10;0
45418;3926;242;10;14;10;0
45419;3914;242;10;14;10;0
45420;3902;242;10;14;10;0
45421;3890;242;10;14;10;0
45422;3878;242;10;14;10;0
45423;3866;242;10;14;10;0
45424;3854;242;10;14;10;0
45425;3842;242;10;14;10;0
45426;3950;242;10;14;10;0
45427;3830;242;10;14;10;0
45428;3806;242;10;14;10;0
45429;3794;242;10;14;10;0
45430;3782;242;10;14;10;0
45431;3770;242;10;14;10;0
45432;3758;242;10;14;10;0
45433;3746;242;10;14;10;0
45434;3734;242;10;14;10;0
45435;3722;242;10;14;10;0
45436;3710;242;10;14;10;0
45437;3422;242;10;14;10;0
45438;3818;242;10;14;10;0
45439;3410;242;10;14;10;0
45440;3254;242;10;14;10;0
45441;3086;242;10;14;10;0
45442;3074;242;10;14;10;0
45443;3062;242;10;14;10;0
45444;3050;242;10;14;10;0
45445;3038;242;10;14;10;0
45446;3026;242;10;14;10;0
45447;3014;242;10;14;10;0
45448;3002;242;10;14;10;0
45449;2990;242;10;14;10;0
45450;2978;242;10;14;10;0
45451;2966;242;10;14;10;0
45452;2954;242;10;14;10;0
45453;2942;242;10;14;10;0
45454;2930;242;10;14;10;0
45455;2918;242;10;14;10;0
45456;2906;242;10;14;10;0
45457;2894;242;10;14;10;0
45458;2882;242;10;14;10;0
45459;2870;242;10;14;10;0
45460;3098;242;10;14;10;0
45461;3110;242;10;14;10;0
45462;3122;242;10;14;10;0
45463;3134;242;10;14;10;0
45464;3374;242;10;14;10;0
45465;3362;242;10;14;10;0
45466;3350;242;10;14;10;0
45467;3338;242;10;14;10;0
45468;3326;242;10;14;10;0
45469;3314;242;10;14;10;0
45470;3302;242;10;14;10;0
45471;3290;242;10;14;10;0
45472;3278;242;10;14;10;0
45473;3386;242;10;14;10;0
45474;3266;242;10;14;10;0
45475;3242;242;10;14;10;0
45476;3230;242;10;14;10;0
45477;3218;242;10;14;10;0
45478;3206;242;10;14;10;0
45479;3194;242;10;14;10;0
45480;3182;242;10;14;10;0
45481;3170;242;10;14;10;0
45482;3158;242;10;14;10;0
45483;3146;242;10;14;10;0
45484;3962;242;10;14;10;0
45485;2138;258;10;14;10;0
45486;290;274;10;14;10;0
45487;2150;258;10;14;10;0
45488;1106;274;10;14;10;0
45489;1094;274;10;14;10;0
45490;1082;274;10;14;10;0
45491;1070;274;10;14;10;0
45492;1058;274;10;14;10;0
45493;1046;274;10;14;10;0
45494;1034;274;10;14;10;0
45495;1022;274;10;14;10;0
45496;1010;274;10;14;10;0
45497;998;274;10;14;10;0
45498;986;274;10;14;10;0
45499;974;274;10;14;10;0
45500;962;274;10;14;10;0
45501;950;274;10;14;10;0
45502;938;274;10;14;10;0
45503;926;274;10;14;10;0
45504;914;274;10;14;10;0
45505;902;274;10;14;10;0
45506;890;274;10;14;10;0
45507;1118;274;10;14;10;0
45508;1130;274;10;14;10;0
45509;1142;274;10;14;10;0
45510;1154;274;10;14;10;0
45511;1394;274;10;14;10;0
45512;1382;274;10;14;10;0
45513;1370;274;10;14;10;0
45514;1358;274;10;14;10;0
45515;1346;274;10;14;10;0
45516;1334;274;10;14;10;0
45517;1322;274;10;14;10;0
45518;1310;274;10;14;10;0
45519;1298;274;10;14;10;0
45520;1406;274;10;14;10;0
45521;1286;274;10;14;10;0
45522;1262;274;10;14;10;0
45523;1250;274;10;14;10;0
45524;1238;274;10;14;10;0
45525;1226;274;10;14;10;0
45526;1214;274;10;14;10;0
45527;1202;274;10;14;10;0
45528;1190;274;10;14;10;0
45529;1178;274;10;14;10;0
45530;1166;274;10;14;10;0
45531;878;274;10;14;10;0
45532;1274;274;10;14;10;0
45533;866;274;10;14;10;0
45534;710;274;10;14;10;0
45535;542;274;10;14;10;0
45536;530;274;10;14;10;0
45537;518;274;10;14;10;0
45538;506;274;10;14;10;0
45539;494;274;10;14;10;0
45540;482;274;10;14;10;0
45541;470;274;10;14;10;0
45542;458;274;10;14;10;0
45543;446;274;10;14;10;0
45544;434;274;10;14;10;0
45545;422;274;10;14;10;0
45546;410;274;10;14;10;0
45547;398;274;10;14;10;0
45548;386;274;10;14;10;0
45549;374;274;10;14;10;0
45550;362;274;10;14;10;0
45551;350;274;10;14;10;0
45552;338;274;10;14;10;0
45553;326;274;10;14;10;0
45554;554;274;10;14;10;0
45555;566;274;10;14;10;0
45556;578;274;10;14;10;0
45557;590;274;10;14;10;0
45558;830;274;10;14;10;0
45559;818;274;10;14;10;0
45560;806;274;10;14;10;0
45561;794;274;10;14;10;0
45562;782;274;10;14;10;0
45563;770;274;10;14;10;0
45564;758;274;10;14;10;0
45565;746;274;10;14;10;0
45566;734;274;10;14;10;0
45567;842;274;10;14;10;0
45568;722;274;10;14;10;0
45569;698;274;10;14;10;0
45570;686;274;10;14;10;0
45571;674;274;10;14;10;0
45572;662;274;10;14;10;0
45573;650;274;10;14;10;0
45574;638;274;10;14;10;0
45575;626;274;10;14;10;0
45576;614;274;10;14;10;0
45577;602;274;10;14;10;0
45578;854;274;10;14;10;0
45579;1430;274;10;14;10;0
45580;1982;274;10;14;10;0
45581;1442;274;10;14;10;0
45582;2234;274;10;14;10;0
45583;2222;274;10;14;10;0
45584;2210;274;10;14;10;0
45585;2198;274;10;14;10;0
45586;2186;274;10;14;10;0
45587;2174;274;10;14;10;0
45588;2162;274;10;14;10;0
45589;2150;274;10;14;10;0
45590;2138;274;10;14;10;0
45591;2126;274;10;14;10;0
45592;2114;274;10;14;10;0
45593;2102;274;10;14;10;0
45594;2090;274;10;14;10;0
45595;2078;274;10;14;10;0
45596;2066;274;10;14;10;0
45597;2054;274;10;14;10;0
45598;2042;274;10;14;10;0
45599;2030;274;10;14;10;0
45600;2018;274;10;14;10;0
45601;2246;274;10;14;10;0
45602;2258;274;10;14;10;0
45603;2270;274;10;14;10;0
45604;2282;274;10;14;10;0
45605;2522;274;10;14;10;0
45606;2510;274;10;14;10;0
45607;2498;274;10;14;10;0
45608;2486;274;10;14;10;0
45609;2474;274;10;14;10;0
45610;2462;274;10;14;10;0
45611;2450;274;10;14;10;0
45612;2438;274;10;14;10;0
45613;2426;274;10;14;10;0
45614;2534;274;10;14;10;0
45615;2414;274;10;14;10;0
45616;2390;274;10;14;10;0
45617;2378;274;10;14;10;0
45618;2366;274;10;14;10;0
45619;2354;274;10;14;10;0
45620;2342;274;10;14;10;0
45621;2330;274;10;14;10;0
45622;2318;274;10;14;10;0
45623;2306;274;10;14;10;0
45624;2294;274;10;14;10;0
45625;2006;274;10;14;10;0
45626;2402;274;10;14;10;0
45627;1994;274;10;14;10;0
45628;1838;274;10;14;10;0
45629;1670;274;10;14;10;0
45630;1658;274;10;14;10;0
45631;1646;274;10;14;10;0
45632;1634;274;10;14;10;0
45633;1622;274;10;14;10;0
45634;1610;274;10;14;10;0
45635;1598;274;10;14;10;0
45636;1586;274;10;14;10;0
45637;1574;274;10;14;10;0
45638;1562;274;10;14;10;0
45639;1550;274;10;14;10;0
45640;1538;274;10;14;10;0
45641;1526;274;10;14;10;0
45642;1514;274;10;14;10;0
45643;1502;274;10;14;10;0
45644;1490;274;10;14;10;0
45645;1478;274;10;14;10;0
45646;1466;274;10;14;10;0
45647;1454;274;10;14;10;0
45648;1682;274;10;14;10;0
45649;1694;274;10;14;10;0
45650;1706;274;10;14;10;0
45651;1718;274;10;14;10;0
45652;1958;274;10;14;10;0
45653;1946;274;10;14;10;0
45654;1934;274;10;14;10;0
45655;1922;274;10;14;10;0
45656;1910;274;10;14;10;0
45657;1898;274;10;14;10;0
45658;1886;274;10;14;10;0
45659;1874;274;10;14;10;0
45660;1862;274;10;14;10;0
45661;1970;274;10;14;10;0
45662;1850;274;10;14;10;0
45663;1826;274;10;14;10;0
45664;1814;274;10;14;10;0
45665;1802;274;10;14;10;0
45666;1790;274;10;14;10;0
45667;1778;274;10;14;10;0
45668;1766;274;10;14;10;0
45669;1754;274;10;14;10;0
45670;1742;274;10;14;10;0
45671;1730;274;10;14;10;0
45672;314;274;10;14;10;0
45673;1418;274;10;14;10;0
45674;302;274;10;14;10;0
45675;3254;258;10;14;10;0
45676;2942;258;10;14;10;0
45677;2930;258;10;14;10;0
45678;2918;258;10;14;10;0
45679;2906;258;10;14;10;0
45680;2894;258;10;14;10;0
45681;2882;258;10;14;10;0
45682;2870;258;10;14;10;0
45683;2858;258;10;14;10;0
45684;2846;258;10;14;10;0
45685;2834;258;10;14;10;0
45686;2822;258;10;14;10;0
45687;2810;258;10;14;10;0
45688;2798;258;10;14;10;0
45689;2786;258;10;14;10;0
45690;2774;258;10;14;10;0
45691;2762;258;10;14;10;0
45692;2750;258;10;14;10;0
45693;2738;258;10;14;10;0
45694;2726;258;10;14;10;0
45695;2954;258;10;14;10;0
45696;2966;258;10;14;10;0
45697;2978;258;10;14;10;0
45698;2990;258;10;14;10;0
45699;3230;258;10;14;10;0
45700;3218;258;10;14;10;0
45701;3206;258;10;14;10;0
45702;3194;258;10;14;10;0
45703;3182;258;10;14;10;0
45704;3170;258;10;14;10;0
45705;3158;258;10;14;10;0
45706;3146;258;10;14;10;0
45707;3134;258;10;14;10;0
45708;3242;258;10;14;10;0
45709;3122;258;10;14;10;0
45710;3098;258;10;14;10;0
45711;3086;258;10;14;10;0
45712;3074;258;10;14;10;0
45713;3062;258;10;14;10;0
45714;3050;258;10;14;10;0
45715;3038;258;10;14;10;0
45716;3026;258;10;14;10;0
45717;3014;258;10;14;10;0
45718;3002;258;10;14;10;0
45719;2714;258;10;14;10;0
45720;3110;258;10;14;10;0
45721;2702;258;10;14;10;0
45722;2546;258;10;14;10;0
45723;2378;258;10;14;10;0
45724;2366;258;10;14;10;0
45725;2354;258;10;14;10;0
45726;2342;258;10;14;10;0
45727;2330;258;10;14;10;0
45728;2318;258;10;14;10;0
45729;2306;258;10;14;10;0
45730;2294;258;10;14;10;0
45731;2282;258;10;14;10;0
45732;2270;258;10;14;10;0
45733;2258;258;10;14;10;0
45734;2246;258;10;14;10;0
45735;2234;258;10;14;10;0
45736;2222;258;10;14;10;0
45737;2210;258;10;14;10;0
45738;2198;258;10;14;10;0
45739;2186;258;10;14;10;0
45740;2174;258;10;14;10;0
45741;2162;258;10;14;10;0
45742;2390;258;10;14;10;0
45743;2402;258;10;14;10;0
45744;2414;258;10;14;10;0
45745;2426;258;10;14;10;0
45746;2666;258;10;14;10;0
45747;2654;258;10;14;10;0
45748;2642;258;10;14;10;0
45749;2630;258;10;14;10;0
45750;2618;258;10;14;10;0
45751;2606;258;10;14;10;0
45752;2594;258;10;14;10;0
45753;2582;258;10;14;10;0
45754;2570;258;10;14;10;0
45755;2678;258;10;14;10;0
45756;2558;258;10;14;10;0
45757;2534;258;10;14;10;0
45758;2522;258;10;14;10;0
45759;2510;258;10;14;10;0
45760;2498;258;10;14;10;0
45761;2486;258;10;14;10;0
45762;2474;258;10;14;10;0
45763;2462;258;10;14;10;0
45764;2450;258;10;14;10;0
45765;2438;258;10;14;10;0
45766;2690;258;10;14;10;0
45767;3266;258;10;14;10;0
45768;3818;258;10;14;10;0
45769;3278;258;10;14;10;0
45770;4070;258;10;14;10;0
45771;4058;258;10;14;10;0
45772;4046;258;10;14;10;0
45773;4034;258;10;14;10;0
45774;4022;258;10;14;10;0
45775;4010;258;10;14;10;0
45776;3998;258;10;14;10;0
45777;3986;258;10;14;10;0
45778;3974;258;10;14;10;0
45779;3962;258;10;14;10;0
45780;3950;258;10;14;10;0
45781;3938;258;10;14;10;0
45782;3926;258;10;14;10;0
45783;3914;258;10;14;10;0
45784;3902;258;10;14;10;0
45785;3890;258;10;14;10;0
45786;3878;258;10;14;10;0
45787;3866;258;10;14;10;0
45788;3854;258;10;14;10;0
45789;4082;258;10;14;10;0
45790;2;274;10;14;10;0
45791;14;274;10;14;10;0
45792;26;274;10;14;10;0
45793;266;274;10;14;10;0
45794;254;274;10;14;10;0
45795;242;274;10;14;10;0
45796;230;274;10;14;10;0
45797;218;274;10;14;10;0
45798;206;274;10;14;10;0
45799;194;274;10;14;10;0
45800;182;274;10;14;10;0
45801;170;274;10;14;10;0
45802;278;274;10;14;10;0
45803;158;274;10;14;10;0
45804;134;274;10;14;10;0
45805;122;274;10;14;10;0
45806;110;274;10;14;10;0
45807;98;274;10;14;10;0
45808;86;274;10;14;10;0
45809;74;274;10;14;10;0
45810;62;274;10;14;10;0
45811;50;274;10;14;10;0
45812;38;274;10;14;10;0
45813;3842;258;10;14;10;0
45814;146;274;10;14;10;0
45815;3830;258;10;14;10;0
45816;3674;258;10;14;10;0
45817;3506;258;10;14;10;0
45818;3494;258;10;14;10;0
45819;3482;258;10;14;10;0
45820;3470;258;10;14;10;0
45821;3458;258;10;14;10;0
45822;3446;258;10;14;10;0
45823;3434;258;10;14;10;0
45824;3422;258;10;14;10;0
45825;3410;258;10;14;10;0
45826;3398;258;10;14;10;0
45827;3386;258;10;14;10;0
45828;3374;258;10;14;10;0
45829;3362;258;10;14;10;0
45830;3350;258;10;14;10;0
45831;3338;258;10;14;10;0
45832;3326;258;10;14;10;0
45833;3314;258;10;14;10;0
45834;3302;258;10;14;10;0
45835;3290;258;10;14;10;0
45836;3518;258;10;14;10;0
45837;3530;258;10;14;10;0
45838;3542;258;10;14;10;0
45839;3554;258;10;14;10;0
45840;3794;258;10;14;10;0
45841;3782;258;10;14;10;0
45842;3770;258;10;14;10;0
45843;3758;258;10;14;10;0
45844;3746;258;10;14;10;0
45845;3734;258;10;14;10;0
45846;3722;258;10;14;10;0
45847;3710;258;10;14;10;0
45848;3698;258;10;14;10;0
45849;3806;258;10;14;10;0
45850;3686;258;10;14;10;0
45851;3662;258;10;14;10;0
45852;3650;258;10;14;10;0
45853;3638;258;10;14;10;0
45854;3626;258;10;14;10;0
45855;3614;258;10;14;10;0
45856;3602;258;10;14;10;0
45857;3590;258;10;14;10;0
45858;3578;258;10;14;10;0
45859;3566;258;10;14;10;0
45860;1730;242;10;14;10;0
45861;1718;242;10;14;10;0
45862;1706;242;10;14;10;0
45863;3542;226;10;14;10;0
45864;3938;210;10;14;10;0
45865;3926;210;10;14;10;0
45866;3914;210;10;14;10;0
45867;3902;210;10;14;10;0
45868;3890;210;10;14;10;0
45869;3878;210;10;14;10;0
45870;3866;210;10;14;10;0
45871;3854;210;10;14;10;0
45872;3842;210;10;14;10;0
45873;3830;210;10;14;10;0
45874;3818;210;10;14;10;0
45875;3806;210;10;14;10;0
45876;3794;210;10;14;10;0
45877;3782;210;10;14;10;0
45878;3770;210;10;14;10;0
45879;3758;210;10;14;10;0
45880;3746;210;10;14;10;0
45881;3734;210;10;14;10;0
45882;3722;210;10;14;10;0
45883;3950;210;10;14;10;0
45884;3962;210;10;14;10;0
45885;3974;210;10;14;10;0
45886;3986;210;10;14;10;0
45887;134;226;10;14;10;0
45888;122;226;10;14;10;0
45889;110;226;10;14;10;0
45890;98;226;10;14;10;0
45891;86;226;10;14;10;0
45892;74;226;10;14;10;0
45893;62;226;10;14;10;0
45894;50;226;10;14;10;0
45895;38;226;10;14;10;0
45896;146;226;10;14;10;0
45897;26;226;10;14;10;0
45898;2;226;10;14;10;0
45899;4082;210;10;14;10;0
45900;4070;210;10;14;10;0
45901;4058;210;10;14;10;0
45902;4046;210;10;14;10;0
45903;4034;210;10;14;10;0
45904;4022;210;10;14;10;0
45905;4010;210;10;14;10;0
45906;3998;210;10;14;10;0
45907;3710;210;10;14;10;0
45908;14;226;10;14;10;0
45909;3698;210;10;14;10;0
45910;3542;210;10;14;10;0
45911;3374;210;10;14;10;0
45912;3362;210;10;14;10;0
45913;3350;210;10;14;10;0
45914;3338;210;10;14;10;0
45915;3326;210;10;14;10;0
45916;3314;210;10;14;10;0
45917;3302;210;10;14;10;0
45918;3290;210;10;14;10;0
45919;3278;210;10;14;10;0
45920;3266;210;10;14;10;0
45921;3254;210;10;14;10;0
45922;3242;210;10;14;10;0
45923;3230;210;10;14;10;0
45924;3218;210;10;14;10;0
45925;3206;210;10;14;10;0
45926;3194;210;10;14;10;0
45927;3182;210;10;14;10;0
45928;3170;210;10;14;10;0
45929;3158;210;10;14;10;0
45930;3386;210;10;14;10;0
45931;3398;210;10;14;10;0
45932;3410;210;10;14;10;0
45933;3422;210;10;14;10;0
45934;3662;210;10;14;10;0
45935;3650;210;10;14;10;0
45936;3638;210;10;14;10;0
45937;3626;210;10;14;10;0
45938;3614;210;10;14;10;0
45939;3602;210;10;14;10;0
45940;3590;210;10;14;10;0
45941;3578;210;10;14;10;0
45942;3566;210;10;14;10;0
45943;3674;210;10;14;10;0
45944;3554;210;10;14;10;0
45945;3530;210;10;14;10;0
45946;3518;210;10;14;10;0
45947;3506;210;10;14;10;0
45948;3494;210;10;14;10;0
45949;3482;210;10;14;10;0
45950;3470;210;10;14;10;0
45951;3458;210;10;14;10;0
45952;3446;210;10;14;10;0
45953;3434;210;10;14;10;0
45954;3686;210;10;14;10;0
45955;170;226;10;14;10;0
45956;722;226;10;14;10;0
45957;182;226;10;14;10;0
45958;974;226;10;14;10;0
45959;962;226;10;14;10;0
45960;950;226;10;14;10;0
45961;938;226;10;14;10;0
45962;926;226;10;14;10;0
45963;914;226;10;14;10;0
45964;902;226;10;14;10;0
45965;890;226;10;14;10;0
45966;878;226;10;14;10;0
45967;866;226;10;14;10;0
45968;854;226;10;14;10;0
45969;842;226;10;14;10;0
45970;830;226;10;14;10;0
45971;818;226;10;14;10;0
45972;806;226;10;14;10;0
45973;794;226;10;14;10;0
45974;782;226;10;14;10;0
45975;770;226;10;14;10;0
45976;758;226;10;14;10;0
45977;986;226;10;14;10;0
45978;998;226;10;14;10;0
45979;1010;226;10;14;10;0
45980;1022;226;10;14;10;0
45981;1262;226;10;14;10;0
45982;1250;226;10;14;10;0
45983;1238;226;10;14;10;0
45984;1226;226;10;14;10;0
45985;1214;226;10;14;10;0
45986;1202;226;10;14;10;0
45987;1190;226;10;14;10;0
45988;1178;226;10;14;10;0
45989;1166;226;10;14;10;0
45990;1274;226;10;14;10;0
45991;1154;226;10;14;10;0
45992;1130;226;10;14;10;0
45993;1118;226;10;14;10;0
45994;1106;226;10;14;10;0
45995;1094;226;10;14;10;0
45996;1082;226;10;14;10;0
45997;1070;226;10;14;10;0
45998;1058;226;10;14;10;0
45999;1046;226;10;14;10;0
46000;1034;226;10;14;10;0
46001;746;226;10;14;10;0
46002;1142;226;10;14;10;0
46003;734;226;10;14;10;0
46004;578;226;10;14;10;0
46005;410;226;10;14;10;0
46006;398;226;10;14;10;0
46007;386;226;10;14;10;0
46008;374;226;10;14;10;0
46009;362;226;10;14;10;0
46010;350;226;10;14;10;0
46011;338;226;10;14;10;0
46012;326;226;10;14;10;0
46013;314;226;10;14;10;0
46014;302;226;10;14;10;0
46015;290;226;10;14;10;0
46016;278;226;10;14;10;0
46017;266;226;10;14;10;0
46018;254;226;10;14;10;0
46019;242;226;10;14;10;0
46020;230;226;10;14;10;0
46021;218;226;10;14;10;0
46022;206;226;10;14;10;0
46023;194;226;10;14;10;0
46024;422;226;10;14;10;0
46025;434;226;10;14;10;0
46026;446;226;10;14;10;0
46027;458;226;10;14;10;0
46028;698;226;10;14;10;0
46029;686;226;10;14;10;0
46030;674;226;10;14;10;0
46031;662;226;10;14;10;0
46032;650;226;10;14;10;0
46033;638;226;10;14;10;0
46034;626;226;10;14;10;0
46035;614;226;10;14;10;0
46036;602;226;10;14;10;0
46037;710;226;10;14;10;0
46038;590;226;10;14;10;0
46039;566;226;10;14;10;0
46040;554;226;10;14;10;0
46041;542;226;10;14;10;0
46042;530;226;10;14;10;0
46043;518;226;10;14;10;0
46044;506;226;10;14;10;0
46045;494;226;10;14;10;0
46046;482;226;10;14;10;0
46047;470;226;10;14;10;0
46048;3146;210;10;14;10;0
46049;3134;210;10;14;10;0
46050;3122;210;10;14;10;0
46051;2558;210;10;14;10;0
46052;1682;210;10;14;10;0
46053;1670;210;10;14;10;0
46054;1658;210;10;14;10;0
46055;1646;210;10;14;10;0
46056;1634;210;10;14;10;0
46057;1622;210;10;14;10;0
46058;1610;210;10;14;10;0
46059;1598;210;10;14;10;0
46060;1586;210;10;14;10;0
46061;1574;210;10;14;10;0
46062;1562;210;10;14;10;0
46063;1550;210;10;14;10;0
46064;1538;210;10;14;10;0
46065;1526;210;10;14;10;0
46066;1514;210;10;14;10;0
46067;1502;210;10;14;10;0
46068;1490;210;10;14;10;0
46069;1478;210;10;14;10;0
46070;1466;210;10;14;10;0
46071;1694;210;10;14;10;0
46072;1706;210;10;14;10;0
46073;1718;210;10;14;10;0
46074;1730;210;10;14;10;0
46075;1970;210;10;14;10;0
46076;1958;210;10;14;10;0
46077;1946;210;10;14;10;0
46078;1934;210;10;14;10;0
46079;1922;210;10;14;10;0
46080;1910;210;10;14;10;0
46081;1898;210;10;14;10;0
46082;1886;210;10;14;10;0
46083;1874;210;10;14;10;0
46084;1982;210;10;14;10;0
46085;1862;210;10;14;10;0
46086;1838;210;10;14;10;0
46087;1826;210;10;14;10;0
46088;1814;210;10;14;10;0
46089;1802;210;10;14;10;0
46090;1790;210;10;14;10;0
46091;1778;210;10;14;10;0
46092;1766;210;10;14;10;0
46093;1754;210;10;14;10;0
46094;1742;210;10;14;10;0
46095;1454;210;10;14;10;0
46096;1442;210;10;14;10;0
46097;1430;210;10;14;10;0
46098;1154;210;10;14;10;0
46099;1130;210;10;14;10;0
46100;1118;210;10;14;10;0
46101;1106;210;10;14;10;0
46102;1094;210;10;14;10;0
46103;1082;210;10;14;10;0
46104;1070;210;10;14;10;0
46105;1058;210;10;14;10;0
46106;1046;210;10;14;10;0
46107;1034;210;10;14;10;0
46108;1022;210;10;14;10;0
46109;1010;210;10;14;10;0
46110;998;210;10;14;10;0
46111;986;210;10;14;10;0
46112;974;210;10;14;10;0
46113;962;210;10;14;10;0
46114;950;210;10;14;10;0
46115;938;210;10;14;10;0
46116;926;210;10;14;10;0
46117;914;210;10;14;10;0
46118;1142;210;10;14;10;0
46119;1166;210;10;14;10;0
46120;1418;210;10;14;10;0
46121;1178;210;10;14;10;0
46122;1406;210;10;14;10;0
46123;1394;210;10;14;10;0
46124;1382;210;10;14;10;0
46125;1370;210;10;14;10;0
46126;1358;210;10;14;10;0
46127;1346;210;10;14;10;0
46128;1334;210;10;14;10;0
46129;1322;210;10;14;10;0
46130;1310;210;10;14;10;0
46131;1298;210;10;14;10;0
46132;1286;210;10;14;10;0
46133;1274;210;10;14;10;0
46134;1262;210;10;14;10;0
46135;1250;210;10;14;10;0
46136;1238;210;10;14;10;0
46137;1226;210;10;14;10;0
46138;1214;210;10;14;10;0
46139;1202;210;10;14;10;0
46140;1190;210;10;14;10;0
46141;1850;210;10;14;10;0
46142;1994;210;10;14;10;0
46143;2006;210;10;14;10;0
46144;2018;210;10;14;10;0
46145;2810;210;10;14;10;0
46146;2798;210;10;14;10;0
46147;2786;210;10;14;10;0
46148;2774;210;10;14;10;0
46149;2762;210;10;14;10;0
46150;2750;210;10;14;10;0
46151;2738;210;10;14;10;0
46152;2726;210;10;14;10;0
46153;2714;210;10;14;10;0
46154;2702;210;10;14;10;0
46155;2690;210;10;14;10;0
46156;2678;210;10;14;10;0
46157;2666;210;10;14;10;0
46158;2654;210;10;14;10;0
46159;2642;210;10;14;10;0
46160;2630;210;10;14;10;0
46161;2618;210;10;14;10;0
46162;2606;210;10;14;10;0
46163;2594;210;10;14;10;0
46164;2822;210;10;14;10;0
46165;2834;210;10;14;10;0
46166;2846;210;10;14;10;0
46167;2858;210;10;14;10;0
46168;3098;210;10;14;10;0
46169;3086;210;10;14;10;0
46170;3074;210;10;14;10;0
46171;3062;210;10;14;10;0
46172;3050;210;10;14;10;0
46173;3038;210;10;14;10;0
46174;3026;210;10;14;10;0
46175;3014;210;10;14;10;0
46176;3002;210;10;14;10;0
46177;3110;210;10;14;10;0
46178;2990;210;10;14;10;0
46179;2966;210;10;14;10;0
46180;2954;210;10;14;10;0
46181;2942;210;10;14;10;0
46182;2930;210;10;14;10;0
46183;2918;210;10;14;10;0
46184;2906;210;10;14;10;0
46185;2894;210;10;14;10;0
46186;2882;210;10;14;10;0
46187;2870;210;10;14;10;0
46188;2582;210;10;14;10;0
46189;2978;210;10;14;10;0
46190;2570;210;10;14;10;0
46191;2414;210;10;14;10;0
46192;2246;210;10;14;10;0
46193;2234;210;10;14;10;0
46194;2222;210;10;14;10;0
46195;2210;210;10;14;10;0
46196;2198;210;10;14;10;0
46197;2186;210;10;14;10;0
46198;2174;210;10;14;10;0
46199;2162;210;10;14;10;0
46200;2150;210;10;14;10;0
46201;2138;210;10;14;10;0
46202;2126;210;10;14;10;0
46203;2114;210;10;14;10;0
46204;2102;210;10;14;10;0
46205;2090;210;10;14;10;0
46206;2078;210;10;14;10;0
46207;2066;210;10;14;10;0
46208;2054;210;10;14;10;0
46209;2042;210;10;14;10;0
46210;2030;210;10;14;10;0
46211;2258;210;10;14;10;0
46212;2270;210;10;14;10;0
46213;2282;210;10;14;10;0
46214;2294;210;10;14;10;0
46215;2534;210;10;14;10;0
46216;2522;210;10;14;10;0
46217;2510;210;10;14;10;0
46218;2498;210;10;14;10;0
46219;2486;210;10;14;10;0
46220;2474;210;10;14;10;0
46221;2462;210;10;14;10;0
46222;2450;210;10;14;10;0
46223;2438;210;10;14;10;0
46224;2546;210;10;14;10;0
46225;2426;210;10;14;10;0
46226;2402;210;10;14;10;0
46227;2390;210;10;14;10;0
46228;2378;210;10;14;10;0
46229;2366;210;10;14;10;0
46230;2354;210;10;14;10;0
46231;2342;210;10;14;10;0
46232;2330;210;10;14;10;0
46233;2318;210;10;14;10;0
46234;2306;210;10;14;10;0
46235;158;226;10;14;10;0
46236;1286;226;10;14;10;0
46237;1298;226;10;14;10;0
46238;1310;226;10;14;10;0
46239;266;242;10;14;10;0
46240;254;242;10;14;10;0
46241;242;242;10;14;10;0
46242;230;242;10;14;10;0
46243;218;242;10;14;10;0
46244;206;242;10;14;10;0
46245;194;242;10;14;10;0
46246;182;242;10;14;10;0
46247;170;242;10;14;10;0
46248;158;242;10;14;10;0
46249;146;242;10;14;10;0
46250;134;242;10;14;10;0
46251;122;242;10;14;10;0
46252;110;242;10;14;10;0
46253;98;242;10;14;10;0
46254;86;242;10;14;10;0
46255;74;242;10;14;10;0
46256;62;242;10;14;10;0
46257;50;242;10;14;10;0
46258;278;242;10;14;10;0
46259;290;242;10;14;10;0
46260;302;242;10;14;10;0
46261;314;242;10;14;10;0
46262;554;242;10;14;10;0
46263;542;242;10;14;10;0
46264;530;242;10;14;10;0
46265;518;242;10;14;10;0
46266;506;242;10;14;10;0
46267;494;242;10;14;10;0
46268;482;242;10;14;10;0
46269;470;242;10;14;10;0
46270;458;242;10;14;10;0
46271;566;242;10;14;10;0
46272;446;242;10;14;10;0
46273;422;242;10;14;10;0
46274;410;242;10;14;10;0
46275;398;242;10;14;10;0
46276;386;242;10;14;10;0
46277;374;242;10;14;10;0
46278;362;242;10;14;10;0
46279;350;242;10;14;10;0
46280;338;242;10;14;10;0
46281;326;242;10;14;10;0
46282;38;242;10;14;10;0
46283;434;242;10;14;10;0
46284;26;242;10;14;10;0
46285;3962;226;10;14;10;0
46286;3794;226;10;14;10;0
46287;3782;226;10;14;10;0
46288;3770;226;10;14;10;0
46289;3758;226;10;14;10;0
46290;3746;226;10;14;10;0
46291;3734;226;10;14;10;0
46292;3722;226;10;14;10;0
46293;3710;226;10;14;10;0
46294;3698;226;10;14;10;0
46295;3686;226;10;14;10;0
46296;3674;226;10;14;10;0
46297;3662;226;10;14;10;0
46298;3650;226;10;14;10;0
46299;3638;226;10;14;10;0
46300;3626;226;10;14;10;0
46301;3614;226;10;14;10;0
46302;3602;226;10;14;10;0
46303;3590;226;10;14;10;0
46304;3578;226;10;14;10;0
46305;3806;226;10;14;10;0
46306;3818;226;10;14;10;0
46307;3830;226;10;14;10;0
46308;3842;226;10;14;10;0
46309;4082;226;10;14;10;0
46310;4070;226;10;14;10;0
46311;4058;226;10;14;10;0
46312;4046;226;10;14;10;0
46313;4034;226;10;14;10;0
46314;4022;226;10;14;10;0
46315;4010;226;10;14;10;0
46316;3998;226;10;14;10;0
46317;3986;226;10;14;10;0
46318;2;242;10;14;10;0
46319;3974;226;10;14;10;0
46320;3950;226;10;14;10;0
46321;3938;226;10;14;10;0
46322;3926;226;10;14;10;0
46323;3914;226;10;14;10;0
46324;3902;226;10;14;10;0
46325;3890;226;10;14;10;0
46326;3878;226;10;14;10;0
46327;3866;226;10;14;10;0
46328;3854;226;10;14;10;0
46329;14;242;10;14;10;0
46330;590;242;10;14;10;0
46331;1142;242;10;14;10;0
46332;602;242;10;14;10;0
46333;1394;242;10;14;10;0
46334;1382;242;10;14;10;0
46335;1370;242;10;14;10;0
46336;1358;242;10;14;10;0
46337;1346;242;10;14;10;0
46338;1334;242;10;14;10;0
46339;1322;242;10;14;10;0
46340;1310;242;10;14;10;0
46341;1298;242;10;14;10;0
46342;1286;242;10;14;10;0
46343;1274;242;10;14;10;0
46344;1262;242;10;14;10;0
46345;1250;242;10;14;10;0
46346;1238;242;10;14;10;0
46347;1226;242;10;14;10;0
46348;1214;242;10;14;10;0
46349;1202;242;10;14;10;0
46350;1190;242;10;14;10;0
46351;1178;242;10;14;10;0
46352;1406;242;10;14;10;0
46353;1418;242;10;14;10;0
46354;1430;242;10;14;10;0
46355;1442;242;10;14;10;0
46356;1682;242;10;14;10;0
46357;1670;242;10;14;10;0
46358;1658;242;10;14;10;0
46359;1646;242;10;14;10;0
46360;1634;242;10;14;10;0
46361;1622;242;10;14;10;0
46362;1610;242;10;14;10;0
46363;1598;242;10;14;10;0
46364;1586;242;10;14;10;0
46365;1694;242;10;14;10;0
46366;1574;242;10;14;10;0
46367;1550;242;10;14;10;0
46368;1538;242;10;14;10;0
46369;1526;242;10;14;10;0
46370;1514;242;10;14;10;0
46371;1502;242;10;14;10;0
46372;1490;242;10;14;10;0
46373;1478;242;10;14;10;0
46374;1466;242;10;14;10;0
46375;1454;242;10;14;10;0
46376;1166;242;10;14;10;0
46377;1562;242;10;14;10;0
46378;1154;242;10;14;10;0
46379;998;242;10;14;10;0
46380;830;242;10;14;10;0
46381;818;242;10;14;10;0
46382;806;242;10;14;10;0
46383;794;242;10;14;10;0
46384;782;242;10;14;10;0
46385;770;242;10;14;10;0
46386;758;242;10;14;10;0
46387;746;242;10;14;10;0
46388;734;242;10;14;10;0
46389;722;242;10;14;10;0
46390;710;242;10;14;10;0
46391;698;242;10;14;10;0
46392;686;242;10;14;10;0
46393;674;242;10;14;10;0
46394;662;242;10;14;10;0
46395;650;242;10;14;10;0
46396;638;242;10;14;10;0
46397;626;242;10;14;10;0
46398;614;242;10;14;10;0
46399;842;242;10;14;10;0
46400;854;242;10;14;10;0
46401;866;242;10;14;10;0
46402;878;242;10;14;10;0
46403;1118;242;10;14;10;0
46404;1106;242;10;14;10;0
46405;1094;242;10;14;10;0
46406;1082;242;10;14;10;0
46407;1070;242;10;14;10;0
46408;1058;242;10;14;10;0
46409;1046;242;10;14;10;0
46410;1034;242;10;14;10;0
46411;1022;242;10;14;10;0
46412;1130;242;10;14;10;0
46413;1010;242;10;14;10;0
46414;986;242;10;14;10;0
46415;974;242;10;14;10;0
46416;962;242;10;14;10;0
46417;950;242;10;14;10;0
46418;938;242;10;14;10;0
46419;926;242;10;14;10;0
46420;914;242;10;14;10;0
46421;902;242;10;14;10;0
46422;890;242;10;14;10;0
46423;3566;226;10;14;10;0
46424;578;242;10;14;10;0
46425;3554;226;10;14;10;0
46426;2414;226;10;14;10;0
46427;2102;226;10;14;10;0
46428;2090;226;10;14;10;0
46429;2078;226;10;14;10;0
46430;2066;226;10;14;10;0
46431;2054;226;10;14;10;0
46432;2042;226;10;14;10;0
46433;2030;226;10;14;10;0
46434;2018;226;10;14;10;0
46435;2006;226;10;14;10;0
46436;1994;226;10;14;10;0
46437;1982;226;10;14;10;0
46438;1970;226;10;14;10;0
46439;1958;226;10;14;10;0
46440;1946;226;10;14;10;0
46441;1934;226;10;14;10;0
46442;1922;226;10;14;10;0
46443;1910;226;10;14;10;0
46444;1898;226;10;14;10;0
46445;1886;226;10;14;10;0
46446;2114;226;10;14;10;0
46447;2126;226;10;14;10;0
46448;2138;226;10;14;10;0
46449;2150;226;10;14;10;0
46450;2390;226;10;14;10;0
46451;2378;226;10;14;10;0
46452;2366;226;10;14;10;0
46453;2354;226;10;14;10;0
46454;2342;226;10;14;10;0
46455;2330;226;10;14;10;0
46456;2318;226;10;14;10;0
46457;2306;226;10;14;10;0
46458;2294;226;10;14;10;0
46459;2402;226;10;14;10;0
46460;2282;226;10;14;10;0
46461;2258;226;10;14;10;0
46462;2246;226;10;14;10;0
46463;2234;226;10;14;10;0
46464;2222;226;10;14;10;0
46465;2210;226;10;14;10;0
46466;2198;226;10;14;10;0
46467;2186;226;10;14;10;0
46468;2174;226;10;14;10;0
46469;2162;226;10;14;10;0
46470;1874;226;10;14;10;0
46471;2270;226;10;14;10;0
46472;1862;226;10;14;10;0
46473;1706;226;10;14;10;0
46474;1538;226;10;14;10;0
46475;1526;226;10;14;10;0
46476;1514;226;10;14;10;0
46477;1502;226;10;14;10;0
46478;1490;226;10;14;10;0
46479;1478;226;10;14;10;0
46480;1466;226;10;14;10;0
46481;1454;226;10;14;10;0
46482;1442;226;10;14;10;0
46483;1430;226;10;14;10;0
46484;1418;226;10;14;10;0
46485;1406;226;10;14;10;0
46486;1394;226;10;14;10;0
46487;1382;226;10;14;10;0
46488;1370;226;10;14;10;0
46489;1358;226;10;14;10;0
46490;1346;226;10;14;10;0
46491;1334;226;10;14;10;0
46492;1322;226;10;14;10;0
46493;1550;226;10;14;10;0
46494;1562;226;10;14;10;0
46495;1574;226;10;14;10;0
46496;1586;226;10;14;10;0
46497;1826;226;10;14;10;0
46498;1814;226;10;14;10;0
46499;1802;226;10;14;10;0
46500;1790;226;10;14;10;0
46501;1778;226;10;14;10;0
46502;1766;226;10;14;10;0
46503;1754;226;10;14;10;0
46504;1742;226;10;14;10;0
46505;1730;226;10;14;10;0
46506;1838;226;10;14;10;0
46507;1718;226;10;14;10;0
46508;1694;226;10;14;10;0
46509;1682;226;10;14;10;0
46510;1670;226;10;14;10;0
46511;1658;226;10;14;10;0
46512;1646;226;10;14;10;0
46513;1634;226;10;14;10;0
46514;1622;226;10;14;10;0
46515;1610;226;10;14;10;0
46516;1598;226;10;14;10;0
46517;1850;226;10;14;10;0
46518;2426;226;10;14;10;0
46519;2978;226;10;14;10;0
46520;2438;226;10;14;10;0
46521;3230;226;10;14;10;0
46522;3218;226;10;14;10;0
46523;3206;226;10;14;10;0
46524;3194;226;10;14;10;0
46525;3182;226;10;14;10;0
46526;3170;226;10;14;10;0
46527;3158;226;10;14;10;0
46528;3146;226;10;14;10;0
46529;3134;226;10;14;10;0
46530;3122;226;10;14;10;0
46531;3110;226;10;14;10;0
46532;3098;226;10;14;10;0
46533;3086;226;10;14;10;0
46534;3074;226;10;14;10;0
46535;3062;226;10;14;10;0
46536;3050;226;10;14;10;0
46537;3038;226;10;14;10;0
46538;3026;226;10;14;10;0
46539;3014;226;10;14;10;0
46540;3242;226;10;14;10;0
46541;3254;226;10;14;10;0
46542;3266;226;10;14;10;0
46543;3278;226;10;14;10;0
46544;3518;226;10;14;10;0
46545;3506;226;10;14;10;0
46546;3494;226;10;14;10;0
46547;3482;226;10;14;10;0
46548;3470;226;10;14;10;0
46549;3458;226;10;14;10;0
46550;3446;226;10;14;10;0
46551;3434;226;10;14;10;0
46552;3422;226;10;14;10;0
46553;3530;226;10;14;10;0
46554;3410;226;10;14;10;0
46555;3386;226;10;14;10;0
46556;3374;226;10;14;10;0
46557;3362;226;10;14;10;0
46558;3350;226;10;14;10;0
46559;3338;226;10;14;10;0
46560;3326;226;10;14;10;0
46561;3314;226;10;14;10;0
46562;3302;226;10;14;10;0
46563;3290;226;10;14;10;0
46564;3002;226;10;14;10;0
46565;3398;226;10;14;10;0
46566;2990;226;10;14;10;0
46567;2834;226;10;14;10;0
46568;2666;226;10;14;10;0
46569;2654;226;10;14;10;0
46570;2642;226;10;14;10;0
46571;2630;226;10;14;10;0
46572;2618;226;10;14;10;0
46573;2606;226;10;14;10;0
46574;2594;226;10;14;10;0
46575;2582;226;10;14;10;0
46576;2570;226;10;14;10;0
46577;2558;226;10;14;10;0
46578;2546;226;10;14;10;0
46579;2534;226;10;14;10;0
46580;2522;226;10;14;10;0
46581;2510;226;10;14;10;0
46582;2498;226;10;14;10;0
46583;2486;226;10;14;10;0
46584;2474;226;10;14;10;0
46585;2462;226;10;14;10;0
46586;2450;226;10;14;10;0
46587;2678;226;10;14;10;0
46588;2690;226;10;14;10;0
46589;2702;226;10;14;10;0
46590;2714;226;10;14;10;0
46591;2954;226;10;14;10;0
46592;2942;226;10;14;10;0
46593;2930;226;10;14;10;0
46594;2918;226;10;14;10;0
46595;2906;226;10;14;10;0
46596;2894;226;10;14;10;0
46597;2882;226;10;14;10;0
46598;2870;226;10;14;10;0
46599;2858;226;10;14;10;0
46600;2966;226;10;14;10;0
46601;2846;226;10;14;10;0
46602;2822;226;10;14;10;0
46603;2810;226;10;14;10;0
46604;2798;226;10;14;10;0
46605;2786;226;10;14;10;0
46606;2774;226;10;14;10;0
46607;2762;226;10;14;10;0
46608;2750;226;10;14;10;0
46609;2738;226;10;14;10;0
46610;2726;226;10;14;10;0
46611;3326;130;10;14;10;0
46612;3314;130;10;14;10;0
46613;3302;130;10;14;10;0
46614;2882;114;10;14;10;0
46615;3866;34;10;14;10;0
46616;3854;34;10;14;10;0
46617;3842;34;10;14;10;0
46618;3830;34;10;14;10;0
46619;3818;34;10;14;10;0
46620;3806;34;10;14;10;0
46621;3794;34;10;14;10;0
46622;3782;34;10;14;10;0
46623;3770;34;10;14;10;0
46624;3758;34;10;14;10;0
46625;3746;34;10;14;10;0
46626;3734;34;10;14;10;0
46627;3722;34;10;14;10;0
46628;3710;34;10;14;10;0
46629;3698;34;10;14;10;0
46630;3686;34;10;14;10;0
46631;3674;34;10;14;10;0
46632;3662;34;10;14;10;0
46633;3650;34;10;14;10;0
46634;3878;34;10;14;10;0
46635;3890;34;10;14;10;0
46636;3902;34;10;14;10;0
46637;3914;34;10;14;10;0
46638;62;50;10;14;10;0
46639;50;50;10;14;10;0
46640;38;50;10;14;10;0
46641;26;50;10;14;10;0
46642;14;50;10;14;10;0
46643;2;50;10;14;10;0
46644;4082;34;10;14;10;0
46645;4070;34;10;14;10;0
46646;4058;34;10;14;10;0
46647;74;50;10;14;10;0
46648;4046;34;10;14;10;0
46649;4022;34;10;14;10;0
46650;4010;34;10;14;10;0
46651;3998;34;10;14;10;0
46652;3986;34;10;14;10;0
46653;3974;34;10;14;10;0
46654;3962;34;10;14;10;0
46655;3950;34;10;14;10;0
46656;3938;34;10;14;10;0
46657;3926;34;10;14;10;0
46658;3638;34;10;14;10;0
46659;4034;34;10;14;10;0
46660;3626;34;10;14;10;0
46661;3470;34;10;14;10;0
46662;3302;34;10;14;10;0
46663;3290;34;10;14;10;0
46664;3278;34;10;14;10;0
46665;3266;34;10;14;10;0
46666;3254;34;10;14;10;0
46667;3242;34;10;14;10;0
46668;3230;34;10;14;10;0
46669;3218;34;10;14;10;0
46670;3206;34;10;14;10;0
46671;3194;34;10;14;10;0
46672;3182;34;10;14;10;0
46673;3170;34;10;14;10;0
46674;3158;34;10;14;10;0
46675;3146;34;10;14;10;0
46676;3134;34;10;14;10;0
46677;3122;34;10;14;10;0
46678;3110;34;10;14;10;0
46679;3098;34;10;14;10;0
46680;3086;34;10;14;10;0
46681;3314;34;10;14;10;0
46682;3326;34;10;14;10;0
46683;3338;34;10;14;10;0
46684;3350;34;10;14;10;0
46685;3590;34;10;14;10;0
46686;3578;34;10;14;10;0
46687;3566;34;10;14;10;0
46688;3554;34;10;14;10;0
46689;3542;34;10;14;10;0
46690;3530;34;10;14;10;0
46691;3518;34;10;14;10;0
46692;3506;34;10;14;10;0
46693;3494;34;10;14;10;0
46694;3602;34;10;14;10;0
46695;3482;34;10;14;10;0
46696;3458;34;10;14;10;0
46697;3446;34;10;14;10;0
46698;3434;34;10;14;10;0
46699;3422;34;10;14;10;0
46700;3410;34;10;14;10;0
46701;3398;34;10;14;10;0
46702;3386;34;10;14;10;0
46703;3374;34;10;14;10;0
46704;3362;34;10;14;10;0
46705;3614;34;10;14;10;0
46706;98;50;10;14;10;0
46707;650;50;10;14;10;0
46708;110;50;10;14;10;0
46709;902;50;10;14;10;0
46710;890;50;10;14;10;0
46711;878;50;10;14;10;0
46712;866;50;10;14;10;0
46713;854;50;10;14;10;0
46714;842;50;10;14;10;0
46715;830;50;10;14;10;0
46716;818;50;10;14;10;0
46717;806;50;10;14;10;0
46718;794;50;10;14;10;0
46719;782;50;10;14;10;0
46720;770;50;10;14;10;0
46721;758;50;10;14;10;0
46722;746;50;10;14;10;0
46723;734;50;10;14;10;0
46724;722;50;10;14;10;0
46725;710;50;10;14;10;0
46726;698;50;10;14;10;0
46727;686;50;10;14;10;0
46728;914;50;10;14;10;0
46729;926;50;10;14;10;0
46730;938;50;10;14;10;0
46731;950;50;10;14;10;0
46732;1190;50;10;14;10;0
46733;1178;50;10;14;10;0
46734;1166;50;10;14;10;0
46735;1154;50;10;14;10;0
46736;1142;50;10;14;10;0
46737;1130;50;10;14;10;0
46738;1118;50;10;14;10;0
46739;1106;50;10;14;10;0
46740;1094;50;10;14;10;0
46741;1202;50;10;14;10;0
46742;1082;50;10;14;10;0
46743;1058;50;10;14;10;0
46744;1046;50;10;14;10;0
46745;1034;50;10;14;10;0
46746;1022;50;10;14;10;0
46747;1010;50;10;14;10;0
46748;998;50;10;14;10;0
46749;986;50;10;14;10;0
46750;974;50;10;14;10;0
46751;962;50;10;14;10;0
46752;674;50;10;14;10;0
46753;1070;50;10;14;10;0
46754;662;50;10;14;10;0
46755;506;50;10;14;10;0
46756;338;50;10;14;10;0
46757;326;50;10;14;10;0
46758;314;50;10;14;10;0
46759;302;50;10;14;10;0
46760;290;50;10;14;10;0
46761;278;50;10;14;10;0
46762;266;50;10;14;10;0
46763;254;50;10;14;10;0
46764;242;50;10;14;10;0
46765;230;50;10;14;10;0
46766;218;50;10;14;10;0
46767;206;50;10;14;10;0
46768;194;50;10;14;10;0
46769;182;50;10;14;10;0
46770;170;50;10;14;10;0
46771;158;50;10;14;10;0
46772;146;50;10;14;10;0
46773;134;50;10;14;10;0
46774;122;50;10;14;10;0
46775;350;50;10;14;10;0
46776;362;50;10;14;10;0
46777;374;50;10;14;10;0
46778;386;50;10;14;10;0
46779;626;50;10;14;10;0
46780;614;50;10;14;10;0
46781;602;50;10;14;10;0
46782;590;50;10;14;10;0
46783;578;50;10;14;10;0
46784;566;50;10;14;10;0
46785;554;50;10;14;10;0
46786;542;50;10;14;10;0
46787;530;50;10;14;10;0
46788;638;50;10;14;10;0
46789;518;50;10;14;10;0
46790;494;50;10;14;10;0
46791;482;50;10;14;10;0
46792;470;50;10;14;10;0
46793;458;50;10;14;10;0
46794;446;50;10;14;10;0
46795;434;50;10;14;10;0
46796;422;50;10;14;10;0
46797;410;50;10;14;10;0
46798;398;50;10;14;10;0
46799;3074;34;10;14;10;0
46800;3062;34;10;14;10;0
46801;3050;34;10;14;10;0
46802;2486;34;10;14;10;0
46803;1610;34;10;14;10;0
46804;1598;34;10;14;10;0
46805;1586;34;10;14;10;0
46806;1574;34;10;14;10;0
46807;1562;34;10;14;10;0
46808;1550;34;10;14;10;0
46809;1538;34;10;14;10;0
46810;1526;34;10;14;10;0
46811;1514;34;10;14;10;0
46812;1502;34;10;14;10;0
46813;1490;34;10;14;10;0
46814;1478;34;10;14;10;0
46815;1466;34;10;14;10;0
46816;1454;34;10;14;10;0
46817;1442;34;10;14;10;0
46818;1430;34;10;14;10;0
46819;1418;34;10;14;10;0
46820;1406;34;10;14;10;0
46821;1394;34;10;14;10;0
46822;1622;34;10;14;10;0
46823;1634;34;10;14;10;0
46824;1646;34;10;14;10;0
46825;1658;34;10;14;10;0
46826;1898;34;10;14;10;0
46827;1886;34;10;14;10;0
46828;1874;34;10;14;10;0
46829;1862;34;10;14;10;0
46830;1850;34;10;14;10;0
46831;1838;34;10;14;10;0
46832;1826;34;10;14;10;0
46833;1814;34;10;14;10;0
46834;1802;34;10;14;10;0
46835;1910;34;10;14;10;0
46836;1790;34;10;14;10;0
46837;1766;34;10;14;10;0
46838;1754;34;10;14;10;0
46839;1742;34;10;14;10;0
46840;1730;34;10;14;10;0
46841;1718;34;10;14;10;0
46842;1706;34;10;14;10;0
46843;1694;34;10;14;10;0
46844;1682;34;10;14;10;0
46845;1670;34;10;14;10;0
46846;1382;34;10;14;10;0
46847;1370;34;10;14;10;0
46848;1358;34;10;14;10;0
46849;1082;34;10;14;10;0
46850;1058;34;10;14;10;0
46851;1046;34;10;14;10;0
46852;1034;34;10;14;10;0
46853;1022;34;10;14;10;0
46854;1010;34;10;14;10;0
46855;998;34;10;14;10;0
46856;986;34;10;14;10;0
46857;974;34;10;14;10;0
46858;962;34;10;14;10;0
46859;950;34;10;14;10;0
46860;938;34;10;14;10;0
46861;926;34;10;14;10;0
46862;914;34;10;14;10;0
46863;902;34;10;14;10;0
46864;890;34;10;14;10;0
46865;878;34;10;14;10;0
46866;866;34;10;14;10;0
46867;854;34;10;14;10;0
46868;842;34;10;14;10;0
46869;1070;34;10;14;10;0
46870;1094;34;10;14;10;0
46871;1346;34;10;14;10;0
46872;1106;34;10;14;10;0
46873;1334;34;10;14;10;0
46874;1322;34;10;14;10;0
46875;1310;34;10;14;10;0
46876;1298;34;10;14;10;0
46877;1286;34;10;14;10;0
46878;1274;34;10;14;10;0
46879;1262;34;10;14;10;0
46880;1250;34;10;14;10;0
46881;1238;34;10;14;10;0
46882;1226;34;10;14;10;0
46883;1214;34;10;14;10;0
46884;1202;34;10;14;10;0
46885;1190;34;10;14;10;0
46886;1178;34;10;14;10;0
46887;1166;34;10;14;10;0
46888;1154;34;10;14;10;0
46889;1142;34;10;14;10;0
46890;1130;34;10;14;10;0
46891;1118;34;10;14;10;0
46892;1778;34;10;14;10;0
46893;1922;34;10;14;10;0
46894;1934;34;10;14;10;0
46895;1946;34;10;14;10;0
46896;2738;34;10;14;10;0
46897;2726;34;10;14;10;0
46898;2714;34;10;14;10;0
46899;2702;34;10;14;10;0
46900;2690;34;10;14;10;0
46901;2678;34;10;14;10;0
46902;2666;34;10;14;10;0
46903;2654;34;10;14;10;0
46904;2642;34;10;14;10;0
46905;2630;34;10;14;10;0
46906;2618;34;10;14;10;0
46907;2606;34;10;14;10;0
46908;2594;34;10;14;10;0
46909;2582;34;10;14;10;0
46910;2570;34;10;14;10;0
46911;2558;34;10;14;10;0
46912;2546;34;10;14;10;0
46913;2534;34;10;14;10;0
46914;2522;34;10;14;10;0
46915;2750;34;10;14;10;0
46916;2762;34;10;14;10;0
46917;2774;34;10;14;10;0
46918;2786;34;10;14;10;0
46919;3026;34;10;14;10;0
46920;3014;34;10;14;10;0
46921;3002;34;10;14;10;0
46922;2990;34;10;14;10;0
46923;2978;34;10;14;10;0
46924;2966;34;10;14;10;0
46925;2954;34;10;14;10;0
46926;2942;34;10;14;10;0
46927;2930;34;10;14;10;0
46928;3038;34;10;14;10;0
46929;2918;34;10;14;10;0
46930;2894;34;10;14;10;0
46931;2882;34;10;14;10;0
46932;2870;34;10;14;10;0
46933;2858;34;10;14;10;0
46934;2846;34;10;14;10;0
46935;2834;34;10;14;10;0
46936;2822;34;10;14;10;0
46937;2810;34;10;14;10;0
46938;2798;34;10;14;10;0
46939;2510;34;10;14;10;0
46940;2906;34;10;14;10;0
46941;2498;34;10;14;10;0
46942;2342;34;10;14;10;0
46943;2174;34;10;14;10;0
46944;2162;34;10;14;10;0
46945;2150;34;10;14;10;0
46946;2138;34;10;14;10;0
46947;2126;34;10;14;10;0
46948;2114;34;10;14;10;0
46949;2102;34;10;14;10;0
46950;2090;34;10;14;10;0
46951;2078;34;10;14;10;0
46952;2066;34;10;14;10;0
46953;2054;34;10;14;10;0
46954;2042;34;10;14;10;0
46955;2030;34;10;14;10;0
46956;2018;34;10;14;10;0
46957;2006;34;10;14;10;0
46958;1994;34;10;14;10;0
46959;1982;34;10;14;10;0
46960;1970;34;10;14;10;0
46961;1958;34;10;14;10;0
46962;2186;34;10;14;10;0
46963;2198;34;10;14;10;0
46964;2210;34;10;14;10;0
46965;2222;34;10;14;10;0
46966;2462;34;10;14;10;0
46967;2450;34;10;14;10;0
46968;2438;34;10;14;10;0
46969;2426;34;10;14;10;0
46970;2414;34;10;14;10;0
46971;2402;34;10;14;10;0
46972;2390;34;10;14;10;0
46973;2378;34;10;14;10;0
46974;2366;34;10;14;10;0
46975;2474;34;10;14;10;0
46976;2354;34;10;14;10;0
46977;2330;34;10;14;10;0
46978;2318;34;10;14;10;0
46979;2306;34;10;14;10;0
46980;2294;34;10;14;10;0
46981;2282;34;10;14;10;0
46982;2270;34;10;14;10;0
46983;2258;34;10;14;10;0
46984;2246;34;10;14;10;0
46985;2234;34;10;14;10;0
46986;86;50;10;14;10;0
46987;1214;50;10;14;10;0
46988;1226;50;10;14;10;0
46989;1238;50;10;14;10;0
46990;194;66;10;14;10;0
46991;182;66;10;14;10;0
46992;170;66;10;14;10;0
46993;158;66;10;14;10;0
46994;146;66;10;14;10;0
46995;134;66;10;14;10;0
46996;122;66;10;14;10;0
46997;110;66;10;14;10;0
46998;98;66;10;14;10;0
46999;86;66;10;14;10;0
47000;74;66;10;14;10;0
47001;62;66;10;14;10;0
47002;50;66;10;14;10;0
47003;38;66;10;14;10;0
47004;26;66;10;14;10;0
47005;14;66;10;14;10;0
47006;2;66;10;14;10;0
47007;4082;50;10;14;10;0
47008;4070;50;10;14;10;0
47009;206;66;10;14;10;0
47010;218;66;10;14;10;0
47011;230;66;10;14;10;0
47012;242;66;10;14;10;0
47013;482;66;10;14;10;0
47014;470;66;10;14;10;0
47015;458;66;10;14;10;0
47016;446;66;10;14;10;0
47017;434;66;10;14;10;0
47018;422;66;10;14;10;0
47019;410;66;10;14;10;0
47020;398;66;10;14;10;0
47021;386;66;10;14;10;0
47022;494;66;10;14;10;0
47023;374;66;10;14;10;0
47024;350;66;10;14;10;0
47025;338;66;10;14;10;0
47026;326;66;10;14;10;0
47027;314;66;10;14;10;0
47028;302;66;10;14;10;0
47029;290;66;10;14;10;0
47030;278;66;10;14;10;0
47031;266;66;10;14;10;0
47032;254;66;10;14;10;0
47033;4058;50;10;14;10;0
47034;362;66;10;14;10;0
47035;4046;50;10;14;10;0
47036;3890;50;10;14;10;0
47037;3722;50;10;14;10;0
47038;3710;50;10;14;10;0
47039;3698;50;10;14;10;0
47040;3686;50;10;14;10;0
47041;3674;50;10;14;10;0
47042;3662;50;10;14;10;0
47043;3650;50;10;14;10;0
47044;3638;50;10;14;10;0
47045;3626;50;10;14;10;0
47046;3614;50;10;14;10;0
47047;3602;50;10;14;10;0
47048;3590;50;10;14;10;0
47049;3578;50;10;14;10;0
47050;3566;50;10;14;10;0
47051;3554;50;10;14;10;0
47052;3542;50;10;14;10;0
47053;3530;50;10;14;10;0
47054;3518;50;10;14;10;0
47055;3506;50;10;14;10;0
47056;3734;50;10;14;10;0
47057;3746;50;10;14;10;0
47058;3758;50;10;14;10;0
47059;3770;50;10;14;10;0
47060;4010;50;10;14;10;0
47061;3998;50;10;14;10;0
47062;3986;50;10;14;10;0
47063;3974;50;10;14;10;0
47064;3962;50;10;14;10;0
47065;3950;50;10;14;10;0
47066;3938;50;10;14;10;0
47067;3926;50;10;14;10;0
47068;3914;50;10;14;10;0
47069;4022;50;10;14;10;0
47070;3902;50;10;14;10;0
47071;3878;50;10;14;10;0
47072;3866;50;10;14;10;0
47073;3854;50;10;14;10;0
47074;3842;50;10;14;10;0
47075;3830;50;10;14;10;0
47076;3818;50;10;14;10;0
47077;3806;50;10;14;10;0
47078;3794;50;10;14;10;0
47079;3782;50;10;14;10;0
47080;4034;50;10;14;10;0
47081;518;66;10;14;10;0
47082;1070;66;10;14;10;0
47083;530;66;10;14;10;0
47084;1322;66;10;14;10;0
47085;1310;66;10;14;10;0
47086;1298;66;10;14;10;0
47087;1286;66;10;14;10;0
47088;1274;66;10;14;10;0
47089;1262;66;10;14;10;0
47090;1250;66;10;14;10;0
47091;1238;66;10;14;10;0
47092;1226;66;10;14;10;0
47093;1214;66;10;14;10;0
47094;1202;66;10;14;10;0
47095;1190;66;10;14;10;0
47096;1178;66;10;14;10;0
47097;1166;66;10;14;10;0
47098;1154;66;10;14;10;0
47099;1142;66;10;14;10;0
47100;1130;66;10;14;10;0
47101;1118;66;10;14;10;0
47102;1106;66;10;14;10;0
47103;1334;66;10;14;10;0
47104;1346;66;10;14;10;0
47105;1358;66;10;14;10;0
47106;1370;66;10;14;10;0
47107;1610;66;10;14;10;0
47108;1598;66;10;14;10;0
47109;1586;66;10;14;10;0
47110;1574;66;10;14;10;0
47111;1562;66;10;14;10;0
47112;1550;66;10;14;10;0
47113;1538;66;10;14;10;0
47114;1526;66;10;14;10;0
47115;1514;66;10;14;10;0
47116;1622;66;10;14;10;0
47117;1502;66;10;14;10;0
47118;1478;66;10;14;10;0
47119;1466;66;10;14;10;0
47120;1454;66;10;14;10;0
47121;1442;66;10;14;10;0
47122;1430;66;10;14;10;0
47123;1418;66;10;14;10;0
47124;1406;66;10;14;10;0
47125;1394;66;10;14;10;0
47126;1382;66;10;14;10;0
47127;1094;66;10;14;10;0
47128;1490;66;10;14;10;0
47129;1082;66;10;14;10;0
47130;926;66;10;14;10;0
47131;758;66;10;14;10;0
47132;746;66;10;14;10;0
47133;734;66;10;14;10;0
47134;722;66;10;14;10;0
47135;710;66;10;14;10;0
47136;698;66;10;14;10;0
47137;686;66;10;14;10;0
47138;674;66;10;14;10;0
47139;662;66;10;14;10;0
47140;650;66;10;14;10;0
47141;638;66;10;14;10;0
47142;626;66;10;14;10;0
47143;614;66;10;14;10;0
47144;602;66;10;14;10;0
47145;590;66;10;14;10;0
47146;578;66;10;14;10;0
47147;566;66;10;14;10;0
47148;554;66;10;14;10;0
47149;542;66;10;14;10;0
47150;770;66;10;14;10;0
47151;782;66;10;14;10;0
47152;794;66;10;14;10;0
47153;806;66;10;14;10;0
47154;1046;66;10;14;10;0
47155;1034;66;10;14;10;0
47156;1022;66;10;14;10;0
47157;1010;66;10;14;10;0
47158;998;66;10;14;10;0
47159;986;66;10;14;10;0
47160;974;66;10;14;10;0
47161;962;66;10;14;10;0
47162;950;66;10;14;10;0
47163;1058;66;10;14;10;0
47164;938;66;10;14;10;0
47165;914;66;10;14;10;0
47166;902;66;10;14;10;0
47167;890;66;10;14;10;0
47168;878;66;10;14;10;0
47169;866;66;10;14;10;0
47170;854;66;10;14;10;0
47171;842;66;10;14;10;0
47172;830;66;10;14;10;0
47173;818;66;10;14;10;0
47174;3494;50;10;14;10;0
47175;506;66;10;14;10;0
47176;3482;50;10;14;10;0
47177;2342;50;10;14;10;0
47178;2030;50;10;14;10;0
47179;2018;50;10;14;10;0
47180;2006;50;10;14;10;0
47181;1994;50;10;14;10;0
47182;1982;50;10;14;10;0
47183;1970;50;10;14;10;0
47184;1958;50;10;14;10;0
47185;1946;50;10;14;10;0
47186;1934;50;10;14;10;0
47187;1922;50;10;14;10;0
47188;1910;50;10;14;10;0
47189;1898;50;10;14;10;0
47190;1886;50;10;14;10;0
47191;1874;50;10;14;10;0
47192;1862;50;10;14;10;0
47193;1850;50;10;14;10;0
47194;1838;50;10;14;10;0
47195;1826;50;10;14;10;0
47196;1814;50;10;14;10;0
47197;2042;50;10;14;10;0
47198;2054;50;10;14;10;0
47199;2066;50;10;14;10;0
47200;2078;50;10;14;10;0
47201;2318;50;10;14;10;0
47202;2306;50;10;14;10;0
47203;2294;50;10;14;10;0
47204;2282;50;10;14;10;0
47205;2270;50;10;14;10;0
47206;2258;50;10;14;10;0
47207;2246;50;10;14;10;0
47208;2234;50;10;14;10;0
47209;2222;50;10;14;10;0
47210;2330;50;10;14;10;0
47211;2210;50;10;14;10;0
47212;2186;50;10;14;10;0
47213;2174;50;10;14;10;0
47214;2162;50;10;14;10;0
47215;2150;50;10;14;10;0
47216;2138;50;10;14;10;0
47217;2126;50;10;14;10;0
47218;2114;50;10;14;10;0
47219;2102;50;10;14;10;0
47220;2090;50;10;14;10;0
47221;1802;50;10;14;10;0
47222;2198;50;10;14;10;0
47223;1790;50;10;14;10;0
47224;1634;50;10;14;10;0
47225;1466;50;10;14;10;0
47226;1454;50;10;14;10;0
47227;1442;50;10;14;10;0
47228;1430;50;10;14;10;0
47229;1418;50;10;14;10;0
47230;1406;50;10;14;10;0
47231;1394;50;10;14;10;0
47232;1382;50;10;14;10;0
47233;1370;50;10;14;10;0
47234;1358;50;10;14;10;0
47235;1346;50;10;14;10;0
47236;1334;50;10;14;10;0
47237;1322;50;10;14;10;0
47238;1310;50;10;14;10;0
47239;1298;50;10;14;10;0
47240;1286;50;10;14;10;0
47241;1274;50;10;14;10;0
47242;1262;50;10;14;10;0
47243;1250;50;10;14;10;0
47244;1478;50;10;14;10;0
47245;1490;50;10;14;10;0
47246;1502;50;10;14;10;0
47247;1514;50;10;14;10;0
47248;1754;50;10;14;10;0
47249;1742;50;10;14;10;0
47250;1730;50;10;14;10;0
47251;1718;50;10;14;10;0
47252;1706;50;10;14;10;0
47253;1694;50;10;14;10;0
47254;1682;50;10;14;10;0
47255;1670;50;10;14;10;0
47256;1658;50;10;14;10;0
47257;1766;50;10;14;10;0
47258;1646;50;10;14;10;0
47259;1622;50;10;14;10;0
47260;1610;50;10;14;10;0
47261;1598;50;10;14;10;0
47262;1586;50;10;14;10;0
47263;1574;50;10;14;10;0
47264;1562;50;10;14;10;0
47265;1550;50;10;14;10;0
47266;1538;50;10;14;10;0
47267;1526;50;10;14;10;0
47268;1778;50;10;14;10;0
47269;2354;50;10;14;10;0
47270;2906;50;10;14;10;0
47271;2366;50;10;14;10;0
47272;3158;50;10;14;10;0
47273;3146;50;10;14;10;0
47274;3134;50;10;14;10;0
47275;3122;50;10;14;10;0
47276;3110;50;10;14;10;0
47277;3098;50;10;14;10;0
47278;3086;50;10;14;10;0
47279;3074;50;10;14;10;0
47280;3062;50;10;14;10;0
47281;3050;50;10;14;10;0
47282;3038;50;10;14;10;0
47283;3026;50;10;14;10;0
47284;3014;50;10;14;10;0
47285;3002;50;10;14;10;0
47286;2990;50;10;14;10;0
47287;2978;50;10;14;10;0
47288;2966;50;10;14;10;0
47289;2954;50;10;14;10;0
47290;2942;50;10;14;10;0
47291;3170;50;10;14;10;0
47292;3182;50;10;14;10;0
47293;3194;50;10;14;10;0
47294;3206;50;10;14;10;0
47295;3446;50;10;14;10;0
47296;3434;50;10;14;10;0
47297;3422;50;10;14;10;0
47298;3410;50;10;14;10;0
47299;3398;50;10;14;10;0
47300;3386;50;10;14;10;0
47301;3374;50;10;14;10;0
47302;3362;50;10;14;10;0
47303;3350;50;10;14;10;0
47304;3458;50;10;14;10;0
47305;3338;50;10;14;10;0
47306;3314;50;10;14;10;0
47307;3302;50;10;14;10;0
47308;3290;50;10;14;10;0
47309;3278;50;10;14;10;0
47310;3266;50;10;14;10;0
47311;3254;50;10;14;10;0
47312;3242;50;10;14;10;0
47313;3230;50;10;14;10;0
47314;3218;50;10;14;10;0
47315;2930;50;10;14;10;0
47316;3326;50;10;14;10;0
47317;2918;50;10;14;10;0
47318;2762;50;10;14;10;0
47319;2594;50;10;14;10;0
47320;2582;50;10;14;10;0
47321;2570;50;10;14;10;0
47322;2558;50;10;14;10;0
47323;2546;50;10;14;10;0
47324;2534;50;10;14;10;0
47325;2522;50;10;14;10;0
47326;2510;50;10;14;10;0
47327;2498;50;10;14;10;0
47328;2486;50;10;14;10;0
47329;2474;50;10;14;10;0
47330;2462;50;10;14;10;0
47331;2450;50;10;14;10;0
47332;2438;50;10;14;10;0
47333;2426;50;10;14;10;0
47334;2414;50;10;14;10;0
47335;2402;50;10;14;10;0
47336;2390;50;10;14;10;0
47337;2378;50;10;14;10;0
47338;2606;50;10;14;10;0
47339;2618;50;10;14;10;0
47340;2630;50;10;14;10;0
47341;2642;50;10;14;10;0
47342;2882;50;10;14;10;0
47343;2870;50;10;14;10;0
47344;2858;50;10;14;10;0
47345;2846;50;10;14;10;0
47346;2834;50;10;14;10;0
47347;2822;50;10;14;10;0
47348;2810;50;10;14;10;0
47349;2798;50;10;14;10;0
47350;2786;50;10;14;10;0
47351;2894;50;10;14;10;0
47352;2774;50;10;14;10;0
47353;2750;50;10;14;10;0
47354;2738;50;10;14;10;0
47355;2726;50;10;14;10;0
47356;2714;50;10;14;10;0
47357;2702;50;10;14;10;0
47358;2690;50;10;14;10;0
47359;2678;50;10;14;10;0
47360;2666;50;10;14;10;0
47361;2654;50;10;14;10;0
47362;830;34;10;14;10;0
47363;3470;50;10;14;10;0
47364;818;34;10;14;10;0
47365;2642;18;10;14;10;0
47366;3033;2;10;14;10;0
47367;3021;2;10;14;10;0
47368;3009;2;10;14;10;0
47369;2997;2;10;14;10;0
47370;2985;2;10;14;10;0
47371;2973;2;10;14;10;0
47372;2961;2;10;14;10;0
47373;2949;2;10;14;10;0
47374;2937;2;10;14;10;0
47375;2925;2;10;14;10;0
47376;2913;2;10;14;10;0
47377;2901;2;10;14;10;0
47378;2889;2;10;14;10;0
47379;2877;2;10;14;10;0
47380;2865;2;10;14;10;0
47381;2853;2;10;14;10;0
47382;2841;2;10;14;10;0
47383;2829;2;10;14;10;0
47384;2817;2;10;14;10;0
47385;3045;2;10;14;10;0
47386;3057;2;10;14;10;0
47387;3069;2;10;14;10;0
47388;3081;2;10;14;10;0
47389;3321;2;10;14;10;0
47390;3309;2;10;14;10;0
47391;3297;2;10;14;10;0
47392;3285;2;10;14;10;0
47393;3273;2;10;14;10;0
47394;3261;2;10;14;10;0
47395;3249;2;10;14;10;0
47396;3237;2;10;14;10;0
47397;3225;2;10;14;10;0
47398;3333;2;10;14;10;0
47399;3213;2;10;14;10;0
47400;3189;2;10;14;10;0
47401;3177;2;10;14;10;0
47402;3165;2;10;14;10;0
47403;3153;2;10;14;10;0
47404;3141;2;10;14;10;0
47405;3129;2;10;14;10;0
47406;3117;2;10;14;10;0
47407;3105;2;10;14;10;0
47408;3093;2;10;14;10;0
47409;2805;2;10;14;10;0
47410;3201;2;10;14;10;0
47411;2793;2;10;14;10;0
47412;2637;2;10;14;10;0
47413;2469;2;10;14;10;0
47414;2457;2;10;14;10;0
47415;2445;2;10;14;10;0
47416;2433;2;10;14;10;0
47417;2421;2;10;14;10;0
47418;2409;2;10;14;10;0
47419;2397;2;10;14;10;0
47420;2385;2;10;14;10;0
47421;2373;2;10;14;10;0
47422;2361;2;10;14;10;0
47423;2349;2;10;14;10;0
47424;2337;2;10;14;10;0
47425;2325;2;10;14;10;0
47426;2313;2;10;14;10;0
47427;2301;2;10;14;10;0
47428;2289;2;10;14;10;0
47429;2277;2;10;14;10;0
47430;2265;2;10;14;10;0
47431;2253;2;10;14;10;0
47432;2481;2;10;14;10;0
47433;2493;2;10;14;10;0
47434;2505;2;10;14;10;0
47435;2517;2;10;14;10;0
47436;2757;2;10;14;10;0
47437;2745;2;10;14;10;0
47438;2733;2;10;14;10;0
47439;2721;2;10;14;10;0
47440;2709;2;10;14;10;0
47441;2697;2;10;14;10;0
47442;2685;2;10;14;10;0
47443;2673;2;10;14;10;0
47444;2661;2;10;14;10;0
47445;2769;2;10;14;10;0
47446;2649;2;10;14;10;0
47447;2625;2;10;14;10;0
47448;2613;2;10;14;10;0
47449;2601;2;10;14;10;0
47450;2589;2;10;14;10;0
47451;2577;2;10;14;10;0
47452;2565;2;10;14;10;0
47453;2553;2;10;14;10;0
47454;2541;2;10;14;10;0
47455;2529;2;10;14;10;0
47456;2781;2;10;14;10;0
47457;3357;2;10;14;10;0
47458;3909;2;10;14;10;0
47459;3369;2;10;14;10;0
47460;74;18;10;14;10;0
47461;62;18;10;14;10;0
47462;50;18;10;14;10;0
47463;38;18;10;14;10;0
47464;26;18;10;14;10;0
47465;14;18;10;14;10;0
47466;2;18;10;14;10;0
47467;4077;2;10;14;10;0
47468;4065;2;10;14;10;0
47469;4053;2;10;14;10;0
47470;4041;2;10;14;10;0
47471;4029;2;10;14;10;0
47472;4017;2;10;14;10;0
47473;4005;2;10;14;10;0
47474;3993;2;10;14;10;0
47475;3981;2;10;14;10;0
47476;3969;2;10;14;10;0
47477;3957;2;10;14;10;0
47478;3945;2;10;14;10;0
47479;86;18;10;14;10;0
47480;98;18;10;14;10;0
47481;110;18;10;14;10;0
47482;122;18;10;14;10;0
47483;362;18;10;14;10;0
47484;350;18;10;14;10;0
47485;338;18;10;14;10;0
47486;326;18;10;14;10;0
47487;314;18;10;14;10;0
47488;302;18;10;14;10;0
47489;290;18;10;14;10;0
47490;278;18;10;14;10;0
47491;266;18;10;14;10;0
47492;374;18;10;14;10;0
47493;254;18;10;14;10;0
47494;230;18;10;14;10;0
47495;218;18;10;14;10;0
47496;206;18;10;14;10;0
47497;194;18;10;14;10;0
47498;182;18;10;14;10;0
47499;170;18;10;14;10;0
47500;158;18;10;14;10;0
47501;146;18;10;14;10;0
47502;134;18;10;14;10;0
47503;3933;2;10;14;10;0
47504;242;18;10;14;10;0
47505;3921;2;10;14;10;0
47506;3765;2;10;14;10;0
47507;3597;2;10;14;10;0
47508;3585;2;10;14;10;0
47509;3573;2;10;14;10;0
47510;3561;2;10;14;10;0
47511;3549;2;10;14;10;0
47512;3537;2;10;14;10;0
47513;3525;2;10;14;10;0
47514;3513;2;10;14;10;0
47515;3501;2;10;14;10;0
47516;3489;2;10;14;10;0
47517;3477;2;10;14;10;0
47518;3465;2;10;14;10;0
47519;3453;2;10;14;10;0
47520;3441;2;10;14;10;0
47521;3429;2;10;14;10;0
47522;3417;2;10;14;10;0
47523;3405;2;10;14;10;0
47524;3393;2;10;14;10;0
47525;3381;2;10;14;10;0
47526;3609;2;10;14;10;0
47527;3621;2;10;14;10;0
47528;3633;2;10;14;10;0
47529;3645;2;10;14;10;0
47530;3885;2;10;14;10;0
47531;3873;2;10;14;10;0
47532;3861;2;10;14;10;0
47533;3849;2;10;14;10;0
47534;3837;2;10;14;10;0
47535;3825;2;10;14;10;0
47536;3813;2;10;14;10;0
47537;3801;2;10;14;10;0
47538;3789;2;10;14;10;0
47539;3897;2;10;14;10;0
47540;3777;2;10;14;10;0
47541;3753;2;10;14;10;0
47542;3741;2;10;14;10;0
47543;3729;2;10;14;10;0
47544;3717;2;10;14;10;0
47545;3705;2;10;14;10;0
47546;3693;2;10;14;10;0
47547;3681;2;10;14;10;0
47548;3669;2;10;14;10;0
47549;3657;2;10;14;10;0
47550;2241;2;10;14;10;0
47551;2229;2;10;14;10;0
47552;2217;2;10;14;10;0
47553;1653;2;10;14;10;0
47554;777;2;10;14;10;0
47555;765;2;10;14;10;0
47556;753;2;10;14;10;0
47557;741;2;10;14;10;0
47558;729;2;10;14;10;0
47559;717;2;10;14;10;0
47560;705;2;10;14;10;0
47561;693;2;10;14;10;0
47562;681;2;10;14;10;0
47563;669;2;10;14;10;0
47564;657;2;10;14;10;0
47565;645;2;10;14;10;0
47566;633;2;10;14;10;0
47567;621;2;10;14;10;0
47568;609;2;10;14;10;0
47569;597;2;10;14;10;0
47570;585;2;10;14;10;0
47571;573;2;10;14;10;0
47572;561;2;10;14;10;0
47573;789;2;10;14;10;0
47574;801;2;10;14;10;0
47575;813;2;10;14;10;0
47576;825;2;10;14;10;0
47577;1065;2;10;14;10;0
47578;1053;2;10;14;10;0
47579;1041;2;10;14;10;0
47580;1029;2;10;14;10;0
47581;1017;2;10;14;10;0
47582;1005;2;10;14;10;0
47583;993;2;10;14;10;0
47584;981;2;10;14;10;0
47585;969;2;10;14;10;0
47586;1077;2;10;14;10;0
47587;957;2;10;14;10;0
47588;933;2;10;14;10;0
47589;921;2;10;14;10;0
47590;909;2;10;14;10;0
47591;897;2;10;14;10;0
47592;885;2;10;14;10;0
47593;873;2;10;14;10;0
47594;861;2;10;14;10;0
47595;849;2;10;14;10;0
47596;837;2;10;14;10;0
47597;549;2;10;14;10;0
47598;537;2;10;14;10;0
47599;525;2;10;14;10;0
47600;249;2;10;14;10;0
47601;225;2;10;14;10;0
47602;213;2;10;14;10;0
47603;201;2;10;14;10;0
47604;189;2;10;14;10;0
47605;177;2;10;14;10;0
47606;165;2;10;14;10;0
47607;153;2;10;14;10;0
47608;141;2;10;14;10;0
47609;129;2;10;14;10;0
47610;117;2;10;14;10;0
47611;105;2;10;14;10;0
47612;93;2;10;14;10;0
47613;81;2;10;14;10;0
47614;69;2;10;14;10;0
47615;57;2;10;14;10;0
47616;45;2;10;14;10;0
47617;33;2;10;14;10;0
47618;21;2;10;14;10;0
47619;9;2;10;14;10;0
47620;237;2;10;14;10;0
47621;261;2;10;14;10;0
47622;513;2;10;14;10;0
47623;273;2;10;14;10;0
47624;501;2;10;14;10;0
47625;489;2;10;14;10;0
47626;477;2;10;14;10;0
47627;465;2;10;14;10;0
47628;453;2;10;14;10;0
47629;441;2;10;14;10;0
47630;429;2;10;14;10;0
47631;417;2;10;14;10;0
47632;405;2;10;14;10;0
47633;393;2;10;14;10;0
47634;381;2;10;14;10;0
47635;369;2;10;14;10;0
47636;357;2;10;14;10;0
47637;345;2;10;14;10;0
47638;333;2;10;14;10;0
47639;321;2;10;14;10;0
47640;309;2;10;14;10;0
47641;297;2;10;14;10;0
47642;285;2;10;14;10;0
47643;945;2;10;14;10;0
47644;1089;2;10;14;10;0
47645;1101;2;10;14;10;0
47646;1113;2;10;14;10;0
47647;1905;2;10;14;10;0
47648;1893;2;10;14;10;0
47649;1881;2;10;14;10;0
47650;1869;2;10;14;10;0
47651;1857;2;10;14;10;0
47652;1845;2;10;14;10;0
47653;1833;2;10;14;10;0
47654;1821;2;10;14;10;0
47655;1809;2;10;14;10;0
47656;1797;2;10;14;10;0
47657;1785;2;10;14;10;0
47658;1773;2;10;14;10;0
47659;1761;2;10;14;10;0
47660;1749;2;10;14;10;0
47661;1737;2;10;14;10;0
47662;1725;2;10;14;10;0
47663;1713;2;10;14;10;0
47664;1701;2;10;14;10;0
47665;1689;2;10;14;10;0
47666;1917;2;10;14;10;0
47667;1929;2;10;14;10;0
47668;1941;2;10;14;10;0
47669;1953;2;10;14;10;0
47670;2193;2;10;14;10;0
47671;2181;2;10;14;10;0
47672;2169;2;10;14;10;0
47673;2157;2;10;14;10;0
47674;2145;2;10;14;10;0
47675;2133;2;10;14;10;0
47676;2121;2;10;14;10;0
47677;2109;2;10;14;10;0
47678;2097;2;10;14;10;0
47679;2205;2;10;14;10;0
47680;2085;2;10;14;10;0
47681;2061;2;10;14;10;0
47682;2049;2;10;14;10;0
47683;2037;2;10;14;10;0
47684;2025;2;10;14;10;0
47685;2013;2;10;14;10;0
47686;2001;2;10;14;10;0
47687;1989;2;10;14;10;0
47688;1977;2;10;14;10;0
47689;1965;2;10;14;10;0
47690;1677;2;10;14;10;0
47691;2073;2;10;14;10;0
47692;1665;2;10;14;10;0
47693;1509;2;10;14;10;0
47694;1341;2;10;14;10;0
47695;1329;2;10;14;10;0
47696;1317;2;10;14;10;0
47697;1305;2;10;14;10;0
47698;1293;2;10;14;10;0
47699;1281;2;10;14;10;0
47700;1269;2;10;14;10;0
47701;1257;2;10;14;10;0
47702;1245;2;10;14;10;0
47703;1233;2;10;14;10;0
47704;1221;2;10;14;10;0
47705;1209;2;10;14;10;0
47706;1197;2;10;14;10;0
47707;1185;2;10;14;10;0
47708;1173;2;10;14;10;0
47709;1161;2;10;14;10;0
47710;1149;2;10;14;10;0
47711;1137;2;10;14;10;0
47712;1125;2;10;14;10;0
47713;1353;2;10;14;10;0
47714;1365;2;10;14;10;0
47715;1377;2;10;14;10;0
47716;1389;2;10;14;10;0
47717;1629;2;10;14;10;0
47718;1617;2;10;14;10;0
47719;1605;2;10;14;10;0
47720;1593;2;10;14;10;0
47721;1581;2;10;14;10;0
47722;1569;2;10;14;10;0
47723;1557;2;10;14;10;0
47724;1545;2;10;14;10;0
47725;1533;2;10;14;10;0
47726;1641;2;10;14;10;0
47727;1521;2;10;14;10;0
47728;1497;2;10;14;10;0
47729;1485;2;10;14;10;0
47730;1473;2;10;14;10;0
47731;1461;2;10;14;10;0
47732;1449;2;10;14;10;0
47733;1437;2;10;14;10;0
47734;1425;2;10;14;10;0
47735;1413;2;10;14;10;0
47736;1401;2;10;14;10;0
47737;3345;2;10;14;10;0
47738;386;18;10;14;10;0
47739;398;18;10;14;10;0
47740;410;18;10;14;10;0
47741;3458;18;10;14;10;0
47742;3446;18;10;14;10;0
47743;3434;18;10;14;10;0
47744;3422;18;10;14;10;0
47745;3410;18;10;14;10;0
47746;3398;18;10;14;10;0
47747;3386;18;10;14;10;0
47748;3374;18;10;14;10;0
47749;3362;18;10;14;10;0
47750;3350;18;10;14;10;0
47751;3338;18;10;14;10;0
47752;3326;18;10;14;10;0
47753;3314;18;10;14;10;0
47754;3302;18;10;14;10;0
47755;3290;18;10;14;10;0
47756;3278;18;10;14;10;0
47757;3266;18;10;14;10;0
47758;3254;18;10;14;10;0
47759;3242;18;10;14;10;0
47760;3470;18;10;14;10;0
47761;3482;18;10;14;10;0
47762;3494;18;10;14;10;0
47763;3506;18;10;14;10;0
47764;3746;18;10;14;10;0
47765;3734;18;10;14;10;0
47766;3722;18;10;14;10;0
47767;3710;18;10;14;10;0
47768;3698;18;10;14;10;0
47769;3686;18;10;14;10;0
47770;3674;18;10;14;10;0
47771;3662;18;10;14;10;0
47772;3650;18;10;14;10;0
47773;3758;18;10;14;10;0
47774;3638;18;10;14;10;0
47775;3614;18;10;14;10;0
47776;3602;18;10;14;10;0
47777;3590;18;10;14;10;0
47778;3578;18;10;14;10;0
47779;3566;18;10;14;10;0
47780;3554;18;10;14;10;0
47781;3542;18;10;14;10;0
47782;3530;18;10;14;10;0
47783;3518;18;10;14;10;0
47784;3230;18;10;14;10;0
47785;3626;18;10;14;10;0
47786;3218;18;10;14;10;0
47787;3062;18;10;14;10;0
47788;2894;18;10;14;10;0
47789;2882;18;10;14;10;0
47790;2870;18;10;14;10;0
47791;2858;18;10;14;10;0
47792;2846;18;10;14;10;0
47793;2834;18;10;14;10;0
47794;2822;18;10;14;10;0
47795;2810;18;10;14;10;0
47796;2798;18;10;14;10;0
47797;2786;18;10;14;10;0
47798;2774;18;10;14;10;0
47799;2762;18;10;14;10;0
47800;2750;18;10;14;10;0
47801;2738;18;10;14;10;0
47802;2726;18;10;14;10;0
47803;2714;18;10;14;10;0
47804;2702;18;10;14;10;0
47805;2690;18;10;14;10;0
47806;2678;18;10;14;10;0
47807;2906;18;10;14;10;0
47808;2918;18;10;14;10;0
47809;2930;18;10;14;10;0
47810;2942;18;10;14;10;0
47811;3182;18;10;14;10;0
47812;3170;18;10;14;10;0
47813;3158;18;10;14;10;0
47814;3146;18;10;14;10;0
47815;3134;18;10;14;10;0
47816;3122;18;10;14;10;0
47817;3110;18;10;14;10;0
47818;3098;18;10;14;10;0
47819;3086;18;10;14;10;0
47820;3194;18;10;14;10;0
47821;3074;18;10;14;10;0
47822;3050;18;10;14;10;0
47823;3038;18;10;14;10;0
47824;3026;18;10;14;10;0
47825;3014;18;10;14;10;0
47826;3002;18;10;14;10;0
47827;2990;18;10;14;10;0
47828;2978;18;10;14;10;0
47829;2966;18;10;14;10;0
47830;2954;18;10;14;10;0
47831;3206;18;10;14;10;0
47832;3782;18;10;14;10;0
47833;242;34;10;14;10;0
47834;3794;18;10;14;10;0
47835;494;34;10;14;10;0
47836;482;34;10;14;10;0
47837;470;34;10;14;10;0
47838;458;34;10;14;10;0
47839;446;34;10;14;10;0
47840;434;34;10;14;10;0
47841;422;34;10;14;10;0
47842;410;34;10;14;10;0
47843;398;34;10;14;10;0
47844;386;34;10;14;10;0
47845;374;34;10;14;10;0
47846;362;34;10;14;10;0
47847;350;34;10;14;10;0
47848;338;34;10;14;10;0
47849;326;34;10;14;10;0
47850;314;34;10;14;10;0
47851;302;34;10;14;10;0
47852;290;34;10;14;10;0
47853;278;34;10;14;10;0
47854;506;34;10;14;10;0
47855;518;34;10;14;10;0
47856;530;34;10;14;10;0
47857;542;34;10;14;10;0
47858;782;34;10;14;10;0
47859;770;34;10;14;10;0
47860;758;34;10;14;10;0
47861;746;34;10;14;10;0
47862;734;34;10;14;10;0
47863;722;34;10;14;10;0
47864;710;34;10;14;10;0
47865;698;34;10;14;10;0
47866;686;34;10;14;10;0
47867;794;34;10;14;10;0
47868;674;34;10;14;10;0
47869;650;34;10;14;10;0
47870;638;34;10;14;10;0
47871;626;34;10;14;10;0
47872;614;34;10;14;10;0
47873;602;34;10;14;10;0
47874;590;34;10;14;10;0
47875;578;34;10;14;10;0
47876;566;34;10;14;10;0
47877;554;34;10;14;10;0
47878;266;34;10;14;10;0
47879;662;34;10;14;10;0
47880;254;34;10;14;10;0
47881;98;34;10;14;10;0
47882;4022;18;10;14;10;0
47883;4010;18;10;14;10;0
47884;3998;18;10;14;10;0
47885;3986;18;10;14;10;0
47886;3974;18;10;14;10;0
47887;3962;18;10;14;10;0
47888;3950;18;10;14;10;0
47889;3938;18;10;14;10;0
47890;3926;18;10;14;10;0
47891;3914;18;10;14;10;0
47892;3902;18;10;14;10;0
47893;3890;18;10;14;10;0
47894;3878;18;10;14;10;0
47895;3866;18;10;14;10;0
47896;3854;18;10;14;10;0
47897;3842;18;10;14;10;0
47898;3830;18;10;14;10;0
47899;3818;18;10;14;10;0
47900;3806;18;10;14;10;0
47901;4034;18;10;14;10;0
47902;4046;18;10;14;10;0
47903;4058;18;10;14;10;0
47904;4070;18;10;14;10;0
47905;218;34;10;14;10;0
47906;206;34;10;14;10;0
47907;194;34;10;14;10;0
47908;182;34;10;14;10;0
47909;170;34;10;14;10;0
47910;158;34;10;14;10;0
47911;146;34;10;14;10;0
47912;134;34;10;14;10;0
47913;122;34;10;14;10;0
47914;230;34;10;14;10;0
47915;110;34;10;14;10;0
47916;86;34;10;14;10;0
47917;74;34;10;14;10;0
47918;62;34;10;14;10;0
47919;50;34;10;14;10;0
47920;38;34;10;14;10;0
47921;26;34;10;14;10;0
47922;14;34;10;14;10;0
47923;2;34;10;14;10;0
47924;4082;18;10;14;10;0
47925;2666;18;10;14;10;0
47926;3770;18;10;14;10;0
47927;2654;18;10;14;10;0
47928;1514;18;10;14;10;0
47929;1202;18;10;14;10;0
47930;1190;18;10;14;10;0
47931;1178;18;10;14;10;0
47932;1166;18;10;14;10;0
47933;1154;18;10;14;10;0
47934;1142;18;10;14;10;0
47935;1130;18;10;14;10;0
47936;1118;18;10;14;10;0
47937;1106;18;10;14;10;0
47938;1094;18;10;14;10;0
47939;1082;18;10;14;10;0
47940;1070;18;10;14;10;0
47941;1058;18;10;14;10;0
47942;1046;18;10;14;10;0
47943;1034;18;10;14;10;0
47944;1022;18;10;14;10;0
47945;1010;18;10;14;10;0
47946;998;18;10;14;10;0
47947;986;18;10;14;10;0
47948;1214;18;10;14;10;0
47949;1226;18;10;14;10;0
47950;1238;18;10;14;10;0
47951;1250;18;10;14;10;0
47952;1490;18;10;14;10;0
47953;1478;18;10;14;10;0
47954;1466;18;10;14;10;0
47955;1454;18;10;14;10;0
47956;1442;18;10;14;10;0
47957;1430;18;10;14;10;0
47958;1418;18;10;14;10;0
47959;1406;18;10;14;10;0
47960;1394;18;10;14;10;0
47961;1502;18;10;14;10;0
47962;1382;18;10;14;10;0
47963;1358;18;10;14;10;0
47964;1346;18;10;14;10;0
47965;1334;18;10;14;10;0
47966;1322;18;10;14;10;0
47967;1310;18;10;14;10;0
47968;1298;18;10;14;10;0
47969;1286;18;10;14;10;0
47970;1274;18;10;14;10;0
47971;1262;18;10;14;10;0
47972;974;18;10;14;10;0
47973;1370;18;10;14;10;0
47974;962;18;10;14;10;0
47975;806;18;10;14;10;0
47976;638;18;10;14;10;0
47977;626;18;10;14;10;0
47978;614;18;10;14;10;0
47979;602;18;10;14;10;0
47980;590;18;10;14;10;0
47981;578;18;10;14;10;0
47982;566;18;10;14;10;0
47983;554;18;10;14;10;0
47984;542;18;10;14;10;0
47985;530;18;10;14;10;0
47986;518;18;10;14;10;0
47987;506;18;10;14;10;0
47988;494;18;10;14;10;0
47989;482;18;10;14;10;0
47990;470;18;10;14;10;0
47991;458;18;10;14;10;0
47992;446;18;10;14;10;0
47993;434;18;10;14;10;0
47994;422;18;10;14;10;0
47995;650;18;10;14;10;0
47996;662;18;10;14;10;0
47997;674;18;10;14;10;0
47998;686;18;10;14;10;0
47999;926;18;10;14;10;0
48000;914;18;10;14;10;0
48001;902;18;10;14;10;0
48002;890;18;10;14;10;0
48003;878;18;10;14;10;0
48004;866;18;10;14;10;0
48005;854;18;10;14;10;0
48006;842;18;10;14;10;0
48007;830;18;10;14;10;0
48008;938;18;10;14;10;0
48009;818;18;10;14;10;0
48010;794;18;10;14;10;0
48011;782;18;10;14;10;0
48012;770;18;10;14;10;0
48013;758;18;10;14;10;0
48014;746;18;10;14;10;0
48015;734;18;10;14;10;0
48016;722;18;10;14;10;0
48017;710;18;10;14;10;0
48018;698;18;10;14;10;0
48019;950;18;10;14;10;0
48020;1526;18;10;14;10;0
48021;2078;18;10;14;10;0
48022;1538;18;10;14;10;0
48023;2330;18;10;14;10;0
48024;2318;18;10;14;10;0
48025;2306;18;10;14;10;0
48026;2294;18;10;14;10;0
48027;2282;18;10;14;10;0
48028;2270;18;10;14;10;0
48029;2258;18;10;14;10;0
48030;2246;18;10;14;10;0
48031;2234;18;10;14;10;0
48032;2222;18;10;14;10;0
48033;2210;18;10;14;10;0
48034;2198;18;10;14;10;0
48035;2186;18;10;14;10;0
48036;2174;18;10;14;10;0
48037;2162;18;10;14;10;0
48038;2150;18;10;14;10;0
48039;2138;18;10;14;10;0
48040;2126;18;10;14;10;0
48041;2114;18;10;14;10;0
48042;2342;18;10;14;10;0
48043;2354;18;10;14;10;0
48044;2366;18;10;14;10;0
48045;2378;18;10;14;10;0
48046;2618;18;10;14;10;0
48047;2606;18;10;14;10;0
48048;2594;18;10;14;10;0
48049;2582;18;10;14;10;0
48050;2570;18;10;14;10;0
48051;2558;18;10;14;10;0
48052;2546;18;10;14;10;0
48053;2534;18;10;14;10;0
48054;2522;18;10;14;10;0
48055;2630;18;10;14;10;0
48056;2510;18;10;14;10;0
48057;2486;18;10;14;10;0
48058;2474;18;10;14;10;0
48059;2462;18;10;14;10;0
48060;2450;18;10;14;10;0
48061;2438;18;10;14;10;0
48062;2426;18;10;14;10;0
48063;2414;18;10;14;10;0
48064;2402;18;10;14;10;0
48065;2390;18;10;14;10;0
48066;2102;18;10;14;10;0
48067;2498;18;10;14;10;0
48068;2090;18;10;14;10;0
48069;1934;18;10;14;10;0
48070;1766;18;10;14;10;0
48071;1754;18;10;14;10;0
48072;1742;18;10;14;10;0
48073;1730;18;10;14;10;0
48074;1718;18;10;14;10;0
48075;1706;18;10;14;10;0
48076;1694;18;10;14;10;0
48077;1682;18;10;14;10;0
48078;1670;18;10;14;10;0
48079;1658;18;10;14;10;0
48080;1646;18;10;14;10;0
48081;1634;18;10;14;10;0
48082;1622;18;10;14;10;0
48083;1610;18;10;14;10;0
48084;1598;18;10;14;10;0
48085;1586;18;10;14;10;0
48086;1574;18;10;14;10;0
48087;1562;18;10;14;10;0
48088;1550;18;10;14;10;0
48089;1778;18;10;14;10;0
48090;1790;18;10;14;10;0
48091;1802;18;10;14;10;0
48092;1814;18;10;14;10;0
48093;2054;18;10;14;10;0
48094;2042;18;10;14;10;0
48095;2030;18;10;14;10;0
48096;2018;18;10;14;10;0
48097;2006;18;10;14;10;0
48098;1994;18;10;14;10;0
48099;1982;18;10;14;10;0
48100;1970;18;10;14;10;0
48101;1958;18;10;14;10;0
48102;2066;18;10;14;10;0
48103;1946;18;10;14;10;0
48104;1922;18;10;14;10;0
48105;1910;18;10;14;10;0
48106;1898;18;10;14;10;0
48107;1886;18;10;14;10;0
48108;1874;18;10;14;10;0
48109;1862;18;10;14;10;0
48110;1850;18;10;14;10;0
48111;1838;18;10;14;10;0
48112;1826;18;10;14;10;0
48113;806;34;10;14;10;0
48114;1634;66;10;14;10;0
48115;1646;66;10;14;10;0
48116;1658;66;10;14;10;0
48117;1442;114;10;14;10;0
48118;1430;114;10;14;10;0
48119;1418;114;10;14;10;0
48120;1406;114;10;14;10;0
48121;1394;114;10;14;10;0
48122;1382;114;10;14;10;0
48123;1370;114;10;14;10;0
48124;1358;114;10;14;10;0
48125;1346;114;10;14;10;0
48126;1334;114;10;14;10;0
48127;1322;114;10;14;10;0
48128;1310;114;10;14;10;0
48129;1298;114;10;14;10;0
48130;1286;114;10;14;10;0
48131;1274;114;10;14;10;0
48132;1262;114;10;14;10;0
48133;1250;114;10;14;10;0
48134;1238;114;10;14;10;0
48135;1226;114;10;14;10;0
48136;1454;114;10;14;10;0
48137;1466;114;10;14;10;0
48138;1478;114;10;14;10;0
48139;1490;114;10;14;10;0
48140;1730;114;10;14;10;0
48141;1718;114;10;14;10;0
48142;1706;114;10;14;10;0
48143;1694;114;10;14;10;0
48144;1682;114;10;14;10;0
48145;1670;114;10;14;10;0
48146;1658;114;10;14;10;0
48147;1646;114;10;14;10;0
48148;1634;114;10;14;10;0
48149;1742;114;10;14;10;0
48150;1622;114;10;14;10;0
48151;1598;114;10;14;10;0
48152;1586;114;10;14;10;0
48153;1574;114;10;14;10;0
48154;1562;114;10;14;10;0
48155;1550;114;10;14;10;0
48156;1538;114;10;14;10;0
48157;1526;114;10;14;10;0
48158;1514;114;10;14;10;0
48159;1502;114;10;14;10;0
48160;1214;114;10;14;10;0
48161;1610;114;10;14;10;0
48162;1202;114;10;14;10;0
48163;1046;114;10;14;10;0
48164;878;114;10;14;10;0
48165;866;114;10;14;10;0
48166;854;114;10;14;10;0
48167;842;114;10;14;10;0
48168;830;114;10;14;10;0
48169;818;114;10;14;10;0
48170;806;114;10;14;10;0
48171;794;114;10;14;10;0
48172;782;114;10;14;10;0
48173;770;114;10;14;10;0
48174;758;114;10;14;10;0
48175;746;114;10;14;10;0
48176;734;114;10;14;10;0
48177;722;114;10;14;10;0
48178;710;114;10;14;10;0
48179;698;114;10;14;10;0
48180;686;114;10;14;10;0
48181;674;114;10;14;10;0
48182;662;114;10;14;10;0
48183;890;114;10;14;10;0
48184;902;114;10;14;10;0
48185;914;114;10;14;10;0
48186;926;114;10;14;10;0
48187;1166;114;10;14;10;0
48188;1154;114;10;14;10;0
48189;1142;114;10;14;10;0
48190;1130;114;10;14;10;0
48191;1118;114;10;14;10;0
48192;1106;114;10;14;10;0
48193;1094;114;10;14;10;0
48194;1082;114;10;14;10;0
48195;1070;114;10;14;10;0
48196;1178;114;10;14;10;0
48197;1058;114;10;14;10;0
48198;1034;114;10;14;10;0
48199;1022;114;10;14;10;0
48200;1010;114;10;14;10;0
48201;998;114;10;14;10;0
48202;986;114;10;14;10;0
48203;974;114;10;14;10;0
48204;962;114;10;14;10;0
48205;950;114;10;14;10;0
48206;938;114;10;14;10;0
48207;1190;114;10;14;10;0
48208;1766;114;10;14;10;0
48209;2318;114;10;14;10;0
48210;1778;114;10;14;10;0
48211;2570;114;10;14;10;0
48212;2558;114;10;14;10;0
48213;2546;114;10;14;10;0
48214;2534;114;10;14;10;0
48215;2522;114;10;14;10;0
48216;2510;114;10;14;10;0
48217;2498;114;10;14;10;0
48218;2486;114;10;14;10;0
48219;2474;114;10;14;10;0
48220;2462;114;10;14;10;0
48221;2450;114;10;14;10;0
48222;2438;114;10;14;10;0
48223;2426;114;10;14;10;0
48224;2414;114;10;14;10;0
48225;2402;114;10;14;10;0
48226;2390;114;10;14;10;0
48227;2378;114;10;14;10;0
48228;2366;114;10;14;10;0
48229;2354;114;10;14;10;0
48230;2582;114;10;14;10;0
48231;2594;114;10;14;10;0
48232;2606;114;10;14;10;0
48233;2618;114;10;14;10;0
48234;2858;114;10;14;10;0
48235;2846;114;10;14;10;0
48236;2834;114;10;14;10;0
48237;2822;114;10;14;10;0
48238;2810;114;10;14;10;0
48239;2798;114;10;14;10;0
48240;2786;114;10;14;10;0
48241;2774;114;10;14;10;0
48242;2762;114;10;14;10;0
48243;2870;114;10;14;10;0
48244;2750;114;10;14;10;0
48245;2726;114;10;14;10;0
48246;2714;114;10;14;10;0
48247;2702;114;10;14;10;0
48248;2690;114;10;14;10;0
48249;2678;114;10;14;10;0
48250;2666;114;10;14;10;0
48251;2654;114;10;14;10;0
48252;2642;114;10;14;10;0
48253;2630;114;10;14;10;0
48254;2342;114;10;14;10;0
48255;2738;114;10;14;10;0
48256;2330;114;10;14;10;0
48257;2174;114;10;14;10;0
48258;2006;114;10;14;10;0
48259;1994;114;10;14;10;0
48260;1982;114;10;14;10;0
48261;1970;114;10;14;10;0
48262;1958;114;10;14;10;0
48263;1946;114;10;14;10;0
48264;1934;114;10;14;10;0
48265;1922;114;10;14;10;0
48266;1910;114;10;14;10;0
48267;1898;114;10;14;10;0
48268;1886;114;10;14;10;0
48269;1874;114;10;14;10;0
48270;1862;114;10;14;10;0
48271;1850;114;10;14;10;0
48272;1838;114;10;14;10;0
48273;1826;114;10;14;10;0
48274;1814;114;10;14;10;0
48275;1802;114;10;14;10;0
48276;1790;114;10;14;10;0
48277;2018;114;10;14;10;0
48278;2030;114;10;14;10;0
48279;2042;114;10;14;10;0
48280;2054;114;10;14;10;0
48281;2294;114;10;14;10;0
48282;2282;114;10;14;10;0
48283;2270;114;10;14;10;0
48284;2258;114;10;14;10;0
48285;2246;114;10;14;10;0
48286;2234;114;10;14;10;0
48287;2222;114;10;14;10;0
48288;2210;114;10;14;10;0
48289;2198;114;10;14;10;0
48290;2306;114;10;14;10;0
48291;2186;114;10;14;10;0
48292;2162;114;10;14;10;0
48293;2150;114;10;14;10;0
48294;2138;114;10;14;10;0
48295;2126;114;10;14;10;0
48296;2114;114;10;14;10;0
48297;2102;114;10;14;10;0
48298;2090;114;10;14;10;0
48299;2078;114;10;14;10;0
48300;2066;114;10;14;10;0
48301;650;114;10;14;10;0
48302;1754;114;10;14;10;0
48303;638;114;10;14;10;0
48304;3590;98;10;14;10;0
48305;3278;98;10;14;10;0
48306;3266;98;10;14;10;0
48307;3254;98;10;14;10;0
48308;3242;98;10;14;10;0
48309;3230;98;10;14;10;0
48310;3218;98;10;14;10;0
48311;3206;98;10;14;10;0
48312;3194;98;10;14;10;0
48313;3182;98;10;14;10;0
48314;3170;98;10;14;10;0
48315;3158;98;10;14;10;0
48316;3146;98;10;14;10;0
48317;3134;98;10;14;10;0
48318;3122;98;10;14;10;0
48319;3110;98;10;14;10;0
48320;3098;98;10;14;10;0
48321;3086;98;10;14;10;0
48322;3074;98;10;14;10;0
48323;3062;98;10;14;10;0
48324;3290;98;10;14;10;0
48325;3302;98;10;14;10;0
48326;3314;98;10;14;10;0
48327;3326;98;10;14;10;0
48328;3566;98;10;14;10;0
48329;3554;98;10;14;10;0
48330;3542;98;10;14;10;0
48331;3530;98;10;14;10;0
48332;3518;98;10;14;10;0
48333;3506;98;10;14;10;0
48334;3494;98;10;14;10;0
48335;3482;98;10;14;10;0
48336;3470;98;10;14;10;0
48337;3578;98;10;14;10;0
48338;3458;98;10;14;10;0
48339;3434;98;10;14;10;0
48340;3422;98;10;14;10;0
48341;3410;98;10;14;10;0
48342;3398;98;10;14;10;0
48343;3386;98;10;14;10;0
48344;3374;98;10;14;10;0
48345;3362;98;10;14;10;0
48346;3350;98;10;14;10;0
48347;3338;98;10;14;10;0
48348;3050;98;10;14;10;0
48349;3446;98;10;14;10;0
48350;3038;98;10;14;10;0
48351;2882;98;10;14;10;0
48352;2714;98;10;14;10;0
48353;2702;98;10;14;10;0
48354;2690;98;10;14;10;0
48355;2678;98;10;14;10;0
48356;2666;98;10;14;10;0
48357;2654;98;10;14;10;0
48358;2642;98;10;14;10;0
48359;2630;98;10;14;10;0
48360;2618;98;10;14;10;0
48361;2606;98;10;14;10;0
48362;2594;98;10;14;10;0
48363;2582;98;10;14;10;0
48364;2570;98;10;14;10;0
48365;2558;98;10;14;10;0
48366;2546;98;10;14;10;0
48367;2534;98;10;14;10;0
48368;2522;98;10;14;10;0
48369;2510;98;10;14;10;0
48370;2498;98;10;14;10;0
48371;2726;98;10;14;10;0
48372;2738;98;10;14;10;0
48373;2750;98;10;14;10;0
48374;2762;98;10;14;10;0
48375;3002;98;10;14;10;0
48376;2990;98;10;14;10;0
48377;2978;98;10;14;10;0
48378;2966;98;10;14;10;0
48379;2954;98;10;14;10;0
48380;2942;98;10;14;10;0
48381;2930;98;10;14;10;0
48382;2918;98;10;14;10;0
48383;2906;98;10;14;10;0
48384;3014;98;10;14;10;0
48385;2894;98;10;14;10;0
48386;2870;98;10;14;10;0
48387;2858;98;10;14;10;0
48388;2846;98;10;14;10;0
48389;2834;98;10;14;10;0
48390;2822;98;10;14;10;0
48391;2810;98;10;14;10;0
48392;2798;98;10;14;10;0
48393;2786;98;10;14;10;0
48394;2774;98;10;14;10;0
48395;3026;98;10;14;10;0
48396;3602;98;10;14;10;0
48397;62;114;10;14;10;0
48398;3614;98;10;14;10;0
48399;314;114;10;14;10;0
48400;302;114;10;14;10;0
48401;290;114;10;14;10;0
48402;278;114;10;14;10;0
48403;266;114;10;14;10;0
48404;254;114;10;14;10;0
48405;242;114;10;14;10;0
48406;230;114;10;14;10;0
48407;218;114;10;14;10;0
48408;206;114;10;14;10;0
48409;194;114;10;14;10;0
48410;182;114;10;14;10;0
48411;170;114;10;14;10;0
48412;158;114;10;14;10;0
48413;146;114;10;14;10;0
48414;134;114;10;14;10;0
48415;122;114;10;14;10;0
48416;110;114;10;14;10;0
48417;98;114;10;14;10;0
48418;326;114;10;14;10;0
48419;338;114;10;14;10;0
48420;350;114;10;14;10;0
48421;362;114;10;14;10;0
48422;602;114;10;14;10;0
48423;590;114;10;14;10;0
48424;578;114;10;14;10;0
48425;566;114;10;14;10;0
48426;554;114;10;14;10;0
48427;542;114;10;14;10;0
48428;530;114;10;14;10;0
48429;518;114;10;14;10;0
48430;506;114;10;14;10;0
48431;614;114;10;14;10;0
48432;494;114;10;14;10;0
48433;470;114;10;14;10;0
48434;458;114;10;14;10;0
48435;446;114;10;14;10;0
48436;434;114;10;14;10;0
48437;422;114;10;14;10;0
48438;410;114;10;14;10;0
48439;398;114;10;14;10;0
48440;386;114;10;14;10;0
48441;374;114;10;14;10;0
48442;86;114;10;14;10;0
48443;482;114;10;14;10;0
48444;74;114;10;14;10;0
48445;4010;98;10;14;10;0
48446;3842;98;10;14;10;0
48447;3830;98;10;14;10;0
48448;3818;98;10;14;10;0
48449;3806;98;10;14;10;0
48450;3794;98;10;14;10;0
48451;3782;98;10;14;10;0
48452;3770;98;10;14;10;0
48453;3758;98;10;14;10;0
48454;3746;98;10;14;10;0
48455;3734;98;10;14;10;0
48456;3722;98;10;14;10;0
48457;3710;98;10;14;10;0
48458;3698;98;10;14;10;0
48459;3686;98;10;14;10;0
48460;3674;98;10;14;10;0
48461;3662;98;10;14;10;0
48462;3650;98;10;14;10;0
48463;3638;98;10;14;10;0
48464;3626;98;10;14;10;0
48465;3854;98;10;14;10;0
48466;3866;98;10;14;10;0
48467;3878;98;10;14;10;0
48468;3890;98;10;14;10;0
48469;38;114;10;14;10;0
48470;26;114;10;14;10;0
48471;14;114;10;14;10;0
48472;2;114;10;14;10;0
48473;4082;98;10;14;10;0
48474;4070;98;10;14;10;0
48475;4058;98;10;14;10;0
48476;4046;98;10;14;10;0
48477;4034;98;10;14;10;0
48478;50;114;10;14;10;0
48479;4022;98;10;14;10;0
48480;3998;98;10;14;10;0
48481;3986;98;10;14;10;0
48482;3974;98;10;14;10;0
48483;3962;98;10;14;10;0
48484;3950;98;10;14;10;0
48485;3938;98;10;14;10;0
48486;3926;98;10;14;10;0
48487;3914;98;10;14;10;0
48488;3902;98;10;14;10;0
48489;626;114;10;14;10;0
48490;2894;114;10;14;10;0
48491;1046;130;10;14;10;0
48492;2906;114;10;14;10;0
48493;1862;130;10;14;10;0
48494;1850;130;10;14;10;0
48495;1838;130;10;14;10;0
48496;1826;130;10;14;10;0
48497;1814;130;10;14;10;0
48498;1802;130;10;14;10;0
48499;1790;130;10;14;10;0
48500;1778;130;10;14;10;0
48501;1766;130;10;14;10;0
48502;1754;130;10;14;10;0
48503;1742;130;10;14;10;0
48504;1730;130;10;14;10;0
48505;1718;130;10;14;10;0
48506;1706;130;10;14;10;0
48507;1694;130;10;14;10;0
48508;1682;130;10;14;10;0
48509;1670;130;10;14;10;0
48510;1658;130;10;14;10;0
48511;1646;130;10;14;10;0
48512;1874;130;10;14;10;0
48513;1886;130;10;14;10;0
48514;1898;130;10;14;10;0
48515;1910;130;10;14;10;0
48516;2150;130;10;14;10;0
48517;2138;130;10;14;10;0
48518;2126;130;10;14;10;0
48519;2114;130;10;14;10;0
48520;2102;130;10;14;10;0
48521;2090;130;10;14;10;0
48522;2078;130;10;14;10;0
48523;2066;130;10;14;10;0
48524;2054;130;10;14;10;0
48525;2162;130;10;14;10;0
48526;2042;130;10;14;10;0
48527;2018;130;10;14;10;0
48528;2006;130;10;14;10;0
48529;1994;130;10;14;10;0
48530;1982;130;10;14;10;0
48531;1970;130;10;14;10;0
48532;1958;130;10;14;10;0
48533;1946;130;10;14;10;0
48534;1934;130;10;14;10;0
48535;1922;130;10;14;10;0
48536;1634;130;10;14;10;0
48537;2030;130;10;14;10;0
48538;1622;130;10;14;10;0
48539;1466;130;10;14;10;0
48540;1298;130;10;14;10;0
48541;1286;130;10;14;10;0
48542;1274;130;10;14;10;0
48543;1262;130;10;14;10;0
48544;1250;130;10;14;10;0
48545;1238;130;10;14;10;0
48546;1226;130;10;14;10;0
48547;1214;130;10;14;10;0
48548;1202;130;10;14;10;0
48549;1190;130;10;14;10;0
48550;1178;130;10;14;10;0
48551;1166;130;10;14;10;0
48552;1154;130;10;14;10;0
48553;1142;130;10;14;10;0
48554;1130;130;10;14;10;0
48555;1118;130;10;14;10;0
48556;1106;130;10;14;10;0
48557;1094;130;10;14;10;0
48558;1082;130;10;14;10;0
48559;1310;130;10;14;10;0
48560;1322;130;10;14;10;0
48561;1334;130;10;14;10;0
48562;1346;130;10;14;10;0
48563;1586;130;10;14;10;0
48564;1574;130;10;14;10;0
48565;1562;130;10;14;10;0
48566;1550;130;10;14;10;0
48567;1538;130;10;14;10;0
48568;1526;130;10;14;10;0
48569;1514;130;10;14;10;0
48570;1502;130;10;14;10;0
48571;1490;130;10;14;10;0
48572;1598;130;10;14;10;0
48573;1478;130;10;14;10;0
48574;1454;130;10;14;10;0
48575;1442;130;10;14;10;0
48576;1430;130;10;14;10;0
48577;1418;130;10;14;10;0
48578;1406;130;10;14;10;0
48579;1394;130;10;14;10;0
48580;1382;130;10;14;10;0
48581;1370;130;10;14;10;0
48582;1358;130;10;14;10;0
48583;1610;130;10;14;10;0
48584;2186;130;10;14;10;0
48585;2738;130;10;14;10;0
48586;2198;130;10;14;10;0
48587;2990;130;10;14;10;0
48588;2978;130;10;14;10;0
48589;2966;130;10;14;10;0
48590;2954;130;10;14;10;0
48591;2942;130;10;14;10;0
48592;2930;130;10;14;10;0
48593;2918;130;10;14;10;0
48594;2906;130;10;14;10;0
48595;2894;130;10;14;10;0
48596;2882;130;10;14;10;0
48597;2870;130;10;14;10;0
48598;2858;130;10;14;10;0
48599;2846;130;10;14;10;0
48600;2834;130;10;14;10;0
48601;2822;130;10;14;10;0
48602;2810;130;10;14;10;0
48603;2798;130;10;14;10;0
48604;2786;130;10;14;10;0
48605;2774;130;10;14;10;0
48606;3002;130;10;14;10;0
48607;3014;130;10;14;10;0
48608;3026;130;10;14;10;0
48609;3038;130;10;14;10;0
48610;3278;130;10;14;10;0
48611;3266;130;10;14;10;0
48612;3254;130;10;14;10;0
48613;3242;130;10;14;10;0
48614;3230;130;10;14;10;0
48615;3218;130;10;14;10;0
48616;3206;130;10;14;10;0
48617;3194;130;10;14;10;0
48618;3182;130;10;14;10;0
48619;3290;130;10;14;10;0
48620;3170;130;10;14;10;0
48621;3146;130;10;14;10;0
48622;3134;130;10;14;10;0
48623;3122;130;10;14;10;0
48624;3110;130;10;14;10;0
48625;3098;130;10;14;10;0
48626;3086;130;10;14;10;0
48627;3074;130;10;14;10;0
48628;3062;130;10;14;10;0
48629;3050;130;10;14;10;0
48630;2762;130;10;14;10;0
48631;3158;130;10;14;10;0
48632;2750;130;10;14;10;0
48633;2594;130;10;14;10;0
48634;2426;130;10;14;10;0
48635;2414;130;10;14;10;0
48636;2402;130;10;14;10;0
48637;2390;130;10;14;10;0
48638;2378;130;10;14;10;0
48639;2366;130;10;14;10;0
48640;2354;130;10;14;10;0
48641;2342;130;10;14;10;0
48642;2330;130;10;14;10;0
48643;2318;130;10;14;10;0
48644;2306;130;10;14;10;0
48645;2294;130;10;14;10;0
48646;2282;130;10;14;10;0
48647;2270;130;10;14;10;0
48648;2258;130;10;14;10;0
48649;2246;130;10;14;10;0
48650;2234;130;10;14;10;0
48651;2222;130;10;14;10;0
48652;2210;130;10;14;10;0
48653;2438;130;10;14;10;0
48654;2450;130;10;14;10;0
48655;2462;130;10;14;10;0
48656;2474;130;10;14;10;0
48657;2714;130;10;14;10;0
48658;2702;130;10;14;10;0
48659;2690;130;10;14;10;0
48660;2678;130;10;14;10;0
48661;2666;130;10;14;10;0
48662;2654;130;10;14;10;0
48663;2642;130;10;14;10;0
48664;2630;130;10;14;10;0
48665;2618;130;10;14;10;0
48666;2726;130;10;14;10;0
48667;2606;130;10;14;10;0
48668;2582;130;10;14;10;0
48669;2570;130;10;14;10;0
48670;2558;130;10;14;10;0
48671;2546;130;10;14;10;0
48672;2534;130;10;14;10;0
48673;2522;130;10;14;10;0
48674;2510;130;10;14;10;0
48675;2498;130;10;14;10;0
48676;2486;130;10;14;10;0
48677;1070;130;10;14;10;0
48678;2174;130;10;14;10;0
48679;1058;130;10;14;10;0
48680;4010;114;10;14;10;0
48681;3698;114;10;14;10;0
48682;3686;114;10;14;10;0
48683;3674;114;10;14;10;0
48684;3662;114;10;14;10;0
48685;3650;114;10;14;10;0
48686;3638;114;10;14;10;0
48687;3626;114;10;14;10;0
48688;3614;114;10;14;10;0
48689;3602;114;10;14;10;0
48690;3590;114;10;14;10;0
48691;3578;114;10;14;10;0
48692;3566;114;10;14;10;0
48693;3554;114;10;14;10;0
48694;3542;114;10;14;10;0
48695;3530;114;10;14;10;0
48696;3518;114;10;14;10;0
48697;3506;114;10;14;10;0
48698;3494;114;10;14;10;0
48699;3482;114;10;14;10;0
48700;3710;114;10;14;10;0
48701;3722;114;10;14;10;0
48702;3734;114;10;14;10;0
48703;3746;114;10;14;10;0
48704;3986;114;10;14;10;0
48705;3974;114;10;14;10;0
48706;3962;114;10;14;10;0
48707;3950;114;10;14;10;0
48708;3938;114;10;14;10;0
48709;3926;114;10;14;10;0
48710;3914;114;10;14;10;0
48711;3902;114;10;14;10;0
48712;3890;114;10;14;10;0
48713;3998;114;10;14;10;0
48714;3878;114;10;14;10;0
48715;3854;114;10;14;10;0
48716;3842;114;10;14;10;0
48717;3830;114;10;14;10;0
48718;3818;114;10;14;10;0
48719;3806;114;10;14;10;0
48720;3794;114;10;14;10;0
48721;3782;114;10;14;10;0
48722;3770;114;10;14;10;0
48723;3758;114;10;14;10;0
48724;3470;114;10;14;10;0
48725;3866;114;10;14;10;0
48726;3458;114;10;14;10;0
48727;3302;114;10;14;10;0
48728;3134;114;10;14;10;0
48729;3122;114;10;14;10;0
48730;3110;114;10;14;10;0
48731;3098;114;10;14;10;0
48732;3086;114;10;14;10;0
48733;3074;114;10;14;10;0
48734;3062;114;10;14;10;0
48735;3050;114;10;14;10;0
48736;3038;114;10;14;10;0
48737;3026;114;10;14;10;0
48738;3014;114;10;14;10;0
48739;3002;114;10;14;10;0
48740;2990;114;10;14;10;0
48741;2978;114;10;14;10;0
48742;2966;114;10;14;10;0
48743;2954;114;10;14;10;0
48744;2942;114;10;14;10;0
48745;2930;114;10;14;10;0
48746;2918;114;10;14;10;0
48747;3146;114;10;14;10;0
48748;3158;114;10;14;10;0
48749;3170;114;10;14;10;0
48750;3182;114;10;14;10;0
48751;3422;114;10;14;10;0
48752;3410;114;10;14;10;0
48753;3398;114;10;14;10;0
48754;3386;114;10;14;10;0
48755;3374;114;10;14;10;0
48756;3362;114;10;14;10;0
48757;3350;114;10;14;10;0
48758;3338;114;10;14;10;0
48759;3326;114;10;14;10;0
48760;3434;114;10;14;10;0
48761;3314;114;10;14;10;0
48762;3290;114;10;14;10;0
48763;3278;114;10;14;10;0
48764;3266;114;10;14;10;0
48765;3254;114;10;14;10;0
48766;3242;114;10;14;10;0
48767;3230;114;10;14;10;0
48768;3218;114;10;14;10;0
48769;3206;114;10;14;10;0
48770;3194;114;10;14;10;0
48771;3446;114;10;14;10;0
48772;4022;114;10;14;10;0
48773;482;130;10;14;10;0
48774;4034;114;10;14;10;0
48775;734;130;10;14;10;0
48776;722;130;10;14;10;0
48777;710;130;10;14;10;0
48778;698;130;10;14;10;0
48779;686;130;10;14;10;0
48780;674;130;10;14;10;0
48781;662;130;10;14;10;0
48782;650;130;10;14;10;0
48783;638;130;10;14;10;0
48784;626;130;10;14;10;0
48785;614;130;10;14;10;0
48786;602;130;10;14;10;0
48787;590;130;10;14;10;0
48788;578;130;10;14;10;0
48789;566;130;10;14;10;0
48790;554;130;10;14;10;0
48791;542;130;10;14;10;0
48792;530;130;10;14;10;0
48793;518;130;10;14;10;0
48794;746;130;10;14;10;0
48795;758;130;10;14;10;0
48796;770;130;10;14;10;0
48797;782;130;10;14;10;0
48798;1022;130;10;14;10;0
48799;1010;130;10;14;10;0
48800;998;130;10;14;10;0
48801;986;130;10;14;10;0
48802;974;130;10;14;10;0
48803;962;130;10;14;10;0
48804;950;130;10;14;10;0
48805;938;130;10;14;10;0
48806;926;130;10;14;10;0
48807;1034;130;10;14;10;0
48808;914;130;10;14;10;0
48809;890;130;10;14;10;0
48810;878;130;10;14;10;0
48811;866;130;10;14;10;0
48812;854;130;10;14;10;0
48813;842;130;10;14;10;0
48814;830;130;10;14;10;0
48815;818;130;10;14;10;0
48816;806;130;10;14;10;0
48817;794;130;10;14;10;0
48818;506;130;10;14;10;0
48819;902;130;10;14;10;0
48820;494;130;10;14;10;0
48821;338;130;10;14;10;0
48822;170;130;10;14;10;0
48823;158;130;10;14;10;0
48824;146;130;10;14;10;0
48825;134;130;10;14;10;0
48826;122;130;10;14;10;0
48827;110;130;10;14;10;0
48828;98;130;10;14;10;0
48829;86;130;10;14;10;0
48830;74;130;10;14;10;0
48831;62;130;10;14;10;0
48832;50;130;10;14;10;0
48833;38;130;10;14;10;0
48834;26;130;10;14;10;0
48835;14;130;10;14;10;0
48836;2;130;10;14;10;0
48837;4082;114;10;14;10;0
48838;4070;114;10;14;10;0
48839;4058;114;10;14;10;0
48840;4046;114;10;14;10;0
48841;182;130;10;14;10;0
48842;194;130;10;14;10;0
48843;206;130;10;14;10;0
48844;218;130;10;14;10;0
48845;458;130;10;14;10;0
48846;446;130;10;14;10;0
48847;434;130;10;14;10;0
48848;422;130;10;14;10;0
48849;410;130;10;14;10;0
48850;398;130;10;14;10;0
48851;386;130;10;14;10;0
48852;374;130;10;14;10;0
48853;362;130;10;14;10;0
48854;470;130;10;14;10;0
48855;350;130;10;14;10;0
48856;326;130;10;14;10;0
48857;314;130;10;14;10;0
48858;302;130;10;14;10;0
48859;290;130;10;14;10;0
48860;278;130;10;14;10;0
48861;266;130;10;14;10;0
48862;254;130;10;14;10;0
48863;242;130;10;14;10;0
48864;230;130;10;14;10;0
48865;2486;98;10;14;10;0
48866;2474;98;10;14;10;0
48867;2462;98;10;14;10;0
48868;206;98;10;14;10;0
48869;602;82;10;14;10;0
48870;590;82;10;14;10;0
48871;578;82;10;14;10;0
48872;566;82;10;14;10;0
48873;554;82;10;14;10;0
48874;542;82;10;14;10;0
48875;530;82;10;14;10;0
48876;518;82;10;14;10;0
48877;506;82;10;14;10;0
48878;494;82;10;14;10;0
48879;482;82;10;14;10;0
48880;470;82;10;14;10;0
48881;458;82;10;14;10;0
48882;446;82;10;14;10;0
48883;434;82;10;14;10;0
48884;422;82;10;14;10;0
48885;410;82;10;14;10;0
48886;398;82;10;14;10;0
48887;386;82;10;14;10;0
48888;614;82;10;14;10;0
48889;626;82;10;14;10;0
48890;638;82;10;14;10;0
48891;650;82;10;14;10;0
48892;890;82;10;14;10;0
48893;878;82;10;14;10;0
48894;866;82;10;14;10;0
48895;854;82;10;14;10;0
48896;842;82;10;14;10;0
48897;830;82;10;14;10;0
48898;818;82;10;14;10;0
48899;806;82;10;14;10;0
48900;794;82;10;14;10;0
48901;902;82;10;14;10;0
48902;782;82;10;14;10;0
48903;758;82;10;14;10;0
48904;746;82;10;14;10;0
48905;734;82;10;14;10;0
48906;722;82;10;14;10;0
48907;710;82;10;14;10;0
48908;698;82;10;14;10;0
48909;686;82;10;14;10;0
48910;674;82;10;14;10;0
48911;662;82;10;14;10;0
48912;374;82;10;14;10;0
48913;770;82;10;14;10;0
48914;362;82;10;14;10;0
48915;206;82;10;14;10;0
48916;38;82;10;14;10;0
48917;26;82;10;14;10;0
48918;14;82;10;14;10;0
48919;2;82;10;14;10;0
48920;4082;66;10;14;10;0
48921;4070;66;10;14;10;0
48922;4058;66;10;14;10;0
48923;4046;66;10;14;10;0
48924;4034;66;10;14;10;0
48925;4022;66;10;14;10;0
48926;4010;66;10;14;10;0
48927;3998;66;10;14;10;0
48928;3986;66;10;14;10;0
48929;3974;66;10;14;10;0
48930;3962;66;10;14;10;0
48931;3950;66;10;14;10;0
48932;3938;66;10;14;10;0
48933;3926;66;10;14;10;0
48934;3914;66;10;14;10;0
48935;50;82;10;14;10;0
48936;62;82;10;14;10;0
48937;74;82;10;14;10;0
48938;86;82;10;14;10;0
48939;326;82;10;14;10;0
48940;314;82;10;14;10;0
48941;302;82;10;14;10;0
48942;290;82;10;14;10;0
48943;278;82;10;14;10;0
48944;266;82;10;14;10;0
48945;254;82;10;14;10;0
48946;242;82;10;14;10;0
48947;230;82;10;14;10;0
48948;338;82;10;14;10;0
48949;218;82;10;14;10;0
48950;194;82;10;14;10;0
48951;182;82;10;14;10;0
48952;170;82;10;14;10;0
48953;158;82;10;14;10;0
48954;146;82;10;14;10;0
48955;134;82;10;14;10;0
48956;122;82;10;14;10;0
48957;110;82;10;14;10;0
48958;98;82;10;14;10;0
48959;350;82;10;14;10;0
48960;926;82;10;14;10;0
48961;1478;82;10;14;10;0
48962;938;82;10;14;10;0
48963;1730;82;10;14;10;0
48964;1718;82;10;14;10;0
48965;1706;82;10;14;10;0
48966;1694;82;10;14;10;0
48967;1682;82;10;14;10;0
48968;1670;82;10;14;10;0
48969;1658;82;10;14;10;0
48970;1646;82;10;14;10;0
48971;1634;82;10;14;10;0
48972;1622;82;10;14;10;0
48973;1610;82;10;14;10;0
48974;1598;82;10;14;10;0
48975;1586;82;10;14;10;0
48976;1574;82;10;14;10;0
48977;1562;82;10;14;10;0
48978;1550;82;10;14;10;0
48979;1538;82;10;14;10;0
48980;1526;82;10;14;10;0
48981;1514;82;10;14;10;0
48982;1742;82;10;14;10;0
48983;1754;82;10;14;10;0
48984;1766;82;10;14;10;0
48985;1778;82;10;14;10;0
48986;2018;82;10;14;10;0
48987;2006;82;10;14;10;0
48988;1994;82;10;14;10;0
48989;1982;82;10;14;10;0
48990;1970;82;10;14;10;0
48991;1958;82;10;14;10;0
48992;1946;82;10;14;10;0
48993;1934;82;10;14;10;0
48994;1922;82;10;14;10;0
48995;2030;82;10;14;10;0
48996;1910;82;10;14;10;0
48997;1886;82;10;14;10;0
48998;1874;82;10;14;10;0
48999;1862;82;10;14;10;0
49000;1850;82;10;14;10;0
49001;1838;82;10;14;10;0
49002;1826;82;10;14;10;0
49003;1814;82;10;14;10;0
49004;1802;82;10;14;10;0
49005;1790;82;10;14;10;0
49006;1502;82;10;14;10;0
49007;1898;82;10;14;10;0
49008;1490;82;10;14;10;0
49009;1334;82;10;14;10;0
49010;1166;82;10;14;10;0
49011;1154;82;10;14;10;0
49012;1142;82;10;14;10;0
49013;1130;82;10;14;10;0
49014;1118;82;10;14;10;0
49015;1106;82;10;14;10;0
49016;1094;82;10;14;10;0
49017;1082;82;10;14;10;0
49018;1070;82;10;14;10;0
49019;1058;82;10;14;10;0
49020;1046;82;10;14;10;0
49021;1034;82;10;14;10;0
49022;1022;82;10;14;10;0
49023;1010;82;10;14;10;0
49024;998;82;10;14;10;0
49025;986;82;10;14;10;0
49026;974;82;10;14;10;0
49027;962;82;10;14;10;0
49028;950;82;10;14;10;0
49029;1178;82;10;14;10;0
49030;1190;82;10;14;10;0
49031;1202;82;10;14;10;0
49032;1214;82;10;14;10;0
49033;1454;82;10;14;10;0
49034;1442;82;10;14;10;0
49035;1430;82;10;14;10;0
49036;1418;82;10;14;10;0
49037;1406;82;10;14;10;0
49038;1394;82;10;14;10;0
49039;1382;82;10;14;10;0
49040;1370;82;10;14;10;0
49041;1358;82;10;14;10;0
49042;1466;82;10;14;10;0
49043;1346;82;10;14;10;0
49044;1322;82;10;14;10;0
49045;1310;82;10;14;10;0
49046;1298;82;10;14;10;0
49047;1286;82;10;14;10;0
49048;1274;82;10;14;10;0
49049;1262;82;10;14;10;0
49050;1250;82;10;14;10;0
49051;1238;82;10;14;10;0
49052;1226;82;10;14;10;0
49053;3902;66;10;14;10;0
49054;3890;66;10;14;10;0
49055;3878;66;10;14;10;0
49056;3314;66;10;14;10;0
49057;2438;66;10;14;10;0
49058;2426;66;10;14;10;0
49059;2414;66;10;14;10;0
49060;2402;66;10;14;10;0
49061;2390;66;10;14;10;0
49062;2378;66;10;14;10;0
49063;2366;66;10;14;10;0
49064;2354;66;10;14;10;0
49065;2342;66;10;14;10;0
49066;2330;66;10;14;10;0
49067;2318;66;10;14;10;0
49068;2306;66;10;14;10;0
49069;2294;66;10;14;10;0
49070;2282;66;10;14;10;0
49071;2270;66;10;14;10;0
49072;2258;66;10;14;10;0
49073;2246;66;10;14;10;0
49074;2234;66;10;14;10;0
49075;2222;66;10;14;10;0
49076;2450;66;10;14;10;0
49077;2462;66;10;14;10;0
49078;2474;66;10;14;10;0
49079;2486;66;10;14;10;0
49080;2726;66;10;14;10;0
49081;2714;66;10;14;10;0
49082;2702;66;10;14;10;0
49083;2690;66;10;14;10;0
49084;2678;66;10;14;10;0
49085;2666;66;10;14;10;0
49086;2654;66;10;14;10;0
49087;2642;66;10;14;10;0
49088;2630;66;10;14;10;0
49089;2738;66;10;14;10;0
49090;2618;66;10;14;10;0
49091;2594;66;10;14;10;0
49092;2582;66;10;14;10;0
49093;2570;66;10;14;10;0
49094;2558;66;10;14;10;0
49095;2546;66;10;14;10;0
49096;2534;66;10;14;10;0
49097;2522;66;10;14;10;0
49098;2510;66;10;14;10;0
49099;2498;66;10;14;10;0
49100;2210;66;10;14;10;0
49101;2198;66;10;14;10;0
49102;2186;66;10;14;10;0
49103;1910;66;10;14;10;0
49104;1886;66;10;14;10;0
49105;1874;66;10;14;10;0
49106;1862;66;10;14;10;0
49107;1850;66;10;14;10;0
49108;1838;66;10;14;10;0
49109;1826;66;10;14;10;0
49110;1814;66;10;14;10;0
49111;1802;66;10;14;10;0
49112;1790;66;10;14;10;0
49113;1778;66;10;14;10;0
49114;1766;66;10;14;10;0
49115;1754;66;10;14;10;0
49116;1742;66;10;14;10;0
49117;1730;66;10;14;10;0
49118;1718;66;10;14;10;0
49119;1706;66;10;14;10;0
49120;1694;66;10;14;10;0
49121;1682;66;10;14;10;0
49122;1670;66;10;14;10;0
49123;1898;66;10;14;10;0
49124;1922;66;10;14;10;0
49125;2174;66;10;14;10;0
49126;1934;66;10;14;10;0
49127;2162;66;10;14;10;0
49128;2150;66;10;14;10;0
49129;2138;66;10;14;10;0
49130;2126;66;10;14;10;0
49131;2114;66;10;14;10;0
49132;2102;66;10;14;10;0
49133;2090;66;10;14;10;0
49134;2078;66;10;14;10;0
49135;2066;66;10;14;10;0
49136;2054;66;10;14;10;0
49137;2042;66;10;14;10;0
49138;2030;66;10;14;10;0
49139;2018;66;10;14;10;0
49140;2006;66;10;14;10;0
49141;1994;66;10;14;10;0
49142;1982;66;10;14;10;0
49143;1970;66;10;14;10;0
49144;1958;66;10;14;10;0
49145;1946;66;10;14;10;0
49146;2606;66;10;14;10;0
49147;2750;66;10;14;10;0
49148;2762;66;10;14;10;0
49149;2774;66;10;14;10;0
49150;3566;66;10;14;10;0
49151;3554;66;10;14;10;0
49152;3542;66;10;14;10;0
49153;3530;66;10;14;10;0
49154;3518;66;10;14;10;0
49155;3506;66;10;14;10;0
49156;3494;66;10;14;10;0
49157;3482;66;10;14;10;0
49158;3470;66;10;14;10;0
49159;3458;66;10;14;10;0
49160;3446;66;10;14;10;0
49161;3434;66;10;14;10;0
49162;3422;66;10;14;10;0
49163;3410;66;10;14;10;0
49164;3398;66;10;14;10;0
49165;3386;66;10;14;10;0
49166;3374;66;10;14;10;0
49167;3362;66;10;14;10;0
49168;3350;66;10;14;10;0
49169;3578;66;10;14;10;0
49170;3590;66;10;14;10;0
49171;3602;66;10;14;10;0
49172;3614;66;10;14;10;0
49173;3854;66;10;14;10;0
49174;3842;66;10;14;10;0
49175;3830;66;10;14;10;0
49176;3818;66;10;14;10;0
49177;3806;66;10;14;10;0
49178;3794;66;10;14;10;0
49179;3782;66;10;14;10;0
49180;3770;66;10;14;10;0
49181;3758;66;10;14;10;0
49182;3866;66;10;14;10;0
49183;3746;66;10;14;10;0
49184;3722;66;10;14;10;0
49185;3710;66;10;14;10;0
49186;3698;66;10;14;10;0
49187;3686;66;10;14;10;0
49188;3674;66;10;14;10;0
49189;3662;66;10;14;10;0
49190;3650;66;10;14;10;0
49191;3638;66;10;14;10;0
49192;3626;66;10;14;10;0
49193;3338;66;10;14;10;0
49194;3734;66;10;14;10;0
49195;3326;66;10;14;10;0
49196;3170;66;10;14;10;0
49197;3002;66;10;14;10;0
49198;2990;66;10;14;10;0
49199;2978;66;10;14;10;0
49200;2966;66;10;14;10;0
49201;2954;66;10;14;10;0
49202;2942;66;10;14;10;0
49203;2930;66;10;14;10;0
49204;2918;66;10;14;10;0
49205;2906;66;10;14;10;0
49206;2894;66;10;14;10;0
49207;2882;66;10;14;10;0
49208;2870;66;10;14;10;0
49209;2858;66;10;14;10;0
49210;2846;66;10;14;10;0
49211;2834;66;10;14;10;0
49212;2822;66;10;14;10;0
49213;2810;66;10;14;10;0
49214;2798;66;10;14;10;0
49215;2786;66;10;14;10;0
49216;3014;66;10;14;10;0
49217;3026;66;10;14;10;0
49218;3038;66;10;14;10;0
49219;3050;66;10;14;10;0
49220;3290;66;10;14;10;0
49221;3278;66;10;14;10;0
49222;3266;66;10;14;10;0
49223;3254;66;10;14;10;0
49224;3242;66;10;14;10;0
49225;3230;66;10;14;10;0
49226;3218;66;10;14;10;0
49227;3206;66;10;14;10;0
49228;3194;66;10;14;10;0
49229;3302;66;10;14;10;0
49230;3182;66;10;14;10;0
49231;3158;66;10;14;10;0
49232;3146;66;10;14;10;0
49233;3134;66;10;14;10;0
49234;3122;66;10;14;10;0
49235;3110;66;10;14;10;0
49236;3098;66;10;14;10;0
49237;3086;66;10;14;10;0
49238;3074;66;10;14;10;0
49239;3062;66;10;14;10;0
49240;914;82;10;14;10;0
49241;2042;82;10;14;10;0
49242;2054;82;10;14;10;0
49243;2066;82;10;14;10;0
49244;1022;98;10;14;10;0
49245;1010;98;10;14;10;0
49246;998;98;10;14;10;0
49247;986;98;10;14;10;0
49248;974;98;10;14;10;0
49249;962;98;10;14;10;0
49250;950;98;10;14;10;0
49251;938;98;10;14;10;0
49252;926;98;10;14;10;0
49253;914;98;10;14;10;0
49254;902;98;10;14;10;0
49255;890;98;10;14;10;0
49256;878;98;10;14;10;0
49257;866;98;10;14;10;0
49258;854;98;10;14;10;0
49259;842;98;10;14;10;0
49260;830;98;10;14;10;0
49261;818;98;10;14;10;0
49262;806;98;10;14;10;0
49263;1034;98;10;14;10;0
49264;1046;98;10;14;10;0
49265;1058;98;10;14;10;0
49266;1070;98;10;14;10;0
49267;1310;98;10;14;10;0
49268;1298;98;10;14;10;0
49269;1286;98;10;14;10;0
49270;1274;98;10;14;10;0
49271;1262;98;10;14;10;0
49272;1250;98;10;14;10;0
49273;1238;98;10;14;10;0
49274;1226;98;10;14;10;0
49275;1214;98;10;14;10;0
49276;1322;98;10;14;10;0
49277;1202;98;10;14;10;0
49278;1178;98;10;14;10;0
49279;1166;98;10;14;10;0
49280;1154;98;10;14;10;0
49281;1142;98;10;14;10;0
49282;1130;98;10;14;10;0
49283;1118;98;10;14;10;0
49284;1106;98;10;14;10;0
49285;1094;98;10;14;10;0
49286;1082;98;10;14;10;0
49287;794;98;10;14;10;0
49288;1190;98;10;14;10;0
49289;782;98;10;14;10;0
49290;626;98;10;14;10;0
49291;458;98;10;14;10;0
49292;446;98;10;14;10;0
49293;434;98;10;14;10;0
49294;422;98;10;14;10;0
49295;410;98;10;14;10;0
49296;398;98;10;14;10;0
49297;386;98;10;14;10;0
49298;374;98;10;14;10;0
49299;362;98;10;14;10;0
49300;350;98;10;14;10;0
49301;338;98;10;14;10;0
49302;326;98;10;14;10;0
49303;314;98;10;14;10;0
49304;302;98;10;14;10;0
49305;290;98;10;14;10;0
49306;278;98;10;14;10;0
49307;266;98;10;14;10;0
49308;254;98;10;14;10;0
49309;242;98;10;14;10;0
49310;470;98;10;14;10;0
49311;482;98;10;14;10;0
49312;494;98;10;14;10;0
49313;506;98;10;14;10;0
49314;746;98;10;14;10;0
49315;734;98;10;14;10;0
49316;722;98;10;14;10;0
49317;710;98;10;14;10;0
49318;698;98;10;14;10;0
49319;686;98;10;14;10;0
49320;674;98;10;14;10;0
49321;662;98;10;14;10;0
49322;650;98;10;14;10;0
49323;758;98;10;14;10;0
49324;638;98;10;14;10;0
49325;614;98;10;14;10;0
49326;602;98;10;14;10;0
49327;590;98;10;14;10;0
49328;578;98;10;14;10;0
49329;566;98;10;14;10;0
49330;554;98;10;14;10;0
49331;542;98;10;14;10;0
49332;530;98;10;14;10;0
49333;518;98;10;14;10;0
49334;770;98;10;14;10;0
49335;1346;98;10;14;10;0
49336;1898;98;10;14;10;0
49337;1358;98;10;14;10;0
49338;2150;98;10;14;10;0
49339;2138;98;10;14;10;0
49340;2126;98;10;14;10;0
49341;2114;98;10;14;10;0
49342;2102;98;10;14;10;0
49343;2090;98;10;14;10;0
49344;2078;98;10;14;10;0
49345;2066;98;10;14;10;0
49346;2054;98;10;14;10;0
49347;2042;98;10;14;10;0
49348;2030;98;10;14;10;0
49349;2018;98;10;14;10;0
49350;2006;98;10;14;10;0
49351;1994;98;10;14;10;0
49352;1982;98;10;14;10;0
49353;1970;98;10;14;10;0
49354;1958;98;10;14;10;0
49355;1946;98;10;14;10;0
49356;1934;98;10;14;10;0
49357;2162;98;10;14;10;0
49358;2174;98;10;14;10;0
49359;2186;98;10;14;10;0
49360;2198;98;10;14;10;0
49361;2438;98;10;14;10;0
49362;2426;98;10;14;10;0
49363;2414;98;10;14;10;0
49364;2402;98;10;14;10;0
49365;2390;98;10;14;10;0
49366;2378;98;10;14;10;0
49367;2366;98;10;14;10;0
49368;2354;98;10;14;10;0
49369;2342;98;10;14;10;0
49370;2450;98;10;14;10;0
49371;2330;98;10;14;10;0
49372;2306;98;10;14;10;0
49373;2294;98;10;14;10;0
49374;2282;98;10;14;10;0
49375;2270;98;10;14;10;0
49376;2258;98;10;14;10;0
49377;2246;98;10;14;10;0
49378;2234;98;10;14;10;0
49379;2222;98;10;14;10;0
49380;2210;98;10;14;10;0
49381;1922;98;10;14;10;0
49382;2318;98;10;14;10;0
49383;1910;98;10;14;10;0
49384;1754;98;10;14;10;0
49385;1586;98;10;14;10;0
49386;1574;98;10;14;10;0
49387;1562;98;10;14;10;0
49388;1550;98;10;14;10;0
49389;1538;98;10;14;10;0
49390;1526;98;10;14;10;0
49391;1514;98;10;14;10;0
49392;1502;98;10;14;10;0
49393;1490;98;10;14;10;0
49394;1478;98;10;14;10;0
49395;1466;98;10;14;10;0
49396;1454;98;10;14;10;0
49397;1442;98;10;14;10;0
49398;1430;98;10;14;10;0
49399;1418;98;10;14;10;0
49400;1406;98;10;14;10;0
49401;1394;98;10;14;10;0
49402;1382;98;10;14;10;0
49403;1370;98;10;14;10;0
49404;1598;98;10;14;10;0
49405;1610;98;10;14;10;0
49406;1622;98;10;14;10;0
49407;1634;98;10;14;10;0
49408;1874;98;10;14;10;0
49409;1862;98;10;14;10;0
49410;1850;98;10;14;10;0
49411;1838;98;10;14;10;0
49412;1826;98;10;14;10;0
49413;1814;98;10;14;10;0
49414;1802;98;10;14;10;0
49415;1790;98;10;14;10;0
49416;1778;98;10;14;10;0
49417;1886;98;10;14;10;0
49418;1766;98;10;14;10;0
49419;1742;98;10;14;10;0
49420;1730;98;10;14;10;0
49421;1718;98;10;14;10;0
49422;1706;98;10;14;10;0
49423;1694;98;10;14;10;0
49424;1682;98;10;14;10;0
49425;1670;98;10;14;10;0
49426;1658;98;10;14;10;0
49427;1646;98;10;14;10;0
49428;230;98;10;14;10;0
49429;1334;98;10;14;10;0
49430;218;98;10;14;10;0
49431;3170;82;10;14;10;0
49432;2858;82;10;14;10;0
49433;2846;82;10;14;10;0
49434;2834;82;10;14;10;0
49435;2822;82;10;14;10;0
49436;2810;82;10;14;10;0
49437;2798;82;10;14;10;0
49438;2786;82;10;14;10;0
49439;2774;82;10;14;10;0
49440;2762;82;10;14;10;0
49441;2750;82;10;14;10;0
49442;2738;82;10;14;10;0
49443;2726;82;10;14;10;0
49444;2714;82;10;14;10;0
49445;2702;82;10;14;10;0
49446;2690;82;10;14;10;0
49447;2678;82;10;14;10;0
49448;2666;82;10;14;10;0
49449;2654;82;10;14;10;0
49450;2642;82;10;14;10;0
49451;2870;82;10;14;10;0
49452;2882;82;10;14;10;0
49453;2894;82;10;14;10;0
49454;2906;82;10;14;10;0
49455;3146;82;10;14;10;0
49456;3134;82;10;14;10;0
49457;3122;82;10;14;10;0
49458;3110;82;10;14;10;0
49459;3098;82;10;14;10;0
49460;3086;82;10;14;10;0
49461;3074;82;10;14;10;0
49462;3062;82;10;14;10;0
49463;3050;82;10;14;10;0
49464;3158;82;10;14;10;0
49465;3038;82;10;14;10;0
49466;3014;82;10;14;10;0
49467;3002;82;10;14;10;0
49468;2990;82;10;14;10;0
49469;2978;82;10;14;10;0
49470;2966;82;10;14;10;0
49471;2954;82;10;14;10;0
49472;2942;82;10;14;10;0
49473;2930;82;10;14;10;0
49474;2918;82;10;14;10;0
49475;2630;82;10;14;10;0
49476;3026;82;10;14;10;0
49477;2618;82;10;14;10;0
49478;2462;82;10;14;10;0
49479;2294;82;10;14;10;0
49480;2282;82;10;14;10;0
49481;2270;82;10;14;10;0
49482;2258;82;10;14;10;0
49483;2246;82;10;14;10;0
49484;2234;82;10;14;10;0
49485;2222;82;10;14;10;0
49486;2210;82;10;14;10;0
49487;2198;82;10;14;10;0
49488;2186;82;10;14;10;0
49489;2174;82;10;14;10;0
49490;2162;82;10;14;10;0
49491;2150;82;10;14;10;0
49492;2138;82;10;14;10;0
49493;2126;82;10;14;10;0
49494;2114;82;10;14;10;0
49495;2102;82;10;14;10;0
49496;2090;82;10;14;10;0
49497;2078;82;10;14;10;0
49498;2306;82;10;14;10;0
49499;2318;82;10;14;10;0
49500;2330;82;10;14;10;0
49501;2342;82;10;14;10;0
49502;2582;82;10;14;10;0
49503;2570;82;10;14;10;0
49504;2558;82;10;14;10;0
49505;2546;82;10;14;10;0
49506;2534;82;10;14;10;0
49507;2522;82;10;14;10;0
49508;2510;82;10;14;10;0
49509;2498;82;10;14;10;0
49510;2486;82;10;14;10;0
49511;2594;82;10;14;10;0
49512;2474;82;10;14;10;0
49513;2450;82;10;14;10;0
49514;2438;82;10;14;10;0
49515;2426;82;10;14;10;0
49516;2414;82;10;14;10;0
49517;2402;82;10;14;10;0
49518;2390;82;10;14;10;0
49519;2378;82;10;14;10;0
49520;2366;82;10;14;10;0
49521;2354;82;10;14;10;0
49522;2606;82;10;14;10;0
49523;3182;82;10;14;10;0
49524;3734;82;10;14;10;0
49525;3194;82;10;14;10;0
49526;3986;82;10;14;10;0
49527;3974;82;10;14;10;0
49528;3962;82;10;14;10;0
49529;3950;82;10;14;10;0
49530;3938;82;10;14;10;0
49531;3926;82;10;14;10;0
49532;3914;82;10;14;10;0
49533;3902;82;10;14;10;0
49534;3890;82;10;14;10;0
49535;3878;82;10;14;10;0
49536;3866;82;10;14;10;0
49537;3854;82;10;14;10;0
49538;3842;82;10;14;10;0
49539;3830;82;10;14;10;0
49540;3818;82;10;14;10;0
49541;3806;82;10;14;10;0
49542;3794;82;10;14;10;0
49543;3782;82;10;14;10;0
49544;3770;82;10;14;10;0
49545;3998;82;10;14;10;0
49546;4010;82;10;14;10;0
49547;4022;82;10;14;10;0
49548;4034;82;10;14;10;0
49549;182;98;10;14;10;0
49550;170;98;10;14;10;0
49551;158;98;10;14;10;0
49552;146;98;10;14;10;0
49553;134;98;10;14;10;0
49554;122;98;10;14;10;0
49555;110;98;10;14;10;0
49556;98;98;10;14;10;0
49557;86;98;10;14;10;0
49558;194;98;10;14;10;0
49559;74;98;10;14;10;0
49560;50;98;10;14;10;0
49561;38;98;10;14;10;0
49562;26;98;10;14;10;0
49563;14;98;10;14;10;0
49564;2;98;10;14;10;0
49565;4082;82;10;14;10;0
49566;4070;82;10;14;10;0
49567;4058;82;10;14;10;0
49568;4046;82;10;14;10;0
49569;3758;82;10;14;10;0
49570;62;98;10;14;10;0
49571;3746;82;10;14;10;0
49572;3590;82;10;14;10;0
49573;3422;82;10;14;10;0
49574;3410;82;10;14;10;0
49575;3398;82;10;14;10;0
49576;3386;82;10;14;10;0
49577;3374;82;10;14;10;0
49578;3362;82;10;14;10;0
49579;3350;82;10;14;10;0
49580;3338;82;10;14;10;0
49581;3326;82;10;14;10;0
49582;3314;82;10;14;10;0
49583;3302;82;10;14;10;0
49584;3290;82;10;14;10;0
49585;3278;82;10;14;10;0
49586;3266;82;10;14;10;0
49587;3254;82;10;14;10;0
49588;3242;82;10;14;10;0
49589;3230;82;10;14;10;0
49590;3218;82;10;14;10;0
49591;3206;82;10;14;10;0
49592;3434;82;10;14;10;0
49593;3446;82;10;14;10;0
49594;3458;82;10;14;10;0
49595;3470;82;10;14;10;0
49596;3710;82;10;14;10;0
49597;3698;82;10;14;10;0
49598;3686;82;10;14;10;0
49599;3674;82;10;14;10;0
49600;3662;82;10;14;10;0
49601;3650;82;10;14;10;0
49602;3638;82;10;14;10;0
49603;3626;82;10;14;10;0
49604;3614;82;10;14;10;0
49605;3722;82;10;14;10;0
49606;3602;82;10;14;10;0
49607;3578;82;10;14;10;0
49608;3566;82;10;14;10;0
49609;3554;82;10;14;10;0
49610;3542;82;10;14;10;0
49611;3530;82;10;14;10;0
49612;3518;82;10;14;10;0
49613;3506;82;10;14;10;0
49614;3494;82;10;14;10;0
49615;3482;82;10;14;10;0
49616;878;210;10;14;10;0
49617;2558;274;10;14;10;0
49618;3038;482;10;14;10;0
49619;2570;274;10;14;10;0
49620;1178;466;10;14;10;0
49621;1166;466;10;14;10;0
49622;1154;466;10;14;10;0
49623;1142;466;10;14;10;0
49624;1130;466;10;14;10;0
49625;1118;466;10;14;10;0
49626;1106;466;10;14;10;0
49627;1094;466;10;14;10;0
49628;1082;466;10;14;10;0
49629;1070;466;10;14;10;0
49630;1058;466;10;14;10;0
49631;1046;466;10;14;10;0
49632;1034;466;10;14;10;0
49633;1022;466;10;14;10;0
49634;1010;466;10;14;10;0
49635;998;466;10;14;10;0
49636;986;466;10;14;10;0
49637;974;466;10;14;10;0
49638;962;466;10;14;10;0
49639;1190;466;10;14;10;0
49640;1202;466;10;14;10;0
49641;1214;466;10;14;10;0
49642;1226;466;10;14;10;0
49643;1466;466;10;14;10;0
49644;1454;466;10;14;10;0
49645;1442;466;10;14;10;0
49646;1430;466;10;14;10;0
49647;1418;466;10;14;10;0
49648;1406;466;10;14;10;0
49649;1394;466;10;14;10;0
49650;1382;466;10;14;10;0
49651;1370;466;10;14;10;0
49652;1478;466;10;14;10;0
49653;1358;466;10;14;10;0
49654;1334;466;10;14;10;0
49655;1322;466;10;14;10;0
49656;1310;466;10;14;10;0
49657;1298;466;10;14;10;0
49658;1286;466;10;14;10;0
49659;1274;466;10;14;10;0
49660;1262;466;10;14;10;0
49661;1250;466;10;14;10;0
49662;1238;466;10;14;10;0
49663;950;466;10;14;10;0
49664;1346;466;10;14;10;0
49665;938;466;10;14;10;0
49666;782;466;10;14;10;0
49667;614;466;10;14;10;0
49668;602;466;10;14;10;0
49669;590;466;10;14;10;0
49670;578;466;10;14;10;0
49671;566;466;10;14;10;0
49672;554;466;10;14;10;0
49673;542;466;10;14;10;0
49674;530;466;10;14;10;0
49675;518;466;10;14;10;0
49676;506;466;10;14;10;0
49677;494;466;10;14;10;0
49678;482;466;10;14;10;0
49679;470;466;10;14;10;0
49680;458;466;10;14;10;0
49681;446;466;10;14;10;0
49682;434;466;10;14;10;0
49683;422;466;10;14;10;0
49684;410;466;10;14;10;0
49685;398;466;10;14;10;0
49686;626;466;10;14;10;0
49687;638;466;10;14;10;0
49688;650;466;10;14;10;0
49689;662;466;10;14;10;0
49690;902;466;10;14;10;0
49691;890;466;10;14;10;0
49692;878;466;10;14;10;0
49693;866;466;10;14;10;0
49694;854;466;10;14;10;0
49695;842;466;10;14;10;0
49696;830;466;10;14;10;0
49697;818;466;10;14;10;0
49698;806;466;10;14;10;0
49699;914;466;10;14;10;0
49700;794;466;10;14;10;0
49701;770;466;10;14;10;0
49702;758;466;10;14;10;0
49703;746;466;10;14;10;0
49704;734;466;10;14;10;0
49705;722;466;10;14;10;0
49706;710;466;10;14;10;0
49707;698;466;10;14;10;0
49708;686;466;10;14;10;0
49709;674;466;10;14;10;0
49710;926;466;10;14;10;0
49711;1502;466;10;14;10;0
49712;2054;466;10;14;10;0
49713;1514;466;10;14;10;0
49714;2306;466;10;14;10;0
49715;2294;466;10;14;10;0
49716;2282;466;10;14;10;0
49717;2270;466;10;14;10;0
49718;2258;466;10;14;10;0
49719;2246;466;10;14;10;0
49720;2234;466;10;14;10;0
49721;2222;466;10;14;10;0
49722;2210;466;10;14;10;0
49723;2198;466;10;14;10;0
49724;2186;466;10;14;10;0
49725;2174;466;10;14;10;0
49726;2162;466;10;14;10;0
49727;2150;466;10;14;10;0
49728;2138;466;10;14;10;0
49729;2126;466;10;14;10;0
49730;2114;466;10;14;10;0
49731;2102;466;10;14;10;0
49732;2090;466;10;14;10;0
49733;2318;466;10;14;10;0
49734;2330;466;10;14;10;0
49735;2342;466;10;14;10;0
49736;2354;466;10;14;10;0
49737;2594;466;10;14;10;0
49738;2582;466;10;14;10;0
49739;2570;466;10;14;10;0
49740;2558;466;10;14;10;0
49741;2546;466;10;14;10;0
49742;2534;466;10;14;10;0
49743;2522;466;10;14;10;0
49744;2510;466;10;14;10;0
49745;2498;466;10;14;10;0
49746;2606;466;10;14;10;0
49747;2486;466;10;14;10;0
49748;2462;466;10;14;10;0
49749;2450;466;10;14;10;0
49750;2438;466;10;14;10;0
49751;2426;466;10;14;10;0
49752;2414;466;10;14;10;0
49753;2402;466;10;14;10;0
49754;2390;466;10;14;10;0
49755;2378;466;10;14;10;0
49756;2366;466;10;14;10;0
49757;2078;466;10;14;10;0
49758;2474;466;10;14;10;0
49759;2066;466;10;14;10;0
49760;1910;466;10;14;10;0
49761;1742;466;10;14;10;0
49762;1730;466;10;14;10;0
49763;1718;466;10;14;10;0
49764;1706;466;10;14;10;0
49765;1694;466;10;14;10;0
49766;1682;466;10;14;10;0
49767;1670;466;10;14;10;0
49768;1658;466;10;14;10;0
49769;1646;466;10;14;10;0
49770;1634;466;10;14;10;0
49771;1622;466;10;14;10;0
49772;1610;466;10;14;10;0
49773;1598;466;10;14;10;0
49774;1586;466;10;14;10;0
49775;1574;466;10;14;10;0
49776;1562;466;10;14;10;0
49777;1550;466;10;14;10;0
49778;1538;466;10;14;10;0
49779;1526;466;10;14;10;0
49780;1754;466;10;14;10;0
49781;1766;466;10;14;10;0
49782;1778;466;10;14;10;0
49783;1790;466;10;14;10;0
49784;2030;466;10;14;10;0
49785;2018;466;10;14;10;0
49786;2006;466;10;14;10;0
49787;1994;466;10;14;10;0
49788;1982;466;10;14;10;0
49789;1970;466;10;14;10;0
49790;1958;466;10;14;10;0
49791;1946;466;10;14;10;0
49792;1934;466;10;14;10;0
49793;2042;466;10;14;10;0
49794;1922;466;10;14;10;0
49795;1898;466;10;14;10;0
49796;1886;466;10;14;10;0
49797;1874;466;10;14;10;0
49798;1862;466;10;14;10;0
49799;1850;466;10;14;10;0
49800;1838;466;10;14;10;0
49801;1826;466;10;14;10;0
49802;1814;466;10;14;10;0
49803;1802;466;10;14;10;0
49804;386;466;10;14;10;0
49805;1490;466;10;14;10;0
49806;374;466;10;14;10;0
49807;3326;450;10;14;10;0
49808;3014;450;10;14;10;0
49809;3002;450;10;14;10;0
49810;2990;450;10;14;10;0
49811;2978;450;10;14;10;0
49812;2966;450;10;14;10;0
49813;2954;450;10;14;10;0
49814;2942;450;10;14;10;0
49815;2930;450;10;14;10;0
49816;2918;450;10;14;10;0
49817;2906;450;10;14;10;0
49818;2894;450;10;14;10;0
49819;2882;450;10;14;10;0
49820;2870;450;10;14;10;0
49821;2858;450;10;14;10;0
49822;2846;450;10;14;10;0
49823;2834;450;10;14;10;0
49824;2822;450;10;14;10;0
49825;2810;450;10;14;10;0
49826;2798;450;10;14;10;0
49827;3026;450;10;14;10;0
49828;3038;450;10;14;10;0
49829;3050;450;10;14;10;0
49830;3062;450;10;14;10;0
49831;3302;450;10;14;10;0
49832;3290;450;10;14;10;0
49833;3278;450;10;14;10;0
49834;3266;450;10;14;10;0
49835;3254;450;10;14;10;0
49836;3242;450;10;14;10;0
49837;3230;450;10;14;10;0
49838;3218;450;10;14;10;0
49839;3206;450;10;14;10;0
49840;3314;450;10;14;10;0
49841;3194;450;10;14;10;0
49842;3170;450;10;14;10;0
49843;3158;450;10;14;10;0
49844;3146;450;10;14;10;0
49845;3134;450;10;14;10;0
49846;3122;450;10;14;10;0
49847;3110;450;10;14;10;0
49848;3098;450;10;14;10;0
49849;3086;450;10;14;10;0
49850;3074;450;10;14;10;0
49851;2786;450;10;14;10;0
49852;3182;450;10;14;10;0
49853;2774;450;10;14;10;0
49854;2618;450;10;14;10;0
49855;2450;450;10;14;10;0
49856;2438;450;10;14;10;0
49857;2426;450;10;14;10;0
49858;2414;450;10;14;10;0
49859;2402;450;10;14;10;0
49860;2390;450;10;14;10;0
49861;2378;450;10;14;10;0
49862;2366;450;10;14;10;0
49863;2354;450;10;14;10;0
49864;2342;450;10;14;10;0
49865;2330;450;10;14;10;0
49866;2318;450;10;14;10;0
49867;2306;450;10;14;10;0
49868;2294;450;10;14;10;0
49869;2282;450;10;14;10;0
49870;2270;450;10;14;10;0
49871;2258;450;10;14;10;0
49872;2246;450;10;14;10;0
49873;2234;450;10;14;10;0
49874;2462;450;10;14;10;0
49875;2474;450;10;14;10;0
49876;2486;450;10;14;10;0
49877;2498;450;10;14;10;0
49878;2738;450;10;14;10;0
49879;2726;450;10;14;10;0
49880;2714;450;10;14;10;0
49881;2702;450;10;14;10;0
49882;2690;450;10;14;10;0
49883;2678;450;10;14;10;0
49884;2666;450;10;14;10;0
49885;2654;450;10;14;10;0
49886;2642;450;10;14;10;0
49887;2750;450;10;14;10;0
49888;2630;450;10;14;10;0
49889;2606;450;10;14;10;0
49890;2594;450;10;14;10;0
49891;2582;450;10;14;10;0
49892;2570;450;10;14;10;0
49893;2558;450;10;14;10;0
49894;2546;450;10;14;10;0
49895;2534;450;10;14;10;0
49896;2522;450;10;14;10;0
49897;2510;450;10;14;10;0
49898;2762;450;10;14;10;0
49899;3338;450;10;14;10;0
49900;3890;450;10;14;10;0
49901;3350;450;10;14;10;0
49902;50;466;10;14;10;0
49903;38;466;10;14;10;0
49904;26;466;10;14;10;0
49905;14;466;10;14;10;0
49906;2;466;10;14;10;0
49907;4082;450;10;14;10;0
49908;4070;450;10;14;10;0
49909;4058;450;10;14;10;0
49910;4046;450;10;14;10;0
49911;4034;450;10;14;10;0
49912;4022;450;10;14;10;0
49913;4010;450;10;14;10;0
49914;3998;450;10;14;10;0
49915;3986;450;10;14;10;0
49916;3974;450;10;14;10;0
49917;3962;450;10;14;10;0
49918;3950;450;10;14;10;0
49919;3938;450;10;14;10;0
49920;3926;450;10;14;10;0
49921;62;466;10;14;10;0
49922;74;466;10;14;10;0
49923;86;466;10;14;10;0
49924;98;466;10;14;10;0
49925;338;466;10;14;10;0
49926;326;466;10;14;10;0
49927;314;466;10;14;10;0
49928;302;466;10;14;10;0
49929;290;466;10;14;10;0
49930;278;466;10;14;10;0
49931;266;466;10;14;10;0
49932;254;466;10;14;10;0
49933;242;466;10;14;10;0
49934;350;466;10;14;10;0
49935;230;466;10;14;10;0
49936;206;466;10;14;10;0
49937;194;466;10;14;10;0
49938;182;466;10;14;10;0
49939;170;466;10;14;10;0
49940;158;466;10;14;10;0
49941;146;466;10;14;10;0
49942;134;466;10;14;10;0
49943;122;466;10;14;10;0
49944;110;466;10;14;10;0
49945;3914;450;10;14;10;0
49946;218;466;10;14;10;0
49947;3902;450;10;14;10;0
49948;3746;450;10;14;10;0
49949;3578;450;10;14;10;0
49950;3566;450;10;14;10;0
49951;3554;450;10;14;10;0
49952;3542;450;10;14;10;0
49953;3530;450;10;14;10;0
49954;3518;450;10;14;10;0
49955;3506;450;10;14;10;0
49956;3494;450;10;14;10;0
49957;3482;450;10;14;10;0
49958;3470;450;10;14;10;0
49959;3458;450;10;14;10;0
49960;3446;450;10;14;10;0
49961;3434;450;10;14;10;0
49962;3422;450;10;14;10;0
49963;3410;450;10;14;10;0
49964;3398;450;10;14;10;0
49965;3386;450;10;14;10;0
49966;3374;450;10;14;10;0
49967;3362;450;10;14;10;0
49968;3590;450;10;14;10;0
49969;3602;450;10;14;10;0
49970;3614;450;10;14;10;0
49971;3626;450;10;14;10;0
49972;3866;450;10;14;10;0
49973;3854;450;10;14;10;0
49974;3842;450;10;14;10;0
49975;3830;450;10;14;10;0
49976;3818;450;10;14;10;0
49977;3806;450;10;14;10;0
49978;3794;450;10;14;10;0
49979;3782;450;10;14;10;0
49980;3770;450;10;14;10;0
49981;3878;450;10;14;10;0
49982;3758;450;10;14;10;0
49983;3734;450;10;14;10;0
49984;3722;450;10;14;10;0
49985;3710;450;10;14;10;0
49986;3698;450;10;14;10;0
49987;3686;450;10;14;10;0
49988;3674;450;10;14;10;0
49989;3662;450;10;14;10;0
49990;3650;450;10;14;10;0
49991;3638;450;10;14;10;0
49992;362;466;10;14;10;0
49993;2630;466;10;14;10;0
49994;782;482;10;14;10;0
49995;2642;466;10;14;10;0
49996;1598;482;10;14;10;0
49997;1586;482;10;14;10;0
49998;1574;482;10;14;10;0
49999;1562;482;10;14;10;0
50000;1550;482;10;14;10;0
50001;1538;482;10;14;10;0
50002;1526;482;10;14;10;0
50003;1514;482;10;14;10;0
50004;1502;482;10;14;10;0
50005;1490;482;10;14;10;0
50006;1478;482;10;14;10;0
50007;1466;482;10;14;10;0
50008;1454;482;10;14;10;0
50009;1442;482;10;14;10;0
50010;1430;482;10;14;10;0
50011;1418;482;10;14;10;0
50012;1406;482;10;14;10;0
50013;1394;482;10;14;10;0
50014;1382;482;10;14;10;0
50015;1610;482;10;14;10;0
50016;1622;482;10;14;10;0
50017;1634;482;10;14;10;0
50018;1646;482;10;14;10;0
50019;1886;482;10;14;10;0
50020;1874;482;10;14;10;0
50021;1862;482;10;14;10;0
50022;1850;482;10;14;10;0
50023;1838;482;10;14;10;0
50024;1826;482;10;14;10;0
50025;1814;482;10;14;10;0
50026;1802;482;10;14;10;0
50027;1790;482;10;14;10;0
50028;1898;482;10;14;10;0
50029;1778;482;10;14;10;0
50030;1754;482;10;14;10;0
50031;1742;482;10;14;10;0
50032;1730;482;10;14;10;0
50033;1718;482;10;14;10;0
50034;1706;482;10;14;10;0
50035;1694;482;10;14;10;0
50036;1682;482;10;14;10;0
50037;1670;482;10;14;10;0
50038;1658;482;10;14;10;0
50039;1370;482;10;14;10;0
50040;1766;482;10;14;10;0
50041;1358;482;10;14;10;0
50042;1202;482;10;14;10;0
50043;1034;482;10;14;10;0
50044;1022;482;10;14;10;0
50045;1010;482;10;14;10;0
50046;998;482;10;14;10;0
50047;986;482;10;14;10;0
50048;974;482;10;14;10;0
50049;962;482;10;14;10;0
50050;950;482;10;14;10;0
50051;938;482;10;14;10;0
50052;926;482;10;14;10;0
50053;914;482;10;14;10;0
50054;902;482;10;14;10;0
50055;890;482;10;14;10;0
50056;878;482;10;14;10;0
50057;866;482;10;14;10;0
50058;854;482;10;14;10;0
50059;842;482;10;14;10;0
50060;830;482;10;14;10;0
50061;818;482;10;14;10;0
50062;1046;482;10;14;10;0
50063;1058;482;10;14;10;0
50064;1070;482;10;14;10;0
50065;1082;482;10;14;10;0
50066;1322;482;10;14;10;0
50067;1310;482;10;14;10;0
50068;1298;482;10;14;10;0
50069;1286;482;10;14;10;0
50070;1274;482;10;14;10;0
50071;1262;482;10;14;10;0
50072;1250;482;10;14;10;0
50073;1238;482;10;14;10;0
50074;1226;482;10;14;10;0
50075;1334;482;10;14;10;0
50076;1214;482;10;14;10;0
50077;1190;482;10;14;10;0
50078;1178;482;10;14;10;0
50079;1166;482;10;14;10;0
50080;1154;482;10;14;10;0
50081;1142;482;10;14;10;0
50082;1130;482;10;14;10;0
50083;1118;482;10;14;10;0
50084;1106;482;10;14;10;0
50085;1094;482;10;14;10;0
50086;1346;482;10;14;10;0
50087;1922;482;10;14;10;0
50088;2474;482;10;14;10;0
50089;1934;482;10;14;10;0
50090;2726;482;10;14;10;0
50091;2714;482;10;14;10;0
50092;2702;482;10;14;10;0
50093;2690;482;10;14;10;0
50094;2678;482;10;14;10;0
50095;2666;482;10;14;10;0
50096;2654;482;10;14;10;0
50097;2642;482;10;14;10;0
50098;2630;482;10;14;10;0
50099;2618;482;10;14;10;0
50100;2606;482;10;14;10;0
50101;2594;482;10;14;10;0
50102;2582;482;10;14;10;0
50103;2570;482;10;14;10;0
50104;2558;482;10;14;10;0
50105;2546;482;10;14;10;0
50106;2534;482;10;14;10;0
50107;2522;482;10;14;10;0
50108;2510;482;10;14;10;0
50109;2738;482;10;14;10;0
50110;2750;482;10;14;10;0
50111;2762;482;10;14;10;0
50112;2774;482;10;14;10;0
50113;3014;482;10;14;10;0
50114;3002;482;10;14;10;0
50115;2990;482;10;14;10;0
50116;2978;482;10;14;10;0
50117;2966;482;10;14;10;0
50118;2954;482;10;14;10;0
50119;2942;482;10;14;10;0
50120;2930;482;10;14;10;0
50121;2918;482;10;14;10;0
50122;3026;482;10;14;10;0
50123;2906;482;10;14;10;0
50124;2882;482;10;14;10;0
50125;2870;482;10;14;10;0
50126;2858;482;10;14;10;0
50127;2846;482;10;14;10;0
50128;2834;482;10;14;10;0
50129;2822;482;10;14;10;0
50130;2810;482;10;14;10;0
50131;2798;482;10;14;10;0
50132;2786;482;10;14;10;0
50133;2498;482;10;14;10;0
50134;2894;482;10;14;10;0
50135;2486;482;10;14;10;0
50136;2330;482;10;14;10;0
50137;2162;482;10;14;10;0
50138;2150;482;10;14;10;0
50139;2138;482;10;14;10;0
50140;2126;482;10;14;10;0
50141;2114;482;10;14;10;0
50142;2102;482;10;14;10;0
50143;2090;482;10;14;10;0
50144;2078;482;10;14;10;0
50145;2066;482;10;14;10;0
50146;2054;482;10;14;10;0
50147;2042;482;10;14;10;0
50148;2030;482;10;14;10;0
50149;2018;482;10;14;10;0
50150;2006;482;10;14;10;0
50151;1994;482;10;14;10;0
50152;1982;482;10;14;10;0
50153;1970;482;10;14;10;0
50154;1958;482;10;14;10;0
50155;1946;482;10;14;10;0
50156;2174;482;10;14;10;0
50157;2186;482;10;14;10;0
50158;2198;482;10;14;10;0
50159;2210;482;10;14;10;0
50160;2450;482;10;14;10;0
50161;2438;482;10;14;10;0
50162;2426;482;10;14;10;0
50163;2414;482;10;14;10;0
50164;2402;482;10;14;10;0
50165;2390;482;10;14;10;0
50166;2378;482;10;14;10;0
50167;2366;482;10;14;10;0
50168;2354;482;10;14;10;0
50169;2462;482;10;14;10;0
50170;2342;482;10;14;10;0
50171;2318;482;10;14;10;0
50172;2306;482;10;14;10;0
50173;2294;482;10;14;10;0
50174;2282;482;10;14;10;0
50175;2270;482;10;14;10;0
50176;2258;482;10;14;10;0
50177;2246;482;10;14;10;0
50178;2234;482;10;14;10;0
50179;2222;482;10;14;10;0
50180;806;482;10;14;10;0
50181;1910;482;10;14;10;0
50182;794;482;10;14;10;0
50183;3746;466;10;14;10;0
50184;3434;466;10;14;10;0
50185;3422;466;10;14;10;0
50186;3410;466;10;14;10;0
50187;3398;466;10;14;10;0
50188;3386;466;10;14;10;0
50189;3374;466;10;14;10;0
50190;3362;466;10;14;10;0
50191;3350;466;10;14;10;0
50192;3338;466;10;14;10;0
50193;3326;466;10;14;10;0
50194;3314;466;10;14;10;0
50195;3302;466;10;14;10;0
50196;3290;466;10;14;10;0
50197;3278;466;10;14;10;0
50198;3266;466;10;14;10;0
50199;3254;466;10;14;10;0
50200;3242;466;10;14;10;0
50201;3230;466;10;14;10;0
50202;3218;466;10;14;10;0
50203;3446;466;10;14;10;0
50204;3458;466;10;14;10;0
50205;3470;466;10;14;10;0
50206;3482;466;10;14;10;0
50207;3722;466;10;14;10;0
50208;3710;466;10;14;10;0
50209;3698;466;10;14;10;0
50210;3686;466;10;14;10;0
50211;3674;466;10;14;10;0
50212;3662;466;10;14;10;0
50213;3650;466;10;14;10;0
50214;3638;466;10;14;10;0
50215;3626;466;10;14;10;0
50216;3734;466;10;14;10;0
50217;3614;466;10;14;10;0
50218;3590;466;10;14;10;0
50219;3578;466;10;14;10;0
50220;3566;466;10;14;10;0
50221;3554;466;10;14;10;0
50222;3542;466;10;14;10;0
50223;3530;466;10;14;10;0
50224;3518;466;10;14;10;0
50225;3506;466;10;14;10;0
50226;3494;466;10;14;10;0
50227;3206;466;10;14;10;0
50228;3602;466;10;14;10;0
50229;3194;466;10;14;10;0
50230;3038;466;10;14;10;0
50231;2870;466;10;14;10;0
50232;2858;466;10;14;10;0
50233;2846;466;10;14;10;0
50234;2834;466;10;14;10;0
50235;2822;466;10;14;10;0
50236;2810;466;10;14;10;0
50237;2798;466;10;14;10;0
50238;2786;466;10;14;10;0
50239;2774;466;10;14;10;0
50240;2762;466;10;14;10;0
50241;2750;466;10;14;10;0
50242;2738;466;10;14;10;0
50243;2726;466;10;14;10;0
50244;2714;466;10;14;10;0
50245;2702;466;10;14;10;0
50246;2690;466;10;14;10;0
50247;2678;466;10;14;10;0
50248;2666;466;10;14;10;0
50249;2654;466;10;14;10;0
50250;2882;466;10;14;10;0
50251;2894;466;10;14;10;0
50252;2906;466;10;14;10;0
50253;2918;466;10;14;10;0
50254;3158;466;10;14;10;0
50255;3146;466;10;14;10;0
50256;3134;466;10;14;10;0
50257;3122;466;10;14;10;0
50258;3110;466;10;14;10;0
50259;3098;466;10;14;10;0
50260;3086;466;10;14;10;0
50261;3074;466;10;14;10;0
50262;3062;466;10;14;10;0
50263;3170;466;10;14;10;0
50264;3050;466;10;14;10;0
50265;3026;466;10;14;10;0
50266;3014;466;10;14;10;0
50267;3002;466;10;14;10;0
50268;2990;466;10;14;10;0
50269;2978;466;10;14;10;0
50270;2966;466;10;14;10;0
50271;2954;466;10;14;10;0
50272;2942;466;10;14;10;0
50273;2930;466;10;14;10;0
50274;3182;466;10;14;10;0
50275;3758;466;10;14;10;0
50276;218;482;10;14;10;0
50277;3770;466;10;14;10;0
50278;470;482;10;14;10;0
50279;458;482;10;14;10;0
50280;446;482;10;14;10;0
50281;434;482;10;14;10;0
50282;422;482;10;14;10;0
50283;410;482;10;14;10;0
50284;398;482;10;14;10;0
50285;386;482;10;14;10;0
50286;374;482;10;14;10;0
50287;362;482;10;14;10;0
50288;350;482;10;14;10;0
50289;338;482;10;14;10;0
50290;326;482;10;14;10;0
50291;314;482;10;14;10;0
50292;302;482;10;14;10;0
50293;290;482;10;14;10;0
50294;278;482;10;14;10;0
50295;266;482;10;14;10;0
50296;254;482;10;14;10;0
50297;482;482;10;14;10;0
50298;494;482;10;14;10;0
50299;506;482;10;14;10;0
50300;518;482;10;14;10;0
50301;758;482;10;14;10;0
50302;746;482;10;14;10;0
50303;734;482;10;14;10;0
50304;722;482;10;14;10;0
50305;710;482;10;14;10;0
50306;698;482;10;14;10;0
50307;686;482;10;14;10;0
50308;674;482;10;14;10;0
50309;662;482;10;14;10;0
50310;770;482;10;14;10;0
50311;650;482;10;14;10;0
50312;626;482;10;14;10;0
50313;614;482;10;14;10;0
50314;602;482;10;14;10;0
50315;590;482;10;14;10;0
50316;578;482;10;14;10;0
50317;566;482;10;14;10;0
50318;554;482;10;14;10;0
50319;542;482;10;14;10;0
50320;530;482;10;14;10;0
50321;242;482;10;14;10;0
50322;638;482;10;14;10;0
50323;230;482;10;14;10;0
50324;74;482;10;14;10;0
50325;3998;466;10;14;10;0
50326;3986;466;10;14;10;0
50327;3974;466;10;14;10;0
50328;3962;466;10;14;10;0
50329;3950;466;10;14;10;0
50330;3938;466;10;14;10;0
50331;3926;466;10;14;10;0
50332;3914;466;10;14;10;0
50333;3902;466;10;14;10;0
50334;3890;466;10;14;10;0
50335;3878;466;10;14;10;0
50336;3866;466;10;14;10;0
50337;3854;466;10;14;10;0
50338;3842;466;10;14;10;0
50339;3830;466;10;14;10;0
50340;3818;466;10;14;10;0
50341;3806;466;10;14;10;0
50342;3794;466;10;14;10;0
50343;3782;466;10;14;10;0
50344;4010;466;10;14;10;0
50345;4022;466;10;14;10;0
50346;4034;466;10;14;10;0
50347;4046;466;10;14;10;0
50348;194;482;10;14;10;0
50349;182;482;10;14;10;0
50350;170;482;10;14;10;0
50351;158;482;10;14;10;0
50352;146;482;10;14;10;0
50353;134;482;10;14;10;0
50354;122;482;10;14;10;0
50355;110;482;10;14;10;0
50356;98;482;10;14;10;0
50357;206;482;10;14;10;0
50358;86;482;10;14;10;0
50359;62;482;10;14;10;0
50360;50;482;10;14;10;0
50361;38;482;10;14;10;0
50362;26;482;10;14;10;0
50363;14;482;10;14;10;0
50364;2;482;10;14;10;0
50365;4082;466;10;14;10;0
50366;4070;466;10;14;10;0
50367;4058;466;10;14;10;0
50368;2222;450;10;14;10;0
50369;2210;450;10;14;10;0
50370;2198;450;10;14;10;0
50371;4034;434;10;14;10;0
50372;338;434;10;14;10;0
50373;326;434;10;14;10;0
50374;314;434;10;14;10;0
50375;302;434;10;14;10;0
50376;290;434;10;14;10;0
50377;278;434;10;14;10;0
50378;266;434;10;14;10;0
50379;254;434;10;14;10;0
50380;242;434;10;14;10;0
50381;230;434;10;14;10;0
50382;218;434;10;14;10;0
50383;206;434;10;14;10;0
50384;194;434;10;14;10;0
50385;182;434;10;14;10;0
50386;170;434;10;14;10;0
50387;158;434;10;14;10;0
50388;146;434;10;14;10;0
50389;134;434;10;14;10;0
50390;122;434;10;14;10;0
50391;350;434;10;14;10;0
50392;362;434;10;14;10;0
50393;374;434;10;14;10;0
50394;386;434;10;14;10;0
50395;626;434;10;14;10;0
50396;614;434;10;14;10;0
50397;602;434;10;14;10;0
50398;590;434;10;14;10;0
50399;578;434;10;14;10;0
50400;566;434;10;14;10;0
50401;554;434;10;14;10;0
50402;542;434;10;14;10;0
50403;530;434;10;14;10;0
50404;638;434;10;14;10;0
50405;518;434;10;14;10;0
50406;494;434;10;14;10;0
50407;482;434;10;14;10;0
50408;470;434;10;14;10;0
50409;458;434;10;14;10;0
50410;446;434;10;14;10;0
50411;434;434;10;14;10;0
50412;422;434;10;14;10;0
50413;410;434;10;14;10;0
50414;398;434;10;14;10;0
50415;110;434;10;14;10;0
50416;506;434;10;14;10;0
50417;98;434;10;14;10;0
50418;4034;418;10;14;10;0
50419;3866;418;10;14;10;0
50420;3854;418;10;14;10;0
50421;3842;418;10;14;10;0
50422;3830;418;10;14;10;0
50423;3818;418;10;14;10;0
50424;3806;418;10;14;10;0
50425;3794;418;10;14;10;0
50426;3782;418;10;14;10;0
50427;3770;418;10;14;10;0
50428;3758;418;10;14;10;0
50429;3746;418;10;14;10;0
50430;3734;418;10;14;10;0
50431;3722;418;10;14;10;0
50432;3710;418;10;14;10;0
50433;3698;418;10;14;10;0
50434;3686;418;10;14;10;0
50435;3674;418;10;14;10;0
50436;3662;418;10;14;10;0
50437;3650;418;10;14;10;0
50438;3878;418;10;14;10;0
50439;3890;418;10;14;10;0
50440;3902;418;10;14;10;0
50441;3914;418;10;14;10;0
50442;62;434;10;14;10;0
50443;50;434;10;14;10;0
50444;38;434;10;14;10;0
50445;26;434;10;14;10;0
50446;14;434;10;14;10;0
50447;2;434;10;14;10;0
50448;4082;418;10;14;10;0
50449;4070;418;10;14;10;0
50450;4058;418;10;14;10;0
50451;74;434;10;14;10;0
50452;4046;418;10;14;10;0
50453;4022;418;10;14;10;0
50454;4010;418;10;14;10;0
50455;3998;418;10;14;10;0
50456;3986;418;10;14;10;0
50457;3974;418;10;14;10;0
50458;3962;418;10;14;10;0
50459;3950;418;10;14;10;0
50460;3938;418;10;14;10;0
50461;3926;418;10;14;10;0
50462;86;434;10;14;10;0
50463;662;434;10;14;10;0
50464;1214;434;10;14;10;0
50465;674;434;10;14;10;0
50466;1466;434;10;14;10;0
50467;1454;434;10;14;10;0
50468;1442;434;10;14;10;0
50469;1430;434;10;14;10;0
50470;1418;434;10;14;10;0
50471;1406;434;10;14;10;0
50472;1394;434;10;14;10;0
50473;1382;434;10;14;10;0
50474;1370;434;10;14;10;0
50475;1358;434;10;14;10;0
50476;1346;434;10;14;10;0
50477;1334;434;10;14;10;0
50478;1322;434;10;14;10;0
50479;1310;434;10;14;10;0
50480;1298;434;10;14;10;0
50481;1286;434;10;14;10;0
50482;1274;434;10;14;10;0
50483;1262;434;10;14;10;0
50484;1250;434;10;14;10;0
50485;1478;434;10;14;10;0
50486;1490;434;10;14;10;0
50487;1502;434;10;14;10;0
50488;1514;434;10;14;10;0
50489;1754;434;10;14;10;0
50490;1742;434;10;14;10;0
50491;1730;434;10;14;10;0
50492;1718;434;10;14;10;0
50493;1706;434;10;14;10;0
50494;1694;434;10;14;10;0
50495;1682;434;10;14;10;0
50496;1670;434;10;14;10;0
50497;1658;434;10;14;10;0
50498;1766;434;10;14;10;0
50499;1646;434;10;14;10;0
50500;1622;434;10;14;10;0
50501;1610;434;10;14;10;0
50502;1598;434;10;14;10;0
50503;1586;434;10;14;10;0
50504;1574;434;10;14;10;0
50505;1562;434;10;14;10;0
50506;1550;434;10;14;10;0
50507;1538;434;10;14;10;0
50508;1526;434;10;14;10;0
50509;1238;434;10;14;10;0
50510;1634;434;10;14;10;0
50511;1226;434;10;14;10;0
50512;1070;434;10;14;10;0
50513;902;434;10;14;10;0
50514;890;434;10;14;10;0
50515;878;434;10;14;10;0
50516;866;434;10;14;10;0
50517;854;434;10;14;10;0
50518;842;434;10;14;10;0
50519;830;434;10;14;10;0
50520;818;434;10;14;10;0
50521;806;434;10;14;10;0
50522;794;434;10;14;10;0
50523;782;434;10;14;10;0
50524;770;434;10;14;10;0
50525;758;434;10;14;10;0
50526;746;434;10;14;10;0
50527;734;434;10;14;10;0
50528;722;434;10;14;10;0
50529;710;434;10;14;10;0
50530;698;434;10;14;10;0
50531;686;434;10;14;10;0
50532;914;434;10;14;10;0
50533;926;434;10;14;10;0
50534;938;434;10;14;10;0
50535;950;434;10;14;10;0
50536;1190;434;10;14;10;0
50537;1178;434;10;14;10;0
50538;1166;434;10;14;10;0
50539;1154;434;10;14;10;0
50540;1142;434;10;14;10;0
50541;1130;434;10;14;10;0
50542;1118;434;10;14;10;0
50543;1106;434;10;14;10;0
50544;1094;434;10;14;10;0
50545;1202;434;10;14;10;0
50546;1082;434;10;14;10;0
50547;1058;434;10;14;10;0
50548;1046;434;10;14;10;0
50549;1034;434;10;14;10;0
50550;1022;434;10;14;10;0
50551;1010;434;10;14;10;0
50552;998;434;10;14;10;0
50553;986;434;10;14;10;0
50554;974;434;10;14;10;0
50555;962;434;10;14;10;0
50556;3638;418;10;14;10;0
50557;3626;418;10;14;10;0
50558;3614;418;10;14;10;0
50559;3050;418;10;14;10;0
50560;2174;418;10;14;10;0
50561;2162;418;10;14;10;0
50562;2150;418;10;14;10;0
50563;2138;418;10;14;10;0
50564;2126;418;10;14;10;0
50565;2114;418;10;14;10;0
50566;2102;418;10;14;10;0
50567;2090;418;10;14;10;0
50568;2078;418;10;14;10;0
50569;2066;418;10;14;10;0
50570;2054;418;10;14;10;0
50571;2042;418;10;14;10;0
50572;2030;418;10;14;10;0
50573;2018;418;10;14;10;0
50574;2006;418;10;14;10;0
50575;1994;418;10;14;10;0
50576;1982;418;10;14;10;0
50577;1970;418;10;14;10;0
50578;1958;418;10;14;10;0
50579;2186;418;10;14;10;0
50580;2198;418;10;14;10;0
50581;2210;418;10;14;10;0
50582;2222;418;10;14;10;0
50583;2462;418;10;14;10;0
50584;2450;418;10;14;10;0
50585;2438;418;10;14;10;0
50586;2426;418;10;14;10;0
50587;2414;418;10;14;10;0
50588;2402;418;10;14;10;0
50589;2390;418;10;14;10;0
50590;2378;418;10;14;10;0
50591;2366;418;10;14;10;0
50592;2474;418;10;14;10;0
50593;2354;418;10;14;10;0
50594;2330;418;10;14;10;0
50595;2318;418;10;14;10;0
50596;2306;418;10;14;10;0
50597;2294;418;10;14;10;0
50598;2282;418;10;14;10;0
50599;2270;418;10;14;10;0
50600;2258;418;10;14;10;0
50601;2246;418;10;14;10;0
50602;2234;418;10;14;10;0
50603;1946;418;10;14;10;0
50604;1934;418;10;14;10;0
50605;1922;418;10;14;10;0
50606;1646;418;10;14;10;0
50607;1622;418;10;14;10;0
50608;1610;418;10;14;10;0
50609;1598;418;10;14;10;0
50610;1586;418;10;14;10;0
50611;1574;418;10;14;10;0
50612;1562;418;10;14;10;0
50613;1550;418;10;14;10;0
50614;1538;418;10;14;10;0
50615;1526;418;10;14;10;0
50616;1514;418;10;14;10;0
50617;1502;418;10;14;10;0
50618;1490;418;10;14;10;0
50619;1478;418;10;14;10;0
50620;1466;418;10;14;10;0
50621;1454;418;10;14;10;0
50622;1442;418;10;14;10;0
50623;1430;418;10;14;10;0
50624;1418;418;10;14;10;0
50625;1406;418;10;14;10;0
50626;1634;418;10;14;10;0
50627;1658;418;10;14;10;0
50628;1910;418;10;14;10;0
50629;1670;418;10;14;10;0
50630;1898;418;10;14;10;0
50631;1886;418;10;14;10;0
50632;1874;418;10;14;10;0
50633;1862;418;10;14;10;0
50634;1850;418;10;14;10;0
50635;1838;418;10;14;10;0
50636;1826;418;10;14;10;0
50637;1814;418;10;14;10;0
50638;1802;418;10;14;10;0
50639;1790;418;10;14;10;0
50640;1778;418;10;14;10;0
50641;1766;418;10;14;10;0
50642;1754;418;10;14;10;0
50643;1742;418;10;14;10;0
50644;1730;418;10;14;10;0
50645;1718;418;10;14;10;0
50646;1706;418;10;14;10;0
50647;1694;418;10;14;10;0
50648;1682;418;10;14;10;0
50649;2342;418;10;14;10;0
50650;2486;418;10;14;10;0
50651;2498;418;10;14;10;0
50652;2510;418;10;14;10;0
50653;3302;418;10;14;10;0
50654;3290;418;10;14;10;0
50655;3278;418;10;14;10;0
50656;3266;418;10;14;10;0
50657;3254;418;10;14;10;0
50658;3242;418;10;14;10;0
50659;3230;418;10;14;10;0
50660;3218;418;10;14;10;0
50661;3206;418;10;14;10;0
50662;3194;418;10;14;10;0
50663;3182;418;10;14;10;0
50664;3170;418;10;14;10;0
50665;3158;418;10;14;10;0
50666;3146;418;10;14;10;0
50667;3134;418;10;14;10;0
50668;3122;418;10;14;10;0
50669;3110;418;10;14;10;0
50670;3098;418;10;14;10;0
50671;3086;418;10;14;10;0
50672;3314;418;10;14;10;0
50673;3326;418;10;14;10;0
50674;3338;418;10;14;10;0
50675;3350;418;10;14;10;0
50676;3590;418;10;14;10;0
50677;3578;418;10;14;10;0
50678;3566;418;10;14;10;0
50679;3554;418;10;14;10;0
50680;3542;418;10;14;10;0
50681;3530;418;10;14;10;0
50682;3518;418;10;14;10;0
50683;3506;418;10;14;10;0
50684;3494;418;10;14;10;0
50685;3602;418;10;14;10;0
50686;3482;418;10;14;10;0
50687;3458;418;10;14;10;0
50688;3446;418;10;14;10;0
50689;3434;418;10;14;10;0
50690;3422;418;10;14;10;0
50691;3410;418;10;14;10;0
50692;3398;418;10;14;10;0
50693;3386;418;10;14;10;0
50694;3374;418;10;14;10;0
50695;3362;418;10;14;10;0
50696;3074;418;10;14;10;0
50697;3470;418;10;14;10;0
50698;3062;418;10;14;10;0
50699;2906;418;10;14;10;0
50700;2738;418;10;14;10;0
50701;2726;418;10;14;10;0
50702;2714;418;10;14;10;0
50703;2702;418;10;14;10;0
50704;2690;418;10;14;10;0
50705;2678;418;10;14;10;0
50706;2666;418;10;14;10;0
50707;2654;418;10;14;10;0
50708;2642;418;10;14;10;0
50709;2630;418;10;14;10;0
50710;2618;418;10;14;10;0
50711;2606;418;10;14;10;0
50712;2594;418;10;14;10;0
50713;2582;418;10;14;10;0
50714;2570;418;10;14;10;0
50715;2558;418;10;14;10;0
50716;2546;418;10;14;10;0
50717;2534;418;10;14;10;0
50718;2522;418;10;14;10;0
50719;2750;418;10;14;10;0
50720;2762;418;10;14;10;0
50721;2774;418;10;14;10;0
50722;2786;418;10;14;10;0
50723;3026;418;10;14;10;0
50724;3014;418;10;14;10;0
50725;3002;418;10;14;10;0
50726;2990;418;10;14;10;0
50727;2978;418;10;14;10;0
50728;2966;418;10;14;10;0
50729;2954;418;10;14;10;0
50730;2942;418;10;14;10;0
50731;2930;418;10;14;10;0
50732;3038;418;10;14;10;0
50733;2918;418;10;14;10;0
50734;2894;418;10;14;10;0
50735;2882;418;10;14;10;0
50736;2870;418;10;14;10;0
50737;2858;418;10;14;10;0
50738;2846;418;10;14;10;0
50739;2834;418;10;14;10;0
50740;2822;418;10;14;10;0
50741;2810;418;10;14;10;0
50742;2798;418;10;14;10;0
50743;650;434;10;14;10;0
50744;1778;434;10;14;10;0
50745;1790;434;10;14;10;0
50746;1802;434;10;14;10;0
50747;758;450;10;14;10;0
50748;746;450;10;14;10;0
50749;734;450;10;14;10;0
50750;722;450;10;14;10;0
50751;710;450;10;14;10;0
50752;698;450;10;14;10;0
50753;686;450;10;14;10;0
50754;674;450;10;14;10;0
50755;662;450;10;14;10;0
50756;650;450;10;14;10;0
50757;638;450;10;14;10;0
50758;626;450;10;14;10;0
50759;614;450;10;14;10;0
50760;602;450;10;14;10;0
50761;590;450;10;14;10;0
50762;578;450;10;14;10;0
50763;566;450;10;14;10;0
50764;554;450;10;14;10;0
50765;542;450;10;14;10;0
50766;770;450;10;14;10;0
50767;782;450;10;14;10;0
50768;794;450;10;14;10;0
50769;806;450;10;14;10;0
50770;1046;450;10;14;10;0
50771;1034;450;10;14;10;0
50772;1022;450;10;14;10;0
50773;1010;450;10;14;10;0
50774;998;450;10;14;10;0
50775;986;450;10;14;10;0
50776;974;450;10;14;10;0
50777;962;450;10;14;10;0
50778;950;450;10;14;10;0
50779;1058;450;10;14;10;0
50780;938;450;10;14;10;0
50781;914;450;10;14;10;0
50782;902;450;10;14;10;0
50783;890;450;10;14;10;0
50784;878;450;10;14;10;0
50785;866;450;10;14;10;0
50786;854;450;10;14;10;0
50787;842;450;10;14;10;0
50788;830;450;10;14;10;0
50789;818;450;10;14;10;0
50790;530;450;10;14;10;0
50791;926;450;10;14;10;0
50792;518;450;10;14;10;0
50793;362;450;10;14;10;0
50794;194;450;10;14;10;0
50795;182;450;10;14;10;0
50796;170;450;10;14;10;0
50797;158;450;10;14;10;0
50798;146;450;10;14;10;0
50799;134;450;10;14;10;0
50800;122;450;10;14;10;0
50801;110;450;10;14;10;0
50802;98;450;10;14;10;0
50803;86;450;10;14;10;0
50804;74;450;10;14;10;0
50805;62;450;10;14;10;0
50806;50;450;10;14;10;0
50807;38;450;10;14;10;0
50808;26;450;10;14;10;0
50809;14;450;10;14;10;0
50810;2;450;10;14;10;0
50811;4082;434;10;14;10;0
50812;4070;434;10;14;10;0
50813;206;450;10;14;10;0
50814;218;450;10;14;10;0
50815;230;450;10;14;10;0
50816;242;450;10;14;10;0
50817;482;450;10;14;10;0
50818;470;450;10;14;10;0
50819;458;450;10;14;10;0
50820;446;450;10;14;10;0
50821;434;450;10;14;10;0
50822;422;450;10;14;10;0
50823;410;450;10;14;10;0
50824;398;450;10;14;10;0
50825;386;450;10;14;10;0
50826;494;450;10;14;10;0
50827;374;450;10;14;10;0
50828;350;450;10;14;10;0
50829;338;450;10;14;10;0
50830;326;450;10;14;10;0
50831;314;450;10;14;10;0
50832;302;450;10;14;10;0
50833;290;450;10;14;10;0
50834;278;450;10;14;10;0
50835;266;450;10;14;10;0
50836;254;450;10;14;10;0
50837;506;450;10;14;10;0
50838;1082;450;10;14;10;0
50839;1634;450;10;14;10;0
50840;1094;450;10;14;10;0
50841;1886;450;10;14;10;0
50842;1874;450;10;14;10;0
50843;1862;450;10;14;10;0
50844;1850;450;10;14;10;0
50845;1838;450;10;14;10;0
50846;1826;450;10;14;10;0
50847;1814;450;10;14;10;0
50848;1802;450;10;14;10;0
50849;1790;450;10;14;10;0
50850;1778;450;10;14;10;0
50851;1766;450;10;14;10;0
50852;1754;450;10;14;10;0
50853;1742;450;10;14;10;0
50854;1730;450;10;14;10;0
50855;1718;450;10;14;10;0
50856;1706;450;10;14;10;0
50857;1694;450;10;14;10;0
50858;1682;450;10;14;10;0
50859;1670;450;10;14;10;0
50860;1898;450;10;14;10;0
50861;1910;450;10;14;10;0
50862;1922;450;10;14;10;0
50863;1934;450;10;14;10;0
50864;2174;450;10;14;10;0
50865;2162;450;10;14;10;0
50866;2150;450;10;14;10;0
50867;2138;450;10;14;10;0
50868;2126;450;10;14;10;0
50869;2114;450;10;14;10;0
50870;2102;450;10;14;10;0
50871;2090;450;10;14;10;0
50872;2078;450;10;14;10;0
50873;2186;450;10;14;10;0
50874;2066;450;10;14;10;0
50875;2042;450;10;14;10;0
50876;2030;450;10;14;10;0
50877;2018;450;10;14;10;0
50878;2006;450;10;14;10;0
50879;1994;450;10;14;10;0
50880;1982;450;10;14;10;0
50881;1970;450;10;14;10;0
50882;1958;450;10;14;10;0
50883;1946;450;10;14;10;0
50884;1658;450;10;14;10;0
50885;2054;450;10;14;10;0
50886;1646;450;10;14;10;0
50887;1490;450;10;14;10;0
50888;1322;450;10;14;10;0
50889;1310;450;10;14;10;0
50890;1298;450;10;14;10;0
50891;1286;450;10;14;10;0
50892;1274;450;10;14;10;0
50893;1262;450;10;14;10;0
50894;1250;450;10;14;10;0
50895;1238;450;10;14;10;0
50896;1226;450;10;14;10;0
50897;1214;450;10;14;10;0
50898;1202;450;10;14;10;0
50899;1190;450;10;14;10;0
50900;1178;450;10;14;10;0
50901;1166;450;10;14;10;0
50902;1154;450;10;14;10;0
50903;1142;450;10;14;10;0
50904;1130;450;10;14;10;0
50905;1118;450;10;14;10;0
50906;1106;450;10;14;10;0
50907;1334;450;10;14;10;0
50908;1346;450;10;14;10;0
50909;1358;450;10;14;10;0
50910;1370;450;10;14;10;0
50911;1610;450;10;14;10;0
50912;1598;450;10;14;10;0
50913;1586;450;10;14;10;0
50914;1574;450;10;14;10;0
50915;1562;450;10;14;10;0
50916;1550;450;10;14;10;0
50917;1538;450;10;14;10;0
50918;1526;450;10;14;10;0
50919;1514;450;10;14;10;0
50920;1622;450;10;14;10;0
50921;1502;450;10;14;10;0
50922;1478;450;10;14;10;0
50923;1466;450;10;14;10;0
50924;1454;450;10;14;10;0
50925;1442;450;10;14;10;0
50926;1430;450;10;14;10;0
50927;1418;450;10;14;10;0
50928;1406;450;10;14;10;0
50929;1394;450;10;14;10;0
50930;1382;450;10;14;10;0
50931;4058;434;10;14;10;0
50932;1070;450;10;14;10;0
50933;4046;434;10;14;10;0
50934;2906;434;10;14;10;0
50935;2594;434;10;14;10;0
50936;2582;434;10;14;10;0
50937;2570;434;10;14;10;0
50938;2558;434;10;14;10;0
50939;2546;434;10;14;10;0
50940;2534;434;10;14;10;0
50941;2522;434;10;14;10;0
50942;2510;434;10;14;10;0
50943;2498;434;10;14;10;0
50944;2486;434;10;14;10;0
50945;2474;434;10;14;10;0
50946;2462;434;10;14;10;0
50947;2450;434;10;14;10;0
50948;2438;434;10;14;10;0
50949;2426;434;10;14;10;0
50950;2414;434;10;14;10;0
50951;2402;434;10;14;10;0
50952;2390;434;10;14;10;0
50953;2378;434;10;14;10;0
50954;2606;434;10;14;10;0
50955;2618;434;10;14;10;0
50956;2630;434;10;14;10;0
50957;2642;434;10;14;10;0
50958;2882;434;10;14;10;0
50959;2870;434;10;14;10;0
50960;2858;434;10;14;10;0
50961;2846;434;10;14;10;0
50962;2834;434;10;14;10;0
50963;2822;434;10;14;10;0
50964;2810;434;10;14;10;0
50965;2798;434;10;14;10;0
50966;2786;434;10;14;10;0
50967;2894;434;10;14;10;0
50968;2774;434;10;14;10;0
50969;2750;434;10;14;10;0
50970;2738;434;10;14;10;0
50971;2726;434;10;14;10;0
50972;2714;434;10;14;10;0
50973;2702;434;10;14;10;0
50974;2690;434;10;14;10;0
50975;2678;434;10;14;10;0
50976;2666;434;10;14;10;0
50977;2654;434;10;14;10;0
50978;2366;434;10;14;10;0
50979;2762;434;10;14;10;0
50980;2354;434;10;14;10;0
50981;2198;434;10;14;10;0
50982;2030;434;10;14;10;0
50983;2018;434;10;14;10;0
50984;2006;434;10;14;10;0
50985;1994;434;10;14;10;0
50986;1982;434;10;14;10;0
50987;1970;434;10;14;10;0
50988;1958;434;10;14;10;0
50989;1946;434;10;14;10;0
50990;1934;434;10;14;10;0
50991;1922;434;10;14;10;0
50992;1910;434;10;14;10;0
50993;1898;434;10;14;10;0
50994;1886;434;10;14;10;0
50995;1874;434;10;14;10;0
50996;1862;434;10;14;10;0
50997;1850;434;10;14;10;0
50998;1838;434;10;14;10;0
50999;1826;434;10;14;10;0
51000;1814;434;10;14;10;0
51001;2042;434;10;14;10;0
51002;2054;434;10;14;10;0
51003;2066;434;10;14;10;0
51004;2078;434;10;14;10;0
51005;2318;434;10;14;10;0
51006;2306;434;10;14;10;0
51007;2294;434;10;14;10;0
51008;2282;434;10;14;10;0
51009;2270;434;10;14;10;0
51010;2258;434;10;14;10;0
51011;2246;434;10;14;10;0
51012;2234;434;10;14;10;0
51013;2222;434;10;14;10;0
51014;2330;434;10;14;10;0
51015;2210;434;10;14;10;0
51016;2186;434;10;14;10;0
51017;2174;434;10;14;10;0
51018;2162;434;10;14;10;0
51019;2150;434;10;14;10;0
51020;2138;434;10;14;10;0
51021;2126;434;10;14;10;0
51022;2114;434;10;14;10;0
51023;2102;434;10;14;10;0
51024;2090;434;10;14;10;0
51025;2342;434;10;14;10;0
51026;2918;434;10;14;10;0
51027;3470;434;10;14;10;0
51028;2930;434;10;14;10;0
51029;3722;434;10;14;10;0
51030;3710;434;10;14;10;0
51031;3698;434;10;14;10;0
51032;3686;434;10;14;10;0
51033;3674;434;10;14;10;0
51034;3662;434;10;14;10;0
51035;3650;434;10;14;10;0
51036;3638;434;10;14;10;0
51037;3626;434;10;14;10;0
51038;3614;434;10;14;10;0
51039;3602;434;10;14;10;0
51040;3590;434;10;14;10;0
51041;3578;434;10;14;10;0
51042;3566;434;10;14;10;0
51043;3554;434;10;14;10;0
51044;3542;434;10;14;10;0
51045;3530;434;10;14;10;0
51046;3518;434;10;14;10;0
51047;3506;434;10;14;10;0
51048;3734;434;10;14;10;0
51049;3746;434;10;14;10;0
51050;3758;434;10;14;10;0
51051;3770;434;10;14;10;0
51052;4010;434;10;14;10;0
51053;3998;434;10;14;10;0
51054;3986;434;10;14;10;0
51055;3974;434;10;14;10;0
51056;3962;434;10;14;10;0
51057;3950;434;10;14;10;0
51058;3938;434;10;14;10;0
51059;3926;434;10;14;10;0
51060;3914;434;10;14;10;0
51061;4022;434;10;14;10;0
51062;3902;434;10;14;10;0
51063;3878;434;10;14;10;0
51064;3866;434;10;14;10;0
51065;3854;434;10;14;10;0
51066;3842;434;10;14;10;0
51067;3830;434;10;14;10;0
51068;3818;434;10;14;10;0
51069;3806;434;10;14;10;0
51070;3794;434;10;14;10;0
51071;3782;434;10;14;10;0
51072;3494;434;10;14;10;0
51073;3890;434;10;14;10;0
51074;3482;434;10;14;10;0
51075;3326;434;10;14;10;0
51076;3158;434;10;14;10;0
51077;3146;434;10;14;10;0
51078;3134;434;10;14;10;0
51079;3122;434;10;14;10;0
51080;3110;434;10;14;10;0
51081;3098;434;10;14;10;0
51082;3086;434;10;14;10;0
51083;3074;434;10;14;10;0
51084;3062;434;10;14;10;0
51085;3050;434;10;14;10;0
51086;3038;434;10;14;10;0
51087;3026;434;10;14;10;0
51088;3014;434;10;14;10;0
51089;3002;434;10;14;10;0
51090;2990;434;10;14;10;0
51091;2978;434;10;14;10;0
51092;2966;434;10;14;10;0
51093;2954;434;10;14;10;0
51094;2942;434;10;14;10;0
51095;3170;434;10;14;10;0
51096;3182;434;10;14;10;0
51097;3194;434;10;14;10;0
51098;3206;434;10;14;10;0
51099;3446;434;10;14;10;0
51100;3434;434;10;14;10;0
51101;3422;434;10;14;10;0
51102;3410;434;10;14;10;0
51103;3398;434;10;14;10;0
51104;3386;434;10;14;10;0
51105;3374;434;10;14;10;0
51106;3362;434;10;14;10;0
51107;3350;434;10;14;10;0
51108;3458;434;10;14;10;0
51109;3338;434;10;14;10;0
51110;3314;434;10;14;10;0
51111;3302;434;10;14;10;0
51112;3290;434;10;14;10;0
51113;3278;434;10;14;10;0
51114;3266;434;10;14;10;0
51115;3254;434;10;14;10;0
51116;3242;434;10;14;10;0
51117;3230;434;10;14;10;0
51118;3218;434;10;14;10;0
51119;2618;466;10;14;10;0
51120;3050;482;10;14;10;0
51121;194;546;10;14;10;0
51122;3062;482;10;14;10;0
51123;2846;530;10;14;10;0
51124;2834;530;10;14;10;0
51125;2822;530;10;14;10;0
51126;2810;530;10;14;10;0
51127;2798;530;10;14;10;0
51128;2786;530;10;14;10;0
51129;2774;530;10;14;10;0
51130;2762;530;10;14;10;0
51131;2750;530;10;14;10;0
51132;2738;530;10;14;10;0
51133;2726;530;10;14;10;0
51134;2714;530;10;14;10;0
51135;2702;530;10;14;10;0
51136;2690;530;10;14;10;0
51137;2678;530;10;14;10;0
51138;2666;530;10;14;10;0
51139;2654;530;10;14;10;0
51140;2642;530;10;14;10;0
51141;2630;530;10;14;10;0
51142;2858;530;10;14;10;0
51143;2870;530;10;14;10;0
51144;2882;530;10;14;10;0
51145;2894;530;10;14;10;0
51146;3134;530;10;14;10;0
51147;3122;530;10;14;10;0
51148;3110;530;10;14;10;0
51149;3098;530;10;14;10;0
51150;3086;530;10;14;10;0
51151;3074;530;10;14;10;0
51152;3062;530;10;14;10;0
51153;3050;530;10;14;10;0
51154;3038;530;10;14;10;0
51155;3146;530;10;14;10;0
51156;3026;530;10;14;10;0
51157;3002;530;10;14;10;0
51158;2990;530;10;14;10;0
51159;2978;530;10;14;10;0
51160;2966;530;10;14;10;0
51161;2954;530;10;14;10;0
51162;2942;530;10;14;10;0
51163;2930;530;10;14;10;0
51164;2918;530;10;14;10;0
51165;2906;530;10;14;10;0
51166;2618;530;10;14;10;0
51167;3014;530;10;14;10;0
51168;2606;530;10;14;10;0
51169;2450;530;10;14;10;0
51170;2282;530;10;14;10;0
51171;2270;530;10;14;10;0
51172;2258;530;10;14;10;0
51173;2246;530;10;14;10;0
51174;2234;530;10;14;10;0
51175;2222;530;10;14;10;0
51176;2210;530;10;14;10;0
51177;2198;530;10;14;10;0
51178;2186;530;10;14;10;0
51179;2174;530;10;14;10;0
51180;2162;530;10;14;10;0
51181;2150;530;10;14;10;0
51182;2138;530;10;14;10;0
51183;2126;530;10;14;10;0
51184;2114;530;10;14;10;0
51185;2102;530;10;14;10;0
51186;2090;530;10;14;10;0
51187;2078;530;10;14;10;0
51188;2066;530;10;14;10;0
51189;2294;530;10;14;10;0
51190;2306;530;10;14;10;0
51191;2318;530;10;14;10;0
51192;2330;530;10;14;10;0
51193;2570;530;10;14;10;0
51194;2558;530;10;14;10;0
51195;2546;530;10;14;10;0
51196;2534;530;10;14;10;0
51197;2522;530;10;14;10;0
51198;2510;530;10;14;10;0
51199;2498;530;10;14;10;0
51200;2486;530;10;14;10;0
51201;2474;530;10;14;10;0
51202;2582;530;10;14;10;0
51203;2462;530;10;14;10;0
51204;2438;530;10;14;10;0
51205;2426;530;10;14;10;0
51206;2414;530;10;14;10;0
51207;2402;530;10;14;10;0
51208;2390;530;10;14;10;0
51209;2378;530;10;14;10;0
51210;2366;530;10;14;10;0
51211;2354;530;10;14;10;0
51212;2342;530;10;14;10;0
51213;2594;530;10;14;10;0
51214;3170;530;10;14;10;0
51215;3722;530;10;14;10;0
51216;3182;530;10;14;10;0
51217;3974;530;10;14;10;0
51218;3962;530;10;14;10;0
51219;3950;530;10;14;10;0
51220;3938;530;10;14;10;0
51221;3926;530;10;14;10;0
51222;3914;530;10;14;10;0
51223;3902;530;10;14;10;0
51224;3890;530;10;14;10;0
51225;3878;530;10;14;10;0
51226;3866;530;10;14;10;0
51227;3854;530;10;14;10;0
51228;3842;530;10;14;10;0
51229;3830;530;10;14;10;0
51230;3818;530;10;14;10;0
51231;3806;530;10;14;10;0
51232;3794;530;10;14;10;0
51233;3782;530;10;14;10;0
51234;3770;530;10;14;10;0
51235;3758;530;10;14;10;0
51236;3986;530;10;14;10;0
51237;3998;530;10;14;10;0
51238;4010;530;10;14;10;0
51239;4022;530;10;14;10;0
51240;170;546;10;14;10;0
51241;158;546;10;14;10;0
51242;146;546;10;14;10;0
51243;134;546;10;14;10;0
51244;122;546;10;14;10;0
51245;110;546;10;14;10;0
51246;98;546;10;14;10;0
51247;86;546;10;14;10;0
51248;74;546;10;14;10;0
51249;182;546;10;14;10;0
51250;62;546;10;14;10;0
51251;38;546;10;14;10;0
51252;26;546;10;14;10;0
51253;14;546;10;14;10;0
51254;2;546;10;14;10;0
51255;4082;530;10;14;10;0
51256;4070;530;10;14;10;0
51257;4058;530;10;14;10;0
51258;4046;530;10;14;10;0
51259;4034;530;10;14;10;0
51260;3746;530;10;14;10;0
51261;50;546;10;14;10;0
51262;3734;530;10;14;10;0
51263;3578;530;10;14;10;0
51264;3410;530;10;14;10;0
51265;3398;530;10;14;10;0
51266;3386;530;10;14;10;0
51267;3374;530;10;14;10;0
51268;3362;530;10;14;10;0
51269;3350;530;10;14;10;0
51270;3338;530;10;14;10;0
51271;3326;530;10;14;10;0
51272;3314;530;10;14;10;0
51273;3302;530;10;14;10;0
51274;3290;530;10;14;10;0
51275;3278;530;10;14;10;0
51276;3266;530;10;14;10;0
51277;3254;530;10;14;10;0
51278;3242;530;10;14;10;0
51279;3230;530;10;14;10;0
51280;3218;530;10;14;10;0
51281;3206;530;10;14;10;0
51282;3194;530;10;14;10;0
51283;3422;530;10;14;10;0
51284;3434;530;10;14;10;0
51285;3446;530;10;14;10;0
51286;3458;530;10;14;10;0
51287;3698;530;10;14;10;0
51288;3686;530;10;14;10;0
51289;3674;530;10;14;10;0
51290;3662;530;10;14;10;0
51291;3650;530;10;14;10;0
51292;3638;530;10;14;10;0
51293;3626;530;10;14;10;0
51294;3614;530;10;14;10;0
51295;3602;530;10;14;10;0
51296;3710;530;10;14;10;0
51297;3590;530;10;14;10;0
51298;3566;530;10;14;10;0
51299;3554;530;10;14;10;0
51300;3542;530;10;14;10;0
51301;3530;530;10;14;10;0
51302;3518;530;10;14;10;0
51303;3506;530;10;14;10;0
51304;3494;530;10;14;10;0
51305;3482;530;10;14;10;0
51306;3470;530;10;14;10;0
51307;2054;530;10;14;10;0
51308;3158;530;10;14;10;0
51309;2042;530;10;14;10;0
51310;902;530;10;14;10;0
51311;590;530;10;14;10;0
51312;578;530;10;14;10;0
51313;566;530;10;14;10;0
51314;554;530;10;14;10;0
51315;542;530;10;14;10;0
51316;530;530;10;14;10;0
51317;518;530;10;14;10;0
51318;506;530;10;14;10;0
51319;494;530;10;14;10;0
51320;482;530;10;14;10;0
51321;470;530;10;14;10;0
51322;458;530;10;14;10;0
51323;446;530;10;14;10;0
51324;434;530;10;14;10;0
51325;422;530;10;14;10;0
51326;410;530;10;14;10;0
51327;398;530;10;14;10;0
51328;386;530;10;14;10;0
51329;374;530;10;14;10;0
51330;602;530;10;14;10;0
51331;614;530;10;14;10;0
51332;626;530;10;14;10;0
51333;638;530;10;14;10;0
51334;878;530;10;14;10;0
51335;866;530;10;14;10;0
51336;854;530;10;14;10;0
51337;842;530;10;14;10;0
51338;830;530;10;14;10;0
51339;818;530;10;14;10;0
51340;806;530;10;14;10;0
51341;794;530;10;14;10;0
51342;782;530;10;14;10;0
51343;890;530;10;14;10;0
51344;770;530;10;14;10;0
51345;746;530;10;14;10;0
51346;734;530;10;14;10;0
51347;722;530;10;14;10;0
51348;710;530;10;14;10;0
51349;698;530;10;14;10;0
51350;686;530;10;14;10;0
51351;674;530;10;14;10;0
51352;662;530;10;14;10;0
51353;650;530;10;14;10;0
51354;362;530;10;14;10;0
51355;758;530;10;14;10;0
51356;350;530;10;14;10;0
51357;194;530;10;14;10;0
51358;26;530;10;14;10;0
51359;14;530;10;14;10;0
51360;2;530;10;14;10;0
51361;4082;514;10;14;10;0
51362;4070;514;10;14;10;0
51363;4058;514;10;14;10;0
51364;4046;514;10;14;10;0
51365;4034;514;10;14;10;0
51366;4022;514;10;14;10;0
51367;4010;514;10;14;10;0
51368;3998;514;10;14;10;0
51369;3986;514;10;14;10;0
51370;3974;514;10;14;10;0
51371;3962;514;10;14;10;0
51372;3950;514;10;14;10;0
51373;3938;514;10;14;10;0
51374;3926;514;10;14;10;0
51375;3914;514;10;14;10;0
51376;3902;514;10;14;10;0
51377;38;530;10;14;10;0
51378;50;530;10;14;10;0
51379;62;530;10;14;10;0
51380;74;530;10;14;10;0
51381;314;530;10;14;10;0
51382;302;530;10;14;10;0
51383;290;530;10;14;10;0
51384;278;530;10;14;10;0
51385;266;530;10;14;10;0
51386;254;530;10;14;10;0
51387;242;530;10;14;10;0
51388;230;530;10;14;10;0
51389;218;530;10;14;10;0
51390;326;530;10;14;10;0
51391;206;530;10;14;10;0
51392;182;530;10;14;10;0
51393;170;530;10;14;10;0
51394;158;530;10;14;10;0
51395;146;530;10;14;10;0
51396;134;530;10;14;10;0
51397;122;530;10;14;10;0
51398;110;530;10;14;10;0
51399;98;530;10;14;10;0
51400;86;530;10;14;10;0
51401;338;530;10;14;10;0
51402;914;530;10;14;10;0
51403;1466;530;10;14;10;0
51404;926;530;10;14;10;0
51405;1718;530;10;14;10;0
51406;1706;530;10;14;10;0
51407;1694;530;10;14;10;0
51408;1682;530;10;14;10;0
51409;1670;530;10;14;10;0
51410;1658;530;10;14;10;0
51411;1646;530;10;14;10;0
51412;1634;530;10;14;10;0
51413;1622;530;10;14;10;0
51414;1610;530;10;14;10;0
51415;1598;530;10;14;10;0
51416;1586;530;10;14;10;0
51417;1574;530;10;14;10;0
51418;1562;530;10;14;10;0
51419;1550;530;10;14;10;0
51420;1538;530;10;14;10;0
51421;1526;530;10;14;10;0
51422;1514;530;10;14;10;0
51423;1502;530;10;14;10;0
51424;1730;530;10;14;10;0
51425;1742;530;10;14;10;0
51426;1754;530;10;14;10;0
51427;1766;530;10;14;10;0
51428;2006;530;10;14;10;0
51429;1994;530;10;14;10;0
51430;1982;530;10;14;10;0
51431;1970;530;10;14;10;0
51432;1958;530;10;14;10;0
51433;1946;530;10;14;10;0
51434;1934;530;10;14;10;0
51435;1922;530;10;14;10;0
51436;1910;530;10;14;10;0
51437;2018;530;10;14;10;0
51438;1898;530;10;14;10;0
51439;1874;530;10;14;10;0
51440;1862;530;10;14;10;0
51441;1850;530;10;14;10;0
51442;1838;530;10;14;10;0
51443;1826;530;10;14;10;0
51444;1814;530;10;14;10;0
51445;1802;530;10;14;10;0
51446;1790;530;10;14;10;0
51447;1778;530;10;14;10;0
51448;1490;530;10;14;10;0
51449;1886;530;10;14;10;0
51450;1478;530;10;14;10;0
51451;1322;530;10;14;10;0
51452;1154;530;10;14;10;0
51453;1142;530;10;14;10;0
51454;1130;530;10;14;10;0
51455;1118;530;10;14;10;0
51456;1106;530;10;14;10;0
51457;1094;530;10;14;10;0
51458;1082;530;10;14;10;0
51459;1070;530;10;14;10;0
51460;1058;530;10;14;10;0
51461;1046;530;10;14;10;0
51462;1034;530;10;14;10;0
51463;1022;530;10;14;10;0
51464;1010;530;10;14;10;0
51465;998;530;10;14;10;0
51466;986;530;10;14;10;0
51467;974;530;10;14;10;0
51468;962;530;10;14;10;0
51469;950;530;10;14;10;0
51470;938;530;10;14;10;0
51471;1166;530;10;14;10;0
51472;1178;530;10;14;10;0
51473;1190;530;10;14;10;0
51474;1202;530;10;14;10;0
51475;1442;530;10;14;10;0
51476;1430;530;10;14;10;0
51477;1418;530;10;14;10;0
51478;1406;530;10;14;10;0
51479;1394;530;10;14;10;0
51480;1382;530;10;14;10;0
51481;1370;530;10;14;10;0
51482;1358;530;10;14;10;0
51483;1346;530;10;14;10;0
51484;1454;530;10;14;10;0
51485;1334;530;10;14;10;0
51486;1310;530;10;14;10;0
51487;1298;530;10;14;10;0
51488;1286;530;10;14;10;0
51489;1274;530;10;14;10;0
51490;1262;530;10;14;10;0
51491;1250;530;10;14;10;0
51492;1238;530;10;14;10;0
51493;1226;530;10;14;10;0
51494;1214;530;10;14;10;0
51495;2030;530;10;14;10;0
51496;206;546;10;14;10;0
51497;2450;546;10;14;10;0
51498;218;546;10;14;10;0
51499;3266;546;10;14;10;0
51500;3254;546;10;14;10;0
51501;3242;546;10;14;10;0
51502;3230;546;10;14;10;0
51503;3218;546;10;14;10;0
51504;3206;546;10;14;10;0
51505;3194;546;10;14;10;0
51506;3182;546;10;14;10;0
51507;3170;546;10;14;10;0
51508;3158;546;10;14;10;0
51509;3146;546;10;14;10;0
51510;3134;546;10;14;10;0
51511;3122;546;10;14;10;0
51512;3110;546;10;14;10;0
51513;3098;546;10;14;10;0
51514;3086;546;10;14;10;0
51515;3074;546;10;14;10;0
51516;3062;546;10;14;10;0
51517;3050;546;10;14;10;0
51518;3278;546;10;14;10;0
51519;3290;546;10;14;10;0
51520;3302;546;10;14;10;0
51521;3314;546;10;14;10;0
51522;3554;546;10;14;10;0
51523;3542;546;10;14;10;0
51524;3530;546;10;14;10;0
51525;3518;546;10;14;10;0
51526;3506;546;10;14;10;0
51527;3494;546;10;14;10;0
51528;3482;546;10;14;10;0
51529;3470;546;10;14;10;0
51530;3458;546;10;14;10;0
51531;3566;546;10;14;10;0
51532;3446;546;10;14;10;0
51533;3422;546;10;14;10;0
51534;3410;546;10;14;10;0
51535;3398;546;10;14;10;0
51536;3386;546;10;14;10;0
51537;3374;546;10;14;10;0
51538;3362;546;10;14;10;0
51539;3350;546;10;14;10;0
51540;3338;546;10;14;10;0
51541;3326;546;10;14;10;0
51542;3038;546;10;14;10;0
51543;3434;546;10;14;10;0
51544;3026;546;10;14;10;0
51545;2870;546;10;14;10;0
51546;2702;546;10;14;10;0
51547;2690;546;10;14;10;0
51548;2678;546;10;14;10;0
51549;2666;546;10;14;10;0
51550;2654;546;10;14;10;0
51551;2642;546;10;14;10;0
51552;2630;546;10;14;10;0
51553;2618;546;10;14;10;0
51554;2606;546;10;14;10;0
51555;2594;546;10;14;10;0
51556;2582;546;10;14;10;0
51557;2570;546;10;14;10;0
51558;2558;546;10;14;10;0
51559;2546;546;10;14;10;0
51560;2534;546;10;14;10;0
51561;2522;546;10;14;10;0
51562;2510;546;10;14;10;0
51563;2498;546;10;14;10;0
51564;2486;546;10;14;10;0
51565;2714;546;10;14;10;0
51566;2726;546;10;14;10;0
51567;2738;546;10;14;10;0
51568;2750;546;10;14;10;0
51569;2990;546;10;14;10;0
51570;2978;546;10;14;10;0
51571;2966;546;10;14;10;0
51572;2954;546;10;14;10;0
51573;2942;546;10;14;10;0
51574;2930;546;10;14;10;0
51575;2918;546;10;14;10;0
51576;2906;546;10;14;10;0
51577;2894;546;10;14;10;0
51578;3002;546;10;14;10;0
51579;2882;546;10;14;10;0
51580;2858;546;10;14;10;0
51581;2846;546;10;14;10;0
51582;2834;546;10;14;10;0
51583;2822;546;10;14;10;0
51584;2810;546;10;14;10;0
51585;2798;546;10;14;10;0
51586;2786;546;10;14;10;0
51587;2774;546;10;14;10;0
51588;2762;546;10;14;10;0
51589;3014;546;10;14;10;0
51590;3590;546;10;14;10;0
51591;50;562;10;14;10;0
51592;3602;546;10;14;10;0
51593;302;562;10;14;10;0
51594;290;562;10;14;10;0
51595;278;562;10;14;10;0
51596;266;562;10;14;10;0
51597;254;562;10;14;10;0
51598;242;562;10;14;10;0
51599;230;562;10;14;10;0
51600;218;562;10;14;10;0
51601;206;562;10;14;10;0
51602;194;562;10;14;10;0
51603;182;562;10;14;10;0
51604;170;562;10;14;10;0
51605;158;562;10;14;10;0
51606;146;562;10;14;10;0
51607;134;562;10;14;10;0
51608;122;562;10;14;10;0
51609;110;562;10;14;10;0
51610;98;562;10;14;10;0
51611;86;562;10;14;10;0
51612;314;562;10;14;10;0
51613;326;562;10;14;10;0
51614;338;562;10;14;10;0
51615;350;562;10;14;10;0
51616;590;562;10;14;10;0
51617;578;562;10;14;10;0
51618;566;562;10;14;10;0
51619;554;562;10;14;10;0
51620;542;562;10;14;10;0
51621;530;562;10;14;10;0
51622;518;562;10;14;10;0
51623;506;562;10;14;10;0
51624;494;562;10;14;10;0
51625;602;562;10;14;10;0
51626;482;562;10;14;10;0
51627;458;562;10;14;10;0
51628;446;562;10;14;10;0
51629;434;562;10;14;10;0
51630;422;562;10;14;10;0
51631;410;562;10;14;10;0
51632;398;562;10;14;10;0
51633;386;562;10;14;10;0
51634;374;562;10;14;10;0
51635;362;562;10;14;10;0
51636;74;562;10;14;10;0
51637;470;562;10;14;10;0
51638;62;562;10;14;10;0
51639;3998;546;10;14;10;0
51640;3830;546;10;14;10;0
51641;3818;546;10;14;10;0
51642;3806;546;10;14;10;0
51643;3794;546;10;14;10;0
51644;3782;546;10;14;10;0
51645;3770;546;10;14;10;0
51646;3758;546;10;14;10;0
51647;3746;546;10;14;10;0
51648;3734;546;10;14;10;0
51649;3722;546;10;14;10;0
51650;3710;546;10;14;10;0
51651;3698;546;10;14;10;0
51652;3686;546;10;14;10;0
51653;3674;546;10;14;10;0
51654;3662;546;10;14;10;0
51655;3650;546;10;14;10;0
51656;3638;546;10;14;10;0
51657;3626;546;10;14;10;0
51658;3614;546;10;14;10;0
51659;3842;546;10;14;10;0
51660;3854;546;10;14;10;0
51661;3866;546;10;14;10;0
51662;3878;546;10;14;10;0
51663;26;562;10;14;10;0
51664;14;562;10;14;10;0
51665;2;562;10;14;10;0
51666;4082;546;10;14;10;0
51667;4070;546;10;14;10;0
51668;4058;546;10;14;10;0
51669;4046;546;10;14;10;0
51670;4034;546;10;14;10;0
51671;4022;546;10;14;10;0
51672;38;562;10;14;10;0
51673;4010;546;10;14;10;0
51674;3986;546;10;14;10;0
51675;3974;546;10;14;10;0
51676;3962;546;10;14;10;0
51677;3950;546;10;14;10;0
51678;3938;546;10;14;10;0
51679;3926;546;10;14;10;0
51680;3914;546;10;14;10;0
51681;3902;546;10;14;10;0
51682;3890;546;10;14;10;0
51683;2474;546;10;14;10;0
51684;3578;546;10;14;10;0
51685;2462;546;10;14;10;0
51686;1322;546;10;14;10;0
51687;1010;546;10;14;10;0
51688;998;546;10;14;10;0
51689;986;546;10;14;10;0
51690;974;546;10;14;10;0
51691;962;546;10;14;10;0
51692;950;546;10;14;10;0
51693;938;546;10;14;10;0
51694;926;546;10;14;10;0
51695;914;546;10;14;10;0
51696;902;546;10;14;10;0
51697;890;546;10;14;10;0
51698;878;546;10;14;10;0
51699;866;546;10;14;10;0
51700;854;546;10;14;10;0
51701;842;546;10;14;10;0
51702;830;546;10;14;10;0
51703;818;546;10;14;10;0
51704;806;546;10;14;10;0
51705;794;546;10;14;10;0
51706;1022;546;10;14;10;0
51707;1034;546;10;14;10;0
51708;1046;546;10;14;10;0
51709;1058;546;10;14;10;0
51710;1298;546;10;14;10;0
51711;1286;546;10;14;10;0
51712;1274;546;10;14;10;0
51713;1262;546;10;14;10;0
51714;1250;546;10;14;10;0
51715;1238;546;10;14;10;0
51716;1226;546;10;14;10;0
51717;1214;546;10;14;10;0
51718;1202;546;10;14;10;0
51719;1310;546;10;14;10;0
51720;1190;546;10;14;10;0
51721;1166;546;10;14;10;0
51722;1154;546;10;14;10;0
51723;1142;546;10;14;10;0
51724;1130;546;10;14;10;0
51725;1118;546;10;14;10;0
51726;1106;546;10;14;10;0
51727;1094;546;10;14;10;0
51728;1082;546;10;14;10;0
51729;1070;546;10;14;10;0
51730;782;546;10;14;10;0
51731;1178;546;10;14;10;0
51732;770;546;10;14;10;0
51733;614;546;10;14;10;0
51734;446;546;10;14;10;0
51735;434;546;10;14;10;0
51736;422;546;10;14;10;0
51737;410;546;10;14;10;0
51738;398;546;10;14;10;0
51739;386;546;10;14;10;0
51740;374;546;10;14;10;0
51741;362;546;10;14;10;0
51742;350;546;10;14;10;0
51743;338;546;10;14;10;0
51744;326;546;10;14;10;0
51745;314;546;10;14;10;0
51746;302;546;10;14;10;0
51747;290;546;10;14;10;0
51748;278;546;10;14;10;0
51749;266;546;10;14;10;0
51750;254;546;10;14;10;0
51751;242;546;10;14;10;0
51752;230;546;10;14;10;0
51753;458;546;10;14;10;0
51754;470;546;10;14;10;0
51755;482;546;10;14;10;0
51756;494;546;10;14;10;0
51757;734;546;10;14;10;0
51758;722;546;10;14;10;0
51759;710;546;10;14;10;0
51760;698;546;10;14;10;0
51761;686;546;10;14;10;0
51762;674;546;10;14;10;0
51763;662;546;10;14;10;0
51764;650;546;10;14;10;0
51765;638;546;10;14;10;0
51766;746;546;10;14;10;0
51767;626;546;10;14;10;0
51768;602;546;10;14;10;0
51769;590;546;10;14;10;0
51770;578;546;10;14;10;0
51771;566;546;10;14;10;0
51772;554;546;10;14;10;0
51773;542;546;10;14;10;0
51774;530;546;10;14;10;0
51775;518;546;10;14;10;0
51776;506;546;10;14;10;0
51777;758;546;10;14;10;0
51778;1334;546;10;14;10;0
51779;1886;546;10;14;10;0
51780;1346;546;10;14;10;0
51781;2138;546;10;14;10;0
51782;2126;546;10;14;10;0
51783;2114;546;10;14;10;0
51784;2102;546;10;14;10;0
51785;2090;546;10;14;10;0
51786;2078;546;10;14;10;0
51787;2066;546;10;14;10;0
51788;2054;546;10;14;10;0
51789;2042;546;10;14;10;0
51790;2030;546;10;14;10;0
51791;2018;546;10;14;10;0
51792;2006;546;10;14;10;0
51793;1994;546;10;14;10;0
51794;1982;546;10;14;10;0
51795;1970;546;10;14;10;0
51796;1958;546;10;14;10;0
51797;1946;546;10;14;10;0
51798;1934;546;10;14;10;0
51799;1922;546;10;14;10;0
51800;2150;546;10;14;10;0
51801;2162;546;10;14;10;0
51802;2174;546;10;14;10;0
51803;2186;546;10;14;10;0
51804;2426;546;10;14;10;0
51805;2414;546;10;14;10;0
51806;2402;546;10;14;10;0
51807;2390;546;10;14;10;0
51808;2378;546;10;14;10;0
51809;2366;546;10;14;10;0
51810;2354;546;10;14;10;0
51811;2342;546;10;14;10;0
51812;2330;546;10;14;10;0
51813;2438;546;10;14;10;0
51814;2318;546;10;14;10;0
51815;2294;546;10;14;10;0
51816;2282;546;10;14;10;0
51817;2270;546;10;14;10;0
51818;2258;546;10;14;10;0
51819;2246;546;10;14;10;0
51820;2234;546;10;14;10;0
51821;2222;546;10;14;10;0
51822;2210;546;10;14;10;0
51823;2198;546;10;14;10;0
51824;1910;546;10;14;10;0
51825;2306;546;10;14;10;0
51826;1898;546;10;14;10;0
51827;1742;546;10;14;10;0
51828;1574;546;10;14;10;0
51829;1562;546;10;14;10;0
51830;1550;546;10;14;10;0
51831;1538;546;10;14;10;0
51832;1526;546;10;14;10;0
51833;1514;546;10;14;10;0
51834;1502;546;10;14;10;0
51835;1490;546;10;14;10;0
51836;1478;546;10;14;10;0
51837;1466;546;10;14;10;0
51838;1454;546;10;14;10;0
51839;1442;546;10;14;10;0
51840;1430;546;10;14;10;0
51841;1418;546;10;14;10;0
51842;1406;546;10;14;10;0
51843;1394;546;10;14;10;0
51844;1382;546;10;14;10;0
51845;1370;546;10;14;10;0
51846;1358;546;10;14;10;0
51847;1586;546;10;14;10;0
51848;1598;546;10;14;10;0
51849;1610;546;10;14;10;0
51850;1622;546;10;14;10;0
51851;1862;546;10;14;10;0
51852;1850;546;10;14;10;0
51853;1838;546;10;14;10;0
51854;1826;546;10;14;10;0
51855;1814;546;10;14;10;0
51856;1802;546;10;14;10;0
51857;1790;546;10;14;10;0
51858;1778;546;10;14;10;0
51859;1766;546;10;14;10;0
51860;1874;546;10;14;10;0
51861;1754;546;10;14;10;0
51862;1730;546;10;14;10;0
51863;1718;546;10;14;10;0
51864;1706;546;10;14;10;0
51865;1694;546;10;14;10;0
51866;1682;546;10;14;10;0
51867;1670;546;10;14;10;0
51868;1658;546;10;14;10;0
51869;1646;546;10;14;10;0
51870;1634;546;10;14;10;0
51871;3890;514;10;14;10;0
51872;3878;514;10;14;10;0
51873;3866;514;10;14;10;0
51874;1610;514;10;14;10;0
51875;2006;498;10;14;10;0
51876;1994;498;10;14;10;0
51877;1982;498;10;14;10;0
51878;1970;498;10;14;10;0
51879;1958;498;10;14;10;0
51880;1946;498;10;14;10;0
51881;1934;498;10;14;10;0
51882;1922;498;10;14;10;0
51883;1910;498;10;14;10;0
51884;1898;498;10;14;10;0
51885;1886;498;10;14;10;0
51886;1874;498;10;14;10;0
51887;1862;498;10;14;10;0
51888;1850;498;10;14;10;0
51889;1838;498;10;14;10;0
51890;1826;498;10;14;10;0
51891;1814;498;10;14;10;0
51892;1802;498;10;14;10;0
51893;1790;498;10;14;10;0
51894;2018;498;10;14;10;0
51895;2030;498;10;14;10;0
51896;2042;498;10;14;10;0
51897;2054;498;10;14;10;0
51898;2294;498;10;14;10;0
51899;2282;498;10;14;10;0
51900;2270;498;10;14;10;0
51901;2258;498;10;14;10;0
51902;2246;498;10;14;10;0
51903;2234;498;10;14;10;0
51904;2222;498;10;14;10;0
51905;2210;498;10;14;10;0
51906;2198;498;10;14;10;0
51907;2306;498;10;14;10;0
51908;2186;498;10;14;10;0
51909;2162;498;10;14;10;0
51910;2150;498;10;14;10;0
51911;2138;498;10;14;10;0
51912;2126;498;10;14;10;0
51913;2114;498;10;14;10;0
51914;2102;498;10;14;10;0
51915;2090;498;10;14;10;0
51916;2078;498;10;14;10;0
51917;2066;498;10;14;10;0
51918;1778;498;10;14;10;0
51919;2174;498;10;14;10;0
51920;1766;498;10;14;10;0
51921;1610;498;10;14;10;0
51922;1442;498;10;14;10;0
51923;1430;498;10;14;10;0
51924;1418;498;10;14;10;0
51925;1406;498;10;14;10;0
51926;1394;498;10;14;10;0
51927;1382;498;10;14;10;0
51928;1370;498;10;14;10;0
51929;1358;498;10;14;10;0
51930;1346;498;10;14;10;0
51931;1334;498;10;14;10;0
51932;1322;498;10;14;10;0
51933;1310;498;10;14;10;0
51934;1298;498;10;14;10;0
51935;1286;498;10;14;10;0
51936;1274;498;10;14;10;0
51937;1262;498;10;14;10;0
51938;1250;498;10;14;10;0
51939;1238;498;10;14;10;0
51940;1226;498;10;14;10;0
51941;1454;498;10;14;10;0
51942;1466;498;10;14;10;0
51943;1478;498;10;14;10;0
51944;1490;498;10;14;10;0
51945;1730;498;10;14;10;0
51946;1718;498;10;14;10;0
51947;1706;498;10;14;10;0
51948;1694;498;10;14;10;0
51949;1682;498;10;14;10;0
51950;1670;498;10;14;10;0
51951;1658;498;10;14;10;0
51952;1646;498;10;14;10;0
51953;1634;498;10;14;10;0
51954;1742;498;10;14;10;0
51955;1622;498;10;14;10;0
51956;1598;498;10;14;10;0
51957;1586;498;10;14;10;0
51958;1574;498;10;14;10;0
51959;1562;498;10;14;10;0
51960;1550;498;10;14;10;0
51961;1538;498;10;14;10;0
51962;1526;498;10;14;10;0
51963;1514;498;10;14;10;0
51964;1502;498;10;14;10;0
51965;1754;498;10;14;10;0
51966;2330;498;10;14;10;0
51967;2882;498;10;14;10;0
51968;2342;498;10;14;10;0
51969;3134;498;10;14;10;0
51970;3122;498;10;14;10;0
51971;3110;498;10;14;10;0
51972;3098;498;10;14;10;0
51973;3086;498;10;14;10;0
51974;3074;498;10;14;10;0
51975;3062;498;10;14;10;0
51976;3050;498;10;14;10;0
51977;3038;498;10;14;10;0
51978;3026;498;10;14;10;0
51979;3014;498;10;14;10;0
51980;3002;498;10;14;10;0
51981;2990;498;10;14;10;0
51982;2978;498;10;14;10;0
51983;2966;498;10;14;10;0
51984;2954;498;10;14;10;0
51985;2942;498;10;14;10;0
51986;2930;498;10;14;10;0
51987;2918;498;10;14;10;0
51988;3146;498;10;14;10;0
51989;3158;498;10;14;10;0
51990;3170;498;10;14;10;0
51991;3182;498;10;14;10;0
51992;3422;498;10;14;10;0
51993;3410;498;10;14;10;0
51994;3398;498;10;14;10;0
51995;3386;498;10;14;10;0
51996;3374;498;10;14;10;0
51997;3362;498;10;14;10;0
51998;3350;498;10;14;10;0
51999;3338;498;10;14;10;0
52000;3326;498;10;14;10;0
52001;3434;498;10;14;10;0
52002;3314;498;10;14;10;0
52003;3290;498;10;14;10;0
52004;3278;498;10;14;10;0
52005;3266;498;10;14;10;0
52006;3254;498;10;14;10;0
52007;3242;498;10;14;10;0
52008;3230;498;10;14;10;0
52009;3218;498;10;14;10;0
52010;3206;498;10;14;10;0
52011;3194;498;10;14;10;0
52012;2906;498;10;14;10;0
52013;3302;498;10;14;10;0
52014;2894;498;10;14;10;0
52015;2738;498;10;14;10;0
52016;2570;498;10;14;10;0
52017;2558;498;10;14;10;0
52018;2546;498;10;14;10;0
52019;2534;498;10;14;10;0
52020;2522;498;10;14;10;0
52021;2510;498;10;14;10;0
52022;2498;498;10;14;10;0
52023;2486;498;10;14;10;0
52024;2474;498;10;14;10;0
52025;2462;498;10;14;10;0
52026;2450;498;10;14;10;0
52027;2438;498;10;14;10;0
52028;2426;498;10;14;10;0
52029;2414;498;10;14;10;0
52030;2402;498;10;14;10;0
52031;2390;498;10;14;10;0
52032;2378;498;10;14;10;0
52033;2366;498;10;14;10;0
52034;2354;498;10;14;10;0
52035;2582;498;10;14;10;0
52036;2594;498;10;14;10;0
52037;2606;498;10;14;10;0
52038;2618;498;10;14;10;0
52039;2858;498;10;14;10;0
52040;2846;498;10;14;10;0
52041;2834;498;10;14;10;0
52042;2822;498;10;14;10;0
52043;2810;498;10;14;10;0
52044;2798;498;10;14;10;0
52045;2786;498;10;14;10;0
52046;2774;498;10;14;10;0
52047;2762;498;10;14;10;0
52048;2870;498;10;14;10;0
52049;2750;498;10;14;10;0
52050;2726;498;10;14;10;0
52051;2714;498;10;14;10;0
52052;2702;498;10;14;10;0
52053;2690;498;10;14;10;0
52054;2678;498;10;14;10;0
52055;2666;498;10;14;10;0
52056;2654;498;10;14;10;0
52057;2642;498;10;14;10;0
52058;2630;498;10;14;10;0
52059;1214;498;10;14;10;0
52060;1202;498;10;14;10;0
52061;1190;498;10;14;10;0
52062;626;498;10;14;10;0
52063;3842;482;10;14;10;0
52064;3830;482;10;14;10;0
52065;3818;482;10;14;10;0
52066;3806;482;10;14;10;0
52067;3794;482;10;14;10;0
52068;3782;482;10;14;10;0
52069;3770;482;10;14;10;0
52070;3758;482;10;14;10;0
52071;3746;482;10;14;10;0
52072;3734;482;10;14;10;0
52073;3722;482;10;14;10;0
52074;3710;482;10;14;10;0
52075;3698;482;10;14;10;0
52076;3686;482;10;14;10;0
52077;3674;482;10;14;10;0
52078;3662;482;10;14;10;0
52079;3650;482;10;14;10;0
52080;3638;482;10;14;10;0
52081;3626;482;10;14;10;0
52082;3854;482;10;14;10;0
52083;3866;482;10;14;10;0
52084;3878;482;10;14;10;0
52085;3890;482;10;14;10;0
52086;38;498;10;14;10;0
52087;26;498;10;14;10;0
52088;14;498;10;14;10;0
52089;2;498;10;14;10;0
52090;4082;482;10;14;10;0
52091;4070;482;10;14;10;0
52092;4058;482;10;14;10;0
52093;4046;482;10;14;10;0
52094;4034;482;10;14;10;0
52095;50;498;10;14;10;0
52096;4022;482;10;14;10;0
52097;3998;482;10;14;10;0
52098;3986;482;10;14;10;0
52099;3974;482;10;14;10;0
52100;3962;482;10;14;10;0
52101;3950;482;10;14;10;0
52102;3938;482;10;14;10;0
52103;3926;482;10;14;10;0
52104;3914;482;10;14;10;0
52105;3902;482;10;14;10;0
52106;3614;482;10;14;10;0
52107;3602;482;10;14;10;0
52108;3590;482;10;14;10;0
52109;3314;482;10;14;10;0
52110;3290;482;10;14;10;0
52111;3278;482;10;14;10;0
52112;3266;482;10;14;10;0
52113;3254;482;10;14;10;0
52114;3242;482;10;14;10;0
52115;3230;482;10;14;10;0
52116;3218;482;10;14;10;0
52117;3206;482;10;14;10;0
52118;3194;482;10;14;10;0
52119;3182;482;10;14;10;0
52120;3170;482;10;14;10;0
52121;3158;482;10;14;10;0
52122;3146;482;10;14;10;0
52123;3134;482;10;14;10;0
52124;3122;482;10;14;10;0
52125;3110;482;10;14;10;0
52126;3098;482;10;14;10;0
52127;3086;482;10;14;10;0
52128;3074;482;10;14;10;0
52129;3302;482;10;14;10;0
52130;3326;482;10;14;10;0
52131;3578;482;10;14;10;0
52132;3338;482;10;14;10;0
52133;3566;482;10;14;10;0
52134;3554;482;10;14;10;0
52135;3542;482;10;14;10;0
52136;3530;482;10;14;10;0
52137;3518;482;10;14;10;0
52138;3506;482;10;14;10;0
52139;3494;482;10;14;10;0
52140;3482;482;10;14;10;0
52141;3470;482;10;14;10;0
52142;3458;482;10;14;10;0
52143;3446;482;10;14;10;0
52144;3434;482;10;14;10;0
52145;3422;482;10;14;10;0
52146;3410;482;10;14;10;0
52147;3398;482;10;14;10;0
52148;3386;482;10;14;10;0
52149;3374;482;10;14;10;0
52150;3362;482;10;14;10;0
52151;3350;482;10;14;10;0
52152;4010;482;10;14;10;0
52153;62;498;10;14;10;0
52154;74;498;10;14;10;0
52155;86;498;10;14;10;0
52156;878;498;10;14;10;0
52157;866;498;10;14;10;0
52158;854;498;10;14;10;0
52159;842;498;10;14;10;0
52160;830;498;10;14;10;0
52161;818;498;10;14;10;0
52162;806;498;10;14;10;0
52163;794;498;10;14;10;0
52164;782;498;10;14;10;0
52165;770;498;10;14;10;0
52166;758;498;10;14;10;0
52167;746;498;10;14;10;0
52168;734;498;10;14;10;0
52169;722;498;10;14;10;0
52170;710;498;10;14;10;0
52171;698;498;10;14;10;0
52172;686;498;10;14;10;0
52173;674;498;10;14;10;0
52174;662;498;10;14;10;0
52175;890;498;10;14;10;0
52176;902;498;10;14;10;0
52177;914;498;10;14;10;0
52178;926;498;10;14;10;0
52179;1166;498;10;14;10;0
52180;1154;498;10;14;10;0
52181;1142;498;10;14;10;0
52182;1130;498;10;14;10;0
52183;1118;498;10;14;10;0
52184;1106;498;10;14;10;0
52185;1094;498;10;14;10;0
52186;1082;498;10;14;10;0
52187;1070;498;10;14;10;0
52188;1178;498;10;14;10;0
52189;1058;498;10;14;10;0
52190;1034;498;10;14;10;0
52191;1022;498;10;14;10;0
52192;1010;498;10;14;10;0
52193;998;498;10;14;10;0
52194;986;498;10;14;10;0
52195;974;498;10;14;10;0
52196;962;498;10;14;10;0
52197;950;498;10;14;10;0
52198;938;498;10;14;10;0
52199;650;498;10;14;10;0
52200;1046;498;10;14;10;0
52201;638;498;10;14;10;0
52202;482;498;10;14;10;0
52203;314;498;10;14;10;0
52204;302;498;10;14;10;0
52205;290;498;10;14;10;0
52206;278;498;10;14;10;0
52207;266;498;10;14;10;0
52208;254;498;10;14;10;0
52209;242;498;10;14;10;0
52210;230;498;10;14;10;0
52211;218;498;10;14;10;0
52212;206;498;10;14;10;0
52213;194;498;10;14;10;0
52214;182;498;10;14;10;0
52215;170;498;10;14;10;0
52216;158;498;10;14;10;0
52217;146;498;10;14;10;0
52218;134;498;10;14;10;0
52219;122;498;10;14;10;0
52220;110;498;10;14;10;0
52221;98;498;10;14;10;0
52222;326;498;10;14;10;0
52223;338;498;10;14;10;0
52224;350;498;10;14;10;0
52225;362;498;10;14;10;0
52226;602;498;10;14;10;0
52227;590;498;10;14;10;0
52228;578;498;10;14;10;0
52229;566;498;10;14;10;0
52230;554;498;10;14;10;0
52231;542;498;10;14;10;0
52232;530;498;10;14;10;0
52233;518;498;10;14;10;0
52234;506;498;10;14;10;0
52235;614;498;10;14;10;0
52236;494;498;10;14;10;0
52237;470;498;10;14;10;0
52238;458;498;10;14;10;0
52239;446;498;10;14;10;0
52240;434;498;10;14;10;0
52241;422;498;10;14;10;0
52242;410;498;10;14;10;0
52243;398;498;10;14;10;0
52244;386;498;10;14;10;0
52245;374;498;10;14;10;0
52246;2318;498;10;14;10;0
52247;3446;498;10;14;10;0
52248;3458;498;10;14;10;0
52249;3470;498;10;14;10;0
52250;2426;514;10;14;10;0
52251;2414;514;10;14;10;0
52252;2402;514;10;14;10;0
52253;2390;514;10;14;10;0
52254;2378;514;10;14;10;0
52255;2366;514;10;14;10;0
52256;2354;514;10;14;10;0
52257;2342;514;10;14;10;0
52258;2330;514;10;14;10;0
52259;2318;514;10;14;10;0
52260;2306;514;10;14;10;0
52261;2294;514;10;14;10;0
52262;2282;514;10;14;10;0
52263;2270;514;10;14;10;0
52264;2258;514;10;14;10;0
52265;2246;514;10;14;10;0
52266;2234;514;10;14;10;0
52267;2222;514;10;14;10;0
52268;2210;514;10;14;10;0
52269;2438;514;10;14;10;0
52270;2450;514;10;14;10;0
52271;2462;514;10;14;10;0
52272;2474;514;10;14;10;0
52273;2714;514;10;14;10;0
52274;2702;514;10;14;10;0
52275;2690;514;10;14;10;0
52276;2678;514;10;14;10;0
52277;2666;514;10;14;10;0
52278;2654;514;10;14;10;0
52279;2642;514;10;14;10;0
52280;2630;514;10;14;10;0
52281;2618;514;10;14;10;0
52282;2726;514;10;14;10;0
52283;2606;514;10;14;10;0
52284;2582;514;10;14;10;0
52285;2570;514;10;14;10;0
52286;2558;514;10;14;10;0
52287;2546;514;10;14;10;0
52288;2534;514;10;14;10;0
52289;2522;514;10;14;10;0
52290;2510;514;10;14;10;0
52291;2498;514;10;14;10;0
52292;2486;514;10;14;10;0
52293;2198;514;10;14;10;0
52294;2594;514;10;14;10;0
52295;2186;514;10;14;10;0
52296;2030;514;10;14;10;0
52297;1862;514;10;14;10;0
52298;1850;514;10;14;10;0
52299;1838;514;10;14;10;0
52300;1826;514;10;14;10;0
52301;1814;514;10;14;10;0
52302;1802;514;10;14;10;0
52303;1790;514;10;14;10;0
52304;1778;514;10;14;10;0
52305;1766;514;10;14;10;0
52306;1754;514;10;14;10;0
52307;1742;514;10;14;10;0
52308;1730;514;10;14;10;0
52309;1718;514;10;14;10;0
52310;1706;514;10;14;10;0
52311;1694;514;10;14;10;0
52312;1682;514;10;14;10;0
52313;1670;514;10;14;10;0
52314;1658;514;10;14;10;0
52315;1646;514;10;14;10;0
52316;1874;514;10;14;10;0
52317;1886;514;10;14;10;0
52318;1898;514;10;14;10;0
52319;1910;514;10;14;10;0
52320;2150;514;10;14;10;0
52321;2138;514;10;14;10;0
52322;2126;514;10;14;10;0
52323;2114;514;10;14;10;0
52324;2102;514;10;14;10;0
52325;2090;514;10;14;10;0
52326;2078;514;10;14;10;0
52327;2066;514;10;14;10;0
52328;2054;514;10;14;10;0
52329;2162;514;10;14;10;0
52330;2042;514;10;14;10;0
52331;2018;514;10;14;10;0
52332;2006;514;10;14;10;0
52333;1994;514;10;14;10;0
52334;1982;514;10;14;10;0
52335;1970;514;10;14;10;0
52336;1958;514;10;14;10;0
52337;1946;514;10;14;10;0
52338;1934;514;10;14;10;0
52339;1922;514;10;14;10;0
52340;2174;514;10;14;10;0
52341;2750;514;10;14;10;0
52342;3302;514;10;14;10;0
52343;2762;514;10;14;10;0
52344;3554;514;10;14;10;0
52345;3542;514;10;14;10;0
52346;3530;514;10;14;10;0
52347;3518;514;10;14;10;0
52348;3506;514;10;14;10;0
52349;3494;514;10;14;10;0
52350;3482;514;10;14;10;0
52351;3470;514;10;14;10;0
52352;3458;514;10;14;10;0
52353;3446;514;10;14;10;0
52354;3434;514;10;14;10;0
52355;3422;514;10;14;10;0
52356;3410;514;10;14;10;0
52357;3398;514;10;14;10;0
52358;3386;514;10;14;10;0
52359;3374;514;10;14;10;0
52360;3362;514;10;14;10;0
52361;3350;514;10;14;10;0
52362;3338;514;10;14;10;0
52363;3566;514;10;14;10;0
52364;3578;514;10;14;10;0
52365;3590;514;10;14;10;0
52366;3602;514;10;14;10;0
52367;3842;514;10;14;10;0
52368;3830;514;10;14;10;0
52369;3818;514;10;14;10;0
52370;3806;514;10;14;10;0
52371;3794;514;10;14;10;0
52372;3782;514;10;14;10;0
52373;3770;514;10;14;10;0
52374;3758;514;10;14;10;0
52375;3746;514;10;14;10;0
52376;3854;514;10;14;10;0
52377;3734;514;10;14;10;0
52378;3710;514;10;14;10;0
52379;3698;514;10;14;10;0
52380;3686;514;10;14;10;0
52381;3674;514;10;14;10;0
52382;3662;514;10;14;10;0
52383;3650;514;10;14;10;0
52384;3638;514;10;14;10;0
52385;3626;514;10;14;10;0
52386;3614;514;10;14;10;0
52387;3326;514;10;14;10;0
52388;3722;514;10;14;10;0
52389;3314;514;10;14;10;0
52390;3158;514;10;14;10;0
52391;2990;514;10;14;10;0
52392;2978;514;10;14;10;0
52393;2966;514;10;14;10;0
52394;2954;514;10;14;10;0
52395;2942;514;10;14;10;0
52396;2930;514;10;14;10;0
52397;2918;514;10;14;10;0
52398;2906;514;10;14;10;0
52399;2894;514;10;14;10;0
52400;2882;514;10;14;10;0
52401;2870;514;10;14;10;0
52402;2858;514;10;14;10;0
52403;2846;514;10;14;10;0
52404;2834;514;10;14;10;0
52405;2822;514;10;14;10;0
52406;2810;514;10;14;10;0
52407;2798;514;10;14;10;0
52408;2786;514;10;14;10;0
52409;2774;514;10;14;10;0
52410;3002;514;10;14;10;0
52411;3014;514;10;14;10;0
52412;3026;514;10;14;10;0
52413;3038;514;10;14;10;0
52414;3278;514;10;14;10;0
52415;3266;514;10;14;10;0
52416;3254;514;10;14;10;0
52417;3242;514;10;14;10;0
52418;3230;514;10;14;10;0
52419;3218;514;10;14;10;0
52420;3206;514;10;14;10;0
52421;3194;514;10;14;10;0
52422;3182;514;10;14;10;0
52423;3290;514;10;14;10;0
52424;3170;514;10;14;10;0
52425;3146;514;10;14;10;0
52426;3134;514;10;14;10;0
52427;3122;514;10;14;10;0
52428;3110;514;10;14;10;0
52429;3098;514;10;14;10;0
52430;3086;514;10;14;10;0
52431;3074;514;10;14;10;0
52432;3062;514;10;14;10;0
52433;3050;514;10;14;10;0
52434;1634;514;10;14;10;0
52435;2738;514;10;14;10;0
52436;1622;514;10;14;10;0
52437;482;514;10;14;10;0
52438;170;514;10;14;10;0
52439;158;514;10;14;10;0
52440;146;514;10;14;10;0
52441;134;514;10;14;10;0
52442;122;514;10;14;10;0
52443;110;514;10;14;10;0
52444;98;514;10;14;10;0
52445;86;514;10;14;10;0
52446;74;514;10;14;10;0
52447;62;514;10;14;10;0
52448;50;514;10;14;10;0
52449;38;514;10;14;10;0
52450;26;514;10;14;10;0
52451;14;514;10;14;10;0
52452;2;514;10;14;10;0
52453;4082;498;10;14;10;0
52454;4070;498;10;14;10;0
52455;4058;498;10;14;10;0
52456;4046;498;10;14;10;0
52457;182;514;10;14;10;0
52458;194;514;10;14;10;0
52459;206;514;10;14;10;0
52460;218;514;10;14;10;0
52461;458;514;10;14;10;0
52462;446;514;10;14;10;0
52463;434;514;10;14;10;0
52464;422;514;10;14;10;0
52465;410;514;10;14;10;0
52466;398;514;10;14;10;0
52467;386;514;10;14;10;0
52468;374;514;10;14;10;0
52469;362;514;10;14;10;0
52470;470;514;10;14;10;0
52471;350;514;10;14;10;0
52472;326;514;10;14;10;0
52473;314;514;10;14;10;0
52474;302;514;10;14;10;0
52475;290;514;10;14;10;0
52476;278;514;10;14;10;0
52477;266;514;10;14;10;0
52478;254;514;10;14;10;0
52479;242;514;10;14;10;0
52480;230;514;10;14;10;0
52481;4034;498;10;14;10;0
52482;338;514;10;14;10;0
52483;4022;498;10;14;10;0
52484;3866;498;10;14;10;0
52485;3698;498;10;14;10;0
52486;3686;498;10;14;10;0
52487;3674;498;10;14;10;0
52488;3662;498;10;14;10;0
52489;3650;498;10;14;10;0
52490;3638;498;10;14;10;0
52491;3626;498;10;14;10;0
52492;3614;498;10;14;10;0
52493;3602;498;10;14;10;0
52494;3590;498;10;14;10;0
52495;3578;498;10;14;10;0
52496;3566;498;10;14;10;0
52497;3554;498;10;14;10;0
52498;3542;498;10;14;10;0
52499;3530;498;10;14;10;0
52500;3518;498;10;14;10;0
52501;3506;498;10;14;10;0
52502;3494;498;10;14;10;0
52503;3482;498;10;14;10;0
52504;3710;498;10;14;10;0
52505;3722;498;10;14;10;0
52506;3734;498;10;14;10;0
52507;3746;498;10;14;10;0
52508;3986;498;10;14;10;0
52509;3974;498;10;14;10;0
52510;3962;498;10;14;10;0
52511;3950;498;10;14;10;0
52512;3938;498;10;14;10;0
52513;3926;498;10;14;10;0
52514;3914;498;10;14;10;0
52515;3902;498;10;14;10;0
52516;3890;498;10;14;10;0
52517;3998;498;10;14;10;0
52518;3878;498;10;14;10;0
52519;3854;498;10;14;10;0
52520;3842;498;10;14;10;0
52521;3830;498;10;14;10;0
52522;3818;498;10;14;10;0
52523;3806;498;10;14;10;0
52524;3794;498;10;14;10;0
52525;3782;498;10;14;10;0
52526;3770;498;10;14;10;0
52527;3758;498;10;14;10;0
52528;4010;498;10;14;10;0
52529;494;514;10;14;10;0
52530;1046;514;10;14;10;0
52531;506;514;10;14;10;0
52532;1298;514;10;14;10;0
52533;1286;514;10;14;10;0
52534;1274;514;10;14;10;0
52535;1262;514;10;14;10;0
52536;1250;514;10;14;10;0
52537;1238;514;10;14;10;0
52538;1226;514;10;14;10;0
52539;1214;514;10;14;10;0
52540;1202;514;10;14;10;0
52541;1190;514;10;14;10;0
52542;1178;514;10;14;10;0
52543;1166;514;10;14;10;0
52544;1154;514;10;14;10;0
52545;1142;514;10;14;10;0
52546;1130;514;10;14;10;0
52547;1118;514;10;14;10;0
52548;1106;514;10;14;10;0
52549;1094;514;10;14;10;0
52550;1082;514;10;14;10;0
52551;1310;514;10;14;10;0
52552;1322;514;10;14;10;0
52553;1334;514;10;14;10;0
52554;1346;514;10;14;10;0
52555;1586;514;10;14;10;0
52556;1574;514;10;14;10;0
52557;1562;514;10;14;10;0
52558;1550;514;10;14;10;0
52559;1538;514;10;14;10;0
52560;1526;514;10;14;10;0
52561;1514;514;10;14;10;0
52562;1502;514;10;14;10;0
52563;1490;514;10;14;10;0
52564;1598;514;10;14;10;0
52565;1478;514;10;14;10;0
52566;1454;514;10;14;10;0
52567;1442;514;10;14;10;0
52568;1430;514;10;14;10;0
52569;1418;514;10;14;10;0
52570;1406;514;10;14;10;0
52571;1394;514;10;14;10;0
52572;1382;514;10;14;10;0
52573;1370;514;10;14;10;0
52574;1358;514;10;14;10;0
52575;1070;514;10;14;10;0
52576;1466;514;10;14;10;0
52577;1058;514;10;14;10;0
52578;902;514;10;14;10;0
52579;734;514;10;14;10;0
52580;722;514;10;14;10;0
52581;710;514;10;14;10;0
52582;698;514;10;14;10;0
52583;686;514;10;14;10;0
52584;674;514;10;14;10;0
52585;662;514;10;14;10;0
52586;650;514;10;14;10;0
52587;638;514;10;14;10;0
52588;626;514;10;14;10;0
52589;614;514;10;14;10;0
52590;602;514;10;14;10;0
52591;590;514;10;14;10;0
52592;578;514;10;14;10;0
52593;566;514;10;14;10;0
52594;554;514;10;14;10;0
52595;542;514;10;14;10;0
52596;530;514;10;14;10;0
52597;518;514;10;14;10;0
52598;746;514;10;14;10;0
52599;758;514;10;14;10;0
52600;770;514;10;14;10;0
52601;782;514;10;14;10;0
52602;1022;514;10;14;10;0
52603;1010;514;10;14;10;0
52604;998;514;10;14;10;0
52605;986;514;10;14;10;0
52606;974;514;10;14;10;0
52607;962;514;10;14;10;0
52608;950;514;10;14;10;0
52609;938;514;10;14;10;0
52610;926;514;10;14;10;0
52611;1034;514;10;14;10;0
52612;914;514;10;14;10;0
52613;890;514;10;14;10;0
52614;878;514;10;14;10;0
52615;866;514;10;14;10;0
52616;854;514;10;14;10;0
52617;842;514;10;14;10;0
52618;830;514;10;14;10;0
52619;818;514;10;14;10;0
52620;806;514;10;14;10;0
52621;794;514;10;14;10;0
52622;1394;418;10;14;10;0
52623;1382;418;10;14;10;0
52624;1370;418;10;14;10;0
52625;950;402;10;14;10;0
52626;2342;322;10;14;10;0
52627;2330;322;10;14;10;0
52628;2318;322;10;14;10;0
52629;2306;322;10;14;10;0
52630;2294;322;10;14;10;0
52631;2282;322;10;14;10;0
52632;2270;322;10;14;10;0
52633;2258;322;10;14;10;0
52634;2246;322;10;14;10;0
52635;2234;322;10;14;10;0
52636;2222;322;10;14;10;0
52637;2210;322;10;14;10;0
52638;2198;322;10;14;10;0
52639;2186;322;10;14;10;0
52640;2174;322;10;14;10;0
52641;2162;322;10;14;10;0
52642;2150;322;10;14;10;0
52643;2138;322;10;14;10;0
52644;2126;322;10;14;10;0
52645;2354;322;10;14;10;0
52646;2366;322;10;14;10;0
52647;2378;322;10;14;10;0
52648;2390;322;10;14;10;0
52649;2630;322;10;14;10;0
52650;2618;322;10;14;10;0
52651;2606;322;10;14;10;0
52652;2594;322;10;14;10;0
52653;2582;322;10;14;10;0
52654;2570;322;10;14;10;0
52655;2558;322;10;14;10;0
52656;2546;322;10;14;10;0
52657;2534;322;10;14;10;0
52658;2642;322;10;14;10;0
52659;2522;322;10;14;10;0
52660;2498;322;10;14;10;0
52661;2486;322;10;14;10;0
52662;2474;322;10;14;10;0
52663;2462;322;10;14;10;0
52664;2450;322;10;14;10;0
52665;2438;322;10;14;10;0
52666;2426;322;10;14;10;0
52667;2414;322;10;14;10;0
52668;2402;322;10;14;10;0
52669;2114;322;10;14;10;0
52670;2510;322;10;14;10;0
52671;2102;322;10;14;10;0
52672;1946;322;10;14;10;0
52673;1778;322;10;14;10;0
52674;1766;322;10;14;10;0
52675;1754;322;10;14;10;0
52676;1742;322;10;14;10;0
52677;1730;322;10;14;10;0
52678;1718;322;10;14;10;0
52679;1706;322;10;14;10;0
52680;1694;322;10;14;10;0
52681;1682;322;10;14;10;0
52682;1670;322;10;14;10;0
52683;1658;322;10;14;10;0
52684;1646;322;10;14;10;0
52685;1634;322;10;14;10;0
52686;1622;322;10;14;10;0
52687;1610;322;10;14;10;0
52688;1598;322;10;14;10;0
52689;1586;322;10;14;10;0
52690;1574;322;10;14;10;0
52691;1562;322;10;14;10;0
52692;1790;322;10;14;10;0
52693;1802;322;10;14;10;0
52694;1814;322;10;14;10;0
52695;1826;322;10;14;10;0
52696;2066;322;10;14;10;0
52697;2054;322;10;14;10;0
52698;2042;322;10;14;10;0
52699;2030;322;10;14;10;0
52700;2018;322;10;14;10;0
52701;2006;322;10;14;10;0
52702;1994;322;10;14;10;0
52703;1982;322;10;14;10;0
52704;1970;322;10;14;10;0
52705;2078;322;10;14;10;0
52706;1958;322;10;14;10;0
52707;1934;322;10;14;10;0
52708;1922;322;10;14;10;0
52709;1910;322;10;14;10;0
52710;1898;322;10;14;10;0
52711;1886;322;10;14;10;0
52712;1874;322;10;14;10;0
52713;1862;322;10;14;10;0
52714;1850;322;10;14;10;0
52715;1838;322;10;14;10;0
52716;2090;322;10;14;10;0
52717;2666;322;10;14;10;0
52718;3218;322;10;14;10;0
52719;2678;322;10;14;10;0
52720;3470;322;10;14;10;0
52721;3458;322;10;14;10;0
52722;3446;322;10;14;10;0
52723;3434;322;10;14;10;0
52724;3422;322;10;14;10;0
52725;3410;322;10;14;10;0
52726;3398;322;10;14;10;0
52727;3386;322;10;14;10;0
52728;3374;322;10;14;10;0
52729;3362;322;10;14;10;0
52730;3350;322;10;14;10;0
52731;3338;322;10;14;10;0
52732;3326;322;10;14;10;0
52733;3314;322;10;14;10;0
52734;3302;322;10;14;10;0
52735;3290;322;10;14;10;0
52736;3278;322;10;14;10;0
52737;3266;322;10;14;10;0
52738;3254;322;10;14;10;0
52739;3482;322;10;14;10;0
52740;3494;322;10;14;10;0
52741;3506;322;10;14;10;0
52742;3518;322;10;14;10;0
52743;3758;322;10;14;10;0
52744;3746;322;10;14;10;0
52745;3734;322;10;14;10;0
52746;3722;322;10;14;10;0
52747;3710;322;10;14;10;0
52748;3698;322;10;14;10;0
52749;3686;322;10;14;10;0
52750;3674;322;10;14;10;0
52751;3662;322;10;14;10;0
52752;3770;322;10;14;10;0
52753;3650;322;10;14;10;0
52754;3626;322;10;14;10;0
52755;3614;322;10;14;10;0
52756;3602;322;10;14;10;0
52757;3590;322;10;14;10;0
52758;3578;322;10;14;10;0
52759;3566;322;10;14;10;0
52760;3554;322;10;14;10;0
52761;3542;322;10;14;10;0
52762;3530;322;10;14;10;0
52763;3242;322;10;14;10;0
52764;3638;322;10;14;10;0
52765;3230;322;10;14;10;0
52766;3074;322;10;14;10;0
52767;2906;322;10;14;10;0
52768;2894;322;10;14;10;0
52769;2882;322;10;14;10;0
52770;2870;322;10;14;10;0
52771;2858;322;10;14;10;0
52772;2846;322;10;14;10;0
52773;2834;322;10;14;10;0
52774;2822;322;10;14;10;0
52775;2810;322;10;14;10;0
52776;2798;322;10;14;10;0
52777;2786;322;10;14;10;0
52778;2774;322;10;14;10;0
52779;2762;322;10;14;10;0
52780;2750;322;10;14;10;0
52781;2738;322;10;14;10;0
52782;2726;322;10;14;10;0
52783;2714;322;10;14;10;0
52784;2702;322;10;14;10;0
52785;2690;322;10;14;10;0
52786;2918;322;10;14;10;0
52787;2930;322;10;14;10;0
52788;2942;322;10;14;10;0
52789;2954;322;10;14;10;0
52790;3194;322;10;14;10;0
52791;3182;322;10;14;10;0
52792;3170;322;10;14;10;0
52793;3158;322;10;14;10;0
52794;3146;322;10;14;10;0
52795;3134;322;10;14;10;0
52796;3122;322;10;14;10;0
52797;3110;322;10;14;10;0
52798;3098;322;10;14;10;0
52799;3206;322;10;14;10;0
52800;3086;322;10;14;10;0
52801;3062;322;10;14;10;0
52802;3050;322;10;14;10;0
52803;3038;322;10;14;10;0
52804;3026;322;10;14;10;0
52805;3014;322;10;14;10;0
52806;3002;322;10;14;10;0
52807;2990;322;10;14;10;0
52808;2978;322;10;14;10;0
52809;2966;322;10;14;10;0
52810;1550;322;10;14;10;0
52811;1538;322;10;14;10;0
52812;1526;322;10;14;10;0
52813;962;322;10;14;10;0
52814;86;322;10;14;10;0
52815;74;322;10;14;10;0
52816;62;322;10;14;10;0
52817;50;322;10;14;10;0
52818;38;322;10;14;10;0
52819;26;322;10;14;10;0
52820;14;322;10;14;10;0
52821;2;322;10;14;10;0
52822;4082;306;10;14;10;0
52823;4070;306;10;14;10;0
52824;4058;306;10;14;10;0
52825;4046;306;10;14;10;0
52826;4034;306;10;14;10;0
52827;4022;306;10;14;10;0
52828;4010;306;10;14;10;0
52829;3998;306;10;14;10;0
52830;3986;306;10;14;10;0
52831;3974;306;10;14;10;0
52832;3962;306;10;14;10;0
52833;98;322;10;14;10;0
52834;110;322;10;14;10;0
52835;122;322;10;14;10;0
52836;134;322;10;14;10;0
52837;374;322;10;14;10;0
52838;362;322;10;14;10;0
52839;350;322;10;14;10;0
52840;338;322;10;14;10;0
52841;326;322;10;14;10;0
52842;314;322;10;14;10;0
52843;302;322;10;14;10;0
52844;290;322;10;14;10;0
52845;278;322;10;14;10;0
52846;386;322;10;14;10;0
52847;266;322;10;14;10;0
52848;242;322;10;14;10;0
52849;230;322;10;14;10;0
52850;218;322;10;14;10;0
52851;206;322;10;14;10;0
52852;194;322;10;14;10;0
52853;182;322;10;14;10;0
52854;170;322;10;14;10;0
52855;158;322;10;14;10;0
52856;146;322;10;14;10;0
52857;3950;306;10;14;10;0
52858;3938;306;10;14;10;0
52859;3926;306;10;14;10;0
52860;3650;306;10;14;10;0
52861;3626;306;10;14;10;0
52862;3614;306;10;14;10;0
52863;3602;306;10;14;10;0
52864;3590;306;10;14;10;0
52865;3578;306;10;14;10;0
52866;3566;306;10;14;10;0
52867;3554;306;10;14;10;0
52868;3542;306;10;14;10;0
52869;3530;306;10;14;10;0
52870;3518;306;10;14;10;0
52871;3506;306;10;14;10;0
52872;3494;306;10;14;10;0
52873;3482;306;10;14;10;0
52874;3470;306;10;14;10;0
52875;3458;306;10;14;10;0
52876;3446;306;10;14;10;0
52877;3434;306;10;14;10;0
52878;3422;306;10;14;10;0
52879;3410;306;10;14;10;0
52880;3638;306;10;14;10;0
52881;3662;306;10;14;10;0
52882;3914;306;10;14;10;0
52883;3674;306;10;14;10;0
52884;3902;306;10;14;10;0
52885;3890;306;10;14;10;0
52886;3878;306;10;14;10;0
52887;3866;306;10;14;10;0
52888;3854;306;10;14;10;0
52889;3842;306;10;14;10;0
52890;3830;306;10;14;10;0
52891;3818;306;10;14;10;0
52892;3806;306;10;14;10;0
52893;3794;306;10;14;10;0
52894;3782;306;10;14;10;0
52895;3770;306;10;14;10;0
52896;3758;306;10;14;10;0
52897;3746;306;10;14;10;0
52898;3734;306;10;14;10;0
52899;3722;306;10;14;10;0
52900;3710;306;10;14;10;0
52901;3698;306;10;14;10;0
52902;3686;306;10;14;10;0
52903;254;322;10;14;10;0
52904;398;322;10;14;10;0
52905;410;322;10;14;10;0
52906;422;322;10;14;10;0
52907;1214;322;10;14;10;0
52908;1202;322;10;14;10;0
52909;1190;322;10;14;10;0
52910;1178;322;10;14;10;0
52911;1166;322;10;14;10;0
52912;1154;322;10;14;10;0
52913;1142;322;10;14;10;0
52914;1130;322;10;14;10;0
52915;1118;322;10;14;10;0
52916;1106;322;10;14;10;0
52917;1094;322;10;14;10;0
52918;1082;322;10;14;10;0
52919;1070;322;10;14;10;0
52920;1058;322;10;14;10;0
52921;1046;322;10;14;10;0
52922;1034;322;10;14;10;0
52923;1022;322;10;14;10;0
52924;1010;322;10;14;10;0
52925;998;322;10;14;10;0
52926;1226;322;10;14;10;0
52927;1238;322;10;14;10;0
52928;1250;322;10;14;10;0
52929;1262;322;10;14;10;0
52930;1502;322;10;14;10;0
52931;1490;322;10;14;10;0
52932;1478;322;10;14;10;0
52933;1466;322;10;14;10;0
52934;1454;322;10;14;10;0
52935;1442;322;10;14;10;0
52936;1430;322;10;14;10;0
52937;1418;322;10;14;10;0
52938;1406;322;10;14;10;0
52939;1514;322;10;14;10;0
52940;1394;322;10;14;10;0
52941;1370;322;10;14;10;0
52942;1358;322;10;14;10;0
52943;1346;322;10;14;10;0
52944;1334;322;10;14;10;0
52945;1322;322;10;14;10;0
52946;1310;322;10;14;10;0
52947;1298;322;10;14;10;0
52948;1286;322;10;14;10;0
52949;1274;322;10;14;10;0
52950;986;322;10;14;10;0
52951;1382;322;10;14;10;0
52952;974;322;10;14;10;0
52953;818;322;10;14;10;0
52954;650;322;10;14;10;0
52955;638;322;10;14;10;0
52956;626;322;10;14;10;0
52957;614;322;10;14;10;0
52958;602;322;10;14;10;0
52959;590;322;10;14;10;0
52960;578;322;10;14;10;0
52961;566;322;10;14;10;0
52962;554;322;10;14;10;0
52963;542;322;10;14;10;0
52964;530;322;10;14;10;0
52965;518;322;10;14;10;0
52966;506;322;10;14;10;0
52967;494;322;10;14;10;0
52968;482;322;10;14;10;0
52969;470;322;10;14;10;0
52970;458;322;10;14;10;0
52971;446;322;10;14;10;0
52972;434;322;10;14;10;0
52973;662;322;10;14;10;0
52974;674;322;10;14;10;0
52975;686;322;10;14;10;0
52976;698;322;10;14;10;0
52977;938;322;10;14;10;0
52978;926;322;10;14;10;0
52979;914;322;10;14;10;0
52980;902;322;10;14;10;0
52981;890;322;10;14;10;0
52982;878;322;10;14;10;0
52983;866;322;10;14;10;0
52984;854;322;10;14;10;0
52985;842;322;10;14;10;0
52986;950;322;10;14;10;0
52987;830;322;10;14;10;0
52988;806;322;10;14;10;0
52989;794;322;10;14;10;0
52990;782;322;10;14;10;0
52991;770;322;10;14;10;0
52992;758;322;10;14;10;0
52993;746;322;10;14;10;0
52994;734;322;10;14;10;0
52995;722;322;10;14;10;0
52996;710;322;10;14;10;0
52997;2654;322;10;14;10;0
52998;3782;322;10;14;10;0
52999;3794;322;10;14;10;0
53000;3806;322;10;14;10;0
53001;2762;338;10;14;10;0
53002;2750;338;10;14;10;0
53003;2738;338;10;14;10;0
53004;2726;338;10;14;10;0
53005;2714;338;10;14;10;0
53006;2702;338;10;14;10;0
53007;2690;338;10;14;10;0
53008;2678;338;10;14;10;0
53009;2666;338;10;14;10;0
53010;2654;338;10;14;10;0
53011;2642;338;10;14;10;0
53012;2630;338;10;14;10;0
53013;2618;338;10;14;10;0
53014;2606;338;10;14;10;0
53015;2594;338;10;14;10;0
53016;2582;338;10;14;10;0
53017;2570;338;10;14;10;0
53018;2558;338;10;14;10;0
53019;2546;338;10;14;10;0
53020;2774;338;10;14;10;0
53021;2786;338;10;14;10;0
53022;2798;338;10;14;10;0
53023;2810;338;10;14;10;0
53024;3050;338;10;14;10;0
53025;3038;338;10;14;10;0
53026;3026;338;10;14;10;0
53027;3014;338;10;14;10;0
53028;3002;338;10;14;10;0
53029;2990;338;10;14;10;0
53030;2978;338;10;14;10;0
53031;2966;338;10;14;10;0
53032;2954;338;10;14;10;0
53033;3062;338;10;14;10;0
53034;2942;338;10;14;10;0
53035;2918;338;10;14;10;0
53036;2906;338;10;14;10;0
53037;2894;338;10;14;10;0
53038;2882;338;10;14;10;0
53039;2870;338;10;14;10;0
53040;2858;338;10;14;10;0
53041;2846;338;10;14;10;0
53042;2834;338;10;14;10;0
53043;2822;338;10;14;10;0
53044;2534;338;10;14;10;0
53045;2930;338;10;14;10;0
53046;2522;338;10;14;10;0
53047;2366;338;10;14;10;0
53048;2198;338;10;14;10;0
53049;2186;338;10;14;10;0
53050;2174;338;10;14;10;0
53051;2162;338;10;14;10;0
53052;2150;338;10;14;10;0
53053;2138;338;10;14;10;0
53054;2126;338;10;14;10;0
53055;2114;338;10;14;10;0
53056;2102;338;10;14;10;0
53057;2090;338;10;14;10;0
53058;2078;338;10;14;10;0
53059;2066;338;10;14;10;0
53060;2054;338;10;14;10;0
53061;2042;338;10;14;10;0
53062;2030;338;10;14;10;0
53063;2018;338;10;14;10;0
53064;2006;338;10;14;10;0
53065;1994;338;10;14;10;0
53066;1982;338;10;14;10;0
53067;2210;338;10;14;10;0
53068;2222;338;10;14;10;0
53069;2234;338;10;14;10;0
53070;2246;338;10;14;10;0
53071;2486;338;10;14;10;0
53072;2474;338;10;14;10;0
53073;2462;338;10;14;10;0
53074;2450;338;10;14;10;0
53075;2438;338;10;14;10;0
53076;2426;338;10;14;10;0
53077;2414;338;10;14;10;0
53078;2402;338;10;14;10;0
53079;2390;338;10;14;10;0
53080;2498;338;10;14;10;0
53081;2378;338;10;14;10;0
53082;2354;338;10;14;10;0
53083;2342;338;10;14;10;0
53084;2330;338;10;14;10;0
53085;2318;338;10;14;10;0
53086;2306;338;10;14;10;0
53087;2294;338;10;14;10;0
53088;2282;338;10;14;10;0
53089;2270;338;10;14;10;0
53090;2258;338;10;14;10;0
53091;2510;338;10;14;10;0
53092;3086;338;10;14;10;0
53093;3638;338;10;14;10;0
53094;3098;338;10;14;10;0
53095;3890;338;10;14;10;0
53096;3878;338;10;14;10;0
53097;3866;338;10;14;10;0
53098;3854;338;10;14;10;0
53099;3842;338;10;14;10;0
53100;3830;338;10;14;10;0
53101;3818;338;10;14;10;0
53102;3806;338;10;14;10;0
53103;3794;338;10;14;10;0
53104;3782;338;10;14;10;0
53105;3770;338;10;14;10;0
53106;3758;338;10;14;10;0
53107;3746;338;10;14;10;0
53108;3734;338;10;14;10;0
53109;3722;338;10;14;10;0
53110;3710;338;10;14;10;0
53111;3698;338;10;14;10;0
53112;3686;338;10;14;10;0
53113;3674;338;10;14;10;0
53114;3902;338;10;14;10;0
53115;3914;338;10;14;10;0
53116;3926;338;10;14;10;0
53117;3938;338;10;14;10;0
53118;86;354;10;14;10;0
53119;74;354;10;14;10;0
53120;62;354;10;14;10;0
53121;50;354;10;14;10;0
53122;38;354;10;14;10;0
53123;26;354;10;14;10;0
53124;14;354;10;14;10;0
53125;2;354;10;14;10;0
53126;4082;338;10;14;10;0
53127;98;354;10;14;10;0
53128;4070;338;10;14;10;0
53129;4046;338;10;14;10;0
53130;4034;338;10;14;10;0
53131;4022;338;10;14;10;0
53132;4010;338;10;14;10;0
53133;3998;338;10;14;10;0
53134;3986;338;10;14;10;0
53135;3974;338;10;14;10;0
53136;3962;338;10;14;10;0
53137;3950;338;10;14;10;0
53138;3662;338;10;14;10;0
53139;4058;338;10;14;10;0
53140;3650;338;10;14;10;0
53141;3494;338;10;14;10;0
53142;3326;338;10;14;10;0
53143;3314;338;10;14;10;0
53144;3302;338;10;14;10;0
53145;3290;338;10;14;10;0
53146;3278;338;10;14;10;0
53147;3266;338;10;14;10;0
53148;3254;338;10;14;10;0
53149;3242;338;10;14;10;0
53150;3230;338;10;14;10;0
53151;3218;338;10;14;10;0
53152;3206;338;10;14;10;0
53153;3194;338;10;14;10;0
53154;3182;338;10;14;10;0
53155;3170;338;10;14;10;0
53156;3158;338;10;14;10;0
53157;3146;338;10;14;10;0
53158;3134;338;10;14;10;0
53159;3122;338;10;14;10;0
53160;3110;338;10;14;10;0
53161;3338;338;10;14;10;0
53162;3350;338;10;14;10;0
53163;3362;338;10;14;10;0
53164;3374;338;10;14;10;0
53165;3614;338;10;14;10;0
53166;3602;338;10;14;10;0
53167;3590;338;10;14;10;0
53168;3578;338;10;14;10;0
53169;3566;338;10;14;10;0
53170;3554;338;10;14;10;0
53171;3542;338;10;14;10;0
53172;3530;338;10;14;10;0
53173;3518;338;10;14;10;0
53174;3626;338;10;14;10;0
53175;3506;338;10;14;10;0
53176;3482;338;10;14;10;0
53177;3470;338;10;14;10;0
53178;3458;338;10;14;10;0
53179;3446;338;10;14;10;0
53180;3434;338;10;14;10;0
53181;3422;338;10;14;10;0
53182;3410;338;10;14;10;0
53183;3398;338;10;14;10;0
53184;3386;338;10;14;10;0
53185;1970;338;10;14;10;0
53186;3074;338;10;14;10;0
53187;1958;338;10;14;10;0
53188;818;338;10;14;10;0
53189;506;338;10;14;10;0
53190;494;338;10;14;10;0
53191;482;338;10;14;10;0
53192;470;338;10;14;10;0
53193;458;338;10;14;10;0
53194;446;338;10;14;10;0
53195;434;338;10;14;10;0
53196;422;338;10;14;10;0
53197;410;338;10;14;10;0
53198;398;338;10;14;10;0
53199;386;338;10;14;10;0
53200;374;338;10;14;10;0
53201;362;338;10;14;10;0
53202;350;338;10;14;10;0
53203;338;338;10;14;10;0
53204;326;338;10;14;10;0
53205;314;338;10;14;10;0
53206;302;338;10;14;10;0
53207;290;338;10;14;10;0
53208;518;338;10;14;10;0
53209;530;338;10;14;10;0
53210;542;338;10;14;10;0
53211;554;338;10;14;10;0
53212;794;338;10;14;10;0
53213;782;338;10;14;10;0
53214;770;338;10;14;10;0
53215;758;338;10;14;10;0
53216;746;338;10;14;10;0
53217;734;338;10;14;10;0
53218;722;338;10;14;10;0
53219;710;338;10;14;10;0
53220;698;338;10;14;10;0
53221;806;338;10;14;10;0
53222;686;338;10;14;10;0
53223;662;338;10;14;10;0
53224;650;338;10;14;10;0
53225;638;338;10;14;10;0
53226;626;338;10;14;10;0
53227;614;338;10;14;10;0
53228;602;338;10;14;10;0
53229;590;338;10;14;10;0
53230;578;338;10;14;10;0
53231;566;338;10;14;10;0
53232;278;338;10;14;10;0
53233;674;338;10;14;10;0
53234;266;338;10;14;10;0
53235;110;338;10;14;10;0
53236;4034;322;10;14;10;0
53237;4022;322;10;14;10;0
53238;4010;322;10;14;10;0
53239;3998;322;10;14;10;0
53240;3986;322;10;14;10;0
53241;3974;322;10;14;10;0
53242;3962;322;10;14;10;0
53243;3950;322;10;14;10;0
53244;3938;322;10;14;10;0
53245;3926;322;10;14;10;0
53246;3914;322;10;14;10;0
53247;3902;322;10;14;10;0
53248;3890;322;10;14;10;0
53249;3878;322;10;14;10;0
53250;3866;322;10;14;10;0
53251;3854;322;10;14;10;0
53252;3842;322;10;14;10;0
53253;3830;322;10;14;10;0
53254;3818;322;10;14;10;0
53255;4046;322;10;14;10;0
53256;4058;322;10;14;10;0
53257;4070;322;10;14;10;0
53258;4082;322;10;14;10;0
53259;230;338;10;14;10;0
53260;218;338;10;14;10;0
53261;206;338;10;14;10;0
53262;194;338;10;14;10;0
53263;182;338;10;14;10;0
53264;170;338;10;14;10;0
53265;158;338;10;14;10;0
53266;146;338;10;14;10;0
53267;134;338;10;14;10;0
53268;242;338;10;14;10;0
53269;122;338;10;14;10;0
53270;98;338;10;14;10;0
53271;86;338;10;14;10;0
53272;74;338;10;14;10;0
53273;62;338;10;14;10;0
53274;50;338;10;14;10;0
53275;38;338;10;14;10;0
53276;26;338;10;14;10;0
53277;14;338;10;14;10;0
53278;2;338;10;14;10;0
53279;254;338;10;14;10;0
53280;830;338;10;14;10;0
53281;1382;338;10;14;10;0
53282;842;338;10;14;10;0
53283;1634;338;10;14;10;0
53284;1622;338;10;14;10;0
53285;1610;338;10;14;10;0
53286;1598;338;10;14;10;0
53287;1586;338;10;14;10;0
53288;1574;338;10;14;10;0
53289;1562;338;10;14;10;0
53290;1550;338;10;14;10;0
53291;1538;338;10;14;10;0
53292;1526;338;10;14;10;0
53293;1514;338;10;14;10;0
53294;1502;338;10;14;10;0
53295;1490;338;10;14;10;0
53296;1478;338;10;14;10;0
53297;1466;338;10;14;10;0
53298;1454;338;10;14;10;0
53299;1442;338;10;14;10;0
53300;1430;338;10;14;10;0
53301;1418;338;10;14;10;0
53302;1646;338;10;14;10;0
53303;1658;338;10;14;10;0
53304;1670;338;10;14;10;0
53305;1682;338;10;14;10;0
53306;1922;338;10;14;10;0
53307;1910;338;10;14;10;0
53308;1898;338;10;14;10;0
53309;1886;338;10;14;10;0
53310;1874;338;10;14;10;0
53311;1862;338;10;14;10;0
53312;1850;338;10;14;10;0
53313;1838;338;10;14;10;0
53314;1826;338;10;14;10;0
53315;1934;338;10;14;10;0
53316;1814;338;10;14;10;0
53317;1790;338;10;14;10;0
53318;1778;338;10;14;10;0
53319;1766;338;10;14;10;0
53320;1754;338;10;14;10;0
53321;1742;338;10;14;10;0
53322;1730;338;10;14;10;0
53323;1718;338;10;14;10;0
53324;1706;338;10;14;10;0
53325;1694;338;10;14;10;0
53326;1406;338;10;14;10;0
53327;1802;338;10;14;10;0
53328;1394;338;10;14;10;0
53329;1238;338;10;14;10;0
53330;1070;338;10;14;10;0
53331;1058;338;10;14;10;0
53332;1046;338;10;14;10;0
53333;1034;338;10;14;10;0
53334;1022;338;10;14;10;0
53335;1010;338;10;14;10;0
53336;998;338;10;14;10;0
53337;986;338;10;14;10;0
53338;974;338;10;14;10;0
53339;962;338;10;14;10;0
53340;950;338;10;14;10;0
53341;938;338;10;14;10;0
53342;926;338;10;14;10;0
53343;914;338;10;14;10;0
53344;902;338;10;14;10;0
53345;890;338;10;14;10;0
53346;878;338;10;14;10;0
53347;866;338;10;14;10;0
53348;854;338;10;14;10;0
53349;1082;338;10;14;10;0
53350;1094;338;10;14;10;0
53351;1106;338;10;14;10;0
53352;1118;338;10;14;10;0
53353;1358;338;10;14;10;0
53354;1346;338;10;14;10;0
53355;1334;338;10;14;10;0
53356;1322;338;10;14;10;0
53357;1310;338;10;14;10;0
53358;1298;338;10;14;10;0
53359;1286;338;10;14;10;0
53360;1274;338;10;14;10;0
53361;1262;338;10;14;10;0
53362;1370;338;10;14;10;0
53363;1250;338;10;14;10;0
53364;1226;338;10;14;10;0
53365;1214;338;10;14;10;0
53366;1202;338;10;14;10;0
53367;1190;338;10;14;10;0
53368;1178;338;10;14;10;0
53369;1166;338;10;14;10;0
53370;1154;338;10;14;10;0
53371;1142;338;10;14;10;0
53372;1130;338;10;14;10;0
53373;3398;306;10;14;10;0
53374;1946;338;10;14;10;0
53375;3386;306;10;14;10;0
53376;1118;306;10;14;10;0
53377;1514;290;10;14;10;0
53378;1502;290;10;14;10;0
53379;1490;290;10;14;10;0
53380;1478;290;10;14;10;0
53381;1466;290;10;14;10;0
53382;1454;290;10;14;10;0
53383;1442;290;10;14;10;0
53384;1430;290;10;14;10;0
53385;1418;290;10;14;10;0
53386;1406;290;10;14;10;0
53387;1394;290;10;14;10;0
53388;1382;290;10;14;10;0
53389;1370;290;10;14;10;0
53390;1358;290;10;14;10;0
53391;1346;290;10;14;10;0
53392;1334;290;10;14;10;0
53393;1322;290;10;14;10;0
53394;1310;290;10;14;10;0
53395;1298;290;10;14;10;0
53396;1526;290;10;14;10;0
53397;1538;290;10;14;10;0
53398;1550;290;10;14;10;0
53399;1562;290;10;14;10;0
53400;1802;290;10;14;10;0
53401;1790;290;10;14;10;0
53402;1778;290;10;14;10;0
53403;1766;290;10;14;10;0
53404;1754;290;10;14;10;0
53405;1742;290;10;14;10;0
53406;1730;290;10;14;10;0
53407;1718;290;10;14;10;0
53408;1706;290;10;14;10;0
53409;1814;290;10;14;10;0
53410;1694;290;10;14;10;0
53411;1670;290;10;14;10;0
53412;1658;290;10;14;10;0
53413;1646;290;10;14;10;0
53414;1634;290;10;14;10;0
53415;1622;290;10;14;10;0
53416;1610;290;10;14;10;0
53417;1598;290;10;14;10;0
53418;1586;290;10;14;10;0
53419;1574;290;10;14;10;0
53420;1286;290;10;14;10;0
53421;1682;290;10;14;10;0
53422;1274;290;10;14;10;0
53423;1118;290;10;14;10;0
53424;950;290;10;14;10;0
53425;938;290;10;14;10;0
53426;926;290;10;14;10;0
53427;914;290;10;14;10;0
53428;902;290;10;14;10;0
53429;890;290;10;14;10;0
53430;878;290;10;14;10;0
53431;866;290;10;14;10;0
53432;854;290;10;14;10;0
53433;842;290;10;14;10;0
53434;830;290;10;14;10;0
53435;818;290;10;14;10;0
53436;806;290;10;14;10;0
53437;794;290;10;14;10;0
53438;782;290;10;14;10;0
53439;770;290;10;14;10;0
53440;758;290;10;14;10;0
53441;746;290;10;14;10;0
53442;734;290;10;14;10;0
53443;962;290;10;14;10;0
53444;974;290;10;14;10;0
53445;986;290;10;14;10;0
53446;998;290;10;14;10;0
53447;1238;290;10;14;10;0
53448;1226;290;10;14;10;0
53449;1214;290;10;14;10;0
53450;1202;290;10;14;10;0
53451;1190;290;10;14;10;0
53452;1178;290;10;14;10;0
53453;1166;290;10;14;10;0
53454;1154;290;10;14;10;0
53455;1142;290;10;14;10;0
53456;1250;290;10;14;10;0
53457;1130;290;10;14;10;0
53458;1106;290;10;14;10;0
53459;1094;290;10;14;10;0
53460;1082;290;10;14;10;0
53461;1070;290;10;14;10;0
53462;1058;290;10;14;10;0
53463;1046;290;10;14;10;0
53464;1034;290;10;14;10;0
53465;1022;290;10;14;10;0
53466;1010;290;10;14;10;0
53467;1262;290;10;14;10;0
53468;1838;290;10;14;10;0
53469;2390;290;10;14;10;0
53470;1850;290;10;14;10;0
53471;2642;290;10;14;10;0
53472;2630;290;10;14;10;0
53473;2618;290;10;14;10;0
53474;2606;290;10;14;10;0
53475;2594;290;10;14;10;0
53476;2582;290;10;14;10;0
53477;2570;290;10;14;10;0
53478;2558;290;10;14;10;0
53479;2546;290;10;14;10;0
53480;2534;290;10;14;10;0
53481;2522;290;10;14;10;0
53482;2510;290;10;14;10;0
53483;2498;290;10;14;10;0
53484;2486;290;10;14;10;0
53485;2474;290;10;14;10;0
53486;2462;290;10;14;10;0
53487;2450;290;10;14;10;0
53488;2438;290;10;14;10;0
53489;2426;290;10;14;10;0
53490;2654;290;10;14;10;0
53491;2666;290;10;14;10;0
53492;2678;290;10;14;10;0
53493;2690;290;10;14;10;0
53494;2930;290;10;14;10;0
53495;2918;290;10;14;10;0
53496;2906;290;10;14;10;0
53497;2894;290;10;14;10;0
53498;2882;290;10;14;10;0
53499;2870;290;10;14;10;0
53500;2858;290;10;14;10;0
53501;2846;290;10;14;10;0
53502;2834;290;10;14;10;0
53503;2942;290;10;14;10;0
53504;2822;290;10;14;10;0
53505;2798;290;10;14;10;0
53506;2786;290;10;14;10;0
53507;2774;290;10;14;10;0
53508;2762;290;10;14;10;0
53509;2750;290;10;14;10;0
53510;2738;290;10;14;10;0
53511;2726;290;10;14;10;0
53512;2714;290;10;14;10;0
53513;2702;290;10;14;10;0
53514;2414;290;10;14;10;0
53515;2810;290;10;14;10;0
53516;2402;290;10;14;10;0
53517;2246;290;10;14;10;0
53518;2078;290;10;14;10;0
53519;2066;290;10;14;10;0
53520;2054;290;10;14;10;0
53521;2042;290;10;14;10;0
53522;2030;290;10;14;10;0
53523;2018;290;10;14;10;0
53524;2006;290;10;14;10;0
53525;1994;290;10;14;10;0
53526;1982;290;10;14;10;0
53527;1970;290;10;14;10;0
53528;1958;290;10;14;10;0
53529;1946;290;10;14;10;0
53530;1934;290;10;14;10;0
53531;1922;290;10;14;10;0
53532;1910;290;10;14;10;0
53533;1898;290;10;14;10;0
53534;1886;290;10;14;10;0
53535;1874;290;10;14;10;0
53536;1862;290;10;14;10;0
53537;2090;290;10;14;10;0
53538;2102;290;10;14;10;0
53539;2114;290;10;14;10;0
53540;2126;290;10;14;10;0
53541;2366;290;10;14;10;0
53542;2354;290;10;14;10;0
53543;2342;290;10;14;10;0
53544;2330;290;10;14;10;0
53545;2318;290;10;14;10;0
53546;2306;290;10;14;10;0
53547;2294;290;10;14;10;0
53548;2282;290;10;14;10;0
53549;2270;290;10;14;10;0
53550;2378;290;10;14;10;0
53551;2258;290;10;14;10;0
53552;2234;290;10;14;10;0
53553;2222;290;10;14;10;0
53554;2210;290;10;14;10;0
53555;2198;290;10;14;10;0
53556;2186;290;10;14;10;0
53557;2174;290;10;14;10;0
53558;2162;290;10;14;10;0
53559;2150;290;10;14;10;0
53560;2138;290;10;14;10;0
53561;722;290;10;14;10;0
53562;710;290;10;14;10;0
53563;698;290;10;14;10;0
53564;134;290;10;14;10;0
53565;3350;274;10;14;10;0
53566;3338;274;10;14;10;0
53567;3326;274;10;14;10;0
53568;3314;274;10;14;10;0
53569;3302;274;10;14;10;0
53570;3290;274;10;14;10;0
53571;3278;274;10;14;10;0
53572;3266;274;10;14;10;0
53573;3254;274;10;14;10;0
53574;3242;274;10;14;10;0
53575;3230;274;10;14;10;0
53576;3218;274;10;14;10;0
53577;3206;274;10;14;10;0
53578;3194;274;10;14;10;0
53579;3182;274;10;14;10;0
53580;3170;274;10;14;10;0
53581;3158;274;10;14;10;0
53582;3146;274;10;14;10;0
53583;3134;274;10;14;10;0
53584;3362;274;10;14;10;0
53585;3374;274;10;14;10;0
53586;3386;274;10;14;10;0
53587;3398;274;10;14;10;0
53588;3638;274;10;14;10;0
53589;3626;274;10;14;10;0
53590;3614;274;10;14;10;0
53591;3602;274;10;14;10;0
53592;3590;274;10;14;10;0
53593;3578;274;10;14;10;0
53594;3566;274;10;14;10;0
53595;3554;274;10;14;10;0
53596;3542;274;10;14;10;0
53597;3650;274;10;14;10;0
53598;3530;274;10;14;10;0
53599;3506;274;10;14;10;0
53600;3494;274;10;14;10;0
53601;3482;274;10;14;10;0
53602;3470;274;10;14;10;0
53603;3458;274;10;14;10;0
53604;3446;274;10;14;10;0
53605;3434;274;10;14;10;0
53606;3422;274;10;14;10;0
53607;3410;274;10;14;10;0
53608;3122;274;10;14;10;0
53609;3110;274;10;14;10;0
53610;3098;274;10;14;10;0
53611;2822;274;10;14;10;0
53612;2798;274;10;14;10;0
53613;2786;274;10;14;10;0
53614;2774;274;10;14;10;0
53615;2762;274;10;14;10;0
53616;2750;274;10;14;10;0
53617;2738;274;10;14;10;0
53618;2726;274;10;14;10;0
53619;2714;274;10;14;10;0
53620;2702;274;10;14;10;0
53621;2690;274;10;14;10;0
53622;2678;274;10;14;10;0
53623;2666;274;10;14;10;0
53624;2654;274;10;14;10;0
53625;2642;274;10;14;10;0
53626;2630;274;10;14;10;0
53627;2618;274;10;14;10;0
53628;2606;274;10;14;10;0
53629;2594;274;10;14;10;0
53630;2582;274;10;14;10;0
53631;2810;274;10;14;10;0
53632;2834;274;10;14;10;0
53633;3086;274;10;14;10;0
53634;2846;274;10;14;10;0
53635;3074;274;10;14;10;0
53636;3062;274;10;14;10;0
53637;3050;274;10;14;10;0
53638;3038;274;10;14;10;0
53639;3026;274;10;14;10;0
53640;3014;274;10;14;10;0
53641;3002;274;10;14;10;0
53642;2990;274;10;14;10;0
53643;2978;274;10;14;10;0
53644;2966;274;10;14;10;0
53645;2954;274;10;14;10;0
53646;2942;274;10;14;10;0
53647;2930;274;10;14;10;0
53648;2918;274;10;14;10;0
53649;2906;274;10;14;10;0
53650;2894;274;10;14;10;0
53651;2882;274;10;14;10;0
53652;2870;274;10;14;10;0
53653;2858;274;10;14;10;0
53654;3518;274;10;14;10;0
53655;3662;274;10;14;10;0
53656;3674;274;10;14;10;0
53657;3686;274;10;14;10;0
53658;386;290;10;14;10;0
53659;374;290;10;14;10;0
53660;362;290;10;14;10;0
53661;350;290;10;14;10;0
53662;338;290;10;14;10;0
53663;326;290;10;14;10;0
53664;314;290;10;14;10;0
53665;302;290;10;14;10;0
53666;290;290;10;14;10;0
53667;278;290;10;14;10;0
53668;266;290;10;14;10;0
53669;254;290;10;14;10;0
53670;242;290;10;14;10;0
53671;230;290;10;14;10;0
53672;218;290;10;14;10;0
53673;206;290;10;14;10;0
53674;194;290;10;14;10;0
53675;182;290;10;14;10;0
53676;170;290;10;14;10;0
53677;398;290;10;14;10;0
53678;410;290;10;14;10;0
53679;422;290;10;14;10;0
53680;434;290;10;14;10;0
53681;674;290;10;14;10;0
53682;662;290;10;14;10;0
53683;650;290;10;14;10;0
53684;638;290;10;14;10;0
53685;626;290;10;14;10;0
53686;614;290;10;14;10;0
53687;602;290;10;14;10;0
53688;590;290;10;14;10;0
53689;578;290;10;14;10;0
53690;686;290;10;14;10;0
53691;566;290;10;14;10;0
53692;542;290;10;14;10;0
53693;530;290;10;14;10;0
53694;518;290;10;14;10;0
53695;506;290;10;14;10;0
53696;494;290;10;14;10;0
53697;482;290;10;14;10;0
53698;470;290;10;14;10;0
53699;458;290;10;14;10;0
53700;446;290;10;14;10;0
53701;158;290;10;14;10;0
53702;554;290;10;14;10;0
53703;146;290;10;14;10;0
53704;4082;274;10;14;10;0
53705;3914;274;10;14;10;0
53706;3902;274;10;14;10;0
53707;3890;274;10;14;10;0
53708;3878;274;10;14;10;0
53709;3866;274;10;14;10;0
53710;3854;274;10;14;10;0
53711;3842;274;10;14;10;0
53712;3830;274;10;14;10;0
53713;3818;274;10;14;10;0
53714;3806;274;10;14;10;0
53715;3794;274;10;14;10;0
53716;3782;274;10;14;10;0
53717;3770;274;10;14;10;0
53718;3758;274;10;14;10;0
53719;3746;274;10;14;10;0
53720;3734;274;10;14;10;0
53721;3722;274;10;14;10;0
53722;3710;274;10;14;10;0
53723;3698;274;10;14;10;0
53724;3926;274;10;14;10;0
53725;3938;274;10;14;10;0
53726;3950;274;10;14;10;0
53727;3962;274;10;14;10;0
53728;110;290;10;14;10;0
53729;98;290;10;14;10;0
53730;86;290;10;14;10;0
53731;74;290;10;14;10;0
53732;62;290;10;14;10;0
53733;50;290;10;14;10;0
53734;38;290;10;14;10;0
53735;26;290;10;14;10;0
53736;14;290;10;14;10;0
53737;122;290;10;14;10;0
53738;2;290;10;14;10;0
53739;4070;274;10;14;10;0
53740;4058;274;10;14;10;0
53741;4046;274;10;14;10;0
53742;4034;274;10;14;10;0
53743;4022;274;10;14;10;0
53744;4010;274;10;14;10;0
53745;3998;274;10;14;10;0
53746;3986;274;10;14;10;0
53747;3974;274;10;14;10;0
53748;1826;290;10;14;10;0
53749;2954;290;10;14;10;0
53750;2966;290;10;14;10;0
53751;2978;290;10;14;10;0
53752;1934;306;10;14;10;0
53753;1922;306;10;14;10;0
53754;1910;306;10;14;10;0
53755;1898;306;10;14;10;0
53756;1886;306;10;14;10;0
53757;1874;306;10;14;10;0
53758;1862;306;10;14;10;0
53759;1850;306;10;14;10;0
53760;1838;306;10;14;10;0
53761;1826;306;10;14;10;0
53762;1814;306;10;14;10;0
53763;1802;306;10;14;10;0
53764;1790;306;10;14;10;0
53765;1778;306;10;14;10;0
53766;1766;306;10;14;10;0
53767;1754;306;10;14;10;0
53768;1742;306;10;14;10;0
53769;1730;306;10;14;10;0
53770;1718;306;10;14;10;0
53771;1946;306;10;14;10;0
53772;1958;306;10;14;10;0
53773;1970;306;10;14;10;0
53774;1982;306;10;14;10;0
53775;2222;306;10;14;10;0
53776;2210;306;10;14;10;0
53777;2198;306;10;14;10;0
53778;2186;306;10;14;10;0
53779;2174;306;10;14;10;0
53780;2162;306;10;14;10;0
53781;2150;306;10;14;10;0
53782;2138;306;10;14;10;0
53783;2126;306;10;14;10;0
53784;2234;306;10;14;10;0
53785;2114;306;10;14;10;0
53786;2090;306;10;14;10;0
53787;2078;306;10;14;10;0
53788;2066;306;10;14;10;0
53789;2054;306;10;14;10;0
53790;2042;306;10;14;10;0
53791;2030;306;10;14;10;0
53792;2018;306;10;14;10;0
53793;2006;306;10;14;10;0
53794;1994;306;10;14;10;0
53795;1706;306;10;14;10;0
53796;2102;306;10;14;10;0
53797;1694;306;10;14;10;0
53798;1538;306;10;14;10;0
53799;1370;306;10;14;10;0
53800;1358;306;10;14;10;0
53801;1346;306;10;14;10;0
53802;1334;306;10;14;10;0
53803;1322;306;10;14;10;0
53804;1310;306;10;14;10;0
53805;1298;306;10;14;10;0
53806;1286;306;10;14;10;0
53807;1274;306;10;14;10;0
53808;1262;306;10;14;10;0
53809;1250;306;10;14;10;0
53810;1238;306;10;14;10;0
53811;1226;306;10;14;10;0
53812;1214;306;10;14;10;0
53813;1202;306;10;14;10;0
53814;1190;306;10;14;10;0
53815;1178;306;10;14;10;0
53816;1166;306;10;14;10;0
53817;1154;306;10;14;10;0
53818;1382;306;10;14;10;0
53819;1394;306;10;14;10;0
53820;1406;306;10;14;10;0
53821;1418;306;10;14;10;0
53822;1658;306;10;14;10;0
53823;1646;306;10;14;10;0
53824;1634;306;10;14;10;0
53825;1622;306;10;14;10;0
53826;1610;306;10;14;10;0
53827;1598;306;10;14;10;0
53828;1586;306;10;14;10;0
53829;1574;306;10;14;10;0
53830;1562;306;10;14;10;0
53831;1670;306;10;14;10;0
53832;1550;306;10;14;10;0
53833;1526;306;10;14;10;0
53834;1514;306;10;14;10;0
53835;1502;306;10;14;10;0
53836;1490;306;10;14;10;0
53837;1478;306;10;14;10;0
53838;1466;306;10;14;10;0
53839;1454;306;10;14;10;0
53840;1442;306;10;14;10;0
53841;1430;306;10;14;10;0
53842;1682;306;10;14;10;0
53843;2258;306;10;14;10;0
53844;2810;306;10;14;10;0
53845;2270;306;10;14;10;0
53846;3062;306;10;14;10;0
53847;3050;306;10;14;10;0
53848;3038;306;10;14;10;0
53849;3026;306;10;14;10;0
53850;3014;306;10;14;10;0
53851;3002;306;10;14;10;0
53852;2990;306;10;14;10;0
53853;2978;306;10;14;10;0
53854;2966;306;10;14;10;0
53855;2954;306;10;14;10;0
53856;2942;306;10;14;10;0
53857;2930;306;10;14;10;0
53858;2918;306;10;14;10;0
53859;2906;306;10;14;10;0
53860;2894;306;10;14;10;0
53861;2882;306;10;14;10;0
53862;2870;306;10;14;10;0
53863;2858;306;10;14;10;0
53864;2846;306;10;14;10;0
53865;3074;306;10;14;10;0
53866;3086;306;10;14;10;0
53867;3098;306;10;14;10;0
53868;3110;306;10;14;10;0
53869;3350;306;10;14;10;0
53870;3338;306;10;14;10;0
53871;3326;306;10;14;10;0
53872;3314;306;10;14;10;0
53873;3302;306;10;14;10;0
53874;3290;306;10;14;10;0
53875;3278;306;10;14;10;0
53876;3266;306;10;14;10;0
53877;3254;306;10;14;10;0
53878;3362;306;10;14;10;0
53879;3242;306;10;14;10;0
53880;3218;306;10;14;10;0
53881;3206;306;10;14;10;0
53882;3194;306;10;14;10;0
53883;3182;306;10;14;10;0
53884;3170;306;10;14;10;0
53885;3158;306;10;14;10;0
53886;3146;306;10;14;10;0
53887;3134;306;10;14;10;0
53888;3122;306;10;14;10;0
53889;2834;306;10;14;10;0
53890;3230;306;10;14;10;0
53891;2822;306;10;14;10;0
53892;2666;306;10;14;10;0
53893;2498;306;10;14;10;0
53894;2486;306;10;14;10;0
53895;2474;306;10;14;10;0
53896;2462;306;10;14;10;0
53897;2450;306;10;14;10;0
53898;2438;306;10;14;10;0
53899;2426;306;10;14;10;0
53900;2414;306;10;14;10;0
53901;2402;306;10;14;10;0
53902;2390;306;10;14;10;0
53903;2378;306;10;14;10;0
53904;2366;306;10;14;10;0
53905;2354;306;10;14;10;0
53906;2342;306;10;14;10;0
53907;2330;306;10;14;10;0
53908;2318;306;10;14;10;0
53909;2306;306;10;14;10;0
53910;2294;306;10;14;10;0
53911;2282;306;10;14;10;0
53912;2510;306;10;14;10;0
53913;2522;306;10;14;10;0
53914;2534;306;10;14;10;0
53915;2546;306;10;14;10;0
53916;2786;306;10;14;10;0
53917;2774;306;10;14;10;0
53918;2762;306;10;14;10;0
53919;2750;306;10;14;10;0
53920;2738;306;10;14;10;0
53921;2726;306;10;14;10;0
53922;2714;306;10;14;10;0
53923;2702;306;10;14;10;0
53924;2690;306;10;14;10;0
53925;2798;306;10;14;10;0
53926;2678;306;10;14;10;0
53927;2654;306;10;14;10;0
53928;2642;306;10;14;10;0
53929;2630;306;10;14;10;0
53930;2618;306;10;14;10;0
53931;2606;306;10;14;10;0
53932;2594;306;10;14;10;0
53933;2582;306;10;14;10;0
53934;2570;306;10;14;10;0
53935;2558;306;10;14;10;0
53936;1142;306;10;14;10;0
53937;2246;306;10;14;10;0
53938;1130;306;10;14;10;0
53939;4082;290;10;14;10;0
53940;3770;290;10;14;10;0
53941;3758;290;10;14;10;0
53942;3746;290;10;14;10;0
53943;3734;290;10;14;10;0
53944;3722;290;10;14;10;0
53945;3710;290;10;14;10;0
53946;3698;290;10;14;10;0
53947;3686;290;10;14;10;0
53948;3674;290;10;14;10;0
53949;3662;290;10;14;10;0
53950;3650;290;10;14;10;0
53951;3638;290;10;14;10;0
53952;3626;290;10;14;10;0
53953;3614;290;10;14;10;0
53954;3602;290;10;14;10;0
53955;3590;290;10;14;10;0
53956;3578;290;10;14;10;0
53957;3566;290;10;14;10;0
53958;3554;290;10;14;10;0
53959;3782;290;10;14;10;0
53960;3794;290;10;14;10;0
53961;3806;290;10;14;10;0
53962;3818;290;10;14;10;0
53963;4058;290;10;14;10;0
53964;4046;290;10;14;10;0
53965;4034;290;10;14;10;0
53966;4022;290;10;14;10;0
53967;4010;290;10;14;10;0
53968;3998;290;10;14;10;0
53969;3986;290;10;14;10;0
53970;3974;290;10;14;10;0
53971;3962;290;10;14;10;0
53972;4070;290;10;14;10;0
53973;3950;290;10;14;10;0
53974;3926;290;10;14;10;0
53975;3914;290;10;14;10;0
53976;3902;290;10;14;10;0
53977;3890;290;10;14;10;0
53978;3878;290;10;14;10;0
53979;3866;290;10;14;10;0
53980;3854;290;10;14;10;0
53981;3842;290;10;14;10;0
53982;3830;290;10;14;10;0
53983;3542;290;10;14;10;0
53984;3938;290;10;14;10;0
53985;3530;290;10;14;10;0
53986;3374;290;10;14;10;0
53987;3206;290;10;14;10;0
53988;3194;290;10;14;10;0
53989;3182;290;10;14;10;0
53990;3170;290;10;14;10;0
53991;3158;290;10;14;10;0
53992;3146;290;10;14;10;0
53993;3134;290;10;14;10;0
53994;3122;290;10;14;10;0
53995;3110;290;10;14;10;0
53996;3098;290;10;14;10;0
53997;3086;290;10;14;10;0
53998;3074;290;10;14;10;0
53999;3062;290;10;14;10;0
54000;3050;290;10;14;10;0
54001;3038;290;10;14;10;0
54002;3026;290;10;14;10;0
54003;3014;290;10;14;10;0
54004;3002;290;10;14;10;0
54005;2990;290;10;14;10;0
54006;3218;290;10;14;10;0
54007;3230;290;10;14;10;0
54008;3242;290;10;14;10;0
54009;3254;290;10;14;10;0
54010;3494;290;10;14;10;0
54011;3482;290;10;14;10;0
54012;3470;290;10;14;10;0
54013;3458;290;10;14;10;0
54014;3446;290;10;14;10;0
54015;3434;290;10;14;10;0
54016;3422;290;10;14;10;0
54017;3410;290;10;14;10;0
54018;3398;290;10;14;10;0
54019;3506;290;10;14;10;0
54020;3386;290;10;14;10;0
54021;3362;290;10;14;10;0
54022;3350;290;10;14;10;0
54023;3338;290;10;14;10;0
54024;3326;290;10;14;10;0
54025;3314;290;10;14;10;0
54026;3302;290;10;14;10;0
54027;3290;290;10;14;10;0
54028;3278;290;10;14;10;0
54029;3266;290;10;14;10;0
54030;3518;290;10;14;10;0
54031;2;306;10;14;10;0
54032;554;306;10;14;10;0
54033;14;306;10;14;10;0
54034;806;306;10;14;10;0
54035;794;306;10;14;10;0
54036;782;306;10;14;10;0
54037;770;306;10;14;10;0
54038;758;306;10;14;10;0
54039;746;306;10;14;10;0
54040;734;306;10;14;10;0
54041;722;306;10;14;10;0
54042;710;306;10;14;10;0
54043;698;306;10;14;10;0
54044;686;306;10;14;10;0
54045;674;306;10;14;10;0
54046;662;306;10;14;10;0
54047;650;306;10;14;10;0
54048;638;306;10;14;10;0
54049;626;306;10;14;10;0
54050;614;306;10;14;10;0
54051;602;306;10;14;10;0
54052;590;306;10;14;10;0
54053;818;306;10;14;10;0
54054;830;306;10;14;10;0
54055;842;306;10;14;10;0
54056;854;306;10;14;10;0
54057;1094;306;10;14;10;0
54058;1082;306;10;14;10;0
54059;1070;306;10;14;10;0
54060;1058;306;10;14;10;0
54061;1046;306;10;14;10;0
54062;1034;306;10;14;10;0
54063;1022;306;10;14;10;0
54064;1010;306;10;14;10;0
54065;998;306;10;14;10;0
54066;1106;306;10;14;10;0
54067;986;306;10;14;10;0
54068;962;306;10;14;10;0
54069;950;306;10;14;10;0
54070;938;306;10;14;10;0
54071;926;306;10;14;10;0
54072;914;306;10;14;10;0
54073;902;306;10;14;10;0
54074;890;306;10;14;10;0
54075;878;306;10;14;10;0
54076;866;306;10;14;10;0
54077;578;306;10;14;10;0
54078;974;306;10;14;10;0
54079;566;306;10;14;10;0
54080;410;306;10;14;10;0
54081;242;306;10;14;10;0
54082;230;306;10;14;10;0
54083;218;306;10;14;10;0
54084;206;306;10;14;10;0
54085;194;306;10;14;10;0
54086;182;306;10;14;10;0
54087;170;306;10;14;10;0
54088;158;306;10;14;10;0
54089;146;306;10;14;10;0
54090;134;306;10;14;10;0
54091;122;306;10;14;10;0
54092;110;306;10;14;10;0
54093;98;306;10;14;10;0
54094;86;306;10;14;10;0
54095;74;306;10;14;10;0
54096;62;306;10;14;10;0
54097;50;306;10;14;10;0
54098;38;306;10;14;10;0
54099;26;306;10;14;10;0
54100;254;306;10;14;10;0
54101;266;306;10;14;10;0
54102;278;306;10;14;10;0
54103;290;306;10;14;10;0
54104;530;306;10;14;10;0
54105;518;306;10;14;10;0
54106;506;306;10;14;10;0
54107;494;306;10;14;10;0
54108;482;306;10;14;10;0
54109;470;306;10;14;10;0
54110;458;306;10;14;10;0
54111;446;306;10;14;10;0
54112;434;306;10;14;10;0
54113;542;306;10;14;10;0
54114;422;306;10;14;10;0
54115;398;306;10;14;10;0
54116;386;306;10;14;10;0
54117;374;306;10;14;10;0
54118;362;306;10;14;10;0
54119;350;306;10;14;10;0
54120;338;306;10;14;10;0
54121;326;306;10;14;10;0
54122;314;306;10;14;10;0
54123;302;306;10;14;10;0
54124;3374;306;10;14;10;0
54125;110;354;10;14;10;0
54126;122;354;10;14;10;0
54127;134;354;10;14;10;0
54128;3598;386;10;14;10;0
54129;3586;386;10;14;10;0
54130;3574;386;10;14;10;0
54131;3562;386;10;14;10;0
54132;3550;386;10;14;10;0
54133;3538;386;10;14;10;0
54134;3526;386;10;14;10;0
54135;3514;386;10;14;10;0
54136;3502;386;10;14;10;0
54137;3490;386;10;14;10;0
54138;3478;386;10;14;10;0
54139;3466;386;10;14;10;0
54140;3454;386;10;14;10;0
54141;3442;386;10;14;10;0
54142;3430;386;10;14;10;0
54143;3418;386;10;14;10;0
54144;3406;386;10;14;10;0
54145;3394;386;10;14;10;0
54146;3382;386;10;14;10;0
54147;3610;386;10;14;10;0
54148;3622;386;10;14;10;0
54149;3634;386;10;14;10;0
54150;3646;386;10;14;10;0
54151;3886;386;10;14;10;0
54152;3874;386;10;14;10;0
54153;3862;386;10;14;10;0
54154;3850;386;10;14;10;0
54155;3838;386;10;14;10;0
54156;3826;386;10;14;10;0
54157;3814;386;10;14;10;0
54158;3802;386;10;14;10;0
54159;3790;386;10;14;10;0
54160;3898;386;10;14;10;0
54161;3778;386;10;14;10;0
54162;3754;386;10;14;10;0
54163;3742;386;10;14;10;0
54164;3730;386;10;14;10;0
54165;3718;386;10;14;10;0
54166;3706;386;10;14;10;0
54167;3694;386;10;14;10;0
54168;3682;386;10;14;10;0
54169;3670;386;10;14;10;0
54170;3658;386;10;14;10;0
54171;3370;386;10;14;10;0
54172;3766;386;10;14;10;0
54173;3358;386;10;14;10;0
54174;3202;386;10;14;10;0
54175;3034;386;10;14;10;0
54176;3022;386;10;14;10;0
54177;3010;386;10;14;10;0
54178;2998;386;10;14;10;0
54179;2986;386;10;14;10;0
54180;2974;386;10;14;10;0
54181;2962;386;10;14;10;0
54182;2950;386;10;14;10;0
54183;2938;386;10;14;10;0
54184;2926;386;10;14;10;0
54185;2914;386;10;14;10;0
54186;2902;386;10;14;10;0
54187;2890;386;10;14;10;0
54188;2878;386;10;14;10;0
54189;2866;386;10;14;10;0
54190;2854;386;10;14;10;0
54191;2842;386;10;14;10;0
54192;2830;386;10;14;10;0
54193;2818;386;10;14;10;0
54194;3046;386;10;14;10;0
54195;3058;386;10;14;10;0
54196;3070;386;10;14;10;0
54197;3082;386;10;14;10;0
54198;3322;386;10;14;10;0
54199;3310;386;10;14;10;0
54200;3298;386;10;14;10;0
54201;3286;386;10;14;10;0
54202;3274;386;10;14;10;0
54203;3262;386;10;14;10;0
54204;3250;386;10;14;10;0
54205;3238;386;10;14;10;0
54206;3226;386;10;14;10;0
54207;3334;386;10;14;10;0
54208;3214;386;10;14;10;0
54209;3190;386;10;14;10;0
54210;3178;386;10;14;10;0
54211;3166;386;10;14;10;0
54212;3154;386;10;14;10;0
54213;3142;386;10;14;10;0
54214;3130;386;10;14;10;0
54215;3118;386;10;14;10;0
54216;3106;386;10;14;10;0
54217;3094;386;10;14;10;0
54218;3346;386;10;14;10;0
54219;3922;386;10;14;10;0
54220;386;402;10;14;10;0
54221;3934;386;10;14;10;0
54222;638;402;10;14;10;0
54223;626;402;10;14;10;0
54224;614;402;10;14;10;0
54225;602;402;10;14;10;0
54226;590;402;10;14;10;0
54227;578;402;10;14;10;0
54228;566;402;10;14;10;0
54229;554;402;10;14;10;0
54230;542;402;10;14;10;0
54231;530;402;10;14;10;0
54232;518;402;10;14;10;0
54233;506;402;10;14;10;0
54234;494;402;10;14;10;0
54235;482;402;10;14;10;0
54236;470;402;10;14;10;0
54237;458;402;10;14;10;0
54238;446;402;10;14;10;0
54239;434;402;10;14;10;0
54240;422;402;10;14;10;0
54241;650;402;10;14;10;0
54242;662;402;10;14;10;0
54243;674;402;10;14;10;0
54244;686;402;10;14;10;0
54245;926;402;10;14;10;0
54246;914;402;10;14;10;0
54247;902;402;10;14;10;0
54248;890;402;10;14;10;0
54249;878;402;10;14;10;0
54250;866;402;10;14;10;0
54251;854;402;10;14;10;0
54252;842;402;10;14;10;0
54253;830;402;10;14;10;0
54254;938;402;10;14;10;0
54255;818;402;10;14;10;0
54256;794;402;10;14;10;0
54257;782;402;10;14;10;0
54258;770;402;10;14;10;0
54259;758;402;10;14;10;0
54260;746;402;10;14;10;0
54261;734;402;10;14;10;0
54262;722;402;10;14;10;0
54263;710;402;10;14;10;0
54264;698;402;10;14;10;0
54265;410;402;10;14;10;0
54266;806;402;10;14;10;0
54267;398;402;10;14;10;0
54268;242;402;10;14;10;0
54269;74;402;10;14;10;0
54270;62;402;10;14;10;0
54271;50;402;10;14;10;0
54272;38;402;10;14;10;0
54273;26;402;10;14;10;0
54274;14;402;10;14;10;0
54275;2;402;10;14;10;0
54276;4078;386;10;14;10;0
54277;4066;386;10;14;10;0
54278;4054;386;10;14;10;0
54279;4042;386;10;14;10;0
54280;4030;386;10;14;10;0
54281;4018;386;10;14;10;0
54282;4006;386;10;14;10;0
54283;3994;386;10;14;10;0
54284;3982;386;10;14;10;0
54285;3970;386;10;14;10;0
54286;3958;386;10;14;10;0
54287;3946;386;10;14;10;0
54288;86;402;10;14;10;0
54289;98;402;10;14;10;0
54290;110;402;10;14;10;0
54291;122;402;10;14;10;0
54292;362;402;10;14;10;0
54293;350;402;10;14;10;0
54294;338;402;10;14;10;0
54295;326;402;10;14;10;0
54296;314;402;10;14;10;0
54297;302;402;10;14;10;0
54298;290;402;10;14;10;0
54299;278;402;10;14;10;0
54300;266;402;10;14;10;0
54301;374;402;10;14;10;0
54302;254;402;10;14;10;0
54303;230;402;10;14;10;0
54304;218;402;10;14;10;0
54305;206;402;10;14;10;0
54306;194;402;10;14;10;0
54307;182;402;10;14;10;0
54308;170;402;10;14;10;0
54309;158;402;10;14;10;0
54310;146;402;10;14;10;0
54311;134;402;10;14;10;0
54312;2806;386;10;14;10;0
54313;3910;386;10;14;10;0
54314;2794;386;10;14;10;0
54315;1654;386;10;14;10;0
54316;1342;386;10;14;10;0
54317;1330;386;10;14;10;0
54318;1318;386;10;14;10;0
54319;1306;386;10;14;10;0
54320;1294;386;10;14;10;0
54321;1282;386;10;14;10;0
54322;1270;386;10;14;10;0
54323;1258;386;10;14;10;0
54324;1246;386;10;14;10;0
54325;1234;386;10;14;10;0
54326;1222;386;10;14;10;0
54327;1210;386;10;14;10;0
54328;1198;386;10;14;10;0
54329;1186;386;10;14;10;0
54330;1174;386;10;14;10;0
54331;1162;386;10;14;10;0
54332;1150;386;10;14;10;0
54333;1138;386;10;14;10;0
54334;1126;386;10;14;10;0
54335;1354;386;10;14;10;0
54336;1366;386;10;14;10;0
54337;1378;386;10;14;10;0
54338;1390;386;10;14;10;0
54339;1630;386;10;14;10;0
54340;1618;386;10;14;10;0
54341;1606;386;10;14;10;0
54342;1594;386;10;14;10;0
54343;1582;386;10;14;10;0
54344;1570;386;10;14;10;0
54345;1558;386;10;14;10;0
54346;1546;386;10;14;10;0
54347;1534;386;10;14;10;0
54348;1642;386;10;14;10;0
54349;1522;386;10;14;10;0
54350;1498;386;10;14;10;0
54351;1486;386;10;14;10;0
54352;1474;386;10;14;10;0
54353;1462;386;10;14;10;0
54354;1450;386;10;14;10;0
54355;1438;386;10;14;10;0
54356;1426;386;10;14;10;0
54357;1414;386;10;14;10;0
54358;1402;386;10;14;10;0
54359;1114;386;10;14;10;0
54360;1510;386;10;14;10;0
54361;1102;386;10;14;10;0
54362;946;386;10;14;10;0
54363;778;386;10;14;10;0
54364;766;386;10;14;10;0
54365;754;386;10;14;10;0
54366;742;386;10;14;10;0
54367;730;386;10;14;10;0
54368;718;386;10;14;10;0
54369;706;386;10;14;10;0
54370;694;386;10;14;10;0
54371;682;386;10;14;10;0
54372;670;386;10;14;10;0
54373;658;386;10;14;10;0
54374;646;386;10;14;10;0
54375;634;386;10;14;10;0
54376;622;386;10;14;10;0
54377;610;386;10;14;10;0
54378;598;386;10;14;10;0
54379;586;386;10;14;10;0
54380;574;386;10;14;10;0
54381;562;386;10;14;10;0
54382;790;386;10;14;10;0
54383;802;386;10;14;10;0
54384;814;386;10;14;10;0
54385;826;386;10;14;10;0
54386;1066;386;10;14;10;0
54387;1054;386;10;14;10;0
54388;1042;386;10;14;10;0
54389;1030;386;10;14;10;0
54390;1018;386;10;14;10;0
54391;1006;386;10;14;10;0
54392;994;386;10;14;10;0
54393;982;386;10;14;10;0
54394;970;386;10;14;10;0
54395;1078;386;10;14;10;0
54396;958;386;10;14;10;0
54397;934;386;10;14;10;0
54398;922;386;10;14;10;0
54399;910;386;10;14;10;0
54400;898;386;10;14;10;0
54401;886;386;10;14;10;0
54402;874;386;10;14;10;0
54403;862;386;10;14;10;0
54404;850;386;10;14;10;0
54405;838;386;10;14;10;0
54406;1090;386;10;14;10;0
54407;1666;386;10;14;10;0
54408;2218;386;10;14;10;0
54409;1678;386;10;14;10;0
54410;2470;386;10;14;10;0
54411;2458;386;10;14;10;0
54412;2446;386;10;14;10;0
54413;2434;386;10;14;10;0
54414;2422;386;10;14;10;0
54415;2410;386;10;14;10;0
54416;2398;386;10;14;10;0
54417;2386;386;10;14;10;0
54418;2374;386;10;14;10;0
54419;2362;386;10;14;10;0
54420;2350;386;10;14;10;0
54421;2338;386;10;14;10;0
54422;2326;386;10;14;10;0
54423;2314;386;10;14;10;0
54424;2302;386;10;14;10;0
54425;2290;386;10;14;10;0
54426;2278;386;10;14;10;0
54427;2266;386;10;14;10;0
54428;2254;386;10;14;10;0
54429;2482;386;10;14;10;0
54430;2494;386;10;14;10;0
54431;2506;386;10;14;10;0
54432;2518;386;10;14;10;0
54433;2758;386;10;14;10;0
54434;2746;386;10;14;10;0
54435;2734;386;10;14;10;0
54436;2722;386;10;14;10;0
54437;2710;386;10;14;10;0
54438;2698;386;10;14;10;0
54439;2686;386;10;14;10;0
54440;2674;386;10;14;10;0
54441;2662;386;10;14;10;0
54442;2770;386;10;14;10;0
54443;2650;386;10;14;10;0
54444;2626;386;10;14;10;0
54445;2614;386;10;14;10;0
54446;2602;386;10;14;10;0
54447;2590;386;10;14;10;0
54448;2578;386;10;14;10;0
54449;2566;386;10;14;10;0
54450;2554;386;10;14;10;0
54451;2542;386;10;14;10;0
54452;2530;386;10;14;10;0
54453;2242;386;10;14;10;0
54454;2638;386;10;14;10;0
54455;2230;386;10;14;10;0
54456;2074;386;10;14;10;0
54457;1906;386;10;14;10;0
54458;1894;386;10;14;10;0
54459;1882;386;10;14;10;0
54460;1870;386;10;14;10;0
54461;1858;386;10;14;10;0
54462;1846;386;10;14;10;0
54463;1834;386;10;14;10;0
54464;1822;386;10;14;10;0
54465;1810;386;10;14;10;0
54466;1798;386;10;14;10;0
54467;1786;386;10;14;10;0
54468;1774;386;10;14;10;0
54469;1762;386;10;14;10;0
54470;1750;386;10;14;10;0
54471;1738;386;10;14;10;0
54472;1726;386;10;14;10;0
54473;1714;386;10;14;10;0
54474;1702;386;10;14;10;0
54475;1690;386;10;14;10;0
54476;1918;386;10;14;10;0
54477;1930;386;10;14;10;0
54478;1942;386;10;14;10;0
54479;1954;386;10;14;10;0
54480;2194;386;10;14;10;0
54481;2182;386;10;14;10;0
54482;2170;386;10;14;10;0
54483;2158;386;10;14;10;0
54484;2146;386;10;14;10;0
54485;2134;386;10;14;10;0
54486;2122;386;10;14;10;0
54487;2110;386;10;14;10;0
54488;2098;386;10;14;10;0
54489;2206;386;10;14;10;0
54490;2086;386;10;14;10;0
54491;2062;386;10;14;10;0
54492;2050;386;10;14;10;0
54493;2038;386;10;14;10;0
54494;2026;386;10;14;10;0
54495;2014;386;10;14;10;0
54496;2002;386;10;14;10;0
54497;1990;386;10;14;10;0
54498;1978;386;10;14;10;0
54499;1966;386;10;14;10;0
54500;2782;386;10;14;10;0
54501;962;402;10;14;10;0
54502;3206;402;10;14;10;0
54503;974;402;10;14;10;0
54504;4022;402;10;14;10;0
54505;4010;402;10;14;10;0
54506;3998;402;10;14;10;0
54507;3986;402;10;14;10;0
54508;3974;402;10;14;10;0
54509;3962;402;10;14;10;0
54510;3950;402;10;14;10;0
54511;3938;402;10;14;10;0
54512;3926;402;10;14;10;0
54513;3914;402;10;14;10;0
54514;3902;402;10;14;10;0
54515;3890;402;10;14;10;0
54516;3878;402;10;14;10;0
54517;3866;402;10;14;10;0
54518;3854;402;10;14;10;0
54519;3842;402;10;14;10;0
54520;3830;402;10;14;10;0
54521;3818;402;10;14;10;0
54522;3806;402;10;14;10;0
54523;4034;402;10;14;10;0
54524;4046;402;10;14;10;0
54525;4058;402;10;14;10;0
54526;4070;402;10;14;10;0
54527;218;418;10;14;10;0
54528;206;418;10;14;10;0
54529;194;418;10;14;10;0
54530;182;418;10;14;10;0
54531;170;418;10;14;10;0
54532;158;418;10;14;10;0
54533;146;418;10;14;10;0
54534;134;418;10;14;10;0
54535;122;418;10;14;10;0
54536;230;418;10;14;10;0
54537;110;418;10;14;10;0
54538;86;418;10;14;10;0
54539;74;418;10;14;10;0
54540;62;418;10;14;10;0
54541;50;418;10;14;10;0
54542;38;418;10;14;10;0
54543;26;418;10;14;10;0
54544;14;418;10;14;10;0
54545;2;418;10;14;10;0
54546;4082;402;10;14;10;0
54547;3794;402;10;14;10;0
54548;98;418;10;14;10;0
54549;3782;402;10;14;10;0
54550;3626;402;10;14;10;0
54551;3458;402;10;14;10;0
54552;3446;402;10;14;10;0
54553;3434;402;10;14;10;0
54554;3422;402;10;14;10;0
54555;3410;402;10;14;10;0
54556;3398;402;10;14;10;0
54557;3386;402;10;14;10;0
54558;3374;402;10;14;10;0
54559;3362;402;10;14;10;0
54560;3350;402;10;14;10;0
54561;3338;402;10;14;10;0
54562;3326;402;10;14;10;0
54563;3314;402;10;14;10;0
54564;3302;402;10;14;10;0
54565;3290;402;10;14;10;0
54566;3278;402;10;14;10;0
54567;3266;402;10;14;10;0
54568;3254;402;10;14;10;0
54569;3242;402;10;14;10;0
54570;3470;402;10;14;10;0
54571;3482;402;10;14;10;0
54572;3494;402;10;14;10;0
54573;3506;402;10;14;10;0
54574;3746;402;10;14;10;0
54575;3734;402;10;14;10;0
54576;3722;402;10;14;10;0
54577;3710;402;10;14;10;0
54578;3698;402;10;14;10;0
54579;3686;402;10;14;10;0
54580;3674;402;10;14;10;0
54581;3662;402;10;14;10;0
54582;3650;402;10;14;10;0
54583;3758;402;10;14;10;0
54584;3638;402;10;14;10;0
54585;3614;402;10;14;10;0
54586;3602;402;10;14;10;0
54587;3590;402;10;14;10;0
54588;3578;402;10;14;10;0
54589;3566;402;10;14;10;0
54590;3554;402;10;14;10;0
54591;3542;402;10;14;10;0
54592;3530;402;10;14;10;0
54593;3518;402;10;14;10;0
54594;3770;402;10;14;10;0
54595;254;418;10;14;10;0
54596;806;418;10;14;10;0
54597;266;418;10;14;10;0
54598;1058;418;10;14;10;0
54599;1046;418;10;14;10;0
54600;1034;418;10;14;10;0
54601;1022;418;10;14;10;0
54602;1010;418;10;14;10;0
54603;998;418;10;14;10;0
54604;986;418;10;14;10;0
54605;974;418;10;14;10;0
54606;962;418;10;14;10;0
54607;950;418;10;14;10;0
54608;938;418;10;14;10;0
54609;926;418;10;14;10;0
54610;914;418;10;14;10;0
54611;902;418;10;14;10;0
54612;890;418;10;14;10;0
54613;878;418;10;14;10;0
54614;866;418;10;14;10;0
54615;854;418;10;14;10;0
54616;842;418;10;14;10;0
54617;1070;418;10;14;10;0
54618;1082;418;10;14;10;0
54619;1094;418;10;14;10;0
54620;1106;418;10;14;10;0
54621;1346;418;10;14;10;0
54622;1334;418;10;14;10;0
54623;1322;418;10;14;10;0
54624;1310;418;10;14;10;0
54625;1298;418;10;14;10;0
54626;1286;418;10;14;10;0
54627;1274;418;10;14;10;0
54628;1262;418;10;14;10;0
54629;1250;418;10;14;10;0
54630;1358;418;10;14;10;0
54631;1238;418;10;14;10;0
54632;1214;418;10;14;10;0
54633;1202;418;10;14;10;0
54634;1190;418;10;14;10;0
54635;1178;418;10;14;10;0
54636;1166;418;10;14;10;0
54637;1154;418;10;14;10;0
54638;1142;418;10;14;10;0
54639;1130;418;10;14;10;0
54640;1118;418;10;14;10;0
54641;830;418;10;14;10;0
54642;1226;418;10;14;10;0
54643;818;418;10;14;10;0
54644;662;418;10;14;10;0
54645;494;418;10;14;10;0
54646;482;418;10;14;10;0
54647;470;418;10;14;10;0
54648;458;418;10;14;10;0
54649;446;418;10;14;10;0
54650;434;418;10;14;10;0
54651;422;418;10;14;10;0
54652;410;418;10;14;10;0
54653;398;418;10;14;10;0
54654;386;418;10;14;10;0
54655;374;418;10;14;10;0
54656;362;418;10;14;10;0
54657;350;418;10;14;10;0
54658;338;418;10;14;10;0
54659;326;418;10;14;10;0
54660;314;418;10;14;10;0
54661;302;418;10;14;10;0
54662;290;418;10;14;10;0
54663;278;418;10;14;10;0
54664;506;418;10;14;10;0
54665;518;418;10;14;10;0
54666;530;418;10;14;10;0
54667;542;418;10;14;10;0
54668;782;418;10;14;10;0
54669;770;418;10;14;10;0
54670;758;418;10;14;10;0
54671;746;418;10;14;10;0
54672;734;418;10;14;10;0
54673;722;418;10;14;10;0
54674;710;418;10;14;10;0
54675;698;418;10;14;10;0
54676;686;418;10;14;10;0
54677;794;418;10;14;10;0
54678;674;418;10;14;10;0
54679;650;418;10;14;10;0
54680;638;418;10;14;10;0
54681;626;418;10;14;10;0
54682;614;418;10;14;10;0
54683;602;418;10;14;10;0
54684;590;418;10;14;10;0
54685;578;418;10;14;10;0
54686;566;418;10;14;10;0
54687;554;418;10;14;10;0
54688;3230;402;10;14;10;0
54689;242;418;10;14;10;0
54690;3218;402;10;14;10;0
54691;2078;402;10;14;10;0
54692;1766;402;10;14;10;0
54693;1754;402;10;14;10;0
54694;1742;402;10;14;10;0
54695;1730;402;10;14;10;0
54696;1718;402;10;14;10;0
54697;1706;402;10;14;10;0
54698;1694;402;10;14;10;0
54699;1682;402;10;14;10;0
54700;1670;402;10;14;10;0
54701;1658;402;10;14;10;0
54702;1646;402;10;14;10;0
54703;1634;402;10;14;10;0
54704;1622;402;10;14;10;0
54705;1610;402;10;14;10;0
54706;1598;402;10;14;10;0
54707;1586;402;10;14;10;0
54708;1574;402;10;14;10;0
54709;1562;402;10;14;10;0
54710;1550;402;10;14;10;0
54711;1778;402;10;14;10;0
54712;1790;402;10;14;10;0
54713;1802;402;10;14;10;0
54714;1814;402;10;14;10;0
54715;2054;402;10;14;10;0
54716;2042;402;10;14;10;0
54717;2030;402;10;14;10;0
54718;2018;402;10;14;10;0
54719;2006;402;10;14;10;0
54720;1994;402;10;14;10;0
54721;1982;402;10;14;10;0
54722;1970;402;10;14;10;0
54723;1958;402;10;14;10;0
54724;2066;402;10;14;10;0
54725;1946;402;10;14;10;0
54726;1922;402;10;14;10;0
54727;1910;402;10;14;10;0
54728;1898;402;10;14;10;0
54729;1886;402;10;14;10;0
54730;1874;402;10;14;10;0
54731;1862;402;10;14;10;0
54732;1850;402;10;14;10;0
54733;1838;402;10;14;10;0
54734;1826;402;10;14;10;0
54735;1538;402;10;14;10;0
54736;1934;402;10;14;10;0
54737;1526;402;10;14;10;0
54738;1370;402;10;14;10;0
54739;1202;402;10;14;10;0
54740;1190;402;10;14;10;0
54741;1178;402;10;14;10;0
54742;1166;402;10;14;10;0
54743;1154;402;10;14;10;0
54744;1142;402;10;14;10;0
54745;1130;402;10;14;10;0
54746;1118;402;10;14;10;0
54747;1106;402;10;14;10;0
54748;1094;402;10;14;10;0
54749;1082;402;10;14;10;0
54750;1070;402;10;14;10;0
54751;1058;402;10;14;10;0
54752;1046;402;10;14;10;0
54753;1034;402;10;14;10;0
54754;1022;402;10;14;10;0
54755;1010;402;10;14;10;0
54756;998;402;10;14;10;0
54757;986;402;10;14;10;0
54758;1214;402;10;14;10;0
54759;1226;402;10;14;10;0
54760;1238;402;10;14;10;0
54761;1250;402;10;14;10;0
54762;1490;402;10;14;10;0
54763;1478;402;10;14;10;0
54764;1466;402;10;14;10;0
54765;1454;402;10;14;10;0
54766;1442;402;10;14;10;0
54767;1430;402;10;14;10;0
54768;1418;402;10;14;10;0
54769;1406;402;10;14;10;0
54770;1394;402;10;14;10;0
54771;1502;402;10;14;10;0
54772;1382;402;10;14;10;0
54773;1358;402;10;14;10;0
54774;1346;402;10;14;10;0
54775;1334;402;10;14;10;0
54776;1322;402;10;14;10;0
54777;1310;402;10;14;10;0
54778;1298;402;10;14;10;0
54779;1286;402;10;14;10;0
54780;1274;402;10;14;10;0
54781;1262;402;10;14;10;0
54782;1514;402;10;14;10;0
54783;2090;402;10;14;10;0
54784;2642;402;10;14;10;0
54785;2102;402;10;14;10;0
54786;2894;402;10;14;10;0
54787;2882;402;10;14;10;0
54788;2870;402;10;14;10;0
54789;2858;402;10;14;10;0
54790;2846;402;10;14;10;0
54791;2834;402;10;14;10;0
54792;2822;402;10;14;10;0
54793;2810;402;10;14;10;0
54794;2798;402;10;14;10;0
54795;2786;402;10;14;10;0
54796;2774;402;10;14;10;0
54797;2762;402;10;14;10;0
54798;2750;402;10;14;10;0
54799;2738;402;10;14;10;0
54800;2726;402;10;14;10;0
54801;2714;402;10;14;10;0
54802;2702;402;10;14;10;0
54803;2690;402;10;14;10;0
54804;2678;402;10;14;10;0
54805;2906;402;10;14;10;0
54806;2918;402;10;14;10;0
54807;2930;402;10;14;10;0
54808;2942;402;10;14;10;0
54809;3182;402;10;14;10;0
54810;3170;402;10;14;10;0
54811;3158;402;10;14;10;0
54812;3146;402;10;14;10;0
54813;3134;402;10;14;10;0
54814;3122;402;10;14;10;0
54815;3110;402;10;14;10;0
54816;3098;402;10;14;10;0
54817;3086;402;10;14;10;0
54818;3194;402;10;14;10;0
54819;3074;402;10;14;10;0
54820;3050;402;10;14;10;0
54821;3038;402;10;14;10;0
54822;3026;402;10;14;10;0
54823;3014;402;10;14;10;0
54824;3002;402;10;14;10;0
54825;2990;402;10;14;10;0
54826;2978;402;10;14;10;0
54827;2966;402;10;14;10;0
54828;2954;402;10;14;10;0
54829;2666;402;10;14;10;0
54830;3062;402;10;14;10;0
54831;2654;402;10;14;10;0
54832;2498;402;10;14;10;0
54833;2330;402;10;14;10;0
54834;2318;402;10;14;10;0
54835;2306;402;10;14;10;0
54836;2294;402;10;14;10;0
54837;2282;402;10;14;10;0
54838;2270;402;10;14;10;0
54839;2258;402;10;14;10;0
54840;2246;402;10;14;10;0
54841;2234;402;10;14;10;0
54842;2222;402;10;14;10;0
54843;2210;402;10;14;10;0
54844;2198;402;10;14;10;0
54845;2186;402;10;14;10;0
54846;2174;402;10;14;10;0
54847;2162;402;10;14;10;0
54848;2150;402;10;14;10;0
54849;2138;402;10;14;10;0
54850;2126;402;10;14;10;0
54851;2114;402;10;14;10;0
54852;2342;402;10;14;10;0
54853;2354;402;10;14;10;0
54854;2366;402;10;14;10;0
54855;2378;402;10;14;10;0
54856;2618;402;10;14;10;0
54857;2606;402;10;14;10;0
54858;2594;402;10;14;10;0
54859;2582;402;10;14;10;0
54860;2570;402;10;14;10;0
54861;2558;402;10;14;10;0
54862;2546;402;10;14;10;0
54863;2534;402;10;14;10;0
54864;2522;402;10;14;10;0
54865;2630;402;10;14;10;0
54866;2510;402;10;14;10;0
54867;2486;402;10;14;10;0
54868;2474;402;10;14;10;0
54869;2462;402;10;14;10;0
54870;2450;402;10;14;10;0
54871;2438;402;10;14;10;0
54872;2426;402;10;14;10;0
54873;2414;402;10;14;10;0
54874;2402;402;10;14;10;0
54875;2390;402;10;14;10;0
54876;550;386;10;14;10;0
54877;538;386;10;14;10;0
54878;526;386;10;14;10;0
54879;2400;370;10;14;10;0
54880;3146;354;10;14;10;0
54881;3134;354;10;14;10;0
54882;3122;354;10;14;10;0
54883;3110;354;10;14;10;0
54884;3098;354;10;14;10;0
54885;3086;354;10;14;10;0
54886;3074;354;10;14;10;0
54887;3062;354;10;14;10;0
54888;3050;354;10;14;10;0
54889;3038;354;10;14;10;0
54890;3026;354;10;14;10;0
54891;3014;354;10;14;10;0
54892;3002;354;10;14;10;0
54893;2990;354;10;14;10;0
54894;2978;354;10;14;10;0
54895;2966;354;10;14;10;0
54896;2954;354;10;14;10;0
54897;2942;354;10;14;10;0
54898;2930;354;10;14;10;0
54899;3158;354;10;14;10;0
54900;3170;354;10;14;10;0
54901;3182;354;10;14;10;0
54902;3194;354;10;14;10;0
54903;3434;354;10;14;10;0
54904;3422;354;10;14;10;0
54905;3410;354;10;14;10;0
54906;3398;354;10;14;10;0
54907;3386;354;10;14;10;0
54908;3374;354;10;14;10;0
54909;3362;354;10;14;10;0
54910;3350;354;10;14;10;0
54911;3338;354;10;14;10;0
54912;3446;354;10;14;10;0
54913;3326;354;10;14;10;0
54914;3302;354;10;14;10;0
54915;3290;354;10;14;10;0
54916;3278;354;10;14;10;0
54917;3266;354;10;14;10;0
54918;3254;354;10;14;10;0
54919;3242;354;10;14;10;0
54920;3230;354;10;14;10;0
54921;3218;354;10;14;10;0
54922;3206;354;10;14;10;0
54923;2918;354;10;14;10;0
54924;3314;354;10;14;10;0
54925;2906;354;10;14;10;0
54926;2750;354;10;14;10;0
54927;2582;354;10;14;10;0
54928;2570;354;10;14;10;0
54929;2558;354;10;14;10;0
54930;2546;354;10;14;10;0
54931;2534;354;10;14;10;0
54932;2522;354;10;14;10;0
54933;2510;354;10;14;10;0
54934;2498;354;10;14;10;0
54935;2486;354;10;14;10;0
54936;2474;354;10;14;10;0
54937;2462;354;10;14;10;0
54938;2450;354;10;14;10;0
54939;2438;354;10;14;10;0
54940;2426;354;10;14;10;0
54941;2414;354;10;14;10;0
54942;2402;354;10;14;10;0
54943;2390;354;10;14;10;0
54944;2378;354;10;14;10;0
54945;2366;354;10;14;10;0
54946;2594;354;10;14;10;0
54947;2606;354;10;14;10;0
54948;2618;354;10;14;10;0
54949;2630;354;10;14;10;0
54950;2870;354;10;14;10;0
54951;2858;354;10;14;10;0
54952;2846;354;10;14;10;0
54953;2834;354;10;14;10;0
54954;2822;354;10;14;10;0
54955;2810;354;10;14;10;0
54956;2798;354;10;14;10;0
54957;2786;354;10;14;10;0
54958;2774;354;10;14;10;0
54959;2882;354;10;14;10;0
54960;2762;354;10;14;10;0
54961;2738;354;10;14;10;0
54962;2726;354;10;14;10;0
54963;2714;354;10;14;10;0
54964;2702;354;10;14;10;0
54965;2690;354;10;14;10;0
54966;2678;354;10;14;10;0
54967;2666;354;10;14;10;0
54968;2654;354;10;14;10;0
54969;2642;354;10;14;10;0
54970;2894;354;10;14;10;0
54971;3470;354;10;14;10;0
54972;4022;354;10;14;10;0
54973;3482;354;10;14;10;0
54974;182;370;10;14;10;0
54975;170;370;10;14;10;0
54976;158;370;10;14;10;0
54977;146;370;10;14;10;0
54978;134;370;10;14;10;0
54979;122;370;10;14;10;0
54980;110;370;10;14;10;0
54981;98;370;10;14;10;0
54982;86;370;10;14;10;0
54983;74;370;10;14;10;0
54984;62;370;10;14;10;0
54985;50;370;10;14;10;0
54986;38;370;10;14;10;0
54987;26;370;10;14;10;0
54988;14;370;10;14;10;0
54989;2;370;10;14;10;0
54990;4082;354;10;14;10;0
54991;4070;354;10;14;10;0
54992;4058;354;10;14;10;0
54993;194;370;10;14;10;0
54994;206;370;10;14;10;0
54995;218;370;10;14;10;0
54996;230;370;10;14;10;0
54997;470;370;10;14;10;0
54998;458;370;10;14;10;0
54999;446;370;10;14;10;0
55000;434;370;10;14;10;0
55001;422;370;10;14;10;0
55002;410;370;10;14;10;0
55003;398;370;10;14;10;0
55004;386;370;10;14;10;0
55005;374;370;10;14;10;0
55006;482;370;10;14;10;0
55007;362;370;10;14;10;0
55008;338;370;10;14;10;0
55009;326;370;10;14;10;0
55010;314;370;10;14;10;0
55011;302;370;10;14;10;0
55012;290;370;10;14;10;0
55013;278;370;10;14;10;0
55014;266;370;10;14;10;0
55015;254;370;10;14;10;0
55016;242;370;10;14;10;0
55017;4046;354;10;14;10;0
55018;350;370;10;14;10;0
55019;4034;354;10;14;10;0
55020;3878;354;10;14;10;0
55021;3710;354;10;14;10;0
55022;3698;354;10;14;10;0
55023;3686;354;10;14;10;0
55024;3674;354;10;14;10;0
55025;3662;354;10;14;10;0
55026;3650;354;10;14;10;0
55027;3638;354;10;14;10;0
55028;3626;354;10;14;10;0
55029;3614;354;10;14;10;0
55030;3602;354;10;14;10;0
55031;3590;354;10;14;10;0
55032;3578;354;10;14;10;0
55033;3566;354;10;14;10;0
55034;3554;354;10;14;10;0
55035;3542;354;10;14;10;0
55036;3530;354;10;14;10;0
55037;3518;354;10;14;10;0
55038;3506;354;10;14;10;0
55039;3494;354;10;14;10;0
55040;3722;354;10;14;10;0
55041;3734;354;10;14;10;0
55042;3746;354;10;14;10;0
55043;3758;354;10;14;10;0
55044;3998;354;10;14;10;0
55045;3986;354;10;14;10;0
55046;3974;354;10;14;10;0
55047;3962;354;10;14;10;0
55048;3950;354;10;14;10;0
55049;3938;354;10;14;10;0
55050;3926;354;10;14;10;0
55051;3914;354;10;14;10;0
55052;3902;354;10;14;10;0
55053;4010;354;10;14;10;0
55054;3890;354;10;14;10;0
55055;3866;354;10;14;10;0
55056;3854;354;10;14;10;0
55057;3842;354;10;14;10;0
55058;3830;354;10;14;10;0
55059;3818;354;10;14;10;0
55060;3806;354;10;14;10;0
55061;3794;354;10;14;10;0
55062;3782;354;10;14;10;0
55063;3770;354;10;14;10;0
55064;2354;354;10;14;10;0
55065;2342;354;10;14;10;0
55066;2330;354;10;14;10;0
55067;1766;354;10;14;10;0
55068;914;354;10;14;10;0
55069;902;354;10;14;10;0
55070;890;354;10;14;10;0
55071;878;354;10;14;10;0
55072;866;354;10;14;10;0
55073;854;354;10;14;10;0
55074;842;354;10;14;10;0
55075;830;354;10;14;10;0
55076;818;354;10;14;10;0
55077;806;354;10;14;10;0
55078;794;354;10;14;10;0
55079;782;354;10;14;10;0
55080;770;354;10;14;10;0
55081;758;354;10;14;10;0
55082;746;354;10;14;10;0
55083;734;354;10;14;10;0
55084;722;354;10;14;10;0
55085;710;354;10;14;10;0
55086;698;354;10;14;10;0
55087;926;354;10;14;10;0
55088;938;354;10;14;10;0
55089;950;354;10;14;10;0
55090;962;354;10;14;10;0
55091;1202;354;10;14;10;0
55092;1190;354;10;14;10;0
55093;1178;354;10;14;10;0
55094;1166;354;10;14;10;0
55095;1154;354;10;14;10;0
55096;1142;354;10;14;10;0
55097;1130;354;10;14;10;0
55098;1118;354;10;14;10;0
55099;1106;354;10;14;10;0
55100;1214;354;10;14;10;0
55101;1094;354;10;14;10;0
55102;1070;354;10;14;10;0
55103;1058;354;10;14;10;0
55104;1046;354;10;14;10;0
55105;1034;354;10;14;10;0
55106;1022;354;10;14;10;0
55107;1010;354;10;14;10;0
55108;998;354;10;14;10;0
55109;986;354;10;14;10;0
55110;974;354;10;14;10;0
55111;686;354;10;14;10;0
55112;674;354;10;14;10;0
55113;662;354;10;14;10;0
55114;386;354;10;14;10;0
55115;362;354;10;14;10;0
55116;350;354;10;14;10;0
55117;338;354;10;14;10;0
55118;326;354;10;14;10;0
55119;314;354;10;14;10;0
55120;302;354;10;14;10;0
55121;290;354;10;14;10;0
55122;278;354;10;14;10;0
55123;266;354;10;14;10;0
55124;254;354;10;14;10;0
55125;242;354;10;14;10;0
55126;230;354;10;14;10;0
55127;218;354;10;14;10;0
55128;206;354;10;14;10;0
55129;194;354;10;14;10;0
55130;182;354;10;14;10;0
55131;170;354;10;14;10;0
55132;158;354;10;14;10;0
55133;146;354;10;14;10;0
55134;374;354;10;14;10;0
55135;398;354;10;14;10;0
55136;650;354;10;14;10;0
55137;410;354;10;14;10;0
55138;638;354;10;14;10;0
55139;626;354;10;14;10;0
55140;614;354;10;14;10;0
55141;602;354;10;14;10;0
55142;590;354;10;14;10;0
55143;578;354;10;14;10;0
55144;566;354;10;14;10;0
55145;554;354;10;14;10;0
55146;542;354;10;14;10;0
55147;530;354;10;14;10;0
55148;518;354;10;14;10;0
55149;506;354;10;14;10;0
55150;494;354;10;14;10;0
55151;482;354;10;14;10;0
55152;470;354;10;14;10;0
55153;458;354;10;14;10;0
55154;446;354;10;14;10;0
55155;434;354;10;14;10;0
55156;422;354;10;14;10;0
55157;1082;354;10;14;10;0
55158;1226;354;10;14;10;0
55159;1238;354;10;14;10;0
55160;1250;354;10;14;10;0
55161;2018;354;10;14;10;0
55162;2006;354;10;14;10;0
55163;1994;354;10;14;10;0
55164;1982;354;10;14;10;0
55165;1970;354;10;14;10;0
55166;1958;354;10;14;10;0
55167;1946;354;10;14;10;0
55168;1934;354;10;14;10;0
55169;1922;354;10;14;10;0
55170;1910;354;10;14;10;0
55171;1898;354;10;14;10;0
55172;1886;354;10;14;10;0
55173;1874;354;10;14;10;0
55174;1862;354;10;14;10;0
55175;1850;354;10;14;10;0
55176;1838;354;10;14;10;0
55177;1826;354;10;14;10;0
55178;1814;354;10;14;10;0
55179;1802;354;10;14;10;0
55180;2030;354;10;14;10;0
55181;2042;354;10;14;10;0
55182;2054;354;10;14;10;0
55183;2066;354;10;14;10;0
55184;2306;354;10;14;10;0
55185;2294;354;10;14;10;0
55186;2282;354;10;14;10;0
55187;2270;354;10;14;10;0
55188;2258;354;10;14;10;0
55189;2246;354;10;14;10;0
55190;2234;354;10;14;10;0
55191;2222;354;10;14;10;0
55192;2210;354;10;14;10;0
55193;2318;354;10;14;10;0
55194;2198;354;10;14;10;0
55195;2174;354;10;14;10;0
55196;2162;354;10;14;10;0
55197;2150;354;10;14;10;0
55198;2138;354;10;14;10;0
55199;2126;354;10;14;10;0
55200;2114;354;10;14;10;0
55201;2102;354;10;14;10;0
55202;2090;354;10;14;10;0
55203;2078;354;10;14;10;0
57344;1790;354;10;14;10;0
57345;2186;354;10;14;10;0
57346;1778;354;10;14;10;0
57347;1622;354;10;14;10;0
57348;1472;354;10;14;10;0
57349;1460;354;10;14;10;0
57350;1448;354;10;14;10;0
57351;1436;354;10;14;10;0
57352;1424;354;10;14;10;0
57353;1412;354;10;14;10;0
57354;1400;354;10;14;10;0
57355;1388;354;10;14;10;0
57356;1376;354;10;14;10;0
57357;1364;354;10;14;10;0
57360;1352;354;10;14;10;0
57361;1340;354;10;14;10;0
57362;1328;354;10;14;10;0
57363;1316;354;10;14;10;0
57364;1304;354;10;14;10;0
57365;1292;354;10;14;10;0
57366;1280;354;10;14;10;0
57367;1268;354;10;14;10;0
57368;1262;354;4;14;4;0
57369;1484;354;4;14;4;0
57370;1490;354;4;14;4;0
57371;1496;354;4;14;4;0
57376;1502;354;10;14;10;0
57377;1742;354;10;14;10;0
57378;1730;354;10;14;10;0
57379;1718;354;10;14;10;0
57380;1706;354;10;14;10;0
57381;1694;354;10;14;10;0
57382;1682;354;10;14;10;0
57383;1670;354;10;14;10;0
57384;1658;354;10;14;10;0
57385;1646;354;10;14;10;0
57386;1754;354;10;14;10;0
57387;1634;354;10;14;10;0
57388;1610;354;10;14;10;0
57389;1598;354;10;14;10;0
57390;1586;354;10;14;10;0
57392;1574;354;10;14;10;0
57393;1562;354;10;14;10;0
57394;1550;354;10;14;10;0
57395;1538;354;10;14;10;0
57396;1526;354;10;14;10;0
57397;1514;354;10;14;10;0
57398;3458;354;10;14;10;0
57399;494;370;10;14;10;0
57400;506;370;10;14;10;0
57401;518;370;10;14;10;0
57402;3204;370;10;14;10;0
57403;3192;370;10;14;10;0
57404;3180;370;10;14;10;0
57405;3168;370;10;14;10;0
57408;3156;370;10;14;10;0
57409;3144;370;10;14;10;0
57410;3132;370;10;14;10;0
57411;3120;370;10;14;10;0
57412;3108;370;10;14;10;0
57413;3096;370;10;14;10;0
57414;3084;370;10;14;10;0
57415;3072;370;10;14;10;0
57416;3060;370;10;14;10;0
57417;3048;370;10;14;10;0
57418;3036;370;10;14;10;0
57419;3024;370;10;14;10;0
57420;3012;370;10;14;10;0
57421;3000;370;10;14;10;0
57422;2988;370;10;14;10;0
57423;3216;370;10;14;10;0
57424;3228;370;10;14;10;0
57425;3240;370;10;14;10;0
57426;3252;370;10;14;10;0
57427;3480;370;10;14;10;0
57428;3468;370;10;14;10;0
57429;3456;370;10;14;10;0
57430;3444;370;10;14;10;0
57431;3432;370;10;14;10;0
57432;3420;370;10;14;10;0
57433;3408;370;10;14;10;0
57434;3396;370;10;14;10;0
57435;3384;370;10;14;10;0
57436;3492;370;10;14;10;0
57437;3372;370;10;14;10;0
57440;3354;370;10;14;10;0
57441;3342;370;10;14;10;0
57442;3330;370;10;14;10;0
57443;3318;370;10;14;10;0
57444;3306;370;10;14;10;0
57445;3294;370;10;14;10;0
57446;3282;370;10;14;10;0
57447;3270;370;10;14;10;0
57448;3264;370;4;14;4;0
57449;2982;370;4;14;4;0
57450;3366;370;4;14;4;0
57451;2976;370;4;14;4;0
57456;2820;370;10;14;10;0
57457;2652;370;10;14;10;0
57458;2640;370;10;14;10;0
57459;2628;370;10;14;10;0
57460;2616;370;10;14;10;0
57461;2604;370;10;14;10;0
57462;2592;370;10;14;10;0
57463;2580;370;10;14;10;0
57464;2568;370;10;14;10;0
57465;2556;370;10;14;10;0
57466;2544;370;10;14;10;0
57467;2532;370;10;14;10;0
57468;2520;370;10;14;10;0
57469;2508;370;10;14;10;0
57470;2496;370;10;14;10;0
57472;2484;370;10;14;10;0
57473;2472;370;10;14;10;0
57474;2460;370;10;14;10;0
57475;2448;370;10;14;10;0
57476;2436;370;10;14;10;0
57477;2664;370;10;14;10;0
57478;2676;370;10;14;10;0
57479;2688;370;10;14;10;0
57480;2700;370;10;14;10;0
57481;2940;370;10;14;10;0
57482;2928;370;10;14;10;0
57483;2916;370;10;14;10;0
57484;2904;370;10;14;10;0
57485;2892;370;10;14;10;0
57488;2880;370;10;14;10;0
57489;2868;370;10;14;10;0
57490;2856;370;10;14;10;0
57491;2844;370;10;14;10;0
57492;2952;370;10;14;10;0
57493;2832;370;10;14;10;0
57494;2808;370;10;14;10;0
57495;2796;370;10;14;10;0
57496;2784;370;10;14;10;0
57497;2772;370;10;14;10;0
57498;2760;370;10;14;10;0
57499;2748;370;10;14;10;0
57500;2736;370;10;14;10;0
57501;2724;370;10;14;10;0
57502;2712;370;10;14;10;0
57503;2964;370;10;14;10;0
57504;3516;370;10;14;10;0
57505;4068;370;10;14;10;0
57506;3528;370;10;14;10;0
57507;230;386;10;14;10;0
57508;218;386;10;14;10;0
57509;206;386;10;14;10;0
57520;194;386;10;14;10;0
57521;182;386;10;14;10;0
57522;170;386;10;14;10;0
57523;158;386;10;14;10;0
57524;146;386;10;14;10;0
57525;134;386;10;14;10;0
57536;122;386;10;14;10;0
57537;110;386;10;14;10;0
57538;98;386;10;14;10;0
57539;86;386;10;14;10;0
57540;74;386;10;14;10;0
57541;62;386;10;14;10;0
57542;50;386;10;14;10;0
57543;38;386;10;14;10;0
57544;26;386;10;14;10;0
57545;14;386;10;14;10;0
57546;242;386;10;14;10;0
57547;254;386;10;14;10;0
57552;266;386;10;14;10;0
57553;278;386;10;14;10;0
57554;502;386;10;14;10;0
57555;490;386;10;14;10;0
57556;478;386;10;14;10;0
57557;466;386;10;14;10;0
57558;454;386;10;14;10;0
57559;442;386;10;14;10;0
57560;430;386;10;14;10;0
57561;418;386;10;14;10;0
57562;406;386;10;14;10;0
57563;514;386;10;14;10;0
61440;398;386;6;14;6;0
61441;378;386;6;14;6;0
61444;370;386;6;14;6;0
61447;362;386;6;14;6;0
61472;350;386;10;14;10;0
61473;338;386;10;14;10;0
61474;326;386;10;14;10;0
61475;314;386;10;14;10;0
61476;302;386;10;14;10;0
61477;290;386;10;14;10;0
61478;2;386;10;14;10;0
61479;386;386;10;14;10;0
61480;4080;370;10;14;10;0
61481;3924;370;10;14;10;0
61482;3756;370;10;14;10;0
61488;3744;370;10;14;10;0
61489;3732;370;10;14;10;0
61490;3720;370;10;14;10;0
61491;3708;370;10;14;10;0
61492;3696;370;10;14;10;0
61493;3684;370;10;14;10;0
61494;3672;370;10;14;10;0
61495;3660;370;10;14;10;0
61496;3648;370;10;14;10;0
61497;3636;370;10;14;10;0
61498;3624;370;10;14;10;0
61499;3612;370;10;14;10;0
61500;3600;370;10;14;10;0
61501;3588;370;10;14;10;0
63743;3576;370;10;14;10;0
65040;3564;370;10;14;10;0
65041;3552;370;10;14;10;0
65042;3540;370;10;14;10;0
65043;3768;370;10;14;10;0
65044;3780;370;10;14;10;0
65045;3792;370;10;14;10;0
65046;3804;370;10;14;10;0
65047;4044;370;10;14;10;0
65048;4032;370;10;14;10;0
65049;4020;370;10;14;10;0
65072;4008;370;10;14;10;0
65073;3996;370;10;14;10;0
65074;3984;370;10;14;10;0
65075;3972;370;10;14;10;0
65076;3960;370;10;14;10;0
65077;3948;370;10;14;10;0
65078;4056;370;10;14;10;0
65079;3936;370;10;14;10;0
65080;3912;370;10;14;10;0
65081;3900;370;10;14;10;0
65082;3888;370;10;14;10;0
65083;3876;370;10;14;10;0
65084;3864;370;10;14;10;0
65085;3852;370;10;14;10;0
65086;3840;370;10;14;10;0
65087;3828;370;10;14;10;0
65088;3816;370;10;14;10;0
65089;2424;370;10;14;10;0
65090;3504;370;10;14;10;0
65091;2412;370;10;14;10;0
65092;1622;370;10;14;10;0
65093;1310;370;10;14;10;0
65094;1298;370;10;14;10;0
65095;1286;370;10;14;10;0
65096;1274;370;10;14;10;0
65097;1262;370;10;14;10;0
65098;1250;370;10;14;10;0
65099;1238;370;10;14;10;0
65100;1226;370;10;14;10;0
65101;1214;370;10;14;10;0
65102;1202;370;10;14;10;0
65103;1190;370;10;14;10;0
65281;1178;370;10;14;10;0
65282;1166;370;10;14;10;0
65283;1154;370;10;14;10;0
65284;1142;370;10;14;10;0
65285;1130;370;10;14;10;0
65286;1118;370;10;14;10;0
65287;1106;370;10;14;10;0
65288;1094;370;10;14;10;0
65289;1322;370;10;14;10;0
65290;1334;370;10;14;10;0
65291;1346;370;10;14;10;0
65292;1358;370;10;14;10;0
65293;1598;370;10;14;10;0
65294;1586;370;10;14;10;0
65295;1574;370;10;14;10;0
65296;1562;370;10;14;10;0
65297;1550;370;10;14;10;0
65298;1538;370;10;14;10;0
65299;1526;370;10;14;10;0
65300;1514;370;10;14;10;0
65301;1502;370;10;14;10;0
65302;1610;370;10;14;10;0
65303;1490;370;10;14;10;0
65304;1466;370;10;14;10;0
65305;1454;370;10;14;10;0
65306;1442;370;10;14;10;0
65307;1430;370;10;14;10;0
65308;1418;370;10;14;10;0
65309;1406;370;10;14;10;0
65310;1394;370;10;14;10;0
65311;1382;370;10;14;10;0
65312;1370;370;10;14;10;0
65313;1082;370;10;14;10;0
65314;1478;370;10;14;10;0
65315;1070;370;10;14;10;0
65316;914;370;10;14;10;0
65317;746;370;10;14;10;0
65318;734;370;10;14;10;0
65319;722;370;10;14;10;0
65320;710;370;10;14;10;0
65321;698;370;10;14;10;0
65322;686;370;10;14;10;0
65323;674;370;10;14;10;0
65324;662;370;10;14;10;0
65325;650;370;10;14;10;0
65326;638;370;10;14;10;0
65327;626;370;10;14;10;0
65328;614;370;10;14;10;0
65329;602;370;10;14;10;0
65330;590;370;10;14;10;0
65331;578;370;10;14;10;0
65332;566;370;10;14;10;0
65333;554;370;10;14;10;0
65334;542;370;10;14;10;0
65335;530;370;10;14;10;0
65336;758;370;10;14;10;0
65337;770;370;10;14;10;0
65338;782;370;10;14;10;0
65339;794;370;10;14;10;0
65340;1034;370;10;14;10;0
65341;1022;370;10;14;10;0
65342;1010;370;10;14;10;0
65343;998;370;10;14;10;0
65344;986;370;10;14;10;0
65345;974;370;10;14;10;0
65346;962;370;10;14;10;0
65347;950;370;10;14;10;0
65348;938;370;10;14;10;0
65349;1046;370;10;14;10;0
65350;926;370;10;14;10;0
65351;902;370;10;14;10;0
65352;890;370;10;14;10;0
65353;878;370;10;14;10;0
65354;866;370;10;14;10;0
65355;854;370;10;14;10;0
65356;842;370;10;14;10;0
65357;830;370;10;14;10;0
65358;818;370;10;14;10;0
65359;806;370;10;14;10;0
65360;1058;370;10;14;10;0
65361;1634;370;10;14;10;0
65362;2001;370;10;14;10;0
65363;1646;370;10;14;10;0
65364;2213;370;10;14;10;0
65365;2201;370;10;14;10;0
65366;2189;370;10;14;10;0
65367;2177;370;10;14;10;0
65368;2165;370;10;14;10;0
65369;2153;370;10;14;10;0
65370;2141;370;10;14;10;0
65371;2129;370;10;14;10;0
65372;2117;370;10;14;10;0
65373;2105;370;10;14;10;0
65374;2093;370;10;14;10;0
65375;2081;370;10;14;10;0
65376;2069;370;10;14;10;0
65377;2062;370;5;14;5;0
65378;2055;370;5;14;5;0
65379;2048;370;5;14;5;0
65380;2041;370;5;14;5;0
65381;2034;370;5;14;5;0
65382;2027;370;5;14;5;0
65383;2225;370;5;14;5;0
65384;2232;370;5;14;5;0
65385;2239;370;5;14;5;0
65386;2246;370;5;14;5;0
65387;2386;370;5;14;5;0
65388;2379;370;5;14;5;0
65389;2372;370;5;14;5;0
65390;2365;370;5;14;5;0
65391;2358;370;5;14;5;0
65392;2351;370;5;14;5;0
65393;2344;370;5;14;5;0
65394;2337;370;5;14;5;0
65395;2330;370;5;14;5;0
65396;2393;370;5;14;5;0
65397;2323;370;5;14;5;0
65398;2309;370;5;14;5;0
65399;2302;370;5;14;5;0
65400;2295;370;5;14;5;0
65401;2288;370;5;14;5;0
65402;2281;370;5;14;5;0
65403;2274;370;5;14;5;0
65404;2267;370;5;14;5;0
65405;2260;370;5;14;5;0
65406;2253;370;5;14;5;0
65407;2020;370;5;14;5;0
65408;2316;370;5;14;5;0
65409;2013;370;5;14;5;0
65410;1892;370;5;14;5;0
65411;1784;370;5;14;5;0
65412;1777;370;5;14;5;0
65413;1770;370;5;14;5;0
65414;1763;370;5;14;5;0
65415;1756;370;5;14;5;0
65416;1749;370;5;14;5;0
65417;1742;370;5;14;5;0
65418;1735;370;5;14;5;0
65419;1728;370;5;14;5;0
65420;1721;370;5;14;5;0
65421;1714;370;5;14;5;0
65422;1707;370;5;14;5;0
65423;1700;370;5;14;5;0
65424;1693;370;5;14;5;0
65425;1686;370;5;14;5;0
65426;1679;370;5;14;5;0
65427;1672;370;5;14;5;0
65428;1665;370;5;14;5;0
65429;1658;370;5;14;5;0
65430;1791;370;5;14;5;0
65431;1798;370;5;14;5;0
65432;1805;370;5;14;5;0
65433;1812;370;5;14;5;0
65434;1982;370;5;14;5;0
65435;1975;370;5;14;5;0
65436;1968;370;5;14;5;0
65437;1961;370;5;14;5;0
65438;1954;370;5;14;5;0
65439;1947;370;5;14;5;0
65504;1935;370;10;14;10;0
65505;1923;370;10;14;10;0
65506;1911;370;10;14;10;0
65507;1989;370;10;14;10;0
65508;1899;370;10;14;10;0
65509;1880;370;10;14;10;0
65510;1868;370;10;14;10;0
65512;1861;370;5;14;5;0
65513;1854;370;5;14;5;0
65514;1847;370;5;14;5;0
65515;1840;370;5;14;5;0
65516;1833;370;5;14;5;0
65517;1826;370;5;14;5;0
65518;1819;370;5;14;5;0
65532;758;978;10;14;10;0
65533;2;1122;10;14;10;0
