"寒蝉点阵体 7px";6;False;False;0;0;1;1
32;1;1;4;12;4;0
33;391;443;2;12;4;1
34;394;443;3;12;5;1
35;398;443;7;12;9;1
36;406;443;7;12;9;1
37;414;443;9;12;11;1
38;424;443;7;12;9;1
39;432;443;1;12;3;1
40;434;443;3;12;5;1
41;438;443;3;12;5;1
42;442;443;6;12;8;1
43;449;443;6;12;8;1
44;456;443;3;12;5;1
45;460;443;5;12;7;1
46;466;443;2;12;4;1
47;469;443;5;12;7;1
48;475;443;6;12;8;1
49;482;443;3;12;5;1
50;486;443;6;12;8;1
51;493;443;6;12;8;1
52;500;443;6;12;8;1
53;507;443;6;12;8;1
54;514;443;6;12;8;1
55;521;443;6;12;8;1
56;384;443;6;12;8;1
57;377;443;6;12;8;1
58;374;443;2;12;4;1
59;289;443;3;12;5;1
60;224;443;4;12;6;1
61;229;443;5;12;7;1
62;235;443;4;12;6;1
63;240;443;6;12;8;1
64;247;443;6;12;8;1
65;254;443;6;12;8;1
66;261;443;6;12;8;1
67;268;443;6;12;8;1
68;275;443;6;12;8;1
69;282;443;6;12;8;1
70;293;443;6;12;8;1
71;367;443;6;12;8;1
72;300;443;6;12;8;1
73;307;443;2;12;4;1
74;310;443;6;12;8;1
75;317;443;6;12;8;1
76;324;443;6;12;8;1
77;331;443;7;12;9;1
78;339;443;6;12;8;1
79;346;443;6;12;8;1
80;353;443;6;12;8;1
81;360;443;6;12;8;1
82;528;443;6;12;8;1
83;539;443;6;12;8;1
84;846;443;6;12;8;1
85;546;443;6;12;8;1
86;706;443;6;12;8;1
87;713;443;7;12;9;1
88;721;443;6;12;8;1
89;728;443;6;12;8;1
90;735;443;6;12;8;1
91;742;443;3;12;5;1
92;746;443;5;12;7;1
93;752;443;3;12;5;1
94;756;443;4;12;6;1
95;761;443;5;12;7;1
96;767;443;3;12;5;1
97;771;443;6;12;8;1
98;778;443;6;12;8;1
99;785;443;6;12;8;1
100;792;443;6;12;8;1
101;799;443;6;12;8;1
102;806;443;5;12;7;1
103;812;443;6;12;8;1
104;819;443;6;12;8;1
105;826;443;2;12;4;1
106;829;443;5;12;7;1
107;835;443;6;12;8;1
108;842;443;3;12;5;1
109;697;443;8;12;10;1
110;690;443;6;12;8;1
111;683;443;6;12;8;1
112;624;443;6;12;8;1
113;553;443;6;12;8;1
114;560;443;6;12;8;1
115;567;443;6;12;8;1
116;574;443;5;12;7;1
117;580;443;6;12;8;1
118;587;443;6;12;8;1
119;594;443;8;12;10;1
120;603;443;6;12;8;1
121;610;443;6;12;8;1
122;617;443;6;12;8;1
123;631;443;4;12;6;1
124;680;443;2;12;4;1
125;636;443;4;12;6;1
126;641;443;7;12;9;1
160;649;443;1;12;3;0
161;651;443;1;12;4;1
162;653;443;5;12;6;0
163;659;443;3;12;4;0
164;663;443;5;12;8;1
165;669;443;3;12;4;0
166;673;443;1;12;4;1
167;675;443;4;12;6;1
168;220;443;3;12;8;2
169;212;443;7;12;8;0
170;208;443;3;12;4;0
171;204;443;3;12;4;0
172;1926;430;3;12;4;0
173;1930;430;2;12;8;3
174;1933;430;3;12;4;0
175;1937;430;3;12;4;0
176;1941;430;4;12;8;0
177;1946;430;7;12;8;0
180;1954;430;2;12;8;3
182;1957;430;5;12;8;1
183;1963;430;1;12;8;3
184;1965;430;2;12;4;0
186;1973;430;3;12;4;0
187;2023;430;3;12;4;0
188;1977;430;3;12;4;0
189;1981;430;3;12;4;0
190;1985;430;3;12;4;0
191;1989;430;3;12;4;0
192;1993;430;4;12;5;0
193;1998;430;4;12;5;0
194;2003;430;4;12;5;0
195;2008;430;4;12;5;0
196;2013;430;4;12;5;0
197;2018;430;4;12;5;0
198;1919;430;6;12;7;0
199;1968;430;4;12;5;0
200;1915;430;3;12;4;0
201;1854;430;3;12;4;0
202;1813;430;3;12;4;0
203;1817;430;3;12;4;0
204;1821;430;2;12;2;-1
205;1824;430;2;12;2;0
206;1827;430;3;12;2;-1
207;1831;430;3;12;2;-1
208;1835;430;5;12;6;0
209;1841;430;4;12;5;0
210;1846;430;3;12;4;0
211;1850;430;3;12;4;0
212;1858;430;3;12;4;0
213;1906;430;4;12;4;0
214;1862;430;3;12;4;0
215;1866;430;7;12;8;0
216;1874;430;3;12;4;0
217;1878;430;3;12;4;0
218;1882;430;3;12;4;0
219;1886;430;3;12;4;0
220;1890;430;3;12;4;0
221;1894;430;3;12;4;0
222;1898;430;3;12;4;0
223;1902;430;3;12;4;0
224;1911;430;3;12;4;0
225;2027;430;3;12;4;0
226;2031;430;3;12;4;0
227;2035;430;3;12;4;0
228;107;443;3;12;4;0
229;111;443;3;12;4;0
230;115;443;6;12;7;0
231;122;443;3;12;4;0
232;126;443;3;12;4;0
233;130;443;3;12;4;0
234;134;443;3;12;4;0
235;138;443;3;12;4;0
236;142;443;2;12;2;-1
237;145;443;2;12;2;0
238;148;443;3;12;2;-1
239;152;443;3;12;2;-1
240;156;443;3;12;4;0
241;160;443;4;12;4;0
242;165;443;3;12;4;0
243;169;443;3;12;4;0
244;173;443;3;12;4;0
245;177;443;4;12;4;0
246;182;443;3;12;4;0
247;186;443;5;12;6;0
248;192;443;3;12;4;0
249;196;443;3;12;4;0
250;200;443;3;12;4;0
251;103;443;3;12;4;0
252;99;443;3;12;4;0
253;95;443;3;12;4;0
254;37;443;3;12;4;0
255;2039;430;3;12;4;0
256;2043;430;3;12;4;0
257;1;443;3;12;4;0
258;5;443;4;12;5;0
259;10;443;3;12;4;0
260;14;443;4;12;5;0
261;19;443;3;12;4;0
262;23;443;4;12;5;0
263;28;443;3;12;4;0
264;32;443;4;12;5;0
265;41;443;3;12;4;0
266;90;443;4;12;5;0
267;45;443;3;12;4;0
268;49;443;4;12;5;0
269;54;443;4;12;4;0
270;59;443;4;12;5;0
271;64;443;3;12;4;0
272;68;443;4;12;5;0
273;73;443;4;12;5;0
274;78;443;3;12;4;0
275;82;443;3;12;4;0
278;86;443;3;12;4;0
279;535;443;3;12;4;0
280;857;443;3;12;4;0
281;1544;443;3;12;4;0
282;861;443;3;12;4;0
283;1441;443;3;12;4;0
284;1445;443;4;12;5;0
285;1450;443;3;12;4;0
286;1454;443;4;12;5;0
287;1459;443;3;12;4;0
288;1463;443;4;12;5;0
289;1468;443;3;12;4;0
290;1472;443;4;12;5;0
291;1477;443;3;12;4;0
292;1481;443;4;12;5;0
293;1486;443;3;12;4;0
294;1490;443;5;12;5;0
295;1496;443;4;12;5;0
296;1501;443;4;12;2;-1
297;1506;443;4;12;4;-1
298;1511;443;3;12;1;-1
299;1515;443;3;12;4;0
302;1519;443;2;12;2;0
303;1522;443;3;12;5;0
304;1526;443;1;12;2;0
305;1528;443;1;12;2;0
306;1530;443;4;12;4;0
307;1535;443;3;12;4;0
308;1437;443;3;12;3;0
309;1433;443;3;12;5;0
310;1428;443;4;12;5;0
311;1368;443;3;12;4;0
313;1330;443;2;12;3;0
314;1333;443;2;12;2;0
315;1336;443;3;12;4;0
316;1340;443;2;12;2;0
317;1343;443;3;12;3;-1
318;1347;443;3;12;2;-1
321;1351;443;3;12;4;0
322;1355;443;3;12;5;0
323;1359;443;4;12;5;0
324;1364;443;3;12;4;0
325;1372;443;4;12;5;0
326;1424;443;3;12;4;0
327;1377;443;4;12;5;0
328;1382;443;3;12;4;0
330;1386;443;4;12;5;0
331;1391;443;3;12;4;0
332;1395;443;3;12;4;0
333;1399;443;3;12;4;0
336;1403;443;4;12;4;0
337;1408;443;4;12;4;0
338;1413;443;5;12;6;0
339;1419;443;4;12;4;0
340;1539;443;4;12;5;0
341;1548;443;2;12;2;0
342;1777;443;4;12;5;0
343;1551;443;3;12;2;-1
344;1679;443;4;12;5;0
345;1684;443;3;12;2;-1
346;1688;443;3;12;4;0
347;1692;443;3;12;4;0
348;1696;443;3;12;5;0
349;1700;443;3;12;4;0
350;1704;443;4;12;5;0
351;1709;443;3;12;4;0
352;1713;443;3;12;4;0
353;1717;443;3;12;4;0
354;1721;443;3;12;4;0
355;1725;443;3;12;3;-1
356;1729;443;3;12;4;0
357;1733;443;3;12;3;-1
360;1737;443;4;12;4;0
361;1742;443;4;12;4;0
362;1747;443;3;12;4;0
363;1751;443;3;12;4;0
364;1755;443;4;12;5;0
365;1760;443;3;12;4;0
366;1764;443;3;12;4;0
367;1768;443;3;12;4;0
368;1772;443;4;12;4;0
369;1674;443;4;12;4;0
370;1669;443;4;12;5;0
371;1665;443;3;12;4;0
372;1597;443;5;12;6;0
373;1555;443;5;12;6;0
374;1561;443;3;12;4;0
375;1565;443;3;12;4;0
376;1569;443;3;12;4;0
377;1573;443;3;12;4;0
378;1577;443;3;12;4;0
379;1581;443;3;12;4;0
380;1585;443;3;12;4;0
381;1589;443;3;12;4;0
382;1593;443;3;12;4;0
385;1603;443;5;12;5;-1
390;1660;443;4;12;5;0
391;1609;443;5;12;5;0
392;1615;443;4;12;5;0
393;1620;443;5;12;5;-1
394;1626;443;5;12;5;-1
398;1632;443;3;12;4;0
399;1636;443;3;12;4;0
400;1640;443;4;12;5;0
401;1645;443;4;12;4;-1
402;1650;443;3;12;4;0
403;1654;443;5;12;5;0
404;1324;443;5;12;5;0
406;1321;443;2;12;2;0
407;1317;443;3;12;3;0
408;1311;443;5;12;5;0
409;979;443;3;12;4;0
413;983;443;4;12;5;0
420;988;443;5;12;5;0
421;994;443;3;12;4;0
425;998;443;4;12;5;0
426;1003;443;4;12;8;1
428;1008;443;4;12;4;-1
429;1013;443;2;12;3;0
430;1016;443;3;12;4;0
433;1020;443;5;12;6;0
434;1030;443;4;12;5;0
435;1078;443;4;12;5;1
436;1035;443;4;12;5;0
439;1040;443;4;12;5;0
461;1045;443;4;12;4;0
462;1050;443;3;12;4;0
463;1054;443;3;12;2;-1
464;1058;443;3;12;4;0
465;1062;443;3;12;4;0
466;1066;443;3;12;4;0
467;1070;443;3;12;4;0
468;1074;443;3;12;4;0
469;975;443;3;12;4;0
470;1026;443;3;12;4;0
471;971;443;3;12;4;0
472;914;443;3;12;4;0
473;865;443;3;12;4;0
474;869;443;3;12;4;0
475;873;443;3;12;4;0
476;877;443;3;12;4;0
477;881;443;3;12;4;0
478;885;443;4;12;5;0
479;890;443;4;12;4;-1
482;895;443;6;12;7;0
483;902;443;6;12;7;0
486;909;443;4;12;5;0
487;918;443;3;12;4;0
510;963;443;3;12;4;0
511;922;443;3;12;4;0
536;926;443;4;12;5;0
537;931;443;3;12;4;0
538;935;443;3;12;4;0
539;939;443;3;12;3;-1
552;943;443;3;12;4;0
553;947;443;3;12;4;0
554;951;443;3;12;4;0
555;955;443;3;12;4;0
562;959;443;3;12;4;0
563;967;443;3;12;4;0
567;1083;443;3;12;5;0
578;1087;443;3;12;5;1
579;1091;443;5;12;5;-1
580;1207;443;6;12;6;0
581;1214;443;5;12;5;0
587;1220;443;4;12;4;0
588;1225;443;5;12;5;-1
593;1231;443;3;12;4;0
595;1235;443;3;12;4;0
596;1239;443;3;12;4;0
598;1243;443;4;12;5;0
599;1248;443;4;12;5;0
601;1253;443;3;12;4;0
603;1257;443;3;12;4;0
608;1261;443;4;12;4;0
611;1266;443;3;12;4;0
614;1270;443;3;12;4;0
616;1274;443;3;12;3;0
617;1278;443;2;12;2;0
626;1281;443;3;12;4;0
628;1285;443;4;12;5;0
631;1290;443;5;12;6;0
637;1296;443;2;12;3;0
638;1299;443;2;12;3;0
640;1302;443;4;12;5;0
643;1307;443;3;12;8;2
645;1203;443;3;12;8;2
648;1200;443;2;12;3;0
649;1194;443;5;12;4;-1
650;1140;443;5;12;6;0
651;1097;443;4;12;5;0
652;1102;443;3;12;4;0
655;1106;443;3;12;4;0
658;1110;443;3;12;4;0
660;1114;443;3;12;8;2
661;1118;443;3;12;8;2
662;1122;443;3;12;8;2
664;1126;443;5;12;8;1
666;1132;443;4;12;8;1
671;1137;443;2;12;3;0
700;1146;443;2;12;5;1
701;1191;443;2;12;5;1
702;1149;443;2;12;5;0
703;1152;443;2;12;5;0
706;1155;443;5;12;8;1
707;1161;443;5;12;8;1
710;1167;443;3;12;4;0
711;1171;443;3;12;3;0
713;1175;443;3;12;8;2
714;1179;443;3;12;8;2
715;1183;443;3;12;8;2
717;1187;443;3;12;8;2
728;1807;430;5;12;8;1
729;853;443;3;12;8;2
730;1803;430;3;12;5;1
731;560;430;2;12;5;1
732;98;430;7;12;4;0
733;106;430;4;12;5;0
746;111;430;3;12;8;2
747;115;430;4;12;8;1
768;120;430;2;12;0;1
769;123;430;2;12;0;1
770;126;430;3;12;0;0
771;130;430;4;12;0;0
772;135;430;3;12;0;0
774;139;430;3;12;0;0
775;143;430;1;12;0;1
776;145;430;3;12;0;0
778;149;430;3;12;0;1
779;153;430;4;12;0;0
780;158;430;3;12;0;0
784;162;430;3;12;0;0
786;166;430;2;12;0;0
803;169;430;1;12;0;1
804;171;430;3;12;0;0
805;175;430;2;12;0;0
806;178;430;2;12;0;0
807;181;430;2;12;0;1
808;184;430;2;12;0;1
814;93;430;4;12;0;0
817;89;430;3;12;0;0
863;83;430;5;12;0;0
900;2032;417;2;12;8;3
913;1962;417;7;12;8;0
914;1970;417;6;12;8;1
915;1977;417;6;12;8;1
916;1984;417;7;12;8;0
917;1992;417;6;12;8;1
918;1999;417;6;12;8;1
919;2006;417;6;12;8;1
920;2013;417;7;12;8;0
921;2021;417;3;12;8;2
922;2025;417;6;12;8;1
923;2035;417;7;12;8;0
924;75;430;7;12;8;0
925;1;430;6;12;8;1
926;8;430;6;12;8;1
927;15;430;6;12;8;1
928;22;430;6;12;8;1
929;29;430;6;12;8;1
931;36;430;6;12;8;1
932;43;430;7;12;8;0
933;51;430;7;12;8;0
934;59;430;7;12;8;0
935;67;430;7;12;8;0
936;187;430;7;12;8;0
937;200;430;7;12;8;0
945;553;430;6;12;8;1
946;208;430;6;12;8;1
947;407;430;5;12;8;1
948;413;430;5;12;8;1
949;419;430;5;12;8;1
950;425;430;4;12;8;2
951;430;430;6;12;8;1
952;437;430;5;12;8;1
953;443;430;3;12;8;2
954;447;430;5;12;8;1
955;453;430;5;12;8;1
956;459;430;6;12;8;1
957;466;430;5;12;8;1
958;472;430;5;12;8;1
959;478;430;5;12;8;1
960;484;430;6;12;8;1
961;491;430;6;12;8;1
963;498;430;6;12;8;1
964;505;430;6;12;8;1
965;512;430;6;12;8;1
966;519;430;6;12;8;1
967;526;430;5;12;8;1
968;532;430;6;12;8;1
969;539;430;6;12;8;1
1025;546;430;6;12;8;1
1040;399;430;7;12;8;0
1041;392;430;6;12;8;1
1042;385;430;6;12;8;1
1043;289;430;6;12;8;1
1044;215;430;7;12;8;0
1045;223;430;6;12;8;1
1046;230;430;7;12;8;0
1047;238;430;6;12;8;1
1048;245;430;6;12;8;1
1049;252;430;6;12;8;1
1050;259;430;6;12;8;1
1051;266;430;7;12;8;0
1052;274;430;7;12;8;0
1053;282;430;6;12;8;1
1054;296;430;6;12;8;1
1055;378;430;6;12;8;1
1056;303;430;6;12;8;1
1057;310;430;6;12;8;1
1058;317;430;7;12;8;0
1059;325;430;6;12;8;1
1060;332;430;7;12;8;0
1061;340;430;7;12;8;0
1062;348;430;6;12;8;1
1063;355;430;6;12;8;1
1064;362;430;7;12;8;0
1065;370;430;7;12;8;0
1066;1955;417;6;12;8;1
1067;1948;417;6;12;8;1
1068;1942;417;5;12;8;2
1069;1935;417;6;12;8;1
1070;1550;417;7;12;8;0
1071;1558;417;6;12;8;1
1072;1565;417;5;12;8;1
1073;1571;417;5;12;8;1
1074;1577;417;5;12;8;1
1075;1583;417;5;12;8;1
1076;1589;417;5;12;8;1
1077;1595;417;5;12;8;1
1078;1601;417;7;12;8;0
1079;1609;417;5;12;8;1
1080;1621;417;5;12;8;1
1081;1688;417;5;12;8;1
1082;1627;417;5;12;8;1
1083;1633;417;6;12;8;0
1084;1640;417;5;12;8;1
1085;1646;417;5;12;8;1
1086;1652;417;5;12;8;1
1087;1658;417;5;12;8;1
1088;1664;417;5;12;8;1
1089;1670;417;5;12;8;1
1090;1676;417;5;12;8;1
1091;1682;417;5;12;8;1
1092;1544;417;5;12;8;1
1093;1615;417;5;12;8;1
1094;1538;417;5;12;8;1
1095;1452;417;5;12;8;1
1096;1391;417;5;12;8;1
1097;1397;417;6;12;8;1
1098;1404;417;6;12;8;1
1099;1411;417;5;12;8;1
1100;1417;417;5;12;8;1
1101;1423;417;5;12;8;1
1102;1429;417;6;12;8;1
1103;1436;417;5;12;8;1
1105;1442;417;5;12;8;1
1111;1448;417;3;12;8;2
1342;1458;417;5;12;8;1
3232;1530;417;3;12;8;2
3237;1464;417;7;12;8;0
3585;1472;417;5;12;8;1
3589;1478;417;5;12;8;1
3591;1484;417;5;12;8;1
3636;1490;417;7;12;0;0
3647;1498;417;5;12;8;1
4546;1504;417;7;12;8;0
5147;1512;417;7;12;8;0
7424;1520;417;4;12;5;0
7428;1525;417;4;12;5;0
7439;1534;417;3;12;5;0
7441;1694;417;4;12;5;0
7447;1699;417;5;12;8;1
7451;1705;417;3;12;4;0
7452;1829;417;3;12;4;0
7458;1833;417;3;12;4;0
7461;1837;417;7;12;8;0
7501;1845;417;3;12;8;2
7502;1849;417;1;12;8;3
7503;1851;417;3;12;8;2
7504;1855;417;5;12;8;1
7506;1861;417;3;12;8;2
7509;1865;417;5;12;8;1
7684;1871;417;4;12;5;0
7685;1876;417;3;12;4;0
7692;1880;417;4;12;5;0
7693;1885;417;3;12;4;0
7694;1889;417;4;12;5;0
7695;1894;417;3;12;4;0
7698;1898;417;4;12;5;0
7699;1903;417;3;12;4;0
7712;1907;417;4;12;5;0
7713;1912;417;3;12;4;0
7716;1916;417;4;12;5;0
7717;1921;417;3;12;4;0
7722;1925;417;4;12;5;0
7723;1930;417;4;12;4;0
7726;1825;417;3;12;2;-1
7727;1821;417;3;12;2;-1
7732;1816;417;4;12;5;0
7733;1752;417;3;12;4;0
7734;1709;417;3;12;4;0
7735;1713;417;1;12;2;0
7736;1715;417;3;12;3;-1
7737;1719;417;3;12;2;-1
7738;1723;417;3;12;4;0
7739;1727;417;3;12;2;-1
7740;1731;417;4;12;4;-1
7741;1736;417;3;12;2;-1
7742;1740;417;5;12;6;0
7743;1746;417;5;12;6;0
7744;1756;417;5;12;6;0
7745;1810;417;5;12;6;0
7746;1762;417;5;12;6;0
7747;1768;417;5;12;6;0
7748;1774;417;4;12;5;0
7749;1779;417;3;12;4;0
7750;1783;417;4;12;5;0
7751;1788;417;3;12;4;0
7752;1792;417;4;12;5;0
7753;1797;417;3;12;4;0
7754;1801;417;4;12;5;0
7755;1806;417;3;12;4;0
7756;195;430;4;12;4;0
7757;563;430;4;12;4;0
7760;1521;430;3;12;4;0
7761;568;430;3;12;4;0
7762;1410;430;3;12;4;0
7763;1414;430;3;12;4;0
7772;1418;430;4;12;5;0
7773;1423;430;3;12;2;-1
7774;1427;430;4;12;5;0
7775;1432;430;3;12;3;-1
7778;1436;430;4;12;4;0
7779;1441;430;3;12;4;0
7788;1445;430;3;12;4;0
7789;1449;430;2;12;3;0
7790;1452;430;3;12;4;0
7791;1456;430;3;12;3;-1
7792;1460;430;3;12;4;0
7793;1464;430;3;12;3;-1
7808;1468;430;5;12;6;0
7809;1474;430;5;12;6;0
7810;1480;430;5;12;6;0
7811;1486;430;5;12;6;0
7812;1492;430;5;12;6;0
7813;1498;430;5;12;6;0
7822;1504;430;3;12;5;0
7823;1508;430;3;12;4;0
7826;1512;430;3;12;4;0
7827;1406;430;3;12;4;0
7828;1402;430;3;12;4;0
7829;1398;430;3;12;4;0
7830;1348;430;3;12;4;0
7831;1304;430;3;12;3;-1
7838;1308;430;4;12;5;0
7841;1313;430;3;12;4;0
7852;1317;430;4;12;5;0
7853;1322;430;3;12;4;0
7864;1326;430;3;12;4;0
7865;1330;430;3;12;4;0
7868;1334;430;4;12;4;0
7869;1339;430;4;12;4;0
7878;1344;430;3;12;4;0
7879;1352;430;3;12;4;0
7882;1396;430;1;12;2;0
7883;1356;430;1;12;2;0
7884;1358;430;4;12;5;0
7885;1363;430;3;12;4;0
7887;1367;430;3;12;4;0
7896;1371;430;3;12;4;0
7897;1375;430;3;12;4;0
7908;1379;430;4;12;5;0
7909;1384;430;3;12;4;0
7922;1388;430;3;12;4;0
7923;1392;430;3;12;4;0
7928;1516;430;4;12;4;0
7929;1525;430;4;12;4;0
8128;1789;430;5;12;8;1
8195;1530;430;1;12;8;0
8208;1676;430;2;12;8;3
8209;1679;430;2;12;4;1
8210;1682;430;3;12;4;0
8211;1686;430;4;12;8;2
8212;1691;430;7;12;8;0
8213;1699;430;8;12;8;0
8214;1708;430;3;12;8;2
8216;1712;430;2;12;8;4
8217;1715;430;2;12;8;1
8218;1718;430;2;12;4;0
8220;1721;430;5;12;8;1
8221;1727;430;5;12;8;1
8222;1733;430;4;12;4;0
8224;1738;430;3;12;8;2
8225;1742;430;3;12;8;2
8226;1746;430;3;12;8;2
8229;1750;430;5;12;8;1
8230;1756;430;7;12;8;0
8231;1764;430;1;12;8;3
8240;1766;430;7;12;8;0
8242;1774;430;2;12;8;1
8243;1777;430;4;12;8;1
8244;1782;430;6;12;8;0
8245;1673;430;2;12;8;3
8247;1666;430;6;12;8;1
8248;1660;430;5;12;8;1
8249;1583;430;2;12;4;1
8250;1532;430;2;12;4;1
8251;1535;430;7;12;8;0
8252;1543;430;3;12;8;2
8254;1547;430;7;12;8;0
8255;1555;430;7;12;8;0
8260;1563;430;5;12;8;1
8304;1569;430;3;12;8;2
8317;1573;430;2;12;8;2
8318;1576;430;2;12;8;2
8320;1579;430;3;12;8;2
8323;1586;430;3;12;8;2
8333;1657;430;2;12;8;3
8334;1590;430;2;12;8;2
8362;1593;430;6;12;7;0
8364;1600;430;6;12;7;0
8372;1607;430;5;12;6;0
8377;1613;430;5;12;6;0
8381;1619;430;5;12;6;0
8413;1625;430;7;12;8;0
8451;1633;430;7;12;8;0
8453;1641;430;7;12;8;0
8457;1649;430;7;12;8;0
8470;1296;430;7;12;8;0
8481;1288;430;7;12;8;0
8482;1281;430;6;12;4;0
8491;1273;430;7;12;8;0
8544;742;430;1;12;8;3
8545;744;430;3;12;8;2
8546;748;430;5;12;8;1
8547;754;430;7;12;8;0
8548;762;430;5;12;8;1
8549;768;430;7;12;8;0
8550;776;430;7;12;8;0
8551;784;430;7;12;8;0
8552;792;430;7;12;8;0
8553;800;430;5;12;8;1
8577;814;430;6;12;8;1
8578;895;430;7;12;8;0
8592;821;430;7;12;8;0
8593;829;430;5;12;8;1
8594;835;430;7;12;8;0
8595;843;430;5;12;8;1
8596;849;430;7;12;8;0
8597;857;430;5;12;8;1
8598;863;430;7;12;8;0
8599;871;430;7;12;8;0
8600;879;430;7;12;8;0
8601;887;430;7;12;8;0
8654;734;430;7;12;8;0
8658;806;430;7;12;8;0
8660;726;430;7;12;8;0
8706;638;430;5;12;8;1
8707;572;430;6;12;8;1
8711;579;430;7;12;8;0
8712;587;430;6;12;8;1
8715;594;430;6;12;8;1
8719;601;430;7;12;8;0
8721;609;430;6;12;8;1
8722;616;430;3;12;4;0
8729;620;430;1;12;8;3
8730;622;430;7;12;8;0
8733;630;430;7;12;8;0
8734;644;430;7;12;8;0
8735;713;430;6;12;8;1
8736;652;430;6;12;8;1
8739;659;430;1;12;8;3
8741;661;430;5;12;8;1
8743;667;430;7;12;8;0
8744;675;430;7;12;8;0
8745;683;430;6;12;8;1
8747;690;430;3;12;8;2
8748;694;430;6;12;8;1
8750;701;430;5;12;8;1
8756;707;430;5;12;8;1
8757;720;430;5;12;8;1
8759;903;430;3;12;8;2
8764;907;430;4;12;5;0
8765;912;430;7;12;8;0
8776;1099;430;6;12;8;1
8786;1106;430;7;12;8;0
8790;1114;430;7;12;8;0
8797;1122;430;7;12;8;0
8800;1130;430;7;12;8;0
8801;1138;430;6;12;8;1
8804;1145;430;7;12;8;0
8805;1153;430;7;12;8;0
8806;1161;430;7;12;8;0
8807;1169;430;7;12;8;0
8810;1177;430;6;12;8;0
8811;1184;430;6;12;8;1
8828;1191;430;7;12;8;0
8829;1199;430;7;12;8;0
8834;1207;430;6;12;8;1
8835;1214;430;6;12;8;1
8838;1221;430;6;12;8;1
8839;1228;430;6;12;8;1
8853;1235;430;5;12;8;1
8854;1241;430;7;12;8;0
8857;1249;430;7;12;8;0
8860;1257;430;7;12;8;0
8869;1265;430;7;12;8;0
8889;1091;430;7;12;8;0
8895;1084;430;6;12;8;1
8922;1076;430;7;12;8;0
8923;972;430;7;12;8;0
8978;920;430;7;12;8;0
9115;928;430;2;12;8;3
9117;931;430;2;12;8;3
9118;934;430;2;12;8;2
9120;937;430;2;12;8;2
9129;940;430;3;12;8;2
9133;944;430;3;12;8;2
9312;948;430;7;12;8;0
9313;956;430;7;12;8;0
9314;964;430;7;12;8;0
9315;980;430;7;12;8;0
9316;1068;430;7;12;8;0
9317;988;430;7;12;8;0
9318;996;430;7;12;8;0
9319;1004;430;7;12;8;0
9320;1012;430;7;12;8;0
9321;1020;430;7;12;8;0
9322;1028;430;7;12;8;0
9323;1036;430;7;12;8;0
9324;1044;430;7;12;8;0
9325;1052;430;7;12;8;0
9326;1060;430;7;12;8;0
9327;1795;430;7;12;8;0
9328;1782;443;7;12;8;0
9329;1790;443;7;12;8;0
9330;1798;443;7;12;8;0
9331;1818;469;7;12;8;0
9332;1826;469;7;12;8;0
9333;1834;469;7;12;8;0
9334;1842;469;7;12;8;0
9335;1850;469;7;12;8;0
9336;1858;469;7;12;8;0
9337;1866;469;7;12;8;0
9338;1874;469;7;12;8;0
9339;1882;469;7;12;8;0
9340;1890;469;7;12;8;0
9341;1898;469;7;12;8;0
9342;1906;469;7;12;8;0
9343;1914;469;7;12;8;0
9344;1922;469;7;12;8;0
9345;1930;469;7;12;8;0
9346;1938;469;7;12;8;0
9347;1946;469;7;12;8;0
9348;1954;469;7;12;8;0
9349;1962;469;7;12;8;0
9350;1970;469;7;12;8;0
9351;1978;469;7;12;8;0
9352;1986;469;5;12;8;2
9353;1992;469;5;12;8;2
9354;1812;469;5;12;8;2
9355;1806;469;5;12;8;2
9356;1800;469;5;12;8;2
9357;1698;469;5;12;8;2
9358;1624;469;5;12;8;2
9359;1630;469;5;12;8;2
9360;1636;469;5;12;8;2
9361;1642;469;7;12;8;0
9362;1650;469;7;12;8;0
9363;1658;469;7;12;8;0
9364;1666;469;7;12;8;0
9365;1674;469;7;12;8;0
9366;1682;469;7;12;8;0
9367;1690;469;7;12;8;0
9368;1704;469;7;12;8;0
9369;1792;469;7;12;8;0
9370;1712;469;7;12;8;0
9371;1720;469;7;12;8;0
9372;1728;469;7;12;8;0
9373;1736;469;7;12;8;0
9374;1744;469;7;12;8;0
9375;1752;469;7;12;8;0
9376;1760;469;7;12;8;0
9377;1768;469;7;12;8;0
9378;1776;469;7;12;8;0
9379;1784;469;7;12;8;0
9380;1998;469;7;12;8;0
9381;2014;469;7;12;8;0
9382;329;482;7;12;8;0
9383;2022;469;7;12;8;0
9384;152;482;7;12;8;0
9385;160;482;7;12;8;0
9386;168;482;7;12;8;0
9387;176;482;7;12;8;0
9388;184;482;7;12;8;0
9389;192;482;7;12;8;0
9390;200;482;7;12;8;0
9391;208;482;7;12;8;0
9392;216;482;7;12;8;0
9393;224;482;7;12;8;0
9394;232;482;7;12;8;0
9395;240;482;7;12;8;0
9396;248;482;7;12;8;0
9397;256;482;7;12;8;0
9406;264;482;7;12;8;0
9428;272;482;7;12;8;0
9435;280;482;7;12;8;0
9438;288;482;7;12;8;0
9445;296;482;7;12;8;0
9450;304;482;7;12;8;0
9472;312;482;8;12;8;0
9474;321;482;1;12;8;3
9484;323;482;5;12;8;3
9488;147;482;4;12;8;0
9492;141;482;5;12;8;3
9496;136;482;4;12;8;0
9500;56;482;5;12;8;3
9508;2030;469;4;12;8;0
9516;2035;469;8;12;8;0
9524;1;482;8;12;8;0
9532;10;482;8;12;8;0
9552;19;482;8;12;8;0
9553;28;482;3;12;8;2
9554;32;482;5;12;8;3
9555;38;482;5;12;8;3
9556;44;482;6;12;8;2
9557;51;482;4;12;8;0
9558;62;482;5;12;8;0
9559;130;482;5;12;8;0
9560;68;482;5;12;8;3
9561;74;482;6;12;8;2
9562;81;482;6;12;8;2
9563;88;482;4;12;8;0
9564;93;482;5;12;8;0
9565;99;482;5;12;8;0
9566;105;482;5;12;8;3
9567;111;482;6;12;8;2
9568;118;482;6;12;8;2
9569;125;482;4;12;8;0
9570;1618;469;5;12;8;0
9571;1612;469;5;12;8;0
9572;1603;469;8;12;8;0
9573;1594;469;8;12;8;0
9574;1021;469;8;12;8;0
9575;1030;469;8;12;8;0
9576;1039;469;8;12;8;0
9577;1048;469;8;12;8;0
9578;1057;469;8;12;8;0
9579;1066;469;8;12;8;0
9580;1075;469;8;12;8;0
9600;1084;469;7;12;8;0
9601;1092;469;8;12;8;0
9602;1101;469;8;12;8;0
9603;1115;469;8;12;8;0
9604;1193;469;8;12;8;0
9605;1124;469;8;12;8;0
9606;1133;469;8;12;8;0
9607;1142;469;8;12;8;0
9608;1151;469;8;12;8;0
9609;1160;469;7;12;8;0
9610;1168;469;6;12;8;0
9611;1175;469;5;12;8;0
9612;1181;469;4;12;8;0
9613;1186;469;3;12;8;0
9614;1190;469;2;12;8;0
9615;1019;469;1;12;8;0
9616;1110;469;4;12;8;3
9617;1011;469;7;12;8;0
9618;908;469;7;12;8;0
9619;833;469;7;12;8;0
9620;841;469;8;12;8;0
9621;850;469;1;12;8;7
9632;852;469;7;12;8;0
9633;860;469;7;12;8;0
9635;868;469;7;12;8;0
9636;876;469;7;12;8;0
9637;884;469;7;12;8;0
9638;892;469;7;12;8;0
9639;900;469;7;12;8;0
9640;916;469;7;12;8;0
9641;995;469;7;12;8;0
9642;924;469;3;12;8;2
9643;928;469;5;12;8;1
9644;934;469;7;12;8;0
9647;942;469;7;12;12;2
9647;950;469;4;12;8;2
9648;955;469;7;12;8;0
9650;963;469;7;12;8;0
9651;971;469;7;12;8;0
9654;979;469;7;12;8;0
9655;987;469;7;12;8;0
9658;1003;469;7;12;8;0
9659;1202;469;8;12;8;0
9660;1211;469;7;12;8;0
9661;1219;469;7;12;8;0
9664;1420;469;7;12;8;0
9665;1428;469;7;12;8;0
9668;1436;469;7;12;8;0
9670;1444;469;7;12;8;0
9671;1452;469;7;12;8;0
9672;1460;469;7;12;8;0
9673;1468;469;7;12;8;0
9674;1476;469;7;12;8;0
9675;1484;469;7;12;8;0
9676;1492;469;7;12;8;0
9677;1500;469;7;12;8;0
9678;1508;469;7;12;8;0
9679;1516;469;7;12;8;0
9680;1524;469;7;12;8;0
9681;1532;469;7;12;8;0
9683;1540;469;7;12;8;0
9684;1548;469;7;12;8;0
9685;1556;469;7;12;8;0
9688;1564;469;3;12;8;2
9689;1568;469;7;12;8;0
9691;1576;469;7;12;8;0
9692;1584;469;4;12;8;0
9693;1589;469;4;12;8;3
9694;1415;469;4;12;8;3
9695;1410;469;4;12;8;0
9697;1402;469;7;12;8;0
9698;1306;469;8;12;8;0
9699;1227;469;8;12;8;0
9700;1236;469;8;12;8;0
9701;1245;469;8;12;8;0
9702;1254;469;3;12;8;2
9704;1258;469;7;12;8;0
9711;1266;469;7;12;8;0
9728;1274;469;7;12;8;0
9729;1282;469;7;12;8;0
9730;1290;469;7;12;8;0
9731;1298;469;7;12;8;0
9732;1315;469;7;12;8;0
9733;1394;469;7;12;8;0
9734;1323;469;7;12;8;0
9735;1331;469;4;12;8;2
9736;1336;469;7;12;8;0
9737;1344;469;5;12;8;1
9738;1350;469;7;12;8;0
9739;1358;469;7;12;8;0
9740;1366;469;7;12;8;0
9741;1374;469;7;12;8;0
9742;1382;469;5;12;8;1
9743;1388;469;5;12;8;1
9756;2006;469;7;12;8;0
9758;337;482;7;12;8;0
9773;345;482;7;12;8;0
9774;353;482;7;12;8;0
9775;1313;482;7;12;8;0
9785;1321;482;7;12;8;0
9786;1329;482;7;12;8;0
9787;1337;482;7;12;8;0
9788;1345;482;7;12;8;0
9789;1353;482;4;12;8;2
9790;1358;482;4;12;8;1
9792;1363;482;5;12;8;1
9794;1369;482;7;12;8;0
9824;1377;482;7;12;8;0
9825;1385;482;7;12;8;0
9826;1393;482;7;12;8;0
9827;1401;482;7;12;8;0
9828;1409;482;7;12;8;0
9829;1417;482;7;12;8;0
9830;1425;482;7;12;8;0
9831;1433;482;7;12;8;0
9832;1441;482;7;12;8;0
9833;1449;482;3;12;8;2
9834;1453;482;5;12;8;1
9835;1459;482;6;12;8;0
9836;1466;482;6;12;8;0
9837;1473;482;4;12;8;2
9839;1306;482;6;12;8;1
9862;1298;482;7;12;8;0
9986;1290;482;7;12;8;0
9992;1201;482;7;12;8;0
9993;1125;482;7;12;8;0
10003;1133;482;7;12;8;0
10005;1141;482;7;12;8;0
10006;1149;482;5;12;8;1
10007;1155;482;7;12;8;0
10010;1163;482;5;12;8;1
10017;1169;482;7;12;8;0
10022;1177;482;7;12;8;0
10023;1185;482;7;12;8;0
10024;1193;482;7;12;8;0
10026;1209;482;7;12;8;0
10045;1282;482;7;12;8;0
10047;1217;482;7;12;8;0
10048;1225;482;7;12;8;0
10050;1233;482;7;12;8;0
10052;1241;482;7;12;8;0
10070;1249;482;7;12;8;0
10744;1257;482;3;12;8;2
10745;1261;482;3;12;8;2
11364;1265;482;4;12;5;0
11373;1270;482;4;12;5;0
11378;1275;482;6;12;5;0
11379;1478;482;6;12;6;0
11905;1491;482;7;12;8;0
11908;1826;482;7;12;8;0
11912;1499;482;6;12;8;0
11915;1663;482;7;12;8;0
11916;1671;482;7;12;8;0
11927;1679;482;7;12;8;0
11943;1687;482;7;12;8;0
11946;1695;482;4;12;8;0
11950;1700;482;7;12;8;0
11955;1708;482;7;12;8;0
11958;1716;482;7;12;8;0
11959;1724;482;7;12;8;0
11963;1732;482;7;12;8;0
11966;1740;482;7;12;8;0
11978;1748;482;4;12;8;0
11980;1753;482;7;12;8;0
11981;1761;482;7;12;8;0
11982;1769;482;7;12;8;0
11996;1777;482;7;12;8;0
12094;1785;482;7;12;8;0
12193;1793;482;7;12;8;0
12232;1801;482;7;12;8;0
12234;1809;482;7;12;8;0
12288;1817;482;1;12;8;0
12289;1819;482;2;12;8;1
12290;1822;482;3;12;8;1
12291;1657;482;5;12;8;1
12292;1649;482;7;12;8;0
12293;1642;482;6;12;8;0
12294;1562;482;7;12;8;0
12295;1506;482;7;12;8;0
12296;1514;482;4;12;8;2
12297;1519;482;4;12;8;1
12298;1524;482;5;12;8;2
12299;1530;482;5;12;8;0
12300;1536;482;4;12;8;3
12301;1541;482;4;12;8;0
12302;1546;482;5;12;8;2
12303;1552;482;5;12;8;0
12304;1558;482;3;12;8;3
12305;1570;482;3;12;8;1
12306;1634;482;7;12;8;0
12307;1574;482;7;12;8;0
12308;1582;482;4;12;8;2
12309;1587;482;4;12;8;1
12310;1592;482;4;12;8;2
12311;1597;482;4;12;8;1
12316;1602;482;7;12;8;0
12317;1610;482;4;12;8;3
12318;1615;482;5;12;8;0
12319;1621;482;4;12;8;0
12320;1626;482;7;12;8;0
12321;1123;482;1;12;8;3
12322;1485;482;5;12;8;1
12323;1117;482;5;12;8;1
12324;724;482;7;12;8;0
12325;551;482;6;12;8;1
12326;558;482;7;12;8;0
12327;566;482;7;12;8;0
12328;574;482;7;12;8;0
12329;582;482;6;12;8;1
12353;589;482;6;12;8;1
12354;596;482;7;12;8;0
12355;604;482;5;12;8;1
12356;610;482;7;12;8;0
12357;618;482;5;12;8;1
12358;624;482;6;12;8;1
12359;631;482;5;12;8;1
12360;637;482;6;12;8;1
12361;644;482;5;12;8;1
12362;650;482;7;12;8;0
12363;658;482;7;12;8;0
12364;666;482;7;12;8;0
12365;674;482;6;12;8;1
12366;681;482;6;12;8;1
12367;688;482;5;12;8;1
12368;694;482;5;12;8;1
12369;700;482;7;12;8;0
12370;708;482;7;12;8;0
12371;544;482;6;12;8;1
12372;537;482;6;12;8;1
12373;530;482;6;12;8;1
12374;435;482;6;12;8;1
12375;361;482;5;12;8;2
12376;367;482;5;12;8;2
12377;373;482;7;12;8;0
12378;381;482;7;12;8;0
12379;389;482;7;12;8;0
12380;397;482;7;12;8;0
12381;405;482;6;12;8;1
12382;412;482;6;12;8;1
12383;419;482;7;12;8;0
12384;427;482;7;12;8;0
12385;442;482;6;12;8;1
12386;523;482;6;12;8;1
12387;449;482;5;12;8;1
12388;455;482;7;12;8;0
12389;463;482;7;12;8;0
12390;471;482;6;12;8;1
12391;478;482;6;12;8;1
12392;485;482;6;12;8;1
12393;492;482;6;12;8;1
12394;499;482;7;12;8;0
12395;507;482;7;12;8;0
12396;515;482;7;12;8;0
12397;716;482;7;12;8;0
12398;732;482;7;12;8;0
12399;1101;482;7;12;8;0
12400;740;482;7;12;8;0
12401;924;482;7;12;8;0
12402;932;482;7;12;8;0
12403;940;482;7;12;8;0
12404;948;482;7;12;8;0
12405;956;482;7;12;8;0
12406;964;482;7;12;8;0
12407;972;482;7;12;8;0
12408;980;482;7;12;8;0
12409;988;482;7;12;8;0
12410;996;482;7;12;8;0
12411;1004;482;7;12;8;0
12412;1012;482;7;12;8;0
12413;1020;482;7;12;8;0
12414;1028;482;6;12;8;1
12415;1035;482;7;12;8;0
12416;1043;482;7;12;8;0
12417;1051;482;7;12;8;0
12418;1059;482;6;12;8;1
12419;1066;482;6;12;8;1
12420;1073;482;7;12;8;0
12421;1081;482;5;12;8;1
12422;1087;482;7;12;8;0
12423;1095;482;5;12;8;1
12424;917;482;6;12;8;1
12425;910;482;6;12;8;1
12426;904;482;5;12;8;1
12427;819;482;6;12;8;1
12428;748;482;7;12;8;0
12429;756;482;6;12;8;1
12430;763;482;6;12;8;1
12431;770;482;7;12;8;0
12432;778;482;7;12;8;0
12433;786;482;7;12;8;0
12434;794;482;7;12;8;0
12435;802;482;7;12;8;0
12443;810;482;4;12;8;0
12444;815;482;3;12;8;0
12445;826;482;4;12;8;2
12446;898;482;5;12;8;2
12449;831;482;5;12;8;1
12450;837;482;6;12;8;1
12451;844;482;5;12;8;1
12452;850;482;6;12;8;1
12453;857;482;5;12;8;1
12454;863;482;6;12;8;1
12455;870;482;5;12;8;1
12456;876;482;7;12;8;0
12457;884;482;5;12;8;1
12458;890;482;7;12;8;0
12459;826;469;6;12;8;1
12460;819;469;6;12;8;1
12461;812;469;6;12;8;1
12462;1199;456;6;12;8;1
12463;685;456;6;12;8;1
12464;692;456;6;12;8;1
12465;699;456;7;12;8;0
12466;707;456;7;12;8;0
12467;715;456;6;12;8;1
12468;722;456;6;12;8;1
12469;729;456;7;12;8;0
12470;737;456;7;12;8;0
12471;745;456;6;12;8;1
12472;752;456;6;12;8;1
12473;759;456;7;12;8;0
12474;767;456;7;12;8;0
12475;775;456;7;12;8;0
12476;783;456;7;12;8;0
12477;791;456;6;12;8;1
12478;798;456;6;12;8;1
12479;805;456;6;12;8;1
12480;812;456;6;12;8;1
12481;819;456;7;12;8;0
12482;827;456;7;12;8;0
12483;835;456;5;12;8;1
12484;841;456;7;12;8;0
12485;849;456;7;12;8;0
12486;677;456;7;12;8;0
12487;669;456;7;12;8;0
12488;664;456;4;12;8;2
12489;568;456;5;12;8;2
12490;492;456;7;12;8;0
12491;500;456;7;12;8;0
12492;508;456;6;12;8;0
12493;515;456;7;12;8;0
12494;523;456;6;12;8;0
12495;530;456;7;12;8;0
12496;538;456;7;12;8;0
12497;546;456;7;12;8;0
12498;554;456;6;12;8;1
12499;561;456;6;12;8;1
12500;574;456;6;12;8;1
12501;657;456;6;12;8;1
12502;581;456;6;12;8;1
12503;588;456;6;12;8;1
12504;595;456;7;12;8;0
12505;603;456;7;12;8;0
12506;611;456;7;12;8;0
12507;619;456;7;12;8;0
12508;627;456;7;12;8;0
12509;635;456;7;12;8;0
12510;643;456;7;12;8;0
12511;651;456;5;12;8;1
12512;857;456;7;12;8;0
12513;873;456;6;12;8;0
12514;1192;456;6;12;8;1
12515;880;456;5;12;8;1
12516;1041;456;7;12;8;0
12517;1049;456;5;12;8;1
12518;1055;456;7;12;8;0
12519;1063;456;4;12;8;2
12520;1068;456;6;12;8;1
12521;1075;456;6;12;8;1
12522;1082;456;5;12;8;1
12523;1088;456;7;12;8;0
12524;1096;456;5;12;8;2
12525;1102;456;6;12;8;1
12526;1109;456;5;12;8;1
12527;1115;456;6;12;8;1
12528;1122;456;7;12;8;0
12529;1130;456;7;12;8;0
12530;1138;456;6;12;8;1
12531;1145;456;6;12;8;1
12532;1152;456;6;12;8;1
12533;1159;456;5;12;8;1
12534;1165;456;5;12;8;1
12539;1171;456;2;12;8;2
12540;1174;456;7;12;8;0
12541;1182;456;3;12;8;2
12542;1186;456;5;12;8;2
12549;1035;456;5;12;8;1
12550;1029;456;5;12;8;1
12551;1023;456;5;12;8;1
12552;946;456;5;12;8;1
12553;886;456;5;12;8;1
12554;892;456;5;12;8;1
12555;898;456;5;12;8;1
12556;904;456;5;12;8;1
12557;910;456;5;12;8;1
12558;916;456;5;12;8;1
12559;922;456;5;12;8;1
12560;928;456;5;12;8;1
12561;934;456;5;12;8;1
12562;940;456;5;12;8;1
12563;952;456;5;12;8;1
12564;1018;456;4;12;8;2
12565;958;456;5;12;8;1
12566;964;456;5;12;8;1
12567;970;456;5;12;8;1
12568;976;456;5;12;8;1
12569;982;456;5;12;8;1
12570;988;456;5;12;8;1
12571;994;456;5;12;8;1
12572;1000;456;5;12;8;1
12573;1006;456;5;12;8;1
12574;1012;456;5;12;8;1
12575;486;456;5;12;8;1
12576;480;456;5;12;8;1
12577;473;456;6;12;8;1
12578;467;456;5;12;8;1
12579;1953;443;5;12;8;1
12580;1959;443;5;12;8;1
12581;1965;443;5;12;8;1
12582;1971;443;5;12;8;1
12583;1977;443;5;12;8;1
12584;1983;443;6;12;8;0
12585;1990;443;5;12;8;1
12586;1996;443;5;12;8;1
12587;2002;443;5;12;8;1
12588;2008;443;5;12;8;1
12589;2020;443;5;12;8;1
12590;45;456;5;12;8;1
12591;2026;443;5;12;8;1
12610;2032;443;5;12;8;1
12672;2038;443;7;12;8;0
12678;1;456;7;12;8;0
12704;9;456;5;12;8;1
12705;15;456;5;12;8;1
12706;21;456;5;12;8;1
12707;27;456;5;12;8;1
12708;33;456;5;12;8;1
12709;39;456;5;12;8;1
12710;1947;443;5;12;8;1
12711;2014;443;5;12;8;1
12712;1941;443;5;12;8;1
12713;1864;443;5;12;8;1
12714;1806;443;5;12;8;1
12715;1812;443;5;12;8;1
12716;1818;443;5;12;8;1
12717;1824;443;5;12;8;1
12718;1830;443;5;12;8;1
12719;1836;443;5;12;8;1
12720;1842;443;5;12;8;1
12721;1848;443;5;12;8;1
12722;1854;443;5;12;8;1
12723;1860;443;3;12;8;1
12724;1870;443;3;12;8;1
12725;1929;443;3;12;8;1
12726;1874;443;3;12;8;1
12727;1878;443;3;12;8;1
12728;1882;443;5;12;8;1
12729;1888;443;5;12;8;1
12730;1894;443;5;12;8;1
12731;1900;443;4;12;8;1
12732;1905;443;5;12;8;1
12733;1911;443;5;12;8;1
12734;1917;443;5;12;8;1
12735;1923;443;5;12;8;1
12832;1933;443;7;12;8;0
12833;51;456;7;12;8;0
12834;59;456;7;12;8;0
12835;67;456;7;12;8;0
12836;283;456;7;12;8;0
12837;291;456;7;12;8;0
12838;299;456;7;12;8;0
12839;307;456;7;12;8;0
12840;315;456;7;12;8;0
12841;323;456;7;12;8;0
12849;331;456;7;12;8;0
12850;339;456;7;12;8;0
12857;347;456;7;12;8;0
12904;355;456;7;12;8;0
12928;363;456;7;12;8;0
12929;371;456;7;12;8;0
12930;379;456;7;12;8;0
12931;387;456;7;12;8;0
12932;395;456;7;12;8;0
12933;403;456;7;12;8;0
12934;411;456;7;12;8;0
12935;419;456;7;12;8;0
12936;427;456;7;12;8;0
12937;435;456;7;12;8;0
12964;443;456;7;12;8;0
12965;451;456;7;12;8;0
12966;459;456;7;12;8;0
12967;275;456;7;12;8;0
12968;267;456;7;12;8;0
13055;259;456;7;12;8;0
13059;155;456;7;12;8;0
13069;75;456;7;12;8;0
13076;83;456;7;12;8;0
13080;91;456;7;12;8;0
13090;99;456;7;12;8;0
13091;107;456;7;12;8;0
13094;115;456;7;12;8;0
13095;123;456;7;12;8;0
13099;131;456;7;12;8;0
13110;139;456;7;12;8;0
13115;147;456;7;12;8;0
13129;163;456;7;12;8;0
13130;251;456;7;12;8;0
13133;171;456;7;12;8;0
13137;179;456;7;12;8;0
13143;187;456;7;12;8;0
13179;195;456;7;12;8;0
13180;203;456;7;12;8;0
13181;211;456;7;12;8;0
13182;219;456;7;12;8;0
13198;227;456;7;12;8;0
13199;235;456;7;12;8;0
13212;243;456;7;12;8;0
13213;865;456;7;12;8;0
13214;1206;456;7;12;8;0
13217;401;469;7;12;8;0
13252;1214;456;7;12;8;0
13261;209;469;7;12;8;0
13262;217;469;7;12;8;0
13266;225;469;7;12;8;0
13269;233;469;7;12;8;0
13313;241;469;7;12;8;0
13393;249;469;7;12;8;0
13540;257;469;7;12;8;0
13566;265;469;7;12;8;0
13687;273;469;7;12;8;0
13729;281;469;7;12;8;0
13741;289;469;7;12;8;0
13759;297;469;7;12;8;0
13774;305;469;7;12;8;0
13778;313;469;7;12;8;0
13811;321;469;7;12;8;0
13822;329;469;7;12;8;0
14135;337;469;7;12;8;0
14616;345;469;7;12;8;0
14802;353;469;7;12;8;0
14817;361;469;7;12;8;0
14840;369;469;7;12;8;0
14846;377;469;7;12;8;0
14872;385;469;7;12;8;0
14930;201;469;7;12;8;0
14951;193;469;7;12;8;0
14958;185;469;7;12;8;0
15161;81;469;7;12;8;0
15847;1;469;7;12;8;0
15851;9;469;7;12;8;0
15875;17;469;7;12;8;0
15988;25;469;7;12;8;0
16436;33;469;7;12;8;0
16441;41;469;7;12;8;0
16453;49;469;7;12;8;0
16485;57;469;7;12;8;0
16490;65;469;7;12;8;0
16571;73;469;7;12;8;0
16607;89;469;7;12;8;0
16768;177;469;7;12;8;0
17160;97;469;7;12;8;0
17373;105;469;7;12;8;0
17642;113;469;7;12;8;0
17857;121;469;7;12;8;0
17926;129;469;7;12;8;0
17980;137;469;7;12;8;0
18420;145;469;7;12;8;0
18733;153;469;7;12;8;0
18769;161;469;7;12;8;0
18962;169;469;7;12;8;0
19124;393;469;7;12;8;0
19148;409;469;7;12;8;0
19403;804;469;7;12;8;0
19581;417;469;7;12;8;0
19585;620;469;7;12;8;0
19589;628;469;7;12;8;0
19635;636;469;7;12;8;0
19720;644;469;7;12;8;0
19968;652;469;7;12;8;0
19969;660;469;7;12;8;0
19970;668;469;7;12;8;0
19971;676;469;7;12;8;0
19972;684;469;7;12;8;0
19973;692;469;7;12;8;0
19974;700;469;7;12;8;0
19975;708;469;7;12;8;0
19976;716;469;7;12;8;0
19977;724;469;7;12;8;0
19978;732;469;7;12;8;0
19979;740;469;7;12;8;0
19980;748;469;7;12;8;0
19981;756;469;7;12;8;0
19982;764;469;7;12;8;0
19983;772;469;7;12;8;0
19984;780;469;7;12;8;0
19985;788;469;7;12;8;0
19986;796;469;7;12;8;0
19987;612;469;7;12;8;0
19988;604;469;7;12;8;0
19989;596;469;7;12;8;0
19990;505;469;7;12;8;0
19991;425;469;7;12;8;0
19992;433;469;7;12;8;0
19993;441;469;7;12;8;0
19994;449;469;7;12;8;0
19995;457;469;7;12;8;0
19996;465;469;7;12;8;0
19997;473;469;7;12;8;0
19998;481;469;7;12;8;0
19999;489;469;7;12;8;0
20000;497;469;7;12;8;0
20001;513;469;7;12;8;0
20002;588;469;7;12;8;0
20003;521;469;7;12;8;0
20004;529;469;7;12;8;0
20005;537;469;7;12;8;0
20006;545;469;7;12;8;0
20007;553;469;7;12;8;0
20008;561;469;1;12;8;3
20009;563;469;4;12;8;2
20010;568;469;7;12;8;0
20011;576;469;7;12;8;0
20012;584;469;3;12;8;0
20013;2038;456;7;12;8;0
20014;2030;456;7;12;8;0
20015;2022;456;7;12;8;0
20016;2014;456;7;12;8;0
20017;1427;456;7;12;8;0
20018;1435;456;7;12;8;0
20019;1443;456;7;12;8;0
20020;1451;456;7;12;8;0
20021;1459;456;7;12;8;0
20022;1467;456;3;12;8;2
20023;1471;456;7;12;8;0
20024;1479;456;7;12;8;0
20025;1487;456;7;12;8;0
20026;1495;456;7;12;8;0
20027;1511;456;7;12;8;0
20028;1595;456;7;12;8;0
20029;1519;456;7;12;8;0
20030;1527;456;7;12;8;0
20031;1535;456;4;12;8;1
20032;1540;456;7;12;8;0
20033;1548;456;7;12;8;0
20034;1556;456;7;12;8;0
20035;1564;456;7;12;8;0
20036;1572;456;6;12;8;1
20037;1579;456;7;12;8;0
20038;1587;456;7;12;8;0
20039;1419;456;7;12;8;0
20040;1503;456;7;12;8;0
20041;1411;456;7;12;8;0
20042;1302;456;7;12;8;0
20043;1222;456;7;12;8;0
20044;1230;456;7;12;8;0
20045;1238;456;7;12;8;0
20046;1246;456;7;12;8;0
20047;1254;456;7;12;8;0
20048;1262;456;7;12;8;0
20049;1270;456;7;12;8;0
20050;1278;456;7;12;8;0
20051;1286;456;7;12;8;0
20052;1294;456;7;12;8;0
20053;1310;456;7;12;8;0
20054;1395;456;7;12;8;0
20055;1318;456;7;12;8;0
20056;1326;456;7;12;8;0
20057;1334;456;7;12;8;0
20058;1342;456;6;12;8;1
20059;1349;456;6;12;8;1
20060;1356;456;7;12;8;0
20061;1364;456;7;12;8;0
20062;1372;456;7;12;8;0
20063;1380;456;7;12;8;0
20064;1388;456;6;12;8;1
20065;1403;456;7;12;8;0
20066;1603;456;7;12;8;0
20067;1611;456;7;12;8;0
20068;1619;456;7;12;8;0
20069;1830;456;7;12;8;0
20070;1838;456;7;12;8;0
20071;1846;456;7;12;8;0
20072;1854;456;7;12;8;0
20073;1862;456;7;12;8;0
20074;1870;456;7;12;8;0
20075;1878;456;7;12;8;0
20076;1886;456;7;12;8;0
20077;1894;456;7;12;8;0
20078;1902;456;7;12;8;0
20079;1910;456;7;12;8;0
20080;1918;456;7;12;8;0
20081;1926;456;7;12;8;0
20082;1934;456;7;12;8;0
20083;1942;456;7;12;8;0
20084;1950;456;7;12;8;0
20085;1958;456;7;12;8;0
20086;1966;456;7;12;8;0
20087;1974;456;7;12;8;0
20088;1982;456;7;12;8;0
20089;1990;456;7;12;8;0
20090;1998;456;7;12;8;0
20091;2006;456;7;12;8;0
20092;1822;456;7;12;8;0
20093;1814;456;7;12;8;0
20094;1806;456;7;12;8;0
20095;1702;456;7;12;8;0
20096;1627;456;7;12;8;0
20097;1635;456;7;12;8;0
20098;1643;456;7;12;8;0
20099;1651;456;7;12;8;0
20100;1659;456;7;12;8;0
20101;1667;456;2;12;8;2
20102;1670;456;7;12;8;0
20103;1678;456;7;12;8;0
20104;1686;456;7;12;8;0
20105;1694;456;7;12;8;0
20106;1710;456;7;12;8;0
20107;1798;456;7;12;8;0
20108;1718;456;7;12;8;0
20109;1726;456;7;12;8;0
20110;1734;456;7;12;8;0
20111;1742;456;7;12;8;0
20112;1750;456;7;12;8;0
20113;1758;456;7;12;8;0
20114;1766;456;7;12;8;0
20115;1774;456;7;12;8;0
20116;1782;456;7;12;8;0
20117;1790;456;7;12;8;0
20118;1383;417;7;12;8;0
20119;1375;417;7;12;8;0
20120;1367;417;7;12;8;0
20121;769;378;7;12;8;0
20122;509;365;7;12;8;0
20123;517;365;7;12;8;0
20124;525;365;7;12;8;0
20125;533;365;7;12;8;0
20126;541;365;7;12;8;0
20127;549;365;7;12;8;0
20128;557;365;7;12;8;0
20129;565;365;7;12;8;0
20130;573;365;7;12;8;0
20131;581;365;7;12;8;0
20132;589;365;7;12;8;0
20133;597;365;7;12;8;0
20134;605;365;7;12;8;0
20135;613;365;7;12;8;0
20136;621;365;7;12;8;0
20137;629;365;7;12;8;0
20138;637;365;7;12;8;0
20139;645;365;7;12;8;0
20140;653;365;7;12;8;0
20141;661;365;7;12;8;0
20142;669;365;7;12;8;0
20143;677;365;7;12;8;0
20144;685;365;7;12;8;0
20145;501;365;7;12;8;0
20146;493;365;7;12;8;0
20147;485;365;7;12;8;0
20148;381;365;7;12;8;0
20149;305;365;7;12;8;0
20150;313;365;7;12;8;0
20151;321;365;7;12;8;0
20152;329;365;7;12;8;0
20153;337;365;7;12;8;0
20154;345;365;7;12;8;0
20155;353;365;3;12;8;1
20156;357;365;7;12;8;0
20157;365;365;7;12;8;0
20158;373;365;7;12;8;0
20159;389;365;7;12;8;0
20160;477;365;7;12;8;0
20161;397;365;7;12;8;0
20162;405;365;7;12;8;0
20163;413;365;7;12;8;0
20164;421;365;7;12;8;0
20165;429;365;7;12;8;0
20166;437;365;7;12;8;0
20167;445;365;7;12;8;0
20168;453;365;7;12;8;0
20169;461;365;7;12;8;0
20170;469;365;7;12;8;0
20171;693;365;7;12;8;0
20172;709;365;7;12;8;0
20173;1117;365;7;12;8;0
20174;717;365;7;12;8;0
20175;933;365;7;12;8;0
20176;941;365;7;12;8;0
20177;949;365;7;12;8;0
20178;957;365;7;12;8;0
20179;965;365;7;12;8;0
20180;973;365;7;12;8;0
20181;981;365;7;12;8;0
20182;989;365;7;12;8;0
20183;997;365;7;12;8;0
20184;1005;365;7;12;8;0
20185;1013;365;7;12;8;0
20186;1021;365;7;12;8;0
20187;1029;365;7;12;8;0
20188;1037;365;7;12;8;0
20189;1045;365;7;12;8;0
20190;1053;365;7;12;8;0
20191;1061;365;7;12;8;0
20192;1069;365;7;12;8;0
20193;1077;365;7;12;8;0
20194;1085;365;7;12;8;0
20195;1093;365;7;12;8;0
20196;1101;365;7;12;8;0
20197;1109;365;7;12;8;0
20198;925;365;7;12;8;0
20199;917;365;7;12;8;0
20200;909;365;7;12;8;0
20201;805;365;7;12;8;0
20202;725;365;7;12;8;0
20203;733;365;7;12;8;0
20204;741;365;7;12;8;0
20205;749;365;7;12;8;0
20206;757;365;7;12;8;0
20207;765;365;7;12;8;0
20208;773;365;7;12;8;0
20209;781;365;7;12;8;0
20210;789;365;7;12;8;0
20211;797;365;7;12;8;0
20212;813;365;7;12;8;0
20213;901;365;7;12;8;0
20214;821;365;7;12;8;0
20215;829;365;7;12;8;0
20216;837;365;7;12;8;0
20217;845;365;7;12;8;0
20218;853;365;7;12;8;0
20219;861;365;7;12;8;0
20220;869;365;7;12;8;0
20221;877;365;7;12;8;0
20222;885;365;7;12;8;0
20223;893;365;7;12;8;0
20224;297;365;7;12;8;0
20225;289;365;7;12;8;0
20226;281;365;7;12;8;0
20227;273;365;7;12;8;0
20228;1717;352;7;12;8;0
20229;1725;352;7;12;8;0
20230;1733;352;7;12;8;0
20231;1741;352;7;12;8;0
20232;1749;352;7;12;8;0
20233;1757;352;7;12;8;0
20234;1765;352;7;12;8;0
20235;1773;352;7;12;8;0
20236;1781;352;7;12;8;0
20237;1789;352;7;12;8;0
20238;1805;352;7;12;8;0
20239;1893;352;7;12;8;0
20240;1813;352;7;12;8;0
20241;1821;352;7;12;8;0
20242;1829;352;7;12;8;0
20243;1837;352;7;12;8;0
20244;1845;352;7;12;8;0
20245;1853;352;7;12;8;0
20246;1861;352;7;12;8;0
20247;1869;352;7;12;8;0
20248;1877;352;7;12;8;0
20249;1885;352;7;12;8;0
20250;1709;352;7;12;8;0
20251;1797;352;7;12;8;0
20252;1701;352;7;12;8;0
20253;1589;352;7;12;8;0
20254;1509;352;7;12;8;0
20255;1517;352;7;12;8;0
20256;1525;352;7;12;8;0
20257;1533;352;7;12;8;0
20258;1541;352;7;12;8;0
20259;1549;352;7;12;8;0
20260;1557;352;7;12;8;0
20261;1565;352;7;12;8;0
20262;1573;352;7;12;8;0
20263;1581;352;7;12;8;0
20264;1597;352;7;12;8;0
20265;1685;352;7;12;8;0
20266;1605;352;7;12;8;0
20267;1613;352;7;12;8;0
20268;1621;352;7;12;8;0
20269;1629;352;7;12;8;0
20270;1637;352;7;12;8;0
20271;1645;352;7;12;8;0
20272;1653;352;7;12;8;0
20273;1661;352;7;12;8;0
20274;1669;352;7;12;8;0
20275;1677;352;7;12;8;0
20276;1693;352;7;12;8;0
20277;1901;352;7;12;8;0
20278;1909;352;7;12;8;0
20279;1917;352;7;12;8;0
20280;89;365;7;12;8;0
20281;97;365;7;12;8;0
20282;105;365;7;12;8;0
20283;113;365;7;12;8;0
20284;121;365;7;12;8;0
20285;129;365;7;12;8;0
20286;137;365;7;12;8;0
20287;145;365;7;12;8;0
20288;153;365;7;12;8;0
20289;161;365;7;12;8;0
20290;169;365;7;12;8;0
20291;177;365;7;12;8;0
20292;185;365;7;12;8;0
20293;193;365;7;12;8;0
20294;201;365;7;12;8;0
20295;209;365;7;12;8;0
20296;217;365;7;12;8;0
20297;225;365;7;12;8;0
20298;233;365;7;12;8;0
20299;241;365;7;12;8;0
20300;249;365;7;12;8;0
20301;257;365;7;12;8;0
20302;265;365;7;12;8;0
20303;81;365;7;12;8;0
20304;73;365;7;12;8;0
20305;65;365;7;12;8;0
20306;2005;352;7;12;8;0
20307;1925;352;7;12;8;0
20308;1933;352;7;12;8;0
20309;1941;352;7;12;8;0
20310;1949;352;7;12;8;0
20311;1957;352;7;12;8;0
20312;1965;352;7;12;8;0
20313;1973;352;7;12;8;0
20314;1981;352;7;12;8;0
20315;1989;352;7;12;8;0
20316;1997;352;7;12;8;0
20317;2013;352;7;12;8;0
20318;57;365;7;12;8;0
20319;2021;352;7;12;8;0
20320;2029;352;7;12;8;0
20321;2037;352;7;12;8;0
20322;1;365;7;12;8;0
20323;9;365;7;12;8;0
20324;17;365;7;12;8;0
20325;25;365;7;12;8;0
20326;33;365;7;12;8;0
20327;41;365;7;12;8;0
20328;49;365;7;12;8;0
20329;701;365;7;12;8;0
20330;1133;365;7;12;8;0
20331;345;378;7;12;8;0
20332;1141;365;7;12;8;0
20333;153;378;7;12;8;0
20334;161;378;7;12;8;0
20335;169;378;7;12;8;0
20336;177;378;7;12;8;0
20337;185;378;7;12;8;0
20338;193;378;7;12;8;0
20339;201;378;7;12;8;0
20340;209;378;7;12;8;0
20341;217;378;7;12;8;0
20342;225;378;7;12;8;0
20343;233;378;7;12;8;0
20344;241;378;7;12;8;0
20345;249;378;7;12;8;0
20346;257;378;7;12;8;0
20347;265;378;7;12;8;0
20348;273;378;7;12;8;0
20349;281;378;7;12;8;0
20350;289;378;7;12;8;0
20351;297;378;7;12;8;0
20352;305;378;7;12;8;0
20353;313;378;7;12;8;0
20354;321;378;7;12;8;0
20355;329;378;7;12;8;0
20356;145;378;7;12;8;0
20357;137;378;7;12;8;0
20358;129;378;7;12;8;0
20359;25;378;7;12;8;0
20360;1989;365;7;12;8;0
20361;1997;365;7;12;8;0
20362;2005;365;7;12;8;0
20363;2013;365;7;12;8;0
20364;2021;365;7;12;8;0
20365;2029;365;7;12;8;0
20366;2037;365;7;12;8;0
20367;1;378;7;12;8;0
20368;9;378;7;12;8;0
20369;17;378;7;12;8;0
20370;33;378;7;12;8;0
20371;121;378;7;12;8;0
20372;41;378;7;12;8;0
20373;49;378;7;12;8;0
20374;57;378;7;12;8;0
20375;65;378;7;12;8;0
20376;73;378;7;12;8;0
20377;81;378;7;12;8;0
20378;89;378;7;12;8;0
20379;97;378;7;12;8;0
20380;105;378;7;12;8;0
20381;113;378;7;12;8;0
20382;337;378;7;12;8;0
20383;353;378;7;12;8;0
20384;761;378;7;12;8;0
20385;361;378;7;12;8;0
20386;577;378;7;12;8;0
20387;585;378;7;12;8;0
20388;593;378;7;12;8;0
20389;601;378;7;12;8;0
20390;609;378;7;12;8;0
20391;617;378;7;12;8;0
20392;625;378;7;12;8;0
20393;633;378;7;12;8;0
20394;641;378;7;12;8;0
20395;649;378;7;12;8;0
20396;657;378;7;12;8;0
20397;665;378;7;12;8;0
20398;673;378;7;12;8;0
20399;681;378;7;12;8;0
20400;689;378;7;12;8;0
20401;697;378;7;12;8;0
20402;705;378;7;12;8;0
20403;713;378;7;12;8;0
20404;721;378;7;12;8;0
20405;729;378;7;12;8;0
20406;737;378;7;12;8;0
20407;745;378;7;12;8;0
20408;753;378;7;12;8;0
20409;569;378;7;12;8;0
20410;561;378;7;12;8;0
20411;553;378;7;12;8;0
20412;449;378;7;12;8;0
20413;369;378;7;12;8;0
20414;377;378;7;12;8;0
20415;385;378;7;12;8;0
20416;393;378;7;12;8;0
20417;401;378;7;12;8;0
20418;409;378;7;12;8;0
20419;417;378;7;12;8;0
20420;425;378;7;12;8;0
20421;433;378;7;12;8;0
20422;441;378;7;12;8;0
20423;457;378;7;12;8;0
20424;545;378;7;12;8;0
20425;465;378;7;12;8;0
20426;473;378;7;12;8;0
20427;481;378;7;12;8;0
20428;489;378;7;12;8;0
20429;497;378;7;12;8;0
20430;505;378;7;12;8;0
20431;513;378;7;12;8;0
20432;521;378;7;12;8;0
20433;529;378;7;12;8;0
20434;537;378;7;12;8;0
20435;1981;365;7;12;8;0
20436;1973;365;7;12;8;0
20437;1965;365;7;12;8;0
20438;1957;365;7;12;8;0
20439;1357;365;7;12;8;0
20440;1365;365;7;12;8;0
20441;1373;365;7;12;8;0
20442;1381;365;7;12;8;0
20443;1389;365;7;12;8;0
20444;1397;365;7;12;8;0
20445;1405;365;7;12;8;0
20446;1413;365;7;12;8;0
20447;1421;365;7;12;8;0
20448;1429;365;7;12;8;0
20449;1445;365;7;12;8;0
20450;1533;365;7;12;8;0
20451;1453;365;7;12;8;0
20452;1461;365;7;12;8;0
20453;1469;365;7;12;8;0
20454;1477;365;7;12;8;0
20455;1485;365;7;12;8;0
20456;1493;365;7;12;8;0
20457;1501;365;7;12;8;0
20458;1509;365;7;12;8;0
20459;1517;365;7;12;8;0
20460;1525;365;7;12;8;0
20461;1349;365;7;12;8;0
20462;1437;365;7;12;8;0
20463;1341;365;7;12;8;0
20464;1229;365;7;12;8;0
20465;1149;365;7;12;8;0
20466;1157;365;7;12;8;0
20467;1165;365;7;12;8;0
20468;1173;365;7;12;8;0
20469;1181;365;7;12;8;0
20470;1189;365;7;12;8;0
20471;1197;365;7;12;8;0
20472;1205;365;7;12;8;0
20473;1213;365;7;12;8;0
20474;1221;365;7;12;8;0
20475;1237;365;7;12;8;0
20476;1325;365;7;12;8;0
20477;1245;365;7;12;8;0
20478;1253;365;7;12;8;0
20479;1261;365;7;12;8;0
20480;1269;365;7;12;8;0
20481;1277;365;7;12;8;0
20482;1285;365;7;12;8;0
20483;1293;365;7;12;8;0
20484;1301;365;7;12;8;0
20485;1309;365;7;12;8;0
20486;1317;365;7;12;8;0
20487;1333;365;7;12;8;0
20488;1541;365;7;12;8;0
20489;1549;365;7;12;8;0
20490;1557;365;7;12;8;0
20491;1773;365;7;12;8;0
20492;1781;365;7;12;8;0
20493;1789;365;7;12;8;0
20494;1797;365;7;12;8;0
20495;1805;365;7;12;8;0
20496;1813;365;7;12;8;0
20497;1821;365;7;12;8;0
20498;1829;365;7;12;8;0
20499;1837;365;7;12;8;0
20500;1845;365;7;12;8;0
20501;1853;365;7;12;8;0
20502;1861;365;7;12;8;0
20503;1869;365;7;12;8;0
20504;1877;365;7;12;8;0
20505;1885;365;7;12;8;0
20506;1893;365;7;12;8;0
20507;1901;365;7;12;8;0
20508;1909;365;7;12;8;0
20509;1917;365;7;12;8;0
20510;1925;365;7;12;8;0
20511;1933;365;7;12;8;0
20513;1941;365;7;12;8;0
20514;1949;365;7;12;8;0
20515;1765;365;7;12;8;0
20516;1757;365;7;12;8;0
20517;1749;365;7;12;8;0
20518;1645;365;7;12;8;0
20520;1565;365;7;12;8;0
20521;1573;365;7;12;8;0
20522;1581;365;7;12;8;0
20523;1589;365;7;12;8;0
20524;1597;365;7;12;8;0
20525;1605;365;7;12;8;0
20526;1613;365;7;12;8;0
20534;1621;365;7;12;8;0
20537;1629;365;7;12;8;0
20538;1637;365;7;12;8;0
20540;1653;365;7;12;8;0
20542;1741;365;7;12;8;0
20547;1661;365;7;12;8;0
20551;1669;365;7;12;8;0
20552;1677;365;7;12;8;0
20553;1685;365;7;12;8;0
20556;1693;365;7;12;8;0
20558;1701;365;7;12;8;0
20559;1709;365;7;12;8;0
20560;1717;365;7;12;8;0
20565;1725;365;7;12;8;0
20566;1733;365;7;12;8;0
20570;1501;352;7;12;8;0
20572;1125;365;7;12;8;0
20579;1493;352;7;12;8;0
20581;1844;339;7;12;8;0
20588;1228;339;7;12;8;0
20589;1236;339;7;12;8;0
20591;1244;339;7;12;8;0
20594;1252;339;7;12;8;0
20596;1260;339;7;12;8;0
20597;1268;339;7;12;8;0
20598;1276;339;7;12;8;0
20599;1284;339;7;12;8;0
20600;1292;339;7;12;8;0
20602;1300;339;7;12;8;0
20603;1308;339;7;12;8;0
20605;1316;339;7;12;8;0
20606;1324;339;7;12;8;0
20607;1332;339;7;12;8;0
20608;1340;339;7;12;8;0
20613;1348;339;7;12;8;0
20616;1356;339;7;12;8;0
20620;1364;339;7;12;8;0
20621;1372;339;7;12;8;0
20625;1380;339;7;12;8;0
20629;1388;339;7;12;8;0
20630;1396;339;7;12;8;0
20632;1404;339;7;12;8;0
20633;1220;339;7;12;8;0
20634;1212;339;7;12;8;0
20636;1204;339;7;12;8;0
20642;1100;339;7;12;8;0
20643;1020;339;7;12;8;0
20645;1028;339;7;12;8;0
20647;1036;339;7;12;8;0
20648;1044;339;7;12;8;0
20649;1052;339;7;12;8;0
20652;1060;339;7;12;8;0
20653;1068;339;7;12;8;0
20655;1076;339;7;12;8;0
20658;1084;339;7;12;8;0
20659;1092;339;7;12;8;0
20660;1108;339;7;12;8;0
20661;1196;339;7;12;8;0
20663;1116;339;7;12;8;0
20664;1124;339;7;12;8;0
20666;1132;339;7;12;8;0
20667;1140;339;7;12;8;0
20670;1148;339;7;12;8;0
20674;1156;339;7;12;8;0
20677;1164;339;7;12;8;0
20679;1172;339;7;12;8;0
20681;1180;339;7;12;8;0
20682;1188;339;7;12;8;0
20685;1412;339;7;12;8;0
20686;1428;339;7;12;8;0
20687;1836;339;7;12;8;0
20689;1436;339;7;12;8;0
20693;1652;339;7;12;8;0
20694;1660;339;7;12;8;0
20698;1668;339;7;12;8;0
20702;1676;339;7;12;8;0
20707;1684;339;7;12;8;0
20709;1692;339;7;12;8;0
20710;1700;339;7;12;8;0
20711;1708;339;7;12;8;0
20712;1716;339;7;12;8;0
20713;1724;339;7;12;8;0
20715;1732;339;7;12;8;0
20716;1740;339;7;12;8;0
20717;1748;339;7;12;8;0
20718;1756;339;7;12;8;0
20721;1764;339;7;12;8;0
20723;1772;339;7;12;8;0
20725;1780;339;7;12;8;0
20729;1788;339;7;12;8;0
20731;1796;339;7;12;8;0
20736;1804;339;7;12;8;0
20737;1812;339;7;12;8;0
20738;1820;339;7;12;8;0
20740;1828;339;7;12;8;0
20741;1644;339;7;12;8;0
20742;1636;339;7;12;8;0
20743;1628;339;7;12;8;0
20744;1524;339;7;12;8;0
20745;1444;339;7;12;8;0
20747;1452;339;7;12;8;0
20752;1460;339;7;12;8;0
20754;1468;339;7;12;8;0
20756;1476;339;7;12;8;0
20757;1484;339;7;12;8;0
20758;1492;339;7;12;8;0
20760;1500;339;7;12;8;0
20762;1508;339;7;12;8;0
20767;1516;339;7;12;8;0
20769;1532;339;7;12;8;0
20778;1620;339;7;12;8;0
20786;1540;339;7;12;8;0
20787;1548;339;7;12;8;0
20791;1556;339;7;12;8;0
20792;1564;339;7;12;8;0
20794;1572;339;7;12;8;0
20795;1580;339;7;12;8;0
20796;1588;339;7;12;8;0
20799;1596;339;7;12;8;0
20800;1604;339;7;12;8;0
20801;1612;339;7;12;8;0
20802;1012;339;7;12;8;0
20803;1004;339;7;12;8;0
20804;996;339;7;12;8;0
20805;988;339;7;12;8;0
20806;391;339;7;12;8;0
20807;399;339;7;12;8;0
20808;407;339;7;12;8;0
20809;415;339;7;12;8;0
20810;423;339;7;12;8;0
20811;431;339;7;12;8;0
20812;439;339;7;12;8;0
20813;447;339;7;12;8;0
20814;455;339;7;12;8;0
20815;463;339;7;12;8;0
20816;479;339;7;12;8;0
20817;567;339;7;12;8;0
20818;487;339;7;12;8;0
20819;495;339;7;12;8;0
20820;503;339;7;12;8;0
20821;511;339;7;12;8;0
20822;519;339;7;12;8;0
20823;527;339;7;12;8;0
20825;535;339;7;12;8;0
20826;543;339;7;12;8;0
20827;551;339;7;12;8;0
20828;559;339;7;12;8;0
20829;383;339;7;12;8;0
20830;471;339;7;12;8;0
20833;375;339;7;12;8;0
20834;263;339;7;12;8;0
20835;183;339;7;12;8;0
20837;191;339;7;12;8;0
20838;199;339;7;12;8;0
20839;207;339;7;12;8;0
20840;215;339;7;12;8;0
20841;223;339;7;12;8;0
20842;231;339;7;12;8;0
20843;239;339;7;12;8;0
20844;247;339;7;12;8;0
20845;255;339;7;12;8;0
20846;271;339;7;12;8;0
20847;359;339;7;12;8;0
20848;279;339;7;12;8;0
20849;287;339;7;12;8;0
20850;295;339;7;12;8;0
20851;303;339;7;12;8;0
20852;311;339;7;12;8;0
20853;319;339;7;12;8;0
20854;327;339;7;12;8;0
20855;335;339;7;12;8;0
20856;343;339;7;12;8;0
20857;351;339;7;12;8;0
20859;367;339;7;12;8;0
20860;575;339;7;12;8;0
20861;583;339;7;12;8;0
20864;591;339;7;12;8;0
20865;804;339;7;12;8;0
20866;812;339;7;12;8;0
20867;820;339;7;12;8;0
20868;828;339;7;12;8;0
20869;836;339;7;12;8;0
20870;844;339;7;12;8;0
20871;852;339;7;12;8;0
20872;860;339;7;12;8;0
20873;868;339;7;12;8;0
20874;876;339;7;12;8;0
20875;884;339;7;12;8;0
20876;892;339;7;12;8;0
20877;900;339;7;12;8;0
20878;908;339;7;12;8;0
20879;916;339;7;12;8;0
20880;924;339;7;12;8;0
20881;932;339;7;12;8;0
20882;940;339;7;12;8;0
20883;948;339;7;12;8;0
20884;956;339;7;12;8;0
20885;964;339;7;12;8;0
20886;972;339;7;12;8;0
20887;980;339;7;12;8;0
20888;796;339;7;12;8;0
20889;788;339;7;12;8;0
20890;780;339;7;12;8;0
20891;679;339;7;12;8;0
20892;599;339;7;12;8;0
20893;607;339;7;12;8;0
20894;615;339;7;12;8;0
20896;623;339;7;12;8;0
20898;631;339;7;12;8;0
20900;639;339;7;12;8;0
20901;647;339;7;12;8;0
20902;655;339;7;12;8;0
20903;663;339;7;12;8;0
20904;671;339;7;12;8;0
20905;687;339;7;12;8;0
20906;772;339;7;12;8;0
20907;695;339;3;12;8;2
20908;699;339;7;12;8;0
20909;707;339;8;12;8;0
20910;716;339;7;12;8;0
20911;724;339;7;12;8;0
20912;732;339;7;12;8;0
20913;740;339;7;12;8;0
20914;748;339;7;12;8;0
20915;756;339;7;12;8;0
20916;764;339;7;12;8;0
20917;1420;339;7;12;8;0
20918;1852;339;7;12;8;0
20919;1065;352;7;12;8;0
20923;1860;339;7;12;8;0
20924;873;352;7;12;8;0
20925;881;352;7;12;8;0
20926;889;352;7;12;8;0
20928;897;352;7;12;8;0
20931;905;352;7;12;8;0
20932;913;352;7;12;8;0
20933;921;352;7;12;8;0
20934;929;352;7;12;8;0
20935;937;352;7;12;8;0
20936;945;352;7;12;8;0
20937;953;352;7;12;8;0
20939;961;352;7;12;8;0
20940;969;352;7;12;8;0
20941;977;352;7;12;8;0
20942;985;352;7;12;8;0
20943;993;352;7;12;8;0
20945;1001;352;7;12;8;0
20950;1009;352;7;12;8;0
20955;1017;352;7;12;8;0
20956;1025;352;7;12;8;0
20957;1033;352;7;12;8;0
20960;1041;352;7;12;8;0
20961;1049;352;7;12;8;0
20962;865;352;7;12;8;0
20964;857;352;7;12;8;0
20965;849;352;7;12;8;0
20966;745;352;7;12;8;0
20967;665;352;7;12;8;0
20969;673;352;7;12;8;0
20970;681;352;7;12;8;0
20971;689;352;7;12;8;0
20973;697;352;7;12;8;0
20974;705;352;7;12;8;0
20975;713;352;7;12;8;0
20976;721;352;7;12;8;0
20977;729;352;7;12;8;0
20979;737;352;7;12;8;0
20980;753;352;7;12;8;0
20981;841;352;7;12;8;0
20982;761;352;7;12;8;0
20983;769;352;7;12;8;0
20984;777;352;7;12;8;0
20985;785;352;7;12;8;0
20986;793;352;7;12;8;0
20987;801;352;7;12;8;0
20988;809;352;7;12;8;0
20989;817;352;7;12;8;0
20990;825;352;7;12;8;0
20991;833;352;7;12;8;0
20992;1057;352;7;12;8;0
20993;1073;352;7;12;8;0
20994;1481;352;3;12;8;3
20995;1081;352;7;12;8;0
20996;1297;352;7;12;8;0
20997;1305;352;7;12;8;0
20998;1313;352;7;12;8;0
20999;1321;352;7;12;8;0
21000;1329;352;7;12;8;0
21001;1337;352;7;12;8;0
21002;1345;352;7;12;8;0
21003;1353;352;7;12;8;0
21004;1361;352;7;12;8;0
21005;1369;352;7;12;8;0
21006;1377;352;7;12;8;0
21009;1385;352;7;12;8;0
21010;1393;352;7;12;8;0
21012;1401;352;7;12;8;0
21013;1409;352;7;12;8;0
21014;1417;352;7;12;8;0
21015;1425;352;7;12;8;0
21016;1433;352;7;12;8;0
21017;1441;352;7;12;8;0
21018;1449;352;7;12;8;0
21019;1457;352;7;12;8;0
21021;1465;352;7;12;8;0
21024;1473;352;7;12;8;0
21027;1289;352;7;12;8;0
21028;1281;352;7;12;8;0
21029;1273;352;7;12;8;0
21031;1169;352;7;12;8;0
21032;1089;352;7;12;8;0
21033;1097;352;7;12;8;0
21034;1105;352;7;12;8;0
21035;1113;352;7;12;8;0
21037;1121;352;7;12;8;0
21038;1129;352;7;12;8;0
21040;1137;352;7;12;8;0
21043;1145;352;7;12;8;0
21046;1153;352;7;12;8;0
21047;1161;352;7;12;8;0
21048;1177;352;7;12;8;0
21049;1265;352;7;12;8;0
21050;1185;352;7;12;8;0
21051;1193;352;7;12;8;0
21053;1201;352;7;12;8;0
21055;1209;352;7;12;8;0
21056;1217;352;7;12;8;0
21057;1225;352;7;12;8;0
21058;1233;352;7;12;8;0
21059;1241;352;7;12;8;0
21060;1249;352;7;12;8;0
21063;1257;352;7;12;8;0
21065;657;352;7;12;8;0
21066;649;352;7;12;8;0
21067;641;352;7;12;8;0
21068;633;352;7;12;8;0
21069;33;352;7;12;8;0
21070;41;352;7;12;8;0
21071;49;352;7;12;8;0
21072;57;352;7;12;8;0
21073;65;352;7;12;8;0
21076;73;352;7;12;8;0
21078;81;352;7;12;8;0
21083;89;352;7;12;8;0
21084;97;352;7;12;8;0
21085;105;352;7;12;8;0
21086;121;352;7;12;8;0
21089;209;352;7;12;8;0
21091;129;352;7;12;8;0
21092;137;352;7;12;8;0
21093;145;352;7;12;8;0
21095;153;352;7;12;8;0
21097;161;352;7;12;8;0
21098;169;352;7;12;8;0
21103;177;352;7;12;8;0
21104;185;352;7;12;8;0
21105;193;352;7;12;8;0
21106;201;352;7;12;8;0
21107;25;352;7;12;8;0
21108;113;352;7;12;8;0
21109;17;352;7;12;8;0
21111;1948;339;7;12;8;0
21117;1868;339;7;12;8;0
21118;1876;339;7;12;8;0
21119;1884;339;7;12;8;0
21121;1892;339;7;12;8;0
21122;1900;339;7;12;8;0
21123;1908;339;7;12;8;0
21124;1916;339;7;12;8;0
21127;1924;339;7;12;8;0
21128;1932;339;7;12;8;0
21129;1940;339;7;12;8;0
21130;1956;339;7;12;8;0
21133;1;352;7;12;8;0
21135;1964;339;7;12;8;0
21136;1972;339;7;12;8;0
21137;1980;339;7;12;8;0
21138;1988;339;7;12;8;0
21139;1996;339;7;12;8;0
21140;2004;339;7;12;8;0
21142;2012;339;7;12;8;0
21147;2020;339;7;12;8;0
21148;2028;339;7;12;8;0
21149;2036;339;7;12;8;0
21150;9;352;7;12;8;0
21151;217;352;7;12;8;0
21152;225;352;7;12;8;0
21153;233;352;7;12;8;0
21154;449;352;7;12;8;0
21155;457;352;7;12;8;0
21158;465;352;7;12;8;0
21160;473;352;7;12;8;0
21161;481;352;7;12;8;0
21162;489;352;7;12;8;0
21163;497;352;7;12;8;0
21164;505;352;7;12;8;0
21165;513;352;7;12;8;0
21169;521;352;7;12;8;0
21170;529;352;7;12;8;0
21171;537;352;7;12;8;0
21172;545;352;7;12;8;0
21173;553;352;7;12;8;0
21177;561;352;7;12;8;0
21179;569;352;7;12;8;0
21180;577;352;7;12;8;0
21182;585;352;7;12;8;0
21183;593;352;7;12;8;0
21184;601;352;7;12;8;0
21185;609;352;7;12;8;0
21187;617;352;7;12;8;0
21189;625;352;7;12;8;0
21191;441;352;7;12;8;0
21193;433;352;7;12;8;0
21195;425;352;7;12;8;0
21197;321;352;7;12;8;0
21200;241;352;7;12;8;0
21202;249;352;7;12;8;0
21205;257;352;7;12;8;0
21206;265;352;7;12;8;0
21207;273;352;7;12;8;0
21208;281;352;7;12;8;0
21209;289;352;7;12;8;0
21211;297;352;7;12;8;0
21213;305;352;7;12;8;0
21214;313;352;7;12;8;0
21215;329;352;7;12;8;0
21216;417;352;7;12;8;0
21218;337;352;7;12;8;0
21219;345;352;7;12;8;0
21220;353;352;7;12;8;0
21221;361;352;7;12;8;0
21222;369;352;7;12;8;0
21223;377;352;7;12;8;0
21232;385;352;7;12;8;0
21234;393;352;7;12;8;0
21235;401;352;7;12;8;0
21237;409;352;7;12;8;0
21239;1485;352;7;12;8;0
21240;777;378;7;12;8;0
21241;49;404;7;12;8;0
21242;785;378;7;12;8;0
21243;1121;404;7;12;8;0
21244;1129;404;7;12;8;0
21245;1137;404;7;12;8;0
21246;1145;404;7;12;8;0
21247;1153;404;7;12;8;0
21248;1161;404;7;12;8;0
21249;1169;404;7;12;8;0
21250;1177;404;7;12;8;0
21251;1185;404;7;12;8;0
21253;1193;404;7;12;8;0
21254;1201;404;7;12;8;0
21256;1209;404;7;12;8;0
21258;1217;404;7;12;8;0
21259;1225;404;7;12;8;0
21261;1233;404;7;12;8;0
21263;1241;404;7;12;8;0
21264;1249;404;7;12;8;0
21269;1257;404;7;12;8;0
21270;1265;404;7;12;8;0
21271;1273;404;7;12;8;0
21272;1281;404;7;12;8;0
21273;1289;404;7;12;8;0
21274;1297;404;7;12;8;0
21275;1112;404;8;12;8;0
21276;1104;404;7;12;8;0
21277;1096;404;7;12;8;0
21278;992;404;7;12;8;0
21279;912;404;7;12;8;0
21280;920;404;7;12;8;0
21281;928;404;7;12;8;0
21283;936;404;7;12;8;0
21286;944;404;7;12;8;0
21290;952;404;7;12;8;0
21293;960;404;7;12;8;0
21294;968;404;7;12;8;0
21295;976;404;7;12;8;0
21297;984;404;7;12;8;0
21299;1000;404;7;12;8;0
21304;1088;404;7;12;8;0
21305;1008;404;7;12;8;0
21306;1016;404;7;12;8;0
21307;1024;404;7;12;8;0
21310;1032;404;7;12;8;0
21311;1040;404;7;12;8;0
21312;1048;404;7;12;8;0
21313;1056;404;7;12;8;0
21314;1064;404;7;12;8;0
21315;1072;404;7;12;8;0
21316;1080;404;7;12;8;0
21317;1305;404;7;12;8;0
21318;1321;404;7;12;8;0
21319;1719;404;7;12;8;0
21320;1329;404;7;12;8;0
21321;1539;404;7;12;8;0
21322;1547;404;7;12;8;0
21323;1555;404;7;12;8;0
21324;1563;404;7;12;8;0
21325;1571;404;7;12;8;0
21326;1579;404;7;12;8;0
21327;1587;404;7;12;8;0
21328;1595;404;7;12;8;0
21329;1603;404;7;12;8;0
21330;1611;404;7;12;8;0
21331;1619;404;7;12;8;0
21332;1627;404;7;12;8;0
21333;1635;404;7;12;8;0
21334;1643;404;7;12;8;0
21335;1651;404;7;12;8;0
21336;1659;404;7;12;8;0
21338;1667;404;7;12;8;0
21340;1675;404;4;12;8;2
21341;1680;404;7;12;8;0
21342;1688;404;7;12;8;0
21343;1696;404;7;12;8;0
21344;1704;404;6;12;8;1
21345;1711;404;7;12;8;0
21346;1532;404;6;12;8;0
21347;1524;404;7;12;8;0
21348;1516;404;7;12;8;0
21349;1412;404;7;12;8;0
21350;1337;404;7;12;8;0
21351;1345;404;7;12;8;0
21352;1353;404;7;12;8;0
21353;1361;404;4;12;8;2
21354;1366;404;5;12;8;1
21355;1372;404;7;12;8;0
21356;1380;404;7;12;8;0
21357;1388;404;7;12;8;0
21358;1396;404;7;12;8;0
21359;1404;404;7;12;8;0
21360;1420;404;7;12;8;0
21361;1508;404;7;12;8;0
21363;1428;404;7;12;8;0
21364;1436;404;7;12;8;0
21365;1444;404;7;12;8;0
21367;1452;404;7;12;8;0
21368;1460;404;7;12;8;0
21369;1468;404;7;12;8;0
21370;1476;404;7;12;8;0
21371;1484;404;7;12;8;0
21373;1492;404;7;12;8;0
21375;1500;404;7;12;8;0
21378;904;404;7;12;8;0
21379;896;404;7;12;8;0
21380;888;404;7;12;8;0
21381;880;404;7;12;8;0
21382;281;404;7;12;8;0
21385;289;404;7;12;8;0
21387;297;404;7;12;8;0
21388;305;404;7;12;8;0
21389;313;404;7;12;8;0
21390;321;404;7;12;8;0
21397;329;404;7;12;8;0
21398;337;404;7;12;8;0
21400;345;404;7;12;8;0
21401;353;404;7;12;8;0
21402;369;404;7;12;8;0
21405;457;404;7;12;8;0
21407;377;404;7;12;8;0
21408;385;404;7;12;8;0
21410;393;404;7;12;8;0
21411;401;404;7;12;8;0
21413;409;404;7;12;8;0
21414;417;404;7;12;8;0
21416;425;404;7;12;8;0
21417;433;404;7;12;8;0
21421;441;404;7;12;8;0
21422;449;404;7;12;8;0
21424;273;404;7;12;8;0
21426;361;404;7;12;8;0
21427;265;404;7;12;8;0
21428;153;404;7;12;8;0
21430;73;404;7;12;8;0
21431;81;404;7;12;8;0
21435;89;404;7;12;8;0
21439;97;404;7;12;8;0
21441;105;404;7;12;8;0
21442;113;404;7;12;8;0
21443;121;404;7;12;8;0
21448;129;404;7;12;8;0
21449;137;404;7;12;8;0
21450;145;404;7;12;8;0
21451;161;404;7;12;8;0
21452;249;404;7;12;8;0
21453;169;404;7;12;8;0
21454;177;404;7;12;8;0
21457;185;404;7;12;8;0
21460;193;404;7;12;8;0
21462;201;404;7;12;8;0
21463;209;404;7;12;8;0
21464;217;404;7;12;8;0
21465;225;404;7;12;8;0
21466;233;404;7;12;8;0
21467;241;404;7;12;8;0
21471;257;404;7;12;8;0
21472;465;404;7;12;8;0
21473;473;404;7;12;8;0
21474;481;404;7;12;8;0
21475;697;404;6;12;8;0
21476;704;404;7;12;8;0
21477;712;404;7;12;8;0
21478;720;404;7;12;8;0
21480;728;404;7;12;8;0
21481;736;404;7;12;8;0
21482;744;404;7;12;8;0
21483;752;404;7;12;8;0
21484;760;404;7;12;8;0
21485;768;404;7;12;8;0
21486;776;404;7;12;8;0
21487;784;404;7;12;8;0
21488;792;404;7;12;8;0
21489;800;404;7;12;8;0
21490;808;404;7;12;8;0
21491;816;404;7;12;8;0
21493;824;404;7;12;8;0
21494;832;404;7;12;8;0
21495;840;404;7;12;8;0
21496;848;404;7;12;8;0
21497;856;404;7;12;8;0
21498;864;404;7;12;8;0
21499;872;404;7;12;8;0
21500;689;404;7;12;8;0
21501;681;404;7;12;8;0
21502;673;404;7;12;8;0
21505;569;404;7;12;8;0
21507;489;404;7;12;8;0
21508;497;404;7;12;8;0
21510;505;404;7;12;8;0
21511;513;404;7;12;8;0
21512;521;404;7;12;8;0
21513;529;404;7;12;8;0
21514;537;404;7;12;8;0
21515;545;404;7;12;8;0
21516;553;404;7;12;8;0
21517;561;404;7;12;8;0
21518;577;404;7;12;8;0
21519;665;404;7;12;8;0
21520;585;404;7;12;8;0
21521;593;404;7;12;8;0
21522;601;404;7;12;8;0
21523;609;404;7;12;8;0
21524;617;404;7;12;8;0
21525;625;404;7;12;8;0
21526;633;404;7;12;8;0
21527;641;404;7;12;8;0
21531;649;404;7;12;8;0
21533;657;404;7;12;8;0
21534;1313;404;7;12;8;0
21535;1735;404;7;12;8;0
21536;943;417;7;12;8;0
21537;1743;404;7;12;8;0
21539;751;417;7;12;8;0
21541;759;417;7;12;8;0
21542;767;417;7;12;8;0
21543;775;417;7;12;8;0
21544;783;417;7;12;8;0
21545;791;417;7;12;8;0
21546;799;417;7;12;8;0
21547;807;417;7;12;8;0
21548;815;417;7;12;8;0
21549;823;417;7;12;8;0
21550;831;417;7;12;8;0
21551;839;417;7;12;8;0
21553;847;417;7;12;8;0
21554;855;417;7;12;8;0
21555;863;417;7;12;8;0
21556;871;417;7;12;8;0
21557;879;417;7;12;8;0
21558;887;417;7;12;8;0
21560;895;417;7;12;8;0
21561;903;417;7;12;8;0
21563;911;417;7;12;8;0
21564;919;417;7;12;8;0
21565;927;417;7;12;8;0
21566;743;417;7;12;8;0
21567;735;417;7;12;8;0
21568;727;417;7;12;8;0
21570;625;417;6;12;8;1
21571;545;417;7;12;8;0
21574;553;417;7;12;8;0
21576;561;417;7;12;8;0
21577;569;417;7;12;8;0
21578;577;417;7;12;8;0
21579;585;417;7;12;8;0
21582;593;417;7;12;8;0
21584;601;417;7;12;8;0
21585;609;417;7;12;8;0
21586;617;417;7;12;8;0
21587;632;417;7;12;8;0
21588;719;417;7;12;8;0
21589;640;417;7;12;8;0
21590;648;417;7;12;8;0
21591;656;417;7;12;8;0
21592;664;417;6;12;8;0
21593;671;417;7;12;8;0
21595;679;417;7;12;8;0
21596;687;417;7;12;8;0
21599;695;417;7;12;8;0
21602;703;417;7;12;8;0
21603;711;417;7;12;8;0
21604;935;417;7;12;8;0
21606;951;417;7;12;8;0
21608;1359;417;7;12;8;0
21610;959;417;7;12;8;0
21615;1175;417;7;12;8;0
21616;1183;417;7;12;8;0
21617;1191;417;7;12;8;0
21618;1199;417;7;12;8;0
21619;1207;417;7;12;8;0
21621;1215;417;7;12;8;0
21622;1223;417;7;12;8;0
21623;1231;417;7;12;8;0
21624;1239;417;7;12;8;0
21627;1247;417;7;12;8;0
21628;1255;417;7;12;8;0
21629;1263;417;7;12;8;0
21632;1271;417;7;12;8;0
21633;1279;417;7;12;8;0
21634;1287;417;7;12;8;0
21636;1295;417;7;12;8;0
21638;1303;417;7;12;8;0
21639;1311;417;7;12;8;0
21640;1319;417;7;12;8;0
21642;1327;417;7;12;8;0
21643;1335;417;7;12;8;0
21644;1343;417;7;12;8;0
21646;1351;417;7;12;8;0
21647;1167;417;7;12;8;0
21648;1159;417;7;12;8;0
21649;1151;417;7;12;8;0
21650;1047;417;7;12;8;0
21651;967;417;7;12;8;0
21652;975;417;7;12;8;0
21653;983;417;7;12;8;0
21654;991;417;7;12;8;0
21655;999;417;7;12;8;0
21657;1007;417;7;12;8;0
21658;1015;417;7;12;8;0
21659;1023;417;7;12;8;0
21661;1031;417;7;12;8;0
21665;1039;417;7;12;8;0
21666;1055;417;7;12;8;0
21667;1143;417;7;12;8;0
21668;1063;417;7;12;8;0
21669;1071;417;7;12;8;0
21670;1079;417;7;12;8;0
21671;1087;417;7;12;8;0
21672;1095;417;7;12;8;0
21673;1103;417;7;12;8;0
21674;1111;417;7;12;8;0
21675;1119;417;7;12;8;0
21676;1127;417;7;12;8;0
21677;1135;417;7;12;8;0
21679;537;417;7;12;8;0
21681;529;417;7;12;8;0
21682;521;417;7;12;8;0
21683;513;417;7;12;8;0
21684;1959;404;7;12;8;0
21688;1967;404;7;12;8;0
21689;1975;404;7;12;8;0
21691;1983;404;7;12;8;0
21692;1991;404;7;12;8;0
21693;1999;404;7;12;8;0
21694;2007;404;7;12;8;0
21695;2015;404;7;12;8;0
21696;2023;404;7;12;8;0
21697;2031;404;7;12;8;0
21698;1;417;7;12;8;0
21700;89;417;7;12;8;0
21702;9;417;7;12;8;0
21703;17;417;7;12;8;0
21704;25;417;7;12;8;0
21705;33;417;7;12;8;0
21706;41;417;7;12;8;0
21707;49;417;7;12;8;0
21708;57;417;7;12;8;0
21709;65;417;7;12;8;0
21710;73;417;7;12;8;0
21711;81;417;7;12;8;0
21712;1951;404;7;12;8;0
21713;2039;404;7;12;8;0
21714;1943;404;7;12;8;0
21715;1831;404;7;12;8;0
21716;1751;404;7;12;8;0
21717;1759;404;7;12;8;0
21718;1767;404;7;12;8;0
21719;1775;404;7;12;8;0
21720;1783;404;7;12;8;0
21721;1791;404;7;12;8;0
21722;1799;404;7;12;8;0
21724;1807;404;7;12;8;0
21725;1815;404;7;12;8;0
21726;1823;404;7;12;8;0
21727;1839;404;7;12;8;0
21729;1927;404;7;12;8;0
21730;1847;404;7;12;8;0
21733;1855;404;7;12;8;0
21734;1863;404;7;12;8;0
21735;1871;404;7;12;8;0
21736;1879;404;7;12;8;0
21737;1887;404;7;12;8;0
21738;1895;404;7;12;8;0
21741;1903;404;7;12;8;0
21742;1911;404;7;12;8;0
21746;1919;404;7;12;8;0
21747;1935;404;7;12;8;0
21754;97;417;7;12;8;0
21756;105;417;7;12;8;0
21757;113;417;7;12;8;0
21759;329;417;7;12;8;0
21761;337;417;7;12;8;0
21764;345;417;7;12;8;0
21766;353;417;7;12;8;0
21767;361;417;7;12;8;0
21769;369;417;7;12;8;0
21775;377;417;7;12;8;0
21776;385;417;7;12;8;0
21777;393;417;7;12;8;0
21779;401;417;7;12;8;0
21780;409;417;7;12;8;0
21782;417;417;7;12;8;0
21786;425;417;7;12;8;0
21787;433;417;7;12;8;0
21790;441;417;7;12;8;0
21792;449;417;7;12;8;0
21794;457;417;7;12;8;0
21795;465;417;7;12;8;0
21796;473;417;7;12;8;0
21797;481;417;7;12;8;0
21799;489;417;7;12;8;0
21802;497;417;7;12;8;0
21804;505;417;7;12;8;0
21805;321;417;7;12;8;0
21806;313;417;7;12;8;0
21807;305;417;7;12;8;0
21808;201;417;7;12;8;0
21809;121;417;7;12;8;0
21811;129;417;7;12;8;0
21813;137;417;7;12;8;0
21815;145;417;7;12;8;0
21816;153;417;7;12;8;0
21817;161;417;7;12;8;0
21820;169;417;7;12;8;0
21822;177;417;7;12;8;0
21823;185;417;7;12;8;0
21824;193;417;7;12;8;0
21825;209;417;7;12;8;0
21827;297;417;7;12;8;0
21828;217;417;7;12;8;0
21829;225;417;7;12;8;0
21830;233;417;7;12;8;0
21833;241;417;7;12;8;0
21834;249;417;7;12;8;0
21835;257;417;7;12;8;0
21836;265;417;7;12;8;0
21837;273;417;7;12;8;0
21839;281;417;7;12;8;0
21840;289;417;7;12;8;0
21843;65;404;7;12;8;0
21845;1727;404;7;12;8;0
21846;57;404;7;12;8;0
21847;409;391;7;12;8;0
21852;1841;378;7;12;8;0
21853;1849;378;7;12;8;0
21854;1857;378;7;12;8;0
21855;1865;378;7;12;8;0
21857;1873;378;7;12;8;0
21859;1881;378;7;12;8;0
21860;1889;378;7;12;8;0
21861;1897;378;7;12;8;0
21862;1905;378;7;12;8;0
21863;1913;378;7;12;8;0
21865;1921;378;7;12;8;0
21866;1929;378;7;12;8;0
21867;1937;378;7;12;8;0
21868;1945;378;7;12;8;0
21869;1953;378;7;12;8;0
21870;1961;378;7;12;8;0
21872;1969;378;7;12;8;0
21873;1977;378;7;12;8;0
21874;1985;378;7;12;8;0
21877;1993;378;7;12;8;0
21878;2001;378;7;12;8;0
21879;2009;378;7;12;8;0
21880;2017;378;7;12;8;0
21881;1833;378;7;12;8;0
21883;1825;378;7;12;8;0
21884;1817;378;7;12;8;0
21886;1713;378;7;12;8;0
21888;1633;378;7;12;8;0
21889;1641;378;7;12;8;0
21890;1649;378;7;12;8;0
21891;1657;378;7;12;8;0
21892;1665;378;7;12;8;0
21894;1673;378;7;12;8;0
21895;1681;378;7;12;8;0
21896;1689;378;7;12;8;0
21897;1697;378;7;12;8;0
21898;1705;378;7;12;8;0
21899;1721;378;7;12;8;0
21902;1809;378;7;12;8;0
21903;1729;378;7;12;8;0
21905;1737;378;7;12;8;0
21908;1745;378;7;12;8;0
21912;1753;378;7;12;8;0
21913;1761;378;7;12;8;0
21914;1769;378;7;12;8;0
21916;1777;378;7;12;8;0
21917;1785;378;7;12;8;0
21918;1793;378;7;12;8;0
21919;1801;378;7;12;8;0
21927;2025;378;7;12;8;0
21928;2041;378;7;12;8;0
21929;401;391;7;12;8;0
21930;1;391;7;12;8;0
21931;217;391;7;12;8;0
21932;225;391;7;12;8;0
21934;233;391;7;12;8;0
21936;241;391;7;12;8;0
21937;249;391;7;12;8;0
21938;257;391;7;12;8;0
21939;265;391;7;12;8;0
21941;273;391;7;12;8;0
21942;281;391;7;12;8;0
21943;289;391;7;12;8;0
21945;297;391;7;12;8;0
21946;305;391;7;12;8;0
21947;313;391;7;12;8;0
21948;321;391;7;12;8;0
21949;329;391;7;12;8;0
21950;337;391;7;12;8;0
21956;345;391;7;12;8;0
21957;353;391;7;12;8;0
21958;361;391;7;12;8;0
21959;369;391;7;12;8;0
21961;377;391;7;12;8;0
21964;385;391;7;12;8;0
21965;393;391;7;12;8;0
21966;209;391;7;12;8;0
21968;201;391;7;12;8;0
21969;193;391;7;12;8;0
21970;89;391;7;12;8;0
21971;9;391;7;12;8;0
21972;17;391;7;12;8;0
21974;25;391;7;12;8;0
21975;33;391;7;12;8;0
21978;41;391;7;12;8;0
21980;49;391;7;12;8;0
21981;57;391;7;12;8;0
21983;65;391;7;12;8;0
21985;73;391;7;12;8;0
21987;81;391;7;12;8;0
21988;97;391;7;12;8;0
21989;185;391;7;12;8;0
21990;105;391;7;12;8;0
21991;113;391;7;12;8;0
21992;121;391;7;12;8;0
21993;129;391;7;12;8;0
21994;137;391;7;12;8;0
21995;145;391;7;12;8;0
21996;153;391;7;12;8;0
21999;161;391;7;12;8;0
22000;169;391;7;12;8;0
22001;177;391;7;12;8;0
22002;1625;378;7;12;8;0
22003;1617;378;7;12;8;0
22005;1609;378;7;12;8;0
22006;1601;378;7;12;8;0
22007;1001;378;7;12;8;0
22009;1009;378;7;12;8;0
22013;1017;378;7;12;8;0
22014;1025;378;7;12;8;0
22016;1033;378;7;12;8;0
22017;1041;378;7;12;8;0
22018;1049;378;7;12;8;0
22021;1057;378;7;12;8;0
22022;1065;378;7;12;8;0
22024;1073;378;7;12;8;0
22025;1089;378;7;12;8;0
22028;1177;378;7;12;8;0
22029;1097;378;7;12;8;0
22030;1105;378;7;12;8;0
22031;1113;378;7;12;8;0
22032;1121;378;7;12;8;0
22035;1129;378;7;12;8;0
22036;1137;378;7;12;8;0
22038;1145;378;7;12;8;0
22039;1153;378;7;12;8;0
22040;1161;378;7;12;8;0
22042;1169;378;7;12;8;0
22043;993;378;7;12;8;0
22044;1081;378;7;12;8;0
22046;985;378;7;12;8;0
22047;873;378;7;12;8;0
22050;793;378;7;12;8;0
22051;801;378;7;12;8;0
22052;809;378;7;12;8;0
22053;817;378;7;12;8;0
22055;825;378;7;12;8;0
22057;833;378;7;12;8;0
22060;841;378;7;12;8;0
22061;849;378;7;12;8;0
22062;857;378;7;12;8;0
22063;865;378;7;12;8;0
22064;881;378;7;12;8;0
22065;969;378;7;12;8;0
22066;889;378;7;12;8;0
22068;897;378;7;12;8;0
22070;905;378;7;12;8;0
22072;913;378;7;12;8;0
22073;921;378;7;12;8;0
22075;929;378;7;12;8;0
22079;937;378;7;12;8;0
22080;945;378;7;12;8;0
22081;953;378;7;12;8;0
22082;961;378;7;12;8;0
22083;977;378;7;12;8;0
22089;1185;378;7;12;8;0
22092;1193;378;7;12;8;0
22093;1201;378;7;12;8;0
22094;1417;378;7;12;8;0
22095;1425;378;7;12;8;0
22096;1433;378;7;12;8;0
22098;1441;378;7;12;8;0
22099;1449;378;7;12;8;0
22100;1457;378;7;12;8;0
22103;1465;378;7;12;8;0
22104;1473;378;7;12;8;0
22105;1481;378;7;12;8;0
22106;1489;378;7;12;8;0
22107;1497;378;7;12;8;0
22108;1505;378;7;12;8;0
22109;1513;378;7;12;8;0
22112;1521;378;7;12;8;0
22114;1529;378;7;12;8;0
22116;1537;378;7;12;8;0
22117;1545;378;7;12;8;0
22120;1553;378;7;12;8;0
22121;1561;378;7;12;8;0
22122;1569;378;7;12;8;0
22123;1577;378;7;12;8;0
22124;1585;378;7;12;8;0
22127;1593;378;7;12;8;0
22129;1409;378;7;12;8;0
22132;1401;378;7;12;8;0
22134;1393;378;7;12;8;0
22136;1289;378;7;12;8;0
22137;1209;378;7;12;8;0
22138;1217;378;7;12;8;0
22139;1225;378;7;12;8;0
22140;1233;378;7;12;8;0
22144;1241;378;7;12;8;0
22148;1249;378;7;12;8;0
22149;1257;378;7;12;8;0
22150;1265;378;7;12;8;0
22151;1273;378;7;12;8;0
22153;1281;378;7;12;8;0
22154;1297;378;7;12;8;0
22158;1385;378;7;12;8;0
22159;1305;378;7;12;8;0
22160;1313;378;7;12;8;0
22163;1321;378;7;12;8;0
22164;1329;378;7;12;8;0
22165;1337;378;7;12;8;0
22169;1345;378;7;12;8;0
22175;1353;378;7;12;8;0
22176;1361;378;7;12;8;0
22177;1369;378;7;12;8;0
22178;1377;378;7;12;8;0
22179;2033;378;7;12;8;0
22180;417;391;7;12;8;0
22181;1673;391;7;12;8;0
22182;425;391;7;12;8;0
22184;1481;391;7;12;8;0
22189;1489;391;7;12;8;0
22190;1497;391;7;12;8;0
22191;1505;391;7;12;8;0
22193;1513;391;7;12;8;0
22196;1521;391;7;12;8;0
22198;1529;391;7;12;8;0
22199;1537;391;7;12;8;0
22201;1545;391;7;12;8;0
22204;1553;391;7;12;8;0
22207;1561;391;7;12;8;0
22208;1569;391;7;12;8;0
22209;1577;391;7;12;8;0
22210;1585;391;7;12;8;0
22211;1593;391;7;12;8;0
22216;1601;391;7;12;8;0
22217;1609;391;7;12;8;0
22218;1617;391;7;12;8;0
22220;1625;391;7;12;8;0
22221;1633;391;7;12;8;0
22222;1641;391;7;12;8;0
22225;1649;391;7;12;8;0
22226;1657;391;7;12;8;0
22227;1473;391;7;12;8;0
22228;1465;391;7;12;8;0
22230;1457;391;7;12;8;0
22231;1353;391;7;12;8;0
22232;1273;391;7;12;8;0
22233;1281;391;7;12;8;0
22234;1289;391;7;12;8;0
22235;1297;391;7;12;8;0
22236;1305;391;7;12;8;0
22237;1313;391;7;12;8;0
22238;1321;391;7;12;8;0
22239;1329;391;7;12;8;0
22240;1337;391;7;12;8;0
22241;1345;391;7;12;8;0
22242;1361;391;7;12;8;0
22243;1449;391;7;12;8;0
22244;1369;391;7;12;8;0
22245;1377;391;7;12;8;0
22246;1385;391;7;12;8;0
22247;1393;391;7;12;8;0
22248;1401;391;7;12;8;0
22249;1409;391;7;12;8;0
22250;1417;391;7;12;8;0
22251;1425;391;7;12;8;0
22252;1433;391;7;12;8;0
22253;1441;391;7;12;8;0
22254;1665;391;7;12;8;0
22255;1681;391;7;12;8;0
22256;41;404;7;12;8;0
22257;1689;391;7;12;8;0
22258;1905;391;7;12;8;0
22259;1913;391;7;12;8;0
22260;1921;391;7;12;8;0
22261;1929;391;7;12;8;0
22262;1937;391;7;12;8;0
22263;1945;391;7;12;8;0
22264;1953;391;7;12;8;0
22265;1961;391;7;12;8;0
22266;1969;391;7;12;8;0
22267;1977;391;7;12;8;0
22268;1985;391;7;12;8;0
22269;1993;391;7;12;8;0
22270;2001;391;7;12;8;0
22271;2009;391;7;12;8;0
22272;2017;391;7;12;8;0
22273;2025;391;7;12;8;0
22274;2033;391;7;12;8;0
22275;2041;391;7;12;8;0
22276;1;404;7;12;8;0
22277;9;404;7;12;8;0
22278;17;404;7;12;8;0
22279;25;404;7;12;8;0
22280;33;404;7;12;8;0
22281;1897;391;7;12;8;0
22282;1889;391;7;12;8;0
22283;1881;391;7;12;8;0
22284;1777;391;7;12;8;0
22285;1697;391;7;12;8;0
22286;1705;391;7;12;8;0
22287;1713;391;7;12;8;0
22288;1721;391;7;12;8;0
22289;1729;391;7;12;8;0
22290;1737;391;7;12;8;0
22291;1745;391;7;12;8;0
22292;1753;391;7;12;8;0
22293;1761;391;7;12;8;0
22294;1769;391;7;12;8;0
22295;1785;391;7;12;8;0
22296;1873;391;7;12;8;0
22297;1793;391;7;12;8;0
22298;1801;391;7;12;8;0
22299;1809;391;7;12;8;0
22300;1817;391;7;12;8;0
22301;1825;391;7;12;8;0
22302;1833;391;7;12;8;0
22303;1841;391;7;12;8;0
22304;1849;391;7;12;8;0
22305;1857;391;7;12;8;0
22306;1865;391;7;12;8;0
22307;1265;391;7;12;8;0
22308;1257;391;7;12;8;0
22310;1249;391;7;12;8;0
22311;1241;391;7;12;8;0
22312;641;391;7;12;8;0
22313;649;391;7;12;8;0
22314;657;391;7;12;8;0
22316;665;391;7;12;8;0
22317;673;391;7;12;8;0
22318;681;391;7;12;8;0
22319;689;391;7;12;8;0
22320;697;391;7;12;8;0
22323;705;391;7;12;8;0
22327;713;391;7;12;8;0
22328;729;391;7;12;8;0
22329;817;391;7;12;8;0
22330;737;391;7;12;8;0
22331;745;391;7;12;8;0
22334;753;391;7;12;8;0
22336;761;391;7;12;8;0
22338;769;391;7;12;8;0
22343;777;391;7;12;8;0
22346;785;391;7;12;8;0
22348;793;391;7;12;8;0
22349;801;391;7;12;8;0
22350;809;391;7;12;8;0
22351;633;391;7;12;8;0
22352;721;391;7;12;8;0
22353;625;391;7;12;8;0
22356;513;391;7;12;8;0
22359;433;391;7;12;8;0
22362;441;391;7;12;8;0
22363;449;391;7;12;8;0
22364;457;391;7;12;8;0
22365;465;391;7;12;8;0
22366;473;391;7;12;8;0
22367;481;391;7;12;8;0
22368;489;391;7;12;8;0
22369;497;391;7;12;8;0
22372;505;391;7;12;8;0
22374;521;391;7;12;8;0
22376;609;391;7;12;8;0
22377;529;391;7;12;8;0
22378;537;391;7;12;8;0
22379;545;391;7;12;8;0
22381;553;391;7;12;8;0
22383;561;391;7;12;8;0
22387;569;391;7;12;8;0
22389;577;391;7;12;8;0
22390;585;391;7;12;8;0
22391;593;391;7;12;8;0
22395;601;391;7;12;8;0
22396;617;391;7;12;8;0
22399;825;391;7;12;8;0
22402;833;391;7;12;8;0
22403;841;391;7;12;8;0
22404;1057;391;7;12;8;0
22405;1065;391;7;12;8;0
22406;1073;391;7;12;8;0
22408;1081;391;7;12;8;0
22409;1089;391;7;12;8;0
22411;1097;391;7;12;8;0
22412;1105;391;7;12;8;0
22418;1113;391;7;12;8;0
22419;1121;391;7;12;8;0
22426;1129;391;7;12;8;0
22427;1137;391;7;12;8;0
22432;1145;391;7;12;8;0
22433;1153;391;7;12;8;0
22434;1161;391;7;12;8;0
22435;1169;391;7;12;8;0
22436;1177;391;7;12;8;0
22438;1185;391;7;12;8;0
22439;1193;391;7;12;8;0
22441;1201;391;7;12;8;0
22442;1209;391;7;12;8;0
22443;1217;391;7;12;8;0
22445;1225;391;7;12;8;0
22446;1233;391;7;12;8;0
22448;1049;391;7;12;8;0
22449;1041;391;7;12;8;0
22450;1033;391;7;12;8;0
22451;929;391;7;12;8;0
22452;849;391;7;12;8;0
22453;857;391;7;12;8;0
22456;865;391;7;12;8;0
22458;873;391;7;12;8;0
22459;881;391;7;12;8;0
22464;889;391;7;12;8;0
22466;897;391;7;12;8;0
22467;905;391;7;12;8;0
22470;913;391;7;12;8;0
22475;921;391;7;12;8;0
22478;937;391;7;12;8;0
22479;1025;391;7;12;8;0
22482;945;391;7;12;8;0
22483;953;391;7;12;8;0
22484;961;391;7;12;8;0
22485;969;391;7;12;8;0
22486;977;391;7;12;8;0
22487;985;391;7;12;8;0
22488;993;391;7;12;8;0
22489;1001;391;7;12;8;0
22490;1009;391;7;12;8;0
22492;1017;391;7;12;8;0
22493;1109;482;7;12;8;0
22494;1834;482;7;12;8;0
22495;1842;482;7;12;8;0
22496;1850;482;7;12;8;0
22497;1369;599;7;12;8;0
22499;1377;599;7;12;8;0
22500;1385;599;7;12;8;0
22503;1393;599;7;12;8;0
22506;1401;599;7;12;8;0
22509;1409;599;7;12;8;0
22511;1417;599;7;12;8;0
22514;1425;599;7;12;8;0
22516;1433;599;7;12;8;0
22519;1441;599;7;12;8;0
22520;1449;599;7;12;8;0
22521;1457;599;7;12;8;0
22522;1465;599;7;12;8;0
22524;1473;599;7;12;8;0
22525;1481;599;7;12;8;0
22528;1489;599;7;12;8;0
22530;1497;599;7;12;8;0
22531;1505;599;7;12;8;0
22533;1513;599;7;12;8;0
22534;1521;599;7;12;8;0
22535;1529;599;7;12;8;0
22537;1537;599;7;12;8;0
22538;1545;599;7;12;8;0
22539;1361;599;7;12;8;0
22541;1353;599;7;12;8;0
22545;1345;599;7;12;8;0
22549;1241;599;7;12;8;0
22553;1161;599;7;12;8;0
22557;1169;599;7;12;8;0
22558;1177;599;7;12;8;0
22560;1185;599;7;12;8;0
22561;1193;599;7;12;8;0
22564;1201;599;7;12;8;0
22570;1209;599;7;12;8;0
22573;1217;599;7;12;8;0
22575;1225;599;7;12;8;0
22576;1233;599;7;12;8;0
22577;1249;599;7;12;8;0
22580;1337;599;7;12;8;0
22581;1257;599;7;12;8;0
22586;1265;599;7;12;8;0
22589;1273;599;7;12;8;0
22592;1281;599;7;12;8;0
22593;1289;599;7;12;8;0
22596;1297;599;7;12;8;0
22602;1305;599;7;12;8;0
22603;1313;599;7;12;8;0
22604;1321;599;7;12;8;0
22605;1329;599;7;12;8;0
22609;1553;599;7;12;8;0
22610;1569;599;7;12;8;0
22612;1977;599;7;12;8;0
22615;1577;599;7;12;8;0
22616;1793;599;7;12;8;0
22617;1801;599;7;12;8;0
22618;1809;599;7;12;8;0
22622;1817;599;7;12;8;0
22625;1825;599;7;12;8;0
22626;1833;599;7;12;8;0
22628;1841;599;7;12;8;0
22629;1849;599;7;12;8;0
22633;1857;599;7;12;8;0
22635;1865;599;7;12;8;0
22636;1873;599;7;12;8;0
22637;1881;599;7;12;8;0
22639;1889;599;7;12;8;0
22640;1897;599;7;12;8;0
22641;1905;599;7;12;8;0
22642;1913;599;7;12;8;0
22643;1921;599;7;12;8;0
22645;1929;599;7;12;8;0
22649;1937;599;7;12;8;0
22653;1945;599;7;12;8;0
22654;1953;599;7;12;8;0
22656;1961;599;7;12;8;0
22657;1969;599;7;12;8;0
22659;1785;599;7;12;8;0
22661;1777;599;7;12;8;0
22665;1769;599;7;12;8;0
22666;1665;599;7;12;8;0
22674;1585;599;7;12;8;0
22675;1593;599;7;12;8;0
22679;1601;599;7;12;8;0
22680;1609;599;7;12;8;0
22681;1617;599;7;12;8;0
22682;1625;599;7;12;8;0
22684;1633;599;7;12;8;0
22686;1641;599;7;12;8;0
22687;1649;599;7;12;8;0
22691;1657;599;7;12;8;0
22694;1673;599;7;12;8;0
22696;1761;599;7;12;8;0
22697;1681;599;7;12;8;0
22699;1689;599;7;12;8;0
22700;1697;599;7;12;8;0
22702;1705;599;7;12;8;0
22707;1713;599;7;12;8;0
22710;1721;599;7;12;8;0
22712;1729;599;7;12;8;0
22713;1737;599;7;12;8;0
22714;1745;599;7;12;8;0
22715;1753;599;7;12;8;0
22716;1153;599;7;12;8;0
22718;1145;599;7;12;8;0
22721;1137;599;7;12;8;0
22722;1129;599;7;12;8;0
22725;529;599;7;12;8;0
22726;537;599;7;12;8;0
22727;545;599;7;12;8;0
22730;553;599;7;12;8;0
22732;561;599;7;12;8;0
22734;569;599;7;12;8;0
22737;577;599;7;12;8;0
22739;585;599;7;12;8;0
22741;593;599;7;12;8;0
22743;601;599;7;12;8;0
22744;617;599;7;12;8;0
22745;705;599;7;12;8;0
22746;625;599;7;12;8;0
22748;633;599;7;12;8;0
22750;641;599;7;12;8;0
22751;649;599;7;12;8;0
22752;657;599;7;12;8;0
22754;665;599;7;12;8;0
22756;673;599;7;12;8;0
22757;681;599;7;12;8;0
22761;689;599;7;12;8;0
22763;697;599;7;12;8;0
22764;521;599;7;12;8;0
22766;609;599;7;12;8;0
22767;513;599;7;12;8;0
22768;401;599;7;12;8;0
22769;321;599;7;12;8;0
22770;329;599;7;12;8;0
22771;337;599;7;12;8;0
22774;345;599;7;12;8;0
22775;353;599;7;12;8;0
22777;361;599;7;12;8;0
22778;369;599;7;12;8;0
22779;377;599;7;12;8;0
22780;385;599;7;12;8;0
22781;393;599;7;12;8;0
22786;409;599;7;12;8;0
22788;497;599;7;12;8;0
22790;417;599;7;12;8;0
22791;425;599;7;12;8;0
22793;433;599;7;12;8;0
22794;441;599;7;12;8;0
22796;449;599;7;12;8;0
22797;457;599;7;12;8;0
22799;465;599;7;12;8;0
22800;473;599;7;12;8;0
22803;481;599;7;12;8;0
22804;489;599;7;12;8;0
22805;505;599;7;12;8;0
22806;713;599;7;12;8;0
22808;721;599;7;12;8;0
22809;729;599;7;12;8;0
22810;945;599;7;12;8;0
22811;953;599;7;12;8;0
22812;961;599;7;12;8;0
22815;969;599;7;12;8;0
22816;977;599;7;12;8;0
22818;985;599;7;12;8;0
22820;993;599;7;12;8;0
22821;1001;599;7;12;8;0
22823;1009;599;7;12;8;0
22824;1017;599;7;12;8;0
22825;1025;599;7;12;8;0
22826;1033;599;7;12;8;0
22827;1041;599;7;12;8;0
22828;1049;599;7;12;8;0
22829;1057;599;7;12;8;0
22830;1065;599;7;12;8;0
22831;1073;599;7;12;8;0
22832;1081;599;7;12;8;0
22833;1089;599;7;12;8;0
22834;1097;599;7;12;8;0
22835;1105;599;7;12;8;0
22836;1113;599;7;12;8;0
22839;1121;599;7;12;8;0
22840;937;599;7;12;8;0
22841;929;599;7;12;8;0
22842;921;599;7;12;8;0
22844;817;599;7;12;8;0
22846;737;599;7;12;8;0
22848;745;599;7;12;8;0
22849;753;599;7;12;8;0
22850;761;599;7;12;8;0
22852;769;599;7;12;8;0
22855;777;599;7;12;8;0
22856;785;599;7;12;8;0
22857;793;599;7;12;8;0
22859;801;599;7;12;8;0
22860;809;599;7;12;8;0
22862;825;599;7;12;8;0
22863;913;599;7;12;8;0
22864;833;599;7;12;8;0
22865;841;599;7;12;8;0
22868;849;599;7;12;8;0
22869;857;599;7;12;8;0
22870;865;599;7;12;8;0
22871;873;599;7;12;8;0
22872;881;599;7;12;8;0
22874;889;599;7;12;8;0
22880;897;599;7;12;8;0
22882;905;599;7;12;8;0
22885;1561;599;7;12;8;0
22887;1993;599;7;12;8;0
22888;1199;612;7;12;8;0
22889;2001;599;7;12;8;0
22890;1007;612;7;12;8;0
22892;1015;612;7;12;8;0
22893;1023;612;7;12;8;0
22894;1031;612;7;12;8;0
22899;1039;612;7;12;8;0
22900;1047;612;7;12;8;0
22902;1055;612;7;12;8;0
22904;1063;612;7;12;8;0
22905;1071;612;7;12;8;0
22908;1079;612;7;12;8;0
22909;1087;612;7;12;8;0
22913;1095;612;7;12;8;0
22914;1103;612;7;12;8;0
22915;1111;612;7;12;8;0
22916;1119;612;7;12;8;0
22918;1127;612;7;12;8;0
22919;1135;612;7;12;8;0
22920;1143;612;7;12;8;0
22922;1151;612;7;12;8;0
22925;1159;612;7;12;8;0
22927;1167;612;7;12;8;0
22930;1175;612;7;12;8;0
22931;1183;612;7;12;8;0
22934;999;612;7;12;8;0
22935;991;612;7;12;8;0
22936;983;612;7;12;8;0
22937;879;612;7;12;8;0
22939;799;612;7;12;8;0
22941;807;612;7;12;8;0
22942;815;612;7;12;8;0
22947;823;612;7;12;8;0
22948;831;612;7;12;8;0
22949;839;612;7;12;8;0
22952;847;612;7;12;8;0
22953;855;612;7;12;8;0
22954;863;612;7;12;8;0
22955;871;612;7;12;8;0
22956;887;612;7;12;8;0
22958;975;612;7;12;8;0
22959;895;612;7;12;8;0
22962;903;612;7;12;8;0
22963;911;612;7;12;8;0
22969;919;612;7;12;8;0
22971;927;612;7;12;8;0
22974;935;612;7;12;8;0
22981;943;612;7;12;8;0
22982;951;612;7;12;8;0
22985;959;612;7;12;8;0
22986;967;612;7;12;8;0
22987;1191;612;7;12;8;0
22989;1207;612;7;12;8;0
22992;1615;612;7;12;8;0
22993;1215;612;7;12;8;0
22994;1431;612;7;12;8;0
22995;1439;612;7;12;8;0
22996;1447;612;7;12;8;0
22999;1455;612;7;12;8;0
23000;1463;612;7;12;8;0
23001;1471;612;7;12;8;0
23002;1479;612;7;12;8;0
23004;1487;612;7;12;8;0
23005;1495;612;7;12;8;0
23011;1503;612;7;12;8;0
23013;1511;612;7;12;8;0
23014;1519;612;7;12;8;0
23016;1527;612;7;12;8;0
23018;1535;612;7;12;8;0
23019;1543;612;7;12;8;0
23020;1551;612;7;12;8;0
23022;1559;612;7;12;8;0
23029;1567;612;7;12;8;0
23030;1575;612;7;12;8;0
23033;1583;612;7;12;8;0
23035;1591;612;7;12;8;0
23039;1599;612;7;12;8;0
23041;1607;612;7;12;8;0
23043;1423;612;7;12;8;0
23044;1415;612;7;12;8;0
23045;1407;612;7;12;8;0
23046;1303;612;7;12;8;0
23047;1223;612;7;12;8;0
23048;1231;612;7;12;8;0
23049;1239;612;7;12;8;0
23052;1247;612;7;12;8;0
23057;1255;612;7;12;8;0
23059;1263;612;7;12;8;0
23064;1271;612;7;12;8;0
23066;1279;612;7;12;8;0
23067;1287;612;7;12;8;0
23068;1295;612;7;12;8;0
23071;1311;612;7;12;8;0
23072;1399;612;7;12;8;0
23075;1319;612;7;12;8;0
23077;1327;612;7;12;8;0
23081;1335;612;7;12;8;0
23087;1343;612;7;12;8;0
23089;1351;612;7;12;8;0
23090;1359;612;7;12;8;0
23091;1367;612;7;12;8;0
23092;1375;612;7;12;8;0
23093;1383;612;7;12;8;0
23094;1391;612;7;12;8;0
23100;791;612;7;12;8;0
23104;783;612;7;12;8;0
23105;775;612;7;12;8;0
23110;767;612;7;12;8;0
23113;169;612;7;12;8;0
23114;177;612;7;12;8;0
23125;185;612;7;12;8;0
23130;193;612;7;12;8;0
23138;201;612;7;12;8;0
23142;209;612;7;12;8;0
23143;217;612;7;12;8;0
23146;225;612;7;12;8;0
23148;233;612;7;12;8;0
23149;241;612;7;12;8;0
23156;257;612;7;12;8;0
23157;345;612;7;12;8;0
23158;265;612;7;12;8;0
23159;273;612;7;12;8;0
23162;281;612;7;12;8;0
23167;289;612;7;12;8;0
23172;297;612;7;12;8;0
23186;305;612;7;12;8;0
23191;313;612;7;12;8;0
23194;321;612;7;12;8;0
23195;329;612;7;12;8;0
23196;337;612;7;12;8;0
23198;161;612;7;12;8;0
23200;249;612;7;12;8;0
23207;153;612;7;12;8;0
23210;41;612;7;12;8;0
23212;2009;599;7;12;8;0
23217;2017;599;7;12;8;0
23218;2025;599;7;12;8;0
23219;2033;599;7;12;8;0
23221;2041;599;7;12;8;0
23224;1;612;7;12;8;0
23226;9;612;7;12;8;0
23228;17;612;7;12;8;0
23229;25;612;7;12;8;0
23230;33;612;7;12;8;0
23233;49;612;7;12;8;0
23234;137;612;7;12;8;0
23240;57;612;7;12;8;0
23241;65;612;7;12;8;0
23243;73;612;7;12;8;0
23244;81;612;7;12;8;0
23248;89;612;7;12;8;0
23250;97;612;7;12;8;0
23252;105;612;7;12;8;0
23254;113;612;7;12;8;0
23255;121;612;7;12;8;0
23256;129;612;7;12;8;0
23258;145;612;7;12;8;0
23260;353;612;7;12;8;0
23264;361;612;7;12;8;0
23265;369;612;7;12;8;0
23267;583;612;7;12;8;0
23270;591;612;7;12;8;0
23273;599;612;7;12;8;0
23275;607;612;7;12;8;0
23281;615;612;7;12;8;0
23282;623;612;7;12;8;0
23285;631;612;7;12;8;0
23290;639;612;7;12;8;0
23291;647;612;7;12;8;0
23299;655;612;7;12;8;0
23301;663;612;7;12;8;0
23304;671;612;7;12;8;0
23305;679;612;7;12;8;0
23307;687;612;7;12;8;0
23308;695;612;7;12;8;0
23318;703;612;7;12;8;0
23319;711;612;7;12;8;0
23323;719;612;7;12;8;0
23325;727;612;7;12;8;0
23329;735;612;7;12;8;0
23330;743;612;7;12;8;0
23332;751;612;7;12;8;0
23338;759;612;7;12;8;0
23340;575;612;7;12;8;0
23344;567;612;7;12;8;0
23346;559;612;7;12;8;0
23348;457;612;7;12;8;0
23350;377;612;7;12;8;0
23351;385;612;7;12;8;0
23352;393;612;7;12;8;0
23358;401;612;7;12;8;0
23359;409;612;7;12;8;0
23360;417;612;7;12;8;0
23363;425;612;7;12;8;0
23365;433;612;7;12;8;0
23371;441;612;7;12;8;0
23372;449;612;7;12;8;0
23373;465;612;7;12;8;0
23376;551;612;7;12;8;0
23377;473;612;7;12;8;0
23378;481;612;6;12;8;1
23379;488;612;6;12;8;1
23380;495;612;7;12;8;0
23381;503;612;7;12;8;0
23382;511;612;7;12;8;0
23383;519;612;7;12;8;0
23384;527;612;7;12;8;0
23385;535;612;7;12;8;0
23386;543;612;7;12;8;0
23387;313;599;7;12;8;0
23388;1985;599;7;12;8;0
23389;305;599;7;12;8;0
23390;657;586;7;12;8;0
23391;41;586;7;12;8;0
23394;49;586;7;12;8;0
23395;57;586;7;12;8;0
23396;65;586;7;12;8;0
23397;73;586;7;12;8;0
23398;81;586;7;12;8;0
23401;89;586;7;12;8;0
23402;97;586;7;12;8;0
23403;105;586;7;12;8;0
23404;113;586;7;12;8;0
23405;121;586;7;12;8;0
23408;129;586;7;12;8;0
23409;137;586;7;12;8;0
23411;145;586;7;12;8;0
23413;153;586;7;12;8;0
23416;161;586;7;12;8;0
23418;169;586;7;12;8;0
23419;177;586;7;12;8;0
23421;185;586;7;12;8;0
23423;193;586;7;12;8;0
23424;201;586;7;12;8;0
23425;209;586;7;12;8;0
23426;217;586;7;12;8;0
23427;33;586;7;12;8;0
23428;25;586;7;12;8;0
23429;17;586;7;12;8;0
23431;1956;573;7;12;8;0
23432;1876;573;7;12;8;0
23433;1884;573;7;12;8;0
23435;1892;573;7;12;8;0
23436;1900;573;7;12;8;0
23437;1908;573;7;12;8;0
23439;1916;573;7;12;8;0
23440;1924;573;7;12;8;0
23443;1932;573;7;12;8;0
23445;1940;573;7;12;8;0
23447;1948;573;7;12;8;0
23448;1964;573;7;12;8;0
23449;9;586;7;12;8;0
23450;1972;573;7;12;8;0
23451;1980;573;7;12;8;0
23452;1988;573;7;12;8;0
23453;1996;573;7;12;8;0
23454;2004;573;7;12;8;0
23455;2012;573;7;12;8;0
23456;2020;573;7;12;8;0
23457;2028;573;7;12;8;0
23458;2036;573;7;12;8;0
23459;1;586;7;12;8;0
23460;225;586;7;12;8;0
23461;241;586;7;12;8;0
23462;649;586;7;12;8;0
23466;249;586;7;12;8;0
23467;465;586;7;12;8;0
23470;473;586;7;12;8;0
23472;481;586;7;12;8;0
23475;489;586;7;12;8;0
23476;497;586;7;12;8;0
23477;505;586;7;12;8;0
23478;513;586;7;12;8;0
23480;521;586;7;12;8;0
23481;529;586;7;12;8;0
23485;537;586;7;12;8;0
23486;545;586;7;12;8;0
23487;553;586;7;12;8;0
23490;561;586;7;12;8;0
23491;569;586;7;12;8;0
23492;577;586;7;12;8;0
23493;585;586;7;12;8;0
23494;593;586;7;12;8;0
23495;601;586;7;12;8;0
23497;609;586;7;12;8;0
23500;617;586;7;12;8;0
23501;625;586;7;12;8;0
23504;633;586;7;12;8;0
23506;641;586;7;12;8;0
23507;457;586;7;12;8;0
23508;449;586;7;12;8;0
23515;441;586;7;12;8;0
23517;337;586;7;12;8;0
23518;257;586;7;12;8;0
23519;265;586;7;12;8;0
23521;273;586;7;12;8;0
23522;281;586;7;12;8;0
23524;289;586;7;12;8;0
23525;297;586;7;12;8;0
23526;305;586;7;12;8;0
23527;313;586;7;12;8;0
23528;321;586;7;12;8;0
23529;329;586;7;12;8;0
23531;345;586;7;12;8;0
23532;433;586;7;12;8;0
23534;353;586;7;12;8;0
23536;361;586;7;12;8;0
23539;369;586;7;12;8;0
23541;377;586;7;12;8;0
23542;385;586;7;12;8;0
23544;393;586;7;12;8;0
23545;401;586;7;12;8;0
23546;409;586;7;12;8;0
23547;417;586;7;12;8;0
23548;425;586;7;12;8;0
23550;1868;573;7;12;8;0
23551;1860;573;7;12;8;0
23553;1852;573;7;12;8;0
23554;1844;573;7;12;8;0
23556;1244;573;7;12;8;0
23557;1252;573;7;12;8;0
23558;1260;573;7;12;8;0
23559;1268;573;7;12;8;0
23560;1276;573;7;12;8;0
23561;1284;573;7;12;8;0
23562;1292;573;7;12;8;0
23563;1300;573;7;12;8;0
23565;1308;573;7;12;8;0
23566;1316;573;7;12;8;0
23567;1332;573;7;12;8;0
23568;1420;573;7;12;8;0
23569;1340;573;7;12;8;0
23570;1348;573;7;12;8;0
23571;1356;573;7;12;8;0
23572;1364;573;7;12;8;0
23573;1372;573;7;12;8;0
23574;1380;573;7;12;8;0
23575;1388;573;7;12;8;0
23576;1396;573;7;12;8;0
23577;1404;573;7;12;8;0
23578;1412;573;7;12;8;0
23580;1236;573;7;12;8;0
23581;1324;573;7;12;8;0
23584;1228;573;7;12;8;0
23586;1116;573;7;12;8;0
23587;1036;573;7;12;8;0
23588;1044;573;7;12;8;0
23589;1052;573;7;12;8;0
23591;1060;573;7;12;8;0
23592;1068;573;7;12;8;0
23594;1076;573;7;12;8;0
23596;1084;573;7;12;8;0
23597;1092;573;7;12;8;0
23601;1100;573;7;12;8;0
23604;1108;573;7;12;8;0
23606;1124;573;7;12;8;0
23607;1212;573;7;12;8;0
23608;1132;573;7;12;8;0
23609;1140;573;7;12;8;0
23610;1148;573;7;12;8;0
23611;1156;573;7;12;8;0
23612;1164;573;7;12;8;0
23613;1172;573;7;12;8;0
23614;1180;573;7;12;8;0
23615;1188;573;7;12;8;0
23616;1196;573;7;12;8;0
23617;1204;573;7;12;8;0
23618;1220;573;7;12;8;0
23620;1428;573;7;12;8;0
23621;1436;573;7;12;8;0
23622;1444;573;7;12;8;0
23623;1660;573;7;12;8;0
23624;1668;573;7;12;8;0
23625;1676;573;7;12;8;0
23626;1684;573;7;12;8;0
23627;1692;573;7;12;8;0
23628;1700;573;7;12;8;0
23629;1708;573;7;12;8;0
23630;1716;573;7;12;8;0
23631;1724;573;7;12;8;0
23632;1732;573;7;12;8;0
23633;1740;573;7;12;8;0
23635;1748;573;7;12;8;0
23637;1756;573;7;12;8;0
23640;1764;573;7;12;8;0
23641;1772;573;7;12;8;0
23643;1780;573;7;12;8;0
23644;1788;573;7;12;8;0
23645;1796;573;7;12;8;0
23646;1804;573;7;12;8;0
23648;1812;573;7;12;8;0
23649;1820;573;7;12;8;0
23650;1828;573;7;12;8;0
23651;1836;573;7;12;8;0
23652;1652;573;7;12;8;0
23653;1644;573;7;12;8;0
23654;1636;573;7;12;8;0
23656;1532;573;7;12;8;0
23660;1452;573;7;12;8;0
23661;1460;573;7;12;8;0
23662;1468;573;7;12;8;0
23663;1476;573;7;12;8;0
23664;1484;573;7;12;8;0
23665;1492;573;7;12;8;0
23667;1500;573;7;12;8;0
23668;1508;573;7;12;8;0
23669;1516;573;7;12;8;0
23670;1524;573;7;12;8;0
23673;1540;573;7;12;8;0
23674;1628;573;7;12;8;0
23678;1548;573;7;12;8;0
23679;1556;573;7;12;8;0
23681;1564;573;7;12;8;0
23682;1572;573;7;12;8;0
23688;1580;573;7;12;8;0
23692;1588;573;7;12;8;0
23693;1596;573;7;12;8;0
23696;1604;573;7;12;8;0
23697;1612;573;7;12;8;0
23700;1620;573;7;12;8;0
23702;233;586;7;12;8;0
23703;665;586;7;12;8;0
23704;1921;586;7;12;8;0
23705;673;586;7;12;8;0
23706;1729;586;7;12;8;0
23707;1737;586;7;12;8;0
23708;1745;586;7;12;8;0
23712;1753;586;7;12;8;0
23713;1761;586;7;12;8;0
23714;1769;586;7;12;8;0
23715;1777;586;7;12;8;0
23720;1785;586;7;12;8;0
23721;1793;586;7;12;8;0
23723;1801;586;7;12;8;0
23724;1809;586;7;12;8;0
23725;1817;586;7;12;8;0
23729;1825;586;7;12;8;0
23731;1833;586;7;12;8;0
23733;1841;586;7;12;8;0
23734;1849;586;7;12;8;0
23735;1857;586;7;12;8;0
23736;1865;586;7;12;8;0
23739;1873;586;7;12;8;0
23740;1881;586;7;12;8;0
23741;1889;586;7;12;8;0
23742;1897;586;7;12;8;0
23743;1905;586;7;12;8;0
23744;1721;586;7;12;8;0
23745;1713;586;7;12;8;0
23748;1705;586;7;12;8;0
23749;1601;586;7;12;8;0
23751;1521;586;7;12;8;0
23755;1529;586;7;12;8;0
23762;1537;586;7;12;8;0
23769;1545;586;7;12;8;0
23776;1553;586;7;12;8;0
23777;1561;586;7;12;8;0
23779;1569;586;7;12;8;0
23780;1577;586;7;12;8;0
23781;1585;586;7;12;8;0
23782;1593;586;7;12;8;0
23784;1609;586;7;12;8;0
23785;1697;586;7;12;8;0
23786;1617;586;7;12;8;0
23789;1625;586;7;12;8;0
23791;1633;586;7;12;8;0
23792;1641;586;7;12;8;0
23796;1649;586;7;12;8;0
23798;1657;586;7;12;8;0
23802;1665;586;7;12;8;0
23803;1673;586;7;12;8;0
23805;1681;586;7;12;8;0
23809;1689;586;7;12;8;0
23810;1913;586;7;12;8;0
23811;1929;586;7;12;8;0
23814;289;599;7;12;8;0
23815;1937;586;7;12;8;0
23819;105;599;7;12;8;0
23820;113;599;7;12;8;0
23822;121;599;7;12;8;0
23825;129;599;7;12;8;0
23828;137;599;7;12;8;0
23829;145;599;7;12;8;0
23830;153;599;7;12;8;0
23831;161;599;7;12;8;0
23832;169;599;7;12;8;0
23833;177;599;7;12;8;0
23834;185;599;7;12;8;0
23835;193;599;7;12;8;0
23838;201;599;7;12;8;0
23839;209;599;7;12;8;0
23840;217;599;7;12;8;0
23842;225;599;7;12;8;0
23844;233;599;7;12;8;0
23846;241;599;7;12;8;0
23847;249;599;7;12;8;0
23849;257;599;7;12;8;0
23853;265;599;7;12;8;0
23854;273;599;7;12;8;0
23860;281;599;7;12;8;0
23869;97;599;7;12;8;0
23870;89;599;7;12;8;0
23879;81;599;7;12;8;0
23882;2025;586;7;12;8;0
23883;1945;586;7;12;8;0
23884;1953;586;7;12;8;0
23886;1961;586;7;12;8;0
23888;1969;586;7;12;8;0
23890;1977;586;7;12;8;0
23894;1985;586;7;12;8;0
23896;1993;586;7;12;8;0
23897;2001;586;7;12;8;0
23899;2009;586;7;12;8;0
23900;2017;586;7;12;8;0
23901;2033;586;7;12;8;0
23913;73;599;7;12;8;0
23915;2041;586;7;12;8;0
23916;1;599;7;12;8;0
23919;9;599;7;12;8;0
23923;17;599;7;12;8;0
23924;25;599;7;12;8;0
23926;33;599;7;12;8;0
23938;41;599;7;12;8;0
23940;49;599;7;12;8;0
23943;57;599;7;12;8;0
23947;65;599;7;12;8;0
23948;1513;586;7;12;8;0
23952;1505;586;7;12;8;0
23956;1497;586;7;12;8;0
23961;1489;586;7;12;8;0
23965;889;586;7;12;8;0
23968;897;586;7;12;8;0
23970;905;586;7;12;8;0
23980;913;586;7;12;8;0
23982;921;586;7;12;8;0
23991;929;586;7;12;8;0
23992;937;586;7;12;8;0
23994;945;586;7;12;8;0
23996;953;586;7;12;8;0
23997;961;586;7;12;8;0
24005;977;586;7;12;8;0
24009;1065;586;7;12;8;0
24012;985;586;7;12;8;0
24013;993;586;7;12;8;0
24018;1001;586;7;12;8;0
24019;1009;586;7;12;8;0
24020;1017;586;7;12;8;0
24022;1025;586;7;12;8;0
24027;1033;586;7;12;8;0
24029;1041;586;7;12;8;0
24030;1049;586;7;12;8;0
24031;1057;586;7;12;8;0
24032;881;586;7;12;8;0
24033;969;586;7;12;8;0
24034;873;586;7;12;8;0
24035;761;586;7;12;8;0
24036;681;586;7;12;8;0
24037;689;586;7;12;8;0
24038;697;586;7;12;8;0
24039;705;586;7;12;8;0
24040;713;586;7;12;8;0
24041;721;586;7;12;8;0
24043;729;586;7;12;8;0
24046;737;586;7;12;8;0
24047;745;586;7;12;8;0
24049;753;586;7;12;8;0
24050;769;586;7;12;8;0
24051;857;586;7;12;8;0
24052;777;586;7;12;8;0
24053;785;586;7;12;8;0
24055;793;586;7;12;8;0
24056;801;586;7;12;8;0
24059;809;586;7;12;8;0
24061;817;586;7;12;8;0
24062;825;586;7;12;8;0
24063;833;586;7;12;8;0
24064;841;586;7;12;8;0
24065;849;586;7;12;8;0
24066;865;586;7;12;8;0
24067;1073;586;7;12;8;0
24069;1081;586;7;12;8;0
24070;1089;586;7;12;8;0
24072;1305;586;7;12;8;0
24075;1313;586;7;12;8;0
24076;1321;586;7;12;8;0
24079;1329;586;7;12;8;0
24080;1337;586;7;12;8;0
24081;1345;586;7;12;8;0
24084;1353;586;7;12;8;0
24085;1361;586;7;12;8;0
24086;1369;586;7;12;8;0
24088;1377;586;7;12;8;0
24089;1385;586;7;12;8;0
24090;1393;586;7;12;8;0
24091;1401;586;7;12;8;0
24092;1409;586;7;12;8;0
24093;1417;586;7;12;8;0
24095;1425;586;7;12;8;0
24101;1433;586;7;12;8;0
24102;1441;586;7;12;8;0
24103;1449;586;7;12;8;0
24107;1457;586;7;12;8;0
24109;1465;586;7;12;8;0
24110;1473;586;7;12;8;0
24111;1481;586;7;12;8;0
24112;1297;586;7;12;8;0
24113;1289;586;7;12;8;0
24115;1281;586;7;12;8;0
24118;1177;586;7;12;8;0
24119;1097;586;7;12;8;0
24120;1105;586;7;12;8;0
24123;1113;586;7;12;8;0
24124;1121;586;7;12;8;0
24125;1129;586;7;12;8;0
24128;1137;586;7;12;8;0
24130;1145;586;7;12;8;0
24131;1153;586;7;12;8;0
24132;1161;586;7;12;8;0
24133;1169;586;7;12;8;0
24135;1185;586;7;12;8;0
24140;1273;586;7;12;8;0
24142;1193;586;7;12;8;0
24148;1201;586;7;12;8;0
24149;1209;586;7;12;8;0
24151;1217;586;7;12;8;0
24155;1225;586;7;12;8;0
24158;1233;586;7;12;8;0
24159;1241;586;7;12;8;0
24161;1249;586;7;12;8;0
24162;1257;586;7;12;8;0
24163;1265;586;7;12;8;0
24164;297;599;7;12;8;0
24170;1623;612;7;12;8;0
24171;1631;612;7;12;8;0
24178;1639;612;7;12;8;0
24179;1972;638;7;12;8;0
24180;1980;638;7;12;8;0
24181;1988;638;7;12;8;0
24182;1996;638;7;12;8;0
24183;2004;638;7;12;8;0
24184;2012;638;7;12;8;0
24185;2020;638;7;12;8;0
24186;2028;638;7;12;8;0
24187;2036;638;7;12;8;0
24188;1;651;7;12;8;0
24189;9;651;7;12;8;0
24190;17;651;7;12;8;0
24191;25;651;7;12;8;0
24192;33;651;7;12;8;0
24193;41;651;7;12;8;0
24194;49;651;7;12;8;0
24195;57;651;7;12;8;0
24196;65;651;7;12;8;0
24198;73;651;7;12;8;0
24199;81;651;7;12;8;0
24202;89;651;7;12;8;0
24203;97;651;7;12;8;0
24207;105;651;7;12;8;0
24208;1964;638;7;12;8;0
24209;1956;638;7;12;8;0
24211;1948;638;7;12;8;0
24212;1844;638;7;12;8;0
24213;1764;638;7;12;8;0
24214;1772;638;7;12;8;0
24215;1780;638;7;12;8;0
24217;1788;638;7;12;8;0
24218;1796;638;7;12;8;0
24220;1804;638;7;12;8;0
24222;1812;638;7;12;8;0
24223;1820;638;7;12;8;0
24224;1828;638;7;12;8;0
24229;1836;638;7;12;8;0
24230;1852;638;7;12;8;0
24231;1940;638;7;12;8;0
24235;1860;638;7;12;8;0
24237;1868;638;7;12;8;0
24243;1876;638;7;12;8;0
24244;1884;638;7;12;8;0
24245;1892;638;7;12;8;0
24246;1900;638;7;12;8;0
24247;1908;638;7;12;8;0
24248;1916;638;7;12;8;0
24249;1924;638;7;12;8;0
24254;1932;638;7;12;8;0
24257;113;651;7;12;8;0
24258;129;651;7;12;8;0
24259;537;651;7;12;8;0
24260;137;651;7;12;8;0
24264;353;651;7;12;8;0
24265;361;651;7;12;8;0
24266;369;651;7;12;8;0
24269;377;651;7;12;8;0
24271;385;651;7;12;8;0
24272;393;651;7;12;8;0
24273;401;651;7;12;8;0
24274;409;651;7;12;8;0
24275;417;651;7;12;8;0
24276;425;651;7;12;8;0
24278;433;651;7;12;8;0
24282;441;651;7;12;8;0
24283;449;651;7;12;8;0
24285;457;651;7;12;8;0
24287;465;651;7;12;8;0
24288;473;651;7;12;8;0
24289;481;651;7;12;8;0
24290;489;651;7;12;8;0
24291;497;651;7;12;8;0
24296;505;651;7;12;8;0
24297;513;651;7;12;8;0
24298;521;651;7;12;8;0
24300;529;651;7;12;8;0
24304;345;651;7;12;8;0
24305;337;651;7;12;8;0
24307;329;651;7;12;8;0
24308;225;651;7;12;8;0
24310;145;651;7;12;8;0
24311;153;651;7;12;8;0
24312;161;651;7;12;8;0
24314;169;651;7;12;8;0
24315;177;651;7;12;8;0
24316;185;651;7;12;8;0
24318;193;651;7;12;8;0
24319;201;651;7;12;8;0
24320;209;651;7;12;8;0
24321;217;651;7;12;8;0
24322;233;651;7;12;8;0
24323;321;651;7;12;8;0
24324;241;651;7;12;8;0
24327;249;651;7;12;8;0
24328;257;651;7;12;8;0
24329;265;651;7;12;8;0
24330;273;651;7;12;8;0
24331;281;651;7;12;8;0
24332;289;651;7;12;8;0
24333;297;651;7;12;8;0
24334;305;651;7;12;8;0
24335;313;651;7;12;8;0
24336;1756;638;7;12;8;0
24337;1748;638;7;12;8;0
24338;1740;638;7;12;8;0
24339;1732;638;7;12;8;0
24340;1135;638;7;12;8;0
24341;1143;638;7;12;8;0
24342;1151;638;7;12;8;0
24343;1159;638;7;12;8;0
24344;1167;638;7;12;8;0
24347;1175;638;7;12;8;0
24348;1183;638;7;12;8;0
24351;1191;638;7;12;8;0
24352;1199;638;7;12;8;0
24357;1207;638;7;12;8;0
24358;1223;638;7;12;8;0
24359;1311;638;7;12;8;0
24361;1231;638;7;12;8;0
24362;1239;638;7;12;8;0
24365;1247;638;7;12;8;0
24367;1255;638;7;12;8;0
24369;1263;638;7;12;8;0
24373;1271;638;7;12;8;0
24375;1279;638;7;12;8;0
24376;1287;638;7;12;8;0
24377;1295;638;7;12;8;0
24378;1303;638;7;12;8;0
24380;1127;638;7;12;8;0
24382;1215;638;7;12;8;0
24384;1119;638;7;12;8;0
24385;1008;638;7;12;8;0
24390;929;638;7;12;8;0
24392;937;638;7;12;8;0
24394;945;638;7;12;8;0
24396;953;638;7;12;8;0
24398;961;638;7;12;8;0
24400;969;638;6;12;8;1
24401;976;638;7;12;8;0
24402;984;638;7;12;8;0
24403;992;638;7;12;8;0
24405;1000;638;7;12;8;0
24406;1016;638;7;12;8;0
24407;1103;638;7;12;8;0
24408;1024;638;7;12;8;0
24409;1032;638;7;12;8;0
24412;1040;638;7;12;8;0
24413;1048;638;7;12;8;0
24414;1056;638;7;12;8;0
24417;1064;638;6;12;8;1
24418;1071;638;7;12;8;0
24419;1079;638;7;12;8;0
24420;1087;638;7;12;8;0
24421;1095;638;7;12;8;0
24422;1111;638;7;12;8;0
24423;1319;638;7;12;8;0
24425;1327;638;7;12;8;0
24426;1335;638;7;12;8;0
24427;1551;638;7;12;8;0
24428;1559;638;7;12;8;0
24429;1567;638;7;12;8;0
24432;1575;638;7;12;8;0
24433;1583;638;7;12;8;0
24435;1591;638;4;12;8;2
24439;1596;638;7;12;8;0
24441;1604;638;7;12;8;0
24443;1612;638;7;12;8;0
24444;1620;638;7;12;8;0
24447;1628;638;7;12;8;0
24448;1636;638;7;12;8;0
24449;1644;638;7;12;8;0
24450;1652;638;7;12;8;0
24451;1660;638;7;12;8;0
24452;1668;638;7;12;8;0
24453;1676;638;7;12;8;0
24455;1684;638;7;12;8;0
24456;1692;638;7;12;8;0
24457;1700;638;7;12;8;0
24458;1708;638;7;12;8;0
24459;1716;638;7;12;8;0
24460;1724;638;7;12;8;0
24464;1543;638;7;12;8;0
24465;1535;638;7;12;8;0
24466;1527;638;7;12;8;0
24467;1423;638;7;12;8;0
24469;1343;638;7;12;8;0
24471;1351;638;7;12;8;0
24472;1359;638;7;12;8;0
24473;1367;638;7;12;8;0
24476;1375;638;7;12;8;0
24478;1383;638;7;12;8;0
24480;1391;638;7;12;8;0
24481;1399;638;7;12;8;0
24488;1407;638;7;12;8;0
24489;1415;638;7;12;8;0
24490;1431;638;7;12;8;0
24491;1519;638;7;12;8;0
24492;1439;638;7;12;8;0
24493;1447;638;7;12;8;0
24494;1455;638;7;12;8;0
24499;1463;638;7;12;8;0
24500;1471;638;7;12;8;0
24501;1479;638;7;12;8;0
24503;1487;638;7;12;8;0
24505;1495;638;7;12;8;0
24508;1503;638;7;12;8;0
24509;1511;638;7;12;8;0
24515;121;651;7;12;8;0
24516;545;651;5;12;8;0
24517;551;651;7;12;8;0
24518;559;651;7;12;8;0
24521;1623;651;7;12;8;0
24524;1631;651;7;12;8;0
24525;1639;651;7;12;8;0
24527;1647;651;7;12;8;0
24528;1655;651;7;12;8;0
24529;1663;651;7;12;8;0
24530;1671;651;7;12;8;0
24531;1679;651;7;12;8;0
24534;1687;651;7;12;8;0
24535;1695;651;7;12;8;0
24536;1703;651;7;12;8;0
24537;1711;651;7;12;8;0
24540;1719;651;7;12;8;0
24541;1727;651;7;12;8;0
24543;1735;651;7;12;8;0
24544;1743;651;7;12;8;0
24545;1751;651;7;12;8;0
24548;1759;651;7;12;8;0
24551;1767;651;7;12;8;0
24554;1775;651;7;12;8;0
24555;1783;651;7;12;8;0
24557;1791;651;7;12;8;0
24558;1799;651;7;12;8;0
24560;1615;651;7;12;8;0
24561;1607;651;7;12;8;0
24565;1599;651;7;12;8;0
24568;1495;651;7;12;8;0
24571;1415;651;7;12;8;0
24572;1423;651;7;12;8;0
24573;1431;651;7;12;8;0
24574;1439;651;7;12;8;0
24575;1447;651;7;12;8;0
24576;1455;651;7;12;8;0
24577;1463;651;7;12;8;0
24578;1471;651;7;12;8;0
24579;1479;651;7;12;8;0
24580;1487;651;7;12;8;0
24581;1503;651;7;12;8;0
24582;1591;651;7;12;8;0
24586;1511;651;7;12;8;0
24589;1519;651;7;12;8;0
24590;1527;651;7;12;8;0
24591;1535;651;7;12;8;0
24592;1543;651;7;12;8;0
24594;1551;651;7;12;8;0
24596;1559;651;7;12;8;0
24597;1567;651;7;12;8;0
24598;1575;651;7;12;8;0
24601;1583;651;7;12;8;0
24603;1807;651;7;12;8;0
24604;1823;651;7;12;8;0
24605;185;664;7;12;8;0
24608;1831;651;7;12;8;0
24609;1;664;7;12;8;0
24613;9;664;7;12;8;0
24614;17;664;7;12;8;0
24615;25;664;7;12;8;0
24616;33;664;7;12;8;0
24617;41;664;7;12;8;0
24618;49;664;7;12;8;0
24619;57;664;7;12;8;0
24623;65;664;7;12;8;0
24625;73;664;7;12;8;0
24629;81;664;7;12;8;0
24634;89;664;7;12;8;0
24635;97;664;7;12;8;0
24636;105;664;7;12;8;0
24639;113;664;7;12;8;0
24641;121;664;7;12;8;0
24642;129;664;7;12;8;0
24643;137;664;7;12;8;0
24646;145;664;7;12;8;0
24650;153;664;7;12;8;0
24651;161;664;7;12;8;0
24653;169;664;7;12;8;0
24656;177;664;7;12;8;0
24658;2039;651;7;12;8;0
24659;2031;651;7;12;8;0
24661;2023;651;7;12;8;0
24665;1919;651;7;12;8;0
24666;1839;651;7;12;8;0
24669;1847;651;7;12;8;0
24671;1855;651;7;12;8;0
24672;1863;651;7;12;8;0
24674;1871;651;7;12;8;0
24675;1879;651;7;12;8;0
24676;1887;651;7;12;8;0
24677;1895;651;7;12;8;0
24679;1903;651;7;12;8;0
24680;1911;651;7;12;8;0
24681;1927;651;7;12;8;0
24682;2015;651;7;12;8;0
24683;1935;651;7;12;8;0
24684;1943;651;7;12;8;0
24685;1951;651;7;12;8;0
24687;1959;651;7;12;8;0
24688;1967;651;7;12;8;0
24691;1975;651;7;12;8;0
24693;1983;651;7;12;8;0
24694;1991;651;7;12;8;0
24695;1999;651;7;12;8;0
24696;2007;651;7;12;8;0
24697;1407;651;7;12;8;0
24698;1815;651;7;12;8;0
24699;1399;651;7;12;8;0
24700;967;651;7;12;8;0
24701;775;651;7;12;8;0
24703;783;651;7;12;8;0
24705;791;651;7;12;8;0
24707;799;651;7;12;8;0
24708;807;651;7;12;8;0
24709;815;651;7;12;8;0
24713;823;651;7;12;8;0
24715;831;651;7;12;8;0
24716;839;651;7;12;8;0
24717;847;651;7;12;8;0
24722;855;651;7;12;8;0
24724;863;651;7;12;8;0
24726;871;651;7;12;8;0
24727;879;651;7;12;8;0
24730;887;651;7;12;8;0
24731;895;651;7;12;8;0
24733;903;651;7;12;8;0
24735;911;651;7;12;8;0
24736;919;651;7;12;8;0
24739;927;651;7;12;8;0
24742;935;651;7;12;8;0
24743;943;651;7;12;8;0
24744;951;651;7;12;8;0
24745;767;651;7;12;8;0
24746;759;651;7;12;8;0
24747;751;651;7;12;8;0
24748;647;651;7;12;8;0
24749;567;651;7;12;8;0
24751;575;651;7;12;8;0
24753;583;651;7;12;8;0
24754;591;651;7;12;8;0
24755;599;651;7;12;8;0
24756;607;651;7;12;8;0
24757;615;651;7;12;8;0
24758;623;651;7;12;8;0
24760;631;651;7;12;8;0
24763;639;651;7;12;8;0
24764;655;651;7;12;8;0
24765;743;651;7;12;8;0
24773;663;651;7;12;8;0
24774;671;651;7;12;8;0
24775;679;651;7;12;8;0
24778;687;651;7;12;8;0
24779;695;651;7;12;8;0
24785;703;651;7;12;8;0
24787;711;651;7;12;8;0
24789;719;651;7;12;8;0
24792;727;651;7;12;8;0
24794;735;651;7;12;8;0
24796;959;651;7;12;8;0
24797;975;651;7;12;8;0
24799;1383;651;7;12;8;0
24800;983;651;7;12;8;0
24801;1199;651;7;12;8;0
24803;1207;651;7;12;8;0
24806;1215;651;7;12;8;0
24807;1223;651;7;12;8;0
24808;1231;651;7;12;8;0
24809;1239;651;7;12;8;0
24811;1247;651;7;12;8;0
24812;1255;651;7;12;8;0
24813;1263;651;7;12;8;0
24814;1271;651;7;12;8;0
24815;1279;651;7;12;8;0
24816;1287;651;7;12;8;0
24817;1295;651;7;12;8;0
24819;1303;651;7;12;8;0
24820;1311;651;7;12;8;0
24822;1319;651;7;12;8;0
24823;1327;651;7;12;8;0
24825;1335;651;7;12;8;0
24826;1343;651;7;12;8;0
24827;1351;651;7;12;8;0
24832;1359;651;7;12;8;0
24833;1367;651;7;12;8;0
24835;1375;651;7;12;8;0
24838;1191;651;7;12;8;0
24840;1183;651;7;12;8;0
24841;1175;651;7;12;8;0
24845;1071;651;7;12;8;0
24846;991;651;7;12;8;0
24847;999;651;7;12;8;0
24850;1007;651;7;12;8;0
24851;1015;651;7;12;8;0
24852;1023;651;7;12;8;0
24853;1031;651;7;12;8;0
24858;1039;651;7;12;8;0
24859;1047;651;7;12;8;0
24860;1055;651;7;12;8;0
24863;1063;651;7;12;8;0
24864;1079;651;7;12;8;0
24865;1167;651;7;12;8;0
24867;1087;651;7;12;8;0
24868;1095;651;7;12;8;0
24870;1103;651;7;12;8;0
24871;1111;651;7;12;8;0
24872;1119;651;7;12;8;0
24875;1127;651;7;12;8;0
24876;1135;651;7;12;8;0
24884;1143;651;7;12;8;0
24887;1151;651;7;12;8;0
24892;1159;651;7;12;8;0
24893;921;638;7;12;8;0
24894;913;638;7;12;8;0
24895;905;638;7;12;8;0
24898;1265;625;7;12;8;0
24900;649;625;7;12;8;0
24903;657;625;7;12;8;0
24904;665;625;7;12;8;0
24906;673;625;7;12;8;0
24907;681;625;7;12;8;0
24908;689;625;7;12;8;0
24909;697;625;7;12;8;0
24910;705;625;7;12;8;0
24913;713;625;7;12;8;0
24915;721;625;7;12;8;0
24917;729;625;7;12;8;0
24920;737;625;7;12;8;0
24921;745;625;7;12;8;0
24922;753;625;7;12;8;0
24925;761;625;7;12;8;0
24927;769;625;7;12;8;0
24930;777;625;7;12;8;0
24931;785;625;7;12;8;0
24932;793;625;7;12;8;0
24933;801;625;7;12;8;0
24935;809;625;7;12;8;0
24936;817;625;7;12;8;0
24938;825;625;7;12;8;0
24939;641;625;7;12;8;0
24942;633;625;7;12;8;0
24943;625;625;7;12;8;0
24944;521;625;7;12;8;0
24945;441;625;7;12;8;0
24947;449;625;7;12;8;0
24948;457;625;7;12;8;0
24949;465;625;7;12;8;0
24950;473;625;7;12;8;0
24951;481;625;7;12;8;0
24956;489;625;7;12;8;0
24958;497;625;7;12;8;0
24962;505;625;7;12;8;0
24967;513;625;7;12;8;0
24970;529;625;7;12;8;0
24971;617;625;7;12;8;0
24974;537;625;7;12;8;0
24976;545;625;7;12;8;0
24977;553;625;7;12;8;0
24980;561;625;7;12;8;0
24982;569;625;7;12;8;0
24985;577;625;7;12;8;0
24986;585;625;7;12;8;0
24989;593;625;7;12;8;0
24996;601;625;7;12;8;0
24999;609;625;7;12;8;0
25000;833;625;7;12;8;0
25001;849;625;7;12;8;0
25003;1257;625;7;12;8;0
25004;857;625;7;12;8;0
25006;1073;625;7;12;8;0
25010;1081;625;7;12;8;0
25014;1089;625;7;12;8;0
25015;1097;625;7;12;8;0
25018;1105;625;7;12;8;0
25022;1113;625;7;12;8;0
25026;1121;625;7;12;8;0
25027;1129;625;7;12;8;0
25030;1137;625;7;12;8;0
25031;1145;625;7;12;8;0
25032;1153;625;7;12;8;0
25033;1161;625;7;12;8;0
25034;1169;625;7;12;8;0
25035;1177;625;7;12;8;0
25036;1185;625;7;12;8;0
25037;1193;625;7;12;8;0
25040;1201;625;7;12;8;0
25041;1209;625;7;12;8;0
25042;1217;625;7;12;8;0
25044;1225;625;7;12;8;0
25054;1233;625;7;12;8;0
25055;1241;625;7;12;8;0
25059;1249;625;7;12;8;0
25062;1065;625;7;12;8;0
25064;1057;625;7;12;8;0
25074;1049;625;7;12;8;0
25076;945;625;7;12;8;0
25077;865;625;7;12;8;0
25078;873;625;7;12;8;0
25079;881;625;7;12;8;0
25080;889;625;7;12;8;0
25082;897;625;7;12;8;0
25084;905;625;7;12;8;0
25085;913;625;7;12;8;0
25086;921;625;7;12;8;0
25087;929;625;7;12;8;0
25088;937;625;7;12;8;0
25094;953;625;7;12;8;0
25095;1041;625;7;12;8;0
25096;961;625;7;12;8;0
25097;969;625;7;12;8;0
25098;977;625;7;12;8;0
25099;985;625;7;12;8;0
25100;993;625;7;12;8;0
25101;1001;625;7;12;8;0
25102;1009;625;7;12;8;0
25103;1017;625;7;12;8;0
25104;1025;625;7;12;8;0
25105;1033;625;7;12;8;0
25106;433;625;7;12;8;0
25107;425;625;7;12;8;0
25108;417;625;7;12;8;0
25109;409;625;7;12;8;0
25110;1851;612;7;12;8;0
25111;1859;612;7;12;8;0
25112;1867;612;7;12;8;0
25113;1875;612;7;12;8;0
25114;1883;612;7;12;8;0
25115;1891;612;7;12;8;0
25117;1899;612;7;12;8;0
25118;1907;612;7;12;8;0
25119;1915;612;7;12;8;0
25121;1923;612;7;12;8;0
25122;1939;612;7;12;8;0
25124;2027;612;7;12;8;0
25125;1947;612;7;12;8;0
25126;1955;612;7;12;8;0
25129;1963;612;7;12;8;0
25130;1971;612;7;12;8;0
25132;1979;612;7;12;8;0
25134;1987;612;7;12;8;0
25135;1995;612;7;12;8;0
25136;2003;612;7;12;8;0
25138;2011;612;7;12;8;0
25139;2019;612;7;12;8;0
25140;1843;612;7;12;8;0
25142;1931;612;7;12;8;0
25143;1835;612;7;12;8;0
25144;1727;612;7;12;8;0
25147;1647;612;7;12;8;0
25149;1655;612;7;12;8;0
25150;1663;612;7;12;8;0
25151;1671;612;7;12;8;0
25152;1679;612;7;12;8;0
25153;1687;612;7;12;8;0
25155;1695;612;7;12;8;0
25159;1703;612;7;12;8;0
25160;1711;612;7;12;8;0
25161;1719;612;7;12;8;0
25163;1735;612;7;12;8;0
25164;1823;612;3;12;8;0
25165;1743;612;7;12;8;0
25166;1751;612;7;12;8;0
25169;1759;612;7;12;8;0
25170;1767;612;7;12;8;0
25171;1775;612;7;12;8;0
25172;1783;612;7;12;8;0
25173;1791;612;7;12;8;0
25176;1799;612;7;12;8;0
25177;1807;612;7;12;8;0
25178;1815;612;7;12;8;0
25179;1827;612;7;12;8;0
25182;2035;612;7;12;8;0
25184;1;625;7;12;8;0
25187;9;625;7;12;8;0
25189;225;625;7;12;8;0
25190;233;625;7;12;8;0
25191;241;625;7;12;8;0
25192;249;625;7;12;8;0
25193;257;625;7;12;8;0
25194;265;625;7;12;8;0
25195;273;625;7;12;8;0
25196;281;625;7;12;8;0
25197;289;625;7;12;8;0
25198;297;625;7;12;8;0
25199;305;625;7;12;8;0
25200;313;625;7;12;8;0
25201;321;625;7;12;8;0
25203;329;625;7;12;8;0
25206;337;625;7;12;8;0
25209;345;625;7;12;8;0
25210;353;625;7;12;8;0
25212;361;625;7;12;8;0
25214;369;625;7;12;8;0
25215;377;625;7;12;8;0
25216;385;625;7;12;8;0
25218;393;625;7;12;8;0
25219;401;625;7;12;8;0
25220;217;625;7;12;8;0
25222;209;625;7;12;8;0
25225;201;625;7;12;8;0
25226;97;625;7;12;8;0
25228;17;625;7;12;8;0
25233;25;625;7;12;8;0
25234;33;625;7;12;8;0
25235;41;625;7;12;8;0
25236;49;625;7;12;8;0
25237;57;625;7;12;8;0
25238;65;625;7;12;8;0
25239;73;625;7;12;8;0
25240;81;625;7;12;8;0
25242;89;625;7;12;8;0
25243;105;625;7;12;8;0
25244;193;625;7;12;8;0
25246;113;625;7;12;8;0
25247;121;625;7;12;8;0
25248;129;625;7;12;8;0
25249;137;625;7;12;8;0
25250;145;625;7;12;8;0
25252;153;625;7;12;8;0
25253;161;625;7;12;8;0
25254;169;625;7;12;8;0
25256;177;625;7;12;8;0
25259;185;625;7;12;8;0
25260;841;625;7;12;8;0
25265;1273;625;7;12;8;0
25269;481;638;7;12;8;0
25273;1281;625;7;12;8;0
25274;289;638;7;12;8;0
25275;297;638;7;12;8;0
25276;305;638;7;12;8;0
25277;313;638;7;12;8;0
25279;321;638;7;12;8;0
25282;329;638;7;12;8;0
25283;337;638;7;12;8;0
25284;345;638;7;12;8;0
25285;353;638;7;12;8;0
25286;361;638;7;12;8;0
25287;369;638;7;12;8;0
25288;377;638;7;12;8;0
25289;385;638;7;12;8;0
25290;393;638;7;12;8;0
25291;401;638;7;12;8;0
25292;409;638;7;12;8;0
25293;417;638;7;12;8;0
25294;425;638;7;12;8;0
25295;433;638;7;12;8;0
25296;441;638;7;12;8;0
25297;449;638;7;12;8;0
25298;457;638;7;12;8;0
25299;465;638;7;12;8;0
25300;281;638;7;12;8;0
25302;273;638;7;12;8;0
25303;265;638;7;12;8;0
25304;161;638;7;12;8;0
25305;81;638;7;12;8;0
25306;89;638;7;12;8;0
25307;97;638;7;12;8;0
25308;105;638;7;12;8;0
25309;113;638;7;12;8;0
25311;121;638;7;12;8;0
25312;129;638;7;12;8;0
25313;137;638;7;12;8;0
25314;145;638;7;12;8;0
25315;153;638;7;12;8;0
25316;169;638;7;12;8;0
25317;257;638;7;12;8;0
25318;177;638;7;12;8;0
25319;185;638;7;12;8;0
25320;193;638;7;12;8;0
25321;201;638;7;12;8;0
25324;209;638;7;12;8;0
25325;217;638;7;12;8;0
25326;225;638;7;12;8;0
25327;233;638;7;12;8;0
25329;241;638;7;12;8;0
25331;249;638;7;12;8;0
25332;473;638;7;12;8;0
25333;489;638;7;12;8;0
25334;897;638;7;12;8;0
25335;497;638;7;12;8;0
25340;713;638;7;12;8;0
25341;721;638;7;12;8;0
25342;729;638;7;12;8;0
25343;737;638;7;12;8;0
25345;745;638;7;12;8;0
25346;753;638;7;12;8;0
25351;761;638;7;12;8;0
25352;769;638;7;12;8;0
25353;777;638;7;12;8;0
25356;785;638;7;12;8;0
25358;793;638;7;12;8;0
25361;801;638;7;12;8;0
25366;809;638;7;12;8;0
25369;817;638;7;12;8;0
25370;825;638;7;12;8;0
25371;833;638;7;12;8;0
25373;841;638;7;12;8;0
25374;849;638;7;12;8;0
25375;857;638;7;12;8;0
25376;865;638;7;12;8;0
25377;873;638;7;12;8;0
25378;881;638;7;12;8;0
25379;889;638;7;12;8;0
25380;705;638;7;12;8;0
25381;697;638;7;12;8;0
25382;689;638;7;12;8;0
25383;585;638;7;12;8;0
25384;505;638;7;12;8;0
25386;513;638;7;12;8;0
25387;521;638;7;12;8;0
25391;529;638;7;12;8;0
25394;537;638;7;12;8;0
25397;545;638;7;12;8;0
25401;553;638;7;12;8;0
25402;561;638;7;12;8;0
25405;569;638;7;12;8;0
25406;577;638;7;12;8;0
25407;593;638;7;12;8;0
25410;681;638;7;12;8;0
25411;601;638;7;12;8;0
25413;609;638;7;12;8;0
25414;617;638;7;12;8;0
25417;625;638;7;12;8;0
25419;633;638;7;12;8;0
25420;641;638;7;12;8;0
25421;649;638;7;12;8;0
25422;657;638;7;12;8;0
25423;665;638;7;12;8;0
25424;673;638;7;12;8;0
25429;73;638;7;12;8;0
25431;65;638;7;12;8;0
25436;57;638;7;12;8;0
25438;49;638;7;12;8;0
25439;1497;625;7;12;8;0
25441;1505;625;7;12;8;0
25442;1513;625;7;12;8;0
25443;1521;625;7;12;8;0
25447;1529;625;7;12;8;0
25448;1537;625;7;12;8;0
25449;1545;625;7;12;8;0
25451;1553;625;7;12;8;0
25453;1561;625;7;12;8;0
25454;1569;625;7;12;8;0
25455;1585;625;7;12;8;0
25457;1673;625;7;12;8;0
25458;1593;625;7;12;8;0
25462;1601;625;7;12;8;0
25463;1609;625;7;12;8;0
25466;1617;625;7;12;8;0
25467;1625;625;7;12;8;0
25469;1633;625;7;12;8;0
25472;1641;625;7;12;8;0
25474;1649;625;7;12;8;0
25475;1657;625;7;12;8;0
25476;1665;625;7;12;8;0
25479;1489;625;7;12;8;0
25480;1577;625;7;12;8;0
25481;1481;625;7;12;8;0
25482;1369;625;7;12;8;0
25484;1289;625;7;12;8;0
25486;1297;625;7;12;8;0
25487;1305;625;7;12;8;0
25488;1313;625;7;12;8;0
25490;1321;625;7;12;8;0
25494;1329;625;7;12;8;0
25496;1337;625;7;12;8;0
25497;1345;625;7;12;8;0
25499;1353;625;7;12;8;0
25503;1361;625;7;12;8;0
25504;1377;625;7;12;8;0
25505;1465;625;7;12;8;0
25506;1385;625;7;12;8;0
25507;1393;625;7;12;8;0
25509;1401;625;7;12;8;0
25511;1409;625;7;12;8;0
25512;1417;625;7;12;8;0
25513;1425;625;7;12;8;0
25514;1433;625;7;12;8;0
25515;1441;625;7;12;8;0
25516;1449;625;7;12;8;0
25517;1457;625;7;12;8;0
25518;1473;625;7;12;8;0
25520;1681;625;7;12;8;0
25522;1689;625;7;12;8;0
25523;1697;625;7;12;8;0
25524;1913;625;7;12;8;0
25525;1921;625;7;12;8;0
25527;1929;625;7;12;8;0
25528;1937;625;7;12;8;0
25529;1945;625;7;12;8;0
25530;1953;625;7;12;8;0
25531;1961;625;7;12;8;0
25532;1969;625;7;12;8;0
25534;1977;625;7;12;8;0
25536;1985;625;7;12;8;0
25539;1993;625;7;12;8;0
25540;2001;625;7;12;8;0
25542;2009;625;7;12;8;0
25544;2017;625;7;12;8;0
25545;2025;625;7;12;8;0
25549;2033;625;7;12;8;0
25550;2041;625;7;12;8;0
25551;1;638;7;12;8;0
25552;9;638;7;12;8;0
25554;17;638;7;12;8;0
25558;25;638;7;12;8;0
25562;33;638;7;12;8;0
25563;41;638;7;12;8;0
25566;1905;625;7;12;8;0
25568;1897;625;7;12;8;0
25569;1889;625;7;12;8;0
25571;1785;625;7;12;8;0
25572;1705;625;7;12;8;0
25574;1713;625;7;12;8;0
25577;1721;625;7;12;8;0
25578;1729;625;7;12;8;0
25580;1737;625;7;12;8;0
25581;1745;625;7;12;8;0
25582;1753;625;7;12;8;0
25586;1761;625;7;12;8;0
25588;1769;625;7;12;8;0
25590;1777;625;7;12;8;0
25592;1793;625;7;12;8;0
25593;1881;625;7;12;8;0
25594;1801;625;7;12;8;0
25595;1809;625;7;12;8;0
25596;1817;625;7;12;8;0
25597;1825;625;7;12;8;0
25598;1833;625;7;12;8;0
25599;1841;625;7;12;8;0
25600;1849;625;7;12;8;0
25601;1857;625;7;12;8;0
25602;1865;625;7;12;8;0
25605;1873;625;7;12;8;0
25606;1028;573;7;12;8;0
25607;1391;651;7;12;8;0
25611;1020;573;7;12;8;0
25612;169;573;7;12;8;0
25613;145;521;7;12;8;0
25615;153;521;7;12;8;0
25616;161;521;7;12;8;0
25619;169;521;7;12;8;0
25620;177;521;7;12;8;0
25622;185;521;7;12;8;0
25623;193;521;7;12;8;0
25625;201;521;7;12;8;0
25627;209;521;7;12;8;0
25628;217;521;7;12;8;0
25629;225;521;7;12;8;0
25630;233;521;7;12;8;0
25632;241;521;7;12;8;0
25633;249;521;7;12;8;0
25635;257;521;7;12;8;0
25637;265;521;7;12;8;0
25638;273;521;7;12;8;0
25639;281;521;7;12;8;0
25640;289;521;7;12;8;0
25642;297;521;7;12;8;0
25644;305;521;7;12;8;0
25645;313;521;7;12;8;0
25650;321;521;7;12;8;0
25652;137;521;7;12;8;0
25653;129;521;7;12;8;0
25654;121;521;7;12;8;0
25658;17;521;7;12;8;0
25661;1985;508;7;12;8;0
25662;1993;508;7;12;8;0
25663;2001;508;7;12;8;0
25664;2009;508;7;12;8;0
25665;2017;508;7;12;8;0
25666;2025;508;7;12;8;0
25667;2033;508;7;12;8;0
25668;2041;508;7;12;8;0
25669;1;521;7;12;8;0
25670;9;521;7;12;8;0
25671;25;521;7;12;8;0
25672;113;521;7;12;8;0
25674;33;521;7;12;8;0
25678;41;521;7;12;8;0
25681;49;521;7;12;8;0
25682;57;521;7;12;8;0
25684;65;521;7;12;8;0
25688;73;521;7;12;8;0
25689;81;521;7;12;8;0
25692;89;521;7;12;8;0
25694;97;521;7;12;8;0
25695;105;521;7;12;8;0
25703;329;521;7;12;8;0
25705;345;521;7;12;8;0
25709;753;521;7;12;8;0
25711;353;521;7;12;8;0
25712;569;521;7;12;8;0
25713;577;521;7;12;8;0
25715;585;521;7;12;8;0
25717;593;521;7;12;8;0
25718;601;521;7;12;8;0
25719;609;521;7;12;8;0
25720;617;521;7;12;8;0
25721;625;521;7;12;8;0
25722;633;521;7;12;8;0
25723;641;521;7;12;8;0
25730;649;521;7;12;8;0
25731;657;521;7;12;8;0
25732;665;521;7;12;8;0
25733;673;521;7;12;8;0
25735;681;521;7;12;8;0
25736;689;521;7;12;8;0
25741;697;521;7;12;8;0
25744;705;521;7;12;8;0
25745;713;521;7;12;8;0
25746;721;521;7;12;8;0
25747;729;521;7;12;8;0
25749;737;521;7;12;8;0
25750;745;521;7;12;8;0
25752;561;521;7;12;8;0
25753;553;521;7;12;8;0
25754;545;521;7;12;8;0
25758;441;521;7;12;8;0
25759;361;521;7;12;8;0
25762;369;521;7;12;8;0
25763;377;521;7;12;8;0
25764;385;521;7;12;8;0
25765;393;521;7;12;8;0
25769;401;521;7;12;8;0
25771;409;521;7;12;8;0
25772;417;521;7;12;8;0
25773;425;521;7;12;8;0
25774;433;521;7;12;8;0
25776;449;521;7;12;8;0
25778;537;521;7;12;8;0
25779;457;521;7;12;8;0
25780;465;521;7;12;8;0
25781;473;521;7;12;8;0
25783;481;521;7;12;8;0
25784;489;521;7;12;8;0
25785;497;521;7;12;8;0
25786;505;521;7;12;8;0
25787;513;521;7;12;8;0
25788;521;521;7;12;8;0
25790;529;521;7;12;8;0
25791;1977;508;7;12;8;0
25792;1969;508;7;12;8;0
25793;1961;508;7;12;8;0
25794;1953;508;7;12;8;0
25796;1353;508;7;12;8;0
25797;1361;508;7;12;8;0
25799;1369;508;7;12;8;0
25802;1377;508;7;12;8;0
25803;1385;508;7;12;8;0
25805;1393;508;7;12;8;0
25806;1401;508;7;12;8;0
25808;1409;508;7;12;8;0
25810;1417;508;7;12;8;0
25812;1425;508;7;12;8;0
25815;1441;508;7;12;8;0
25816;1529;508;7;12;8;0
25818;1449;508;7;12;8;0
25821;1457;508;7;12;8;0
25822;1465;508;7;12;8;0
25824;1473;508;7;12;8;0
25825;1481;508;7;12;8;0
25826;1489;508;7;12;8;0
25827;1497;508;7;12;8;0
25828;1505;508;7;12;8;0
25830;1513;508;7;12;8;0
25831;1521;508;7;12;8;0
25836;1345;508;7;12;8;0
25837;1433;508;7;12;8;0
25839;1337;508;7;12;8;0
25840;1225;508;7;12;8;0
25841;1145;508;7;12;8;0
25842;1153;508;7;12;8;0
25844;1161;508;7;12;8;0
25846;1169;508;7;12;8;0
25847;1177;508;7;12;8;0
25848;1185;508;7;12;8;0
25850;1193;508;7;12;8;0
25851;1201;508;7;12;8;0
25852;1209;508;7;12;8;0
25853;1217;508;7;12;8;0
25854;1233;508;7;12;8;0
25856;1321;508;7;12;8;0
25861;1241;508;7;12;8;0
25862;1249;508;7;12;8;0
25865;1257;508;7;12;8;0
25871;1265;508;7;12;8;0
25873;1273;508;7;12;8;0
25874;1281;508;7;12;8;0
25876;1289;508;7;12;8;0
25878;1297;508;7;12;8;0
25880;1305;508;7;12;8;0
25881;1313;508;7;12;8;0
25884;1329;508;7;12;8;0
25885;1537;508;7;12;8;0
25886;1545;508;7;12;8;0
25890;1553;508;7;12;8;0
25891;1769;508;7;12;8;0
25892;1777;508;7;12;8;0
25893;1785;508;7;12;8;0
25898;1793;508;7;12;8;0
25899;1801;508;7;12;8;0
25900;1809;508;7;12;8;0
25902;1817;508;7;12;8;0
25903;1825;508;7;12;8;0
25904;1833;508;7;12;8;0
25908;1841;508;7;12;8;0
25909;1849;508;7;12;8;0
25910;1857;508;7;12;8;0
25911;1865;508;7;12;8;0
25912;1873;508;7;12;8;0
25913;1881;508;7;12;8;0
25914;1889;508;7;12;8;0
25915;1897;508;7;12;8;0
25918;1905;508;7;12;8;0
25919;1913;508;7;12;8;0
25925;1921;508;7;12;8;0
25928;1929;508;7;12;8;0
25929;1937;508;7;12;8;0
25932;1945;508;7;12;8;0
25933;1761;508;7;12;8;0
25934;1753;508;7;12;8;0
25935;1745;508;7;12;8;0
25937;1641;508;7;12;8;0
25940;1561;508;7;12;8;0
25941;1569;508;7;12;8;0
25942;1577;508;7;12;8;0
25943;1585;508;7;12;8;0
25944;1593;508;7;12;8;0
25945;1601;508;7;12;8;0
25947;1609;508;7;12;8;0
25949;1617;508;7;12;8;0
25950;1625;508;7;12;8;0
25954;1633;508;7;12;8;0
25955;1649;508;7;12;8;0
25958;1737;508;7;12;8;0
25963;1657;508;7;12;8;0
25964;1665;508;7;12;8;0
25968;1673;508;7;12;8;0
25970;1681;508;7;12;8;0
25972;1689;508;7;12;8;0
25973;1697;508;7;12;8;0
25975;1705;508;7;12;8;0
25976;1713;508;7;12;8;0
25986;1721;508;7;12;8;0
25987;1729;508;7;12;8;0
25991;337;521;7;12;8;0
25992;769;521;7;12;8;0
25993;2022;521;7;12;8;0
25995;777;521;7;12;8;0
25996;1830;521;7;12;8;0
25998;1838;521;7;12;8;0
26000;1846;521;7;12;8;0
26001;1854;521;7;12;8;0
26003;1862;521;7;12;8;0
26005;1870;521;7;12;8;0
26007;1878;521;7;12;8;0
26009;1886;521;7;12;8;0
26011;1894;521;7;12;8;0
26012;1902;521;7;12;8;0
26015;1910;521;7;12;8;0
26017;1918;521;7;12;8;0
26020;1926;521;7;12;8;0
26021;1934;521;7;12;8;0
26023;1942;521;7;12;8;0
26025;1950;521;7;12;8;0
26027;1958;521;7;12;8;0
26028;1966;521;7;12;8;0
26029;1974;521;7;12;8;0
26031;1982;521;7;12;8;0
26032;1990;521;7;12;8;0
26034;1998;521;7;12;8;0
26039;2006;521;7;12;8;0
26041;1822;521;7;12;8;0
26044;1814;521;7;12;8;0
26045;1806;521;7;12;8;0
26049;1704;521;7;12;8;0
26050;1624;521;7;12;8;0
26051;1632;521;7;12;8;0
26052;1640;521;7;12;8;0
26053;1648;521;7;12;8;0
26054;1656;521;7;12;8;0
26059;1664;521;7;12;8;0
26060;1672;521;7;12;8;0
26062;1680;521;7;12;8;0
26063;1688;521;7;12;8;0
26066;1696;521;7;12;8;0
26070;1712;521;7;12;8;0
26071;1798;521;7;12;8;0
26073;1720;521;7;12;8;0
26075;1728;521;7;12;8;0
26080;1736;521;7;12;8;0
26081;1744;521;7;12;8;0
26082;1752;521;7;12;8;0
26085;1760;521;6;12;8;1
26086;1767;521;7;12;8;0
26087;1775;521;7;12;8;0
26088;1783;521;6;12;8;1
26089;1790;521;7;12;8;0
26092;2014;521;7;12;8;0
26093;2030;521;7;12;8;0
26094;393;534;7;12;8;0
26095;2038;521;7;12;8;0
26096;209;534;7;12;8;0
26097;217;534;7;12;8;0
26102;225;534;7;12;8;0
26103;233;534;7;12;8;0
26104;241;534;7;12;8;0
26106;249;534;7;12;8;0
26107;257;534;7;12;8;0
26108;265;534;7;12;8;0
26112;273;534;7;12;8;0
26114;281;534;7;12;8;0
26115;289;534;7;12;8;0
26118;297;534;7;12;8;0
26119;305;534;7;12;8;0
26121;313;534;7;12;8;0
26122;321;534;7;12;8;0
26124;329;534;7;12;8;0
26126;337;534;7;12;8;0
26127;345;534;7;12;8;0
26131;353;534;7;12;8;0
26132;361;534;7;12;8;0
26133;369;534;7;12;8;0
26137;377;534;7;12;8;0
26140;385;534;7;12;8;0
26141;201;534;7;12;8;0
26143;193;534;7;12;8;0
26144;185;534;7;12;8;0
26148;81;534;7;12;8;0
26149;1;534;7;12;8;0
26151;9;534;7;12;8;0
26152;17;534;7;12;8;0
26155;25;534;7;12;8;0
26157;33;534;7;12;8;0
26159;41;534;7;12;8;0
26161;49;534;7;12;8;0
26164;57;534;7;12;8;0
26165;65;534;7;12;8;0
26166;73;534;7;12;8;0
26172;89;534;7;12;8;0
26174;177;534;7;12;8;0
26175;97;534;7;12;8;0
26177;105;534;7;12;8;0
26178;113;534;7;12;8;0
26179;121;534;7;12;8;0
26180;129;534;7;12;8;0
26181;137;534;7;12;8;0
26185;145;534;7;12;8;0
26187;153;534;7;12;8;0
26188;161;534;7;12;8;0
26191;169;534;7;12;8;0
26194;1616;521;7;12;8;0
26195;1608;521;7;12;8;0
26196;1600;521;7;12;8;0
26197;1592;521;7;12;8;0
26198;993;521;7;12;8;0
26199;1001;521;7;12;8;0
26202;1009;521;7;12;8;0
26205;1017;521;7;12;8;0
26206;1025;521;7;12;8;0
26207;1033;521;7;12;8;0
26209;1041;521;7;12;8;0
26210;1049;521;7;12;8;0
26212;1057;521;7;12;8;0
26214;1065;521;7;12;8;0
26215;1081;521;7;12;8;0
26216;1169;521;7;12;8;0
26217;1089;521;7;12;8;0
26222;1097;521;7;12;8;0
26223;1105;521;7;12;8;0
26224;1113;521;7;12;8;0
26228;1121;521;7;12;8;0
26230;1129;521;7;12;8;0
26231;1137;521;7;12;8;0
26234;1145;521;7;12;8;0
26238;1153;521;7;12;8;0
26241;1161;521;7;12;8;0
26242;985;521;7;12;8;0
26243;1073;521;7;12;8;0
26244;977;521;7;12;8;0
26247;865;521;7;12;8;0
26248;785;521;7;12;8;0
26249;793;521;7;12;8;0
26252;801;521;7;12;8;0
26253;809;521;7;12;8;0
26254;817;521;7;12;8;0
26256;825;521;7;12;8;0
26257;833;521;7;12;8;0
26262;841;521;7;12;8;0
26263;849;521;7;12;8;0
26264;857;521;7;12;8;0
26269;873;521;7;12;8;0
26274;961;521;7;12;8;0
26278;881;521;7;12;8;0
26279;889;521;7;12;8;0
26280;897;521;7;12;8;0
26282;905;521;7;12;8;0
26283;913;521;7;12;8;0
26286;921;521;7;12;8;0
26289;929;521;7;12;8;0
26292;937;521;7;12;8;0
26296;945;521;7;12;8;0
26297;953;521;7;12;8;0
26300;969;521;7;12;8;0
26302;1177;521;7;12;8;0
26305;1185;521;7;12;8;0
26308;1193;521;7;12;8;0
26310;1409;521;7;12;8;0
26311;1417;521;7;12;8;0
26313;1425;521;7;12;8;0
26326;1433;521;7;12;8;0
26329;1441;521;7;12;8;0
26330;1449;521;7;12;8;0
26331;1457;521;7;12;8;0
26332;1465;521;7;12;8;0
26333;1473;521;7;12;8;0
26336;1481;521;7;12;8;0
26339;1489;521;7;12;8;0
26342;1497;521;7;12;8;0
26345;1505;521;7;12;8;0
26348;1513;521;7;12;8;0
26351;1521;521;7;12;8;0
26352;1529;521;6;12;8;1
26353;1536;521;7;12;8;0
26354;1544;521;7;12;8;0
26355;1552;521;7;12;8;0
26356;1560;521;7;12;8;0
26357;1568;521;7;12;8;0
26359;1576;521;7;12;8;0
26360;1584;521;7;12;8;0
26361;1401;521;7;12;8;0
26362;1393;521;7;12;8;0
26364;1385;521;7;12;8;0
26365;1281;521;7;12;8;0
26366;1201;521;7;12;8;0
26367;1209;521;7;12;8;0
26368;1217;521;7;12;8;0
26371;1225;521;7;12;8;0
26376;1233;521;7;12;8;0
26377;1241;521;7;12;8;0
26378;1249;521;7;12;8;0
26379;1257;521;7;12;8;0
26381;1265;521;7;12;8;0
26383;1273;521;7;12;8;0
26384;1289;521;7;12;8;0
26385;1377;521;7;12;8;0
26388;1297;521;7;12;8;0
26389;1305;521;7;12;8;0
26390;1313;521;7;12;8;0
26391;1321;521;7;12;8;0
26395;1329;521;7;12;8;0
26397;1337;521;7;12;8;0
26398;1345;521;7;12;8;0
26399;1353;521;7;12;8;0
26405;1361;521;7;12;8;0
26406;1369;521;7;12;8;0
26407;1137;508;7;12;8;0
26408;761;521;7;12;8;0
26409;1129;508;7;12;8;0
26410;1481;495;7;12;8;0
26411;865;495;7;12;8;0
26412;873;495;7;12;8;0
26413;881;495;7;12;8;0
26414;889;495;7;12;8;0
26415;897;495;7;12;8;0
26416;905;495;7;12;8;0
26417;913;495;7;12;8;0
26419;921;495;7;12;8;0
26420;929;495;7;12;8;0
26421;937;495;7;12;8;0
26422;945;495;7;12;8;0
26423;953;495;7;12;8;0
26424;961;495;7;12;8;0
26426;969;495;7;12;8;0
26429;977;495;7;12;8;0
26431;985;495;7;12;8;0
26432;993;495;7;12;8;0
26433;1001;495;7;12;8;0
26434;1009;495;7;12;8;0
26435;1017;495;7;12;8;0
26438;1025;495;7;12;8;0
26440;1033;495;7;12;8;0
26441;1041;495;7;12;8;0
26443;857;495;7;12;8;0
26444;849;495;7;12;8;0
26446;841;495;7;12;8;0
26447;737;495;7;12;8;0
26448;657;495;7;12;8;0
26449;665;495;7;12;8;0
26451;673;495;7;12;8;0
26453;681;495;7;12;8;0
26454;689;495;7;12;8;0
26455;697;495;7;12;8;0
26457;705;495;7;12;8;0
26460;713;495;7;12;8;0
26462;721;495;7;12;8;0
26463;729;495;7;12;8;0
26464;745;495;7;12;8;0
26465;833;495;7;12;8;0
26466;753;495;7;12;8;0
26467;761;495;7;12;8;0
26468;769;495;7;12;8;0
26469;777;495;7;12;8;0
26471;785;495;7;12;8;0
26472;793;495;7;12;8;0
26473;801;495;7;12;8;0
26474;809;495;7;12;8;0
26477;817;495;7;12;8;0
26479;825;495;7;12;8;0
26480;1049;495;7;12;8;0
26481;1065;495;7;12;8;0
26482;1473;495;7;12;8;0
26483;1073;495;7;12;8;0
26485;1289;495;7;12;8;0
26487;1297;495;7;12;8;0
26490;1305;495;7;12;8;0
26491;1313;495;7;12;8;0
26492;1321;495;7;12;8;0
26494;1329;495;7;12;8;0
26495;1337;495;7;12;8;0
26497;1345;495;7;12;8;0
26500;1353;495;7;12;8;0
26501;1361;495;7;12;8;0
26503;1369;495;7;12;8;0
26505;1377;495;7;12;8;0
26507;1385;495;7;12;8;0
26508;1393;495;7;12;8;0
26511;1401;495;7;12;8;0
26512;1409;495;7;12;8;0
26514;1417;495;7;12;8;0
26515;1425;495;7;12;8;0
26517;1433;495;7;12;8;0
26519;1441;495;7;12;8;0
26520;1449;495;7;12;8;0
26522;1457;495;7;12;8;0
26524;1465;495;7;12;8;0
26525;1281;495;7;12;8;0
26526;1273;495;7;12;8;0
26528;1265;495;7;12;8;0
26529;1161;495;7;12;8;0
26530;1081;495;7;12;8;0
26531;1089;495;7;12;8;0
26533;1097;495;7;12;8;0
26534;1105;495;7;12;8;0
26535;1113;495;7;12;8;0
26536;1121;495;7;12;8;0
26537;1129;495;7;12;8;0
26538;1137;495;7;12;8;0
26539;1145;495;7;12;8;0
26541;1153;495;7;12;8;0
26543;1169;495;7;12;8;0
26544;1257;495;7;12;8;0
26545;1177;495;7;12;8;0
26547;1185;495;7;12;8;0
26548;1193;495;7;12;8;0
26549;1201;495;7;12;8;0
26550;1209;495;7;12;8;0
26551;1217;495;7;12;8;0
26552;1225;495;7;12;8;0
26553;1233;495;7;12;8;0
26561;1241;495;7;12;8;0
26563;1249;495;7;12;8;0
26564;649;495;7;12;8;0
26566;641;495;7;12;8;0
26568;633;495;7;12;8;0
26570;625;495;7;12;8;0
26574;25;495;7;12;8;0
26575;33;495;7;12;8;0
26576;41;495;7;12;8;0
26577;49;495;7;12;8;0
26578;57;495;7;12;8;0
26579;65;495;7;12;8;0
26580;73;495;7;12;8;0
26584;81;495;7;12;8;0
26585;89;495;7;12;8;0
26586;97;495;7;12;8;0
26588;113;495;7;12;8;0
26589;201;495;7;12;8;0
26590;121;495;7;12;8;0
26592;129;495;7;12;8;0
26594;137;495;7;12;8;0
26596;145;495;7;12;8;0
26597;153;495;7;12;8;0
26599;161;495;7;12;8;0
26601;169;495;7;12;8;0
26604;177;495;7;12;8;0
26606;185;495;7;12;8;0
26607;193;495;7;12;8;0
26608;17;495;7;12;8;0
26609;105;495;7;12;8;0
26611;9;495;7;12;8;0
26612;1938;482;7;12;8;0
26613;1858;482;7;12;8;0
26618;1866;482;7;12;8;0
26619;1874;482;7;12;8;0
26621;1882;482;7;12;8;0
26622;1890;482;7;12;8;0
26623;1898;482;7;12;8;0
26624;1906;482;7;12;8;0
26626;1914;482;7;12;8;0
26627;1922;482;7;12;8;0
26628;1930;482;7;12;8;0
26629;1946;482;7;12;8;0
26631;2034;482;7;12;8;0
26632;1954;482;7;12;8;0
26633;1962;482;7;12;8;0
26634;1970;482;7;12;8;0
26635;1978;482;7;12;8;0
26636;1986;482;7;12;8;0
26638;1994;482;7;12;8;0
26639;2002;482;7;12;8;0
26641;2010;482;7;12;8;0
26643;2018;482;7;12;8;0
26646;2026;482;7;12;8;0
26647;1;495;7;12;8;0
26648;209;495;7;12;8;0
26653;217;495;7;12;8;0
26654;225;495;7;12;8;0
26655;441;495;7;12;8;0
26657;449;495;7;12;8;0
26658;457;495;7;12;8;0
26665;465;495;7;12;8;0
26666;473;495;7;12;8;0
26667;481;495;7;12;8;0
26674;489;495;7;12;8;0
26675;497;495;7;12;8;0
26676;505;495;7;12;8;0
26679;513;495;7;12;8;0
26680;521;495;7;12;8;0
26681;529;495;7;12;8;0
26684;537;495;7;12;8;0
26685;545;495;7;12;8;0
26686;553;495;7;12;8;0
26688;561;495;7;12;8;0
26689;569;495;7;12;8;0
26690;577;495;7;12;8;0
26691;585;495;7;12;8;0
26692;593;495;7;12;8;0
26693;601;495;7;12;8;0
26694;609;495;7;12;8;0
26696;617;495;7;12;8;0
26697;433;495;7;12;8;0
26698;425;495;7;12;8;0
26700;417;495;7;12;8;0
26701;313;495;7;12;8;0
26702;233;495;7;12;8;0
26704;241;495;7;12;8;0
26705;249;495;7;12;8;0
26707;257;495;7;12;8;0
26708;265;495;7;12;8;0
26709;273;495;7;12;8;0
26713;281;495;7;12;8;0
26716;289;495;7;12;8;0
26717;297;495;7;12;8;0
26719;305;495;7;12;8;0
26720;321;495;7;12;8;0
26721;409;495;7;12;8;0
26722;329;495;7;12;8;0
26723;337;495;7;12;8;0
26724;345;495;7;12;8;0
26725;353;495;7;12;8;0
26726;361;495;7;12;8;0
26727;369;495;7;12;8;0
26728;377;495;7;12;8;0
26729;385;495;7;12;8;0
26731;393;495;7;12;8;0
26740;401;495;7;12;8;0
26742;1057;495;7;12;8;0
26743;1489;495;7;12;8;0
26745;697;508;7;12;8;0
26750;1497;495;7;12;8;0
26751;505;508;7;12;8;0
26753;513;508;7;12;8;0
26754;521;508;7;12;8;0
26755;529;508;7;12;8;0
26757;537;508;7;12;8;0
26758;545;508;7;12;8;0
26759;553;508;7;12;8;0
26765;561;508;7;12;8;0
26767;569;508;7;12;8;0
26771;577;508;7;12;8;0
26772;585;508;7;12;8;0
26775;593;508;7;12;8;0
26776;601;508;7;12;8;0
26779;609;508;7;12;8;0
26781;617;508;7;12;8;0
26783;625;508;7;12;8;0
26784;633;508;7;12;8;0
26785;641;508;7;12;8;0
26786;649;508;7;12;8;0
26790;657;508;7;12;8;0
26791;665;508;7;12;8;0
26792;673;508;7;12;8;0
26797;681;508;7;12;8;0
26799;497;508;7;12;8;0
26800;489;508;7;12;8;0
26801;481;508;7;12;8;0
26802;377;508;7;12;8;0
26803;297;508;7;12;8;0
26805;305;508;7;12;8;0
26806;313;508;7;12;8;0
26809;321;508;7;12;8;0
26810;329;508;7;12;8;0
26812;337;508;7;12;8;0
26816;345;508;7;12;8;0
26817;353;508;7;12;8;0
26818;361;508;7;12;8;0
26820;369;508;7;12;8;0
26822;385;508;7;12;8;0
26824;473;508;7;12;8;0
26825;393;508;7;12;8;0
26826;401;508;7;12;8;0
26827;409;508;7;12;8;0
26829;417;508;7;12;8;0
26834;425;508;7;12;8;0
26836;433;508;7;12;8;0
26837;441;508;7;12;8;0
26838;449;508;7;12;8;0
26839;457;508;7;12;8;0
26840;465;508;7;12;8;0
26842;689;508;7;12;8;0
26847;705;508;7;12;8;0
26848;1113;508;7;12;8;0
26849;713;508;7;12;8;0
26851;929;508;7;12;8;0
26855;937;508;7;12;8;0
26856;945;508;7;12;8;0
26858;953;508;7;12;8;0
26862;961;508;7;12;8;0
26863;969;508;7;12;8;0
26864;977;508;7;12;8;0
26865;985;508;7;12;8;0
26866;993;508;7;12;8;0
26869;1001;508;7;12;8;0
26873;1009;508;7;12;8;0
26874;1017;508;7;12;8;0
26875;1025;508;7;12;8;0
26876;1033;508;7;12;8;0
26880;1041;508;7;12;8;0
26881;1049;508;7;12;8;0
26884;1057;508;7;12;8;0
26885;1065;508;7;12;8;0
26888;1073;508;7;12;8;0
26891;1081;508;7;12;8;0
26892;1089;508;7;12;8;0
26893;1097;508;7;12;8;0
26894;1105;508;7;12;8;0
26895;921;508;7;12;8;0
26896;913;508;7;12;8;0
26898;905;508;7;12;8;0
26905;801;508;7;12;8;0
26906;721;508;7;12;8;0
26907;729;508;7;12;8;0
26908;737;508;7;12;8;0
26911;745;508;7;12;8;0
26912;753;508;7;12;8;0
26913;761;508;7;12;8;0
26914;769;508;7;12;8;0
26915;777;508;7;12;8;0
26916;785;508;7;12;8;0
26917;793;508;7;12;8;0
26918;809;508;7;12;8;0
26920;897;508;7;12;8;0
26922;817;508;7;12;8;0
26925;825;508;7;12;8;0
26928;833;508;7;12;8;0
26932;841;508;7;12;8;0
26934;849;508;7;12;8;0
26937;857;508;7;12;8;0
26941;865;508;7;12;8;0
26943;873;508;7;12;8;0
26946;881;508;7;12;8;0
26954;889;508;7;12;8;0
26963;289;508;7;12;8;0
26964;281;508;7;12;8;0
26965;273;508;7;12;8;0
26967;265;508;7;12;8;0
26969;1713;495;7;12;8;0
26970;1721;495;7;12;8;0
26971;1729;495;7;12;8;0
26972;1737;495;7;12;8;0
26973;1745;495;7;12;8;0
26974;1753;495;7;12;8;0
26976;1761;495;7;12;8;0
26977;1769;495;7;12;8;0
26978;1777;495;7;12;8;0
26979;1785;495;7;12;8;0
26982;1801;495;7;12;8;0
26984;1889;495;7;12;8;0
26986;1809;495;7;12;8;0
26987;1817;495;7;12;8;0
26988;1825;495;7;12;8;0
26989;1833;495;7;12;8;0
26990;1841;495;7;12;8;0
26991;1849;495;7;12;8;0
26993;1857;495;7;12;8;0
26995;1865;495;7;12;8;0
26996;1873;495;7;12;8;0
26997;1881;495;7;12;8;0
26999;1705;495;7;12;8;0
27000;1793;495;7;12;8;0
27001;1697;495;7;12;8;0
27004;1585;495;7;12;8;0
27005;1505;495;7;12;8;0
27006;1513;495;7;12;8;0
27008;1521;495;7;12;8;0
27009;1529;495;7;12;8;0
27010;1537;495;7;12;8;0
27012;1545;495;7;12;8;0
27014;1553;495;7;12;8;0
27015;1561;495;7;12;8;0
27016;1569;495;7;12;8;0
27017;1577;495;7;12;8;0
27018;1593;495;7;12;8;0
27021;1681;495;7;12;8;0
27022;1601;495;7;12;8;0
27025;1609;495;7;12;8;0
27028;1617;495;7;12;8;0
27029;1625;495;7;12;8;0
27030;1633;495;7;12;8;0
27032;1641;495;7;12;8;0
27035;1649;495;7;12;8;0
27036;1657;495;7;12;8;0
27040;1665;495;7;12;8;0
27043;1673;495;7;12;8;0
27046;1689;495;7;12;8;0
27047;1897;495;7;12;8;0
27048;1905;495;7;12;8;0
27051;1913;495;7;12;8;0
27053;81;508;7;12;8;0
27054;89;508;7;12;8;0
27057;97;508;7;12;8;0
27058;105;508;7;12;8;0
27060;113;508;7;12;8;0
27063;121;508;7;12;8;0
27067;129;508;7;12;8;0
27070;137;508;7;12;8;0
27071;145;508;7;12;8;0
27073;153;508;7;12;8;0
27075;161;508;7;12;8;0
27079;169;508;7;12;8;0
27082;177;508;7;12;8;0
27083;185;508;7;12;8;0
27084;193;508;7;12;8;0
27085;201;508;7;12;8;0
27086;209;508;7;12;8;0
27088;217;508;7;12;8;0
27091;225;508;7;12;8;0
27092;233;508;7;12;8;0
27096;241;508;7;12;8;0
27097;249;508;7;12;8;0
27099;257;508;7;12;8;0
27101;73;508;7;12;8;0
27102;65;508;7;12;8;0
27103;57;508;7;12;8;0
27104;2001;495;7;12;8;0
27108;1921;495;7;12;8;0
27111;1929;495;7;12;8;0
27112;1937;495;7;12;8;0
27114;1945;495;7;12;8;0
27115;1953;495;7;12;8;0
27117;1961;495;7;12;8;0
27122;1969;495;7;12;8;0
27123;1977;495;7;12;8;0
27129;1985;495;7;12;8;0
27130;1993;495;7;12;8;0
27131;2009;495;7;12;8;0
27133;49;508;7;12;8;0
27135;2017;495;7;12;8;0
27137;2025;495;7;12;8;0
27138;2033;495;7;12;8;0
27141;2041;495;7;12;8;0
27146;1;508;7;12;8;0
27147;9;508;7;12;8;0
27148;17;508;7;12;8;0
27153;25;508;7;12;8;0
27154;33;508;7;12;8;0
27155;41;508;7;12;8;0
27156;1121;508;7;12;8;0
27159;401;534;7;12;8;0
27160;409;534;7;12;8;0
27161;417;534;7;12;8;0
27163;753;560;7;12;8;0
27166;761;560;7;12;8;0
27167;769;560;7;12;8;0
27169;777;560;7;12;8;0
27170;785;560;7;12;8;0
27171;793;560;7;12;8;0
27176;801;560;7;12;8;0
27177;809;560;7;12;8;0
27178;817;560;7;12;8;0
27179;825;560;7;12;8;0
27182;833;560;7;12;8;0
27183;841;560;7;12;8;0
27185;849;560;7;12;8;0
27189;857;560;7;12;8;0
27190;865;560;7;12;8;0
27192;873;560;7;12;8;0
27193;881;560;7;12;8;0
27194;889;560;7;12;8;0
27197;897;560;7;12;8;0
27198;905;560;7;12;8;0
27204;913;560;7;12;8;0
27207;921;560;7;12;8;0
27208;929;560;7;12;8;0
27211;745;560;7;12;8;0
27216;737;560;7;12;8;0
27224;729;560;7;12;8;0
27225;625;560;7;12;8;0
27227;545;560;7;12;8;0
27231;553;560;7;12;8;0
27233;561;560;7;12;8;0
27234;569;560;7;12;8;0
27237;577;560;7;12;8;0
27238;585;560;7;12;8;0
27243;593;560;7;12;8;0
27249;601;560;7;12;8;0
27250;609;560;7;12;8;0
27256;617;560;7;12;8;0
27257;633;560;7;12;8;0
27260;721;560;7;12;8;0
27262;641;560;7;12;8;0
27263;649;560;7;12;8;0
27264;657;560;7;12;8;0
27268;665;560;7;12;8;0
27277;673;560;7;12;8;0
27278;681;560;7;12;8;0
27280;689;560;7;12;8;0
27281;697;560;7;12;8;0
27284;705;560;7;12;8;0
27287;713;560;7;12;8;0
27292;937;560;7;12;8;0
27296;953;560;7;12;8;0
27298;1361;560;7;12;8;0
27299;961;560;7;12;8;0
27304;1177;560;7;12;8;0
27305;1185;560;7;12;8;0
27306;1193;560;7;12;8;0
27307;1201;560;7;12;8;0
27308;1209;560;7;12;8;0
27310;1217;560;7;12;8;0
27311;1225;560;7;12;8;0
27315;1233;560;7;12;8;0
27320;1241;560;7;12;8;0
27323;1249;560;7;12;8;0
27329;1257;560;7;12;8;0
27330;1265;560;7;12;8;0
27331;1273;560;7;12;8;0
27334;1281;560;7;12;8;0
27336;1289;560;7;12;8;0
27345;1297;560;7;12;8;0
27347;1305;560;7;12;8;0
27354;1313;560;7;12;8;0
27355;1321;560;7;12;8;0
27357;1329;560;7;12;8;0
27358;1337;560;7;12;8;0
27359;1345;560;7;12;8;0
27365;1353;560;7;12;8;0
27367;1169;560;7;12;8;0
27368;1161;560;7;12;8;0
27370;1153;560;7;12;8;0
27371;1049;560;7;12;8;0
27372;969;560;7;12;8;0
27379;977;560;7;12;8;0
27384;985;560;7;12;8;0
27386;993;560;7;12;8;0
27387;1001;560;7;12;8;0
27396;1009;560;7;12;8;0
27397;1017;560;7;12;8;0
27401;1025;560;7;12;8;0
27402;1033;560;7;12;8;0
27408;1041;560;7;12;8;0
27410;1057;560;7;12;8;0
27414;1145;560;7;12;8;0
27415;1065;560;7;12;8;0
27421;1073;560;7;12;8;0
27422;1081;560;7;12;8;0
27423;1089;560;7;12;8;0
27424;1097;560;7;12;8;0
27425;1105;560;7;12;8;0
27426;1113;560;7;12;8;0
27427;1121;560;7;12;8;0
27428;1129;560;7;12;8;0
27431;1137;560;7;12;8;0
27442;537;560;7;12;8;0
27447;529;560;7;12;8;0
27448;521;560;7;12;8;0
27449;513;560;7;12;8;0
27450;1959;547;7;12;8;0
27453;1967;547;7;12;8;0
27454;1975;547;7;12;8;0
27459;1983;547;7;12;8;0
27462;1991;547;7;12;8;0
27463;1999;547;7;12;8;0
27465;2007;547;7;12;8;0
27468;2015;547;7;12;8;0
27470;2023;547;7;12;8;0
27472;2031;547;7;12;8;0
27475;1;560;7;12;8;0
27476;89;560;7;12;8;0
27481;9;560;7;12;8;0
27483;17;560;7;12;8;0
27484;25;560;7;12;8;0
27487;33;560;7;12;8;0
27489;41;560;7;12;8;0
27490;49;560;7;12;8;0
27491;57;560;7;12;8;0
27492;65;560;7;12;8;0
27493;73;560;7;12;8;0
27494;81;560;7;12;8;0
27495;1951;547;7;12;8;0
27497;2039;547;7;12;8;0
27498;1943;547;7;12;8;0
27503;1831;547;7;12;8;0
27506;1751;547;7;12;8;0
27507;1759;547;7;12;8;0
27508;1767;547;7;12;8;0
27511;1775;547;7;12;8;0
27512;1783;547;7;12;8;0
27513;1791;547;7;12;8;0
27514;1799;547;7;12;8;0
27515;1807;547;7;12;8;0
27516;1815;547;7;12;8;0
27519;1823;547;7;12;8;0
27520;1839;547;7;12;8;0
27521;1927;547;7;12;8;0
27522;1847;547;7;12;8;0
27523;1855;547;7;12;8;0
27524;1863;547;7;12;8;0
27526;1871;547;7;12;8;0
27527;1879;547;7;12;8;0
27529;1887;547;7;12;8;0
27530;1895;547;7;12;8;0
27531;1903;547;7;12;8;0
27533;1911;547;7;12;8;0
27538;1919;547;7;12;8;0
27539;1935;547;7;12;8;0
27541;97;560;7;12;8;0
27542;105;560;7;12;8;0
27544;113;560;7;12;8;0
27546;329;560;7;12;8;0
27547;337;560;7;12;8;0
27550;345;560;7;12;8;0
27553;353;560;7;12;8;0
27556;361;560;7;12;8;0
27562;369;560;7;12;8;0
27563;377;560;7;12;8;0
27565;385;560;7;12;8;0
27566;393;560;7;12;8;0
27567;401;560;7;12;8;0
27569;409;560;7;12;8;0
27570;417;560;7;12;8;0
27571;425;560;7;12;8;0
27572;433;560;7;12;8;0
27573;441;560;7;12;8;0
27575;449;560;7;12;8;0
27578;457;560;7;12;8;0
27579;465;560;7;12;8;0
27580;473;560;7;12;8;0
27583;481;560;7;12;8;0
27584;489;560;7;12;8;0
27585;497;560;7;12;8;0
27586;505;560;7;12;8;0
27589;321;560;7;12;8;0
27590;313;560;7;12;8;0
27595;305;560;7;12;8;0
27596;201;560;7;12;8;0
27597;121;560;7;12;8;0
27598;129;560;7;12;8;0
27599;137;560;7;12;8;0
27600;145;560;7;12;8;0
27601;153;560;7;12;8;0
27602;161;560;7;12;8;0
27603;169;560;7;12;8;0
27604;177;560;7;12;8;0
27605;185;560;7;12;8;0
27606;193;560;7;12;8;0
27607;209;560;7;12;8;0
27608;297;560;7;12;8;0
27609;217;560;7;12;8;0
27610;225;560;7;12;8;0
27611;233;560;7;12;8;0
27615;241;560;7;12;8;0
27617;249;560;7;12;8;0
27626;257;560;7;12;8;0
27627;265;560;7;12;8;0
27628;273;560;7;12;8;0
27631;281;560;7;12;8;0
27635;289;560;7;12;8;0
27637;945;560;7;12;8;0
27641;1369;560;7;12;8;0
27645;1377;560;7;12;8;0
27653;1385;560;7;12;8;0
27654;397;573;7;12;8;0
27655;405;573;7;12;8;0
27656;413;573;7;12;8;0
27658;421;573;7;12;8;0
27661;429;573;7;12;8;0
27663;437;573;7;12;8;0
27664;445;573;7;12;8;0
27665;453;573;6;12;8;0
27667;460;573;7;12;8;0
27668;468;573;7;12;8;0
27669;476;573;7;12;8;0
27670;484;573;7;12;8;0
27671;492;573;7;12;8;0
27672;500;573;7;12;8;0
27673;508;573;7;12;8;0
27674;516;573;7;12;8;0
27675;524;573;7;12;8;0
27676;532;573;7;12;8;0
27677;540;573;7;12;8;0
27678;548;573;7;12;8;0
27679;556;573;7;12;8;0
27680;564;573;7;12;8;0
27681;572;573;7;12;8;0
27682;389;573;7;12;8;0
27683;381;573;7;12;8;0
27684;373;573;7;12;8;0
27685;273;573;7;12;8;0
27686;193;573;7;12;8;0
27687;201;573;7;12;8;0
27688;209;573;7;12;8;0
27689;217;573;7;12;8;0
27690;225;573;7;12;8;0
27691;233;573;7;12;8;0
27692;241;573;7;12;8;0
27693;249;573;7;12;8;0
27694;257;573;7;12;8;0
27695;265;573;7;12;8;0
27696;281;573;7;12;8;0
27697;365;573;7;12;8;0
27698;289;573;7;12;8;0
27699;297;573;7;12;8;0
27700;305;573;7;12;8;0
27701;313;573;3;12;8;0
27702;317;573;7;12;8;0
27703;325;573;7;12;8;0
27704;333;573;7;12;8;0
27705;341;573;7;12;8;0
27706;349;573;7;12;8;0
27709;357;573;7;12;8;0
27710;580;573;7;12;8;0
27711;596;573;7;12;8;0
27712;1004;573;7;12;8;0
27713;604;573;7;12;8;0
27714;820;573;7;12;8;0
27718;828;573;7;12;8;0
27719;836;573;7;12;8;0
27721;844;573;7;12;8;0
27722;852;573;7;12;8;0
27725;860;573;7;12;8;0
27726;868;573;7;12;8;0
27728;876;573;7;12;8;0
27732;884;573;7;12;8;0
27733;892;573;7;12;8;0
27735;900;573;7;12;8;0
27737;908;573;7;12;8;0
27738;916;573;7;12;8;0
27739;924;573;7;12;8;0
27740;932;573;7;12;8;0
27741;940;573;7;12;8;0
27742;948;573;7;12;8;0
27743;956;573;7;12;8;0
27744;964;573;7;12;8;0
27745;972;573;7;12;8;0
27746;980;573;7;12;8;0
27748;988;573;7;12;8;0
27752;996;573;7;12;8;0
27753;812;573;7;12;8;0
27754;804;573;7;12;8;0
27755;796;573;7;12;8;0
27760;692;573;7;12;8;0
27762;612;573;7;12;8;0
27763;620;573;7;12;8;0
27764;628;573;7;12;8;0
27766;636;573;7;12;8;0
27769;644;573;7;12;8;0
27770;652;573;7;12;8;0
27773;660;573;7;12;8;0
27774;668;573;7;12;8;0
27777;676;573;7;12;8;0
27778;684;573;7;12;8;0
27779;700;573;7;12;8;0
27780;788;573;7;12;8;0
27781;708;573;7;12;8;0
27782;716;573;7;12;8;0
27784;724;573;7;12;8;0
27785;732;573;7;12;8;0
27788;740;573;7;12;8;0
27789;748;573;7;12;8;0
27791;756;573;7;12;8;0
27792;764;573;7;12;8;0
27794;772;573;7;12;8;0
27795;780;573;7;12;8;0
27796;185;573;7;12;8;0
27798;588;573;7;12;8;0
27800;177;573;7;12;8;0
27801;1793;560;7;12;8;0
27802;1601;560;7;12;8;0
27803;1609;560;7;12;8;0
27807;1617;560;7;12;8;0
27809;1625;560;7;12;8;0
27810;1633;560;7;12;8;0
27811;1641;560;7;12;8;0
27812;1649;560;7;12;8;0
27813;1657;560;7;12;8;0
27814;1665;560;7;12;8;0
27815;1673;560;7;12;8;0
27816;1681;560;7;12;8;0
27817;1689;560;7;12;8;0
27818;1697;560;7;12;8;0
27819;1705;560;7;12;8;0
27820;1713;560;7;12;8;0
27821;1721;560;7;12;8;0
27822;1729;560;7;12;8;0
27825;1737;560;7;12;8;0
27826;1745;560;7;12;8;0
27827;1753;560;7;12;8;0
27832;1761;560;7;12;8;0
27833;1769;560;7;12;8;0
27834;1777;560;7;12;8;0
27835;1593;560;7;12;8;0
27836;1585;560;7;12;8;0
27837;1577;560;7;12;8;0
27838;1473;560;7;12;8;0
27839;1393;560;7;12;8;0
27841;1401;560;7;12;8;0
27842;1409;560;7;12;8;0
27844;1417;560;7;12;8;0
27845;1425;560;7;12;8;0
27849;1433;560;7;12;8;0
27850;1441;560;7;12;8;0
27852;1449;560;7;12;8;0
27856;1457;560;7;12;8;0
27859;1465;560;7;12;8;0
27860;1481;560;7;12;8;0
27861;1569;560;7;12;8;0
27862;1489;560;7;12;8;0
27863;1497;560;7;12;8;0
27865;1505;560;7;12;8;0
27867;1513;560;7;12;8;0
27868;1521;560;7;12;8;0
27869;1529;560;7;12;8;0
27870;1537;560;7;12;8;0
27872;1545;560;7;12;8;0
27873;1553;560;7;12;8;0
27874;1561;560;7;12;8;0
27875;1785;560;7;12;8;0
27877;1801;560;7;12;8;0
27880;161;573;7;12;8;0
27882;1809;560;7;12;8;0
27883;2025;560;7;12;8;0
27886;2033;560;7;12;8;0
27887;2041;560;7;12;8;0
27888;1;573;7;12;8;0
27889;9;573;7;12;8;0
27891;17;573;7;12;8;0
27893;25;573;7;12;8;0
27894;33;573;7;12;8;0
27895;41;573;7;12;8;0
27896;49;573;7;12;8;0
27898;57;573;7;12;8;0
27899;65;573;7;12;8;0
27900;73;573;7;12;8;0
27901;81;573;7;12;8;0
27902;89;573;7;12;8;0
27905;97;573;7;12;8;0
27908;105;573;7;12;8;0
27911;113;573;7;12;8;0
27915;121;573;7;12;8;0
27916;129;573;7;12;8;0
27918;137;573;7;12;8;0
27920;145;573;7;12;8;0
27922;153;573;7;12;8;0
27927;2017;560;7;12;8;0
27929;2009;560;7;12;8;0
27930;2001;560;7;12;8;0
27931;1897;560;7;12;8;0
27934;1817;560;7;12;8;0
27935;1825;560;7;12;8;0
27941;1833;560;7;12;8;0
27943;1841;560;7;12;8;0
27944;1849;560;7;12;8;0
27945;1857;560;7;12;8;0
27946;1865;560;7;12;8;0
27947;1873;560;7;12;8;0
27950;1881;560;7;12;8;0
27953;1889;560;7;12;8;0
27954;1905;560;7;12;8;0
27955;1993;560;7;12;8;0
27957;1913;560;7;12;8;0
27958;1921;560;7;12;8;0
27960;1929;560;7;12;8;0
27961;1937;560;7;12;8;0
27962;1945;560;7;12;8;0
27963;1953;560;7;12;8;0
27964;1961;560;7;12;8;0
27965;1969;560;7;12;8;0
27966;1977;560;7;12;8;0
27969;1985;560;7;12;8;0
27971;1743;547;7;12;8;0
27972;1735;547;7;12;8;0
27973;1727;547;7;12;8;0
27974;41;547;7;12;8;0
27975;1473;534;7;12;8;0
27976;1481;534;7;12;8;0
27978;1489;534;7;12;8;0
27979;1497;534;7;12;8;0
27981;1505;534;7;12;8;0
27982;1513;534;7;12;8;0
27983;1521;534;7;12;8;0
27985;1529;534;7;12;8;0
27986;1537;534;7;12;8;0
27987;1545;534;7;12;8;0
27988;1553;534;7;12;8;0
27989;1561;534;7;12;8;0
27993;1569;534;7;12;8;0
27994;1577;534;7;12;8;0
27996;1585;534;7;12;8;0
27998;1593;534;7;12;8;0
28000;1601;534;7;12;8;0
28003;1609;534;7;12;8;0
28004;1617;534;7;12;8;0
28005;1625;534;7;12;8;0
28006;1633;534;7;12;8;0
28009;1641;534;7;12;8;0
28010;1649;534;7;12;8;0
28012;1465;534;7;12;8;0
28014;1457;534;7;12;8;0
28015;1449;534;7;12;8;0
28020;1345;534;7;12;8;0
28023;1265;534;7;12;8;0
28024;1273;534;7;12;8;0
28025;1281;534;7;12;8;0
28028;1289;534;7;12;8;0
28034;1297;534;7;12;8;0
28037;1305;534;7;12;8;0
28039;1313;534;7;12;8;0
28040;1321;534;7;12;8;0
28041;1329;534;7;12;8;0
28042;1337;534;7;12;8;0
28044;1353;534;7;12;8;0
28046;1441;534;7;12;8;0
28049;1361;534;7;12;8;0
28051;1369;534;7;12;8;0
28052;1377;534;7;12;8;0
28053;1385;534;7;12;8;0
28056;1393;534;7;12;8;0
28057;1401;534;7;12;8;0
28059;1409;534;7;12;8;0
28060;1417;534;7;12;8;0
28061;1425;534;7;12;8;0
28062;1433;534;7;12;8;0
28063;1657;534;7;12;8;0
28064;1673;534;7;12;8;0
28065;33;547;7;12;8;0
28067;1681;534;7;12;8;0
28068;1897;534;7;12;8;0
28070;1905;534;7;12;8;0
28071;1913;534;7;12;8;0
28072;1921;534;7;12;8;0
28073;1929;534;7;12;8;0
28074;1937;534;7;12;8;0
28075;1945;534;7;12;8;0
28078;1953;534;7;12;8;0
28079;1961;534;7;12;8;0
28082;1969;534;7;12;8;0
28085;1977;534;7;12;8;0
28087;1985;534;7;12;8;0
28088;1993;534;7;12;8;0
28092;2001;534;7;12;8;0
28095;2009;534;7;12;8;0
28096;2017;534;7;12;8;0
28100;2025;534;7;12;8;0
28101;2033;534;7;12;8;0
28102;2041;534;7;12;8;0
28103;1;547;7;12;8;0
28107;9;547;7;12;8;0
28108;17;547;7;12;8;0
28109;25;547;7;12;8;0
28113;1889;534;7;12;8;0
28114;1881;534;7;12;8;0
28117;1873;534;7;12;8;0
28118;1769;534;7;12;8;0
28120;1689;534;7;12;8;0
28121;1697;534;7;12;8;0
28122;1705;534;7;12;8;0
28125;1713;534;7;12;8;0
28126;1721;534;7;12;8;0
28128;1729;534;7;12;8;0
28129;1737;534;7;12;8;0
28132;1745;534;7;12;8;0
28133;1753;534;7;12;8;0
28134;1761;534;7;12;8;0
28136;1777;534;7;12;8;0
28137;1865;534;7;12;8;0
28138;1785;534;7;12;8;0
28139;1793;534;7;12;8;0
28140;1801;534;7;12;8;0
28142;1809;534;7;12;8;0
28143;1817;534;7;12;8;0
28145;1825;534;7;12;8;0
28147;1833;534;7;12;8;0
28149;1841;534;7;12;8;0
28151;1849;534;7;12;8;0
28152;1857;534;7;12;8;0
28153;1257;534;7;12;8;0
28154;1249;534;7;12;8;0
28155;1241;534;7;12;8;0
28156;1233;534;7;12;8;0
28165;633;534;7;12;8;0
28167;641;534;7;12;8;0
28168;649;534;7;12;8;0
28169;657;534;7;12;8;0
28170;665;534;7;12;8;0
28171;673;534;7;12;8;0
28172;681;534;7;12;8;0
28173;689;534;7;12;8;0
28174;697;534;7;12;8;0
28176;705;534;7;12;8;0
28177;721;534;7;12;8;0
28179;809;534;7;12;8;0
28180;729;534;7;12;8;0
28181;737;534;7;12;8;0
28182;745;534;7;12;8;0
28183;753;534;7;12;8;0
28185;761;534;7;12;8;0
28186;769;534;7;12;8;0
28187;777;534;7;12;8;0
28189;785;534;7;12;8;0
28191;793;534;7;12;8;0
28192;801;534;7;12;8;0
28193;625;534;7;12;8;0
28195;713;534;7;12;8;0
28196;617;534;7;12;8;0
28197;505;534;7;12;8;0
28198;425;534;7;12;8;0
28201;433;534;7;12;8;0
28203;441;534;7;12;8;0
28204;449;534;7;12;8;0
28205;457;534;7;12;8;0
28206;465;534;7;12;8;0
28207;473;534;7;12;8;0
28210;481;534;7;12;8;0
28212;489;534;7;12;8;0
28216;497;534;7;12;8;0
28218;513;534;7;12;8;0
28220;601;534;7;12;8;0
28222;521;534;7;12;8;0
28227;529;534;7;12;8;0
28228;537;534;7;12;8;0
28234;545;534;7;12;8;0
28237;553;534;7;12;8;0
28238;561;534;7;12;8;0
28243;569;534;7;12;8;0
28244;577;534;7;12;8;0
28246;585;534;7;12;8;0
28248;593;534;7;12;8;0
28251;609;534;7;12;8;0
28255;817;534;7;12;8;0
28257;825;534;7;12;8;0
28259;833;534;7;12;8;0
28263;1049;534;7;12;8;0
28265;1057;534;7;12;8;0
28267;1065;534;7;12;8;0
28270;1073;534;7;12;8;0
28271;1081;534;7;12;8;0
28274;1089;534;7;12;8;0
28275;1097;534;7;12;8;0
28278;1105;534;7;12;8;0
28286;1113;534;7;12;8;0
28287;1121;534;7;12;8;0
28288;1129;534;7;12;8;0
28290;1137;534;7;12;8;0
28291;1145;534;7;12;8;0
28293;1153;534;7;12;8;0
28294;1161;534;7;12;8;0
28297;1169;534;7;12;8;0
28300;1177;534;7;12;8;0
28303;1185;534;7;12;8;0
28304;1193;534;7;12;8;0
28310;1201;534;7;12;8;0
28312;1209;534;7;12;8;0
28316;1217;534;7;12;8;0
28317;1225;534;7;12;8;0
28319;1041;534;7;12;8;0
28322;1033;534;7;12;8;0
28325;1025;534;7;12;8;0
28327;921;534;7;12;8;0
28330;841;534;7;12;8;0
28331;849;534;7;12;8;0
28335;857;534;7;12;8;0
28337;865;534;7;12;8;0
28338;873;534;7;12;8;0
28340;881;534;7;12;8;0
28342;889;534;7;12;8;0
28343;897;534;7;12;8;0
28346;905;534;7;12;8;0
28347;913;534;7;12;8;0
28348;929;534;7;12;8;0
28349;1017;534;7;12;8;0
28353;937;534;7;12;8;0
28354;945;534;7;12;8;0
28356;953;534;7;12;8;0
28357;961;534;7;12;8;0
28359;969;534;7;12;8;0
28361;977;534;7;12;8;0
28363;985;534;7;12;8;0
28364;993;534;7;12;8;0
28366;1001;534;7;12;8;0
28367;1009;534;7;12;8;0
28369;1665;534;7;12;8;0
28371;49;547;7;12;8;0
28372;1303;547;7;12;8;0
28373;57;547;7;12;8;0
28375;1111;547;7;12;8;0
28376;1119;547;7;12;8;0
28377;1127;547;7;12;8;0
28378;1135;547;7;12;8;0
28381;1143;547;7;12;8;0
28382;1151;547;7;12;8;0
28383;1159;547;7;12;8;0
28384;1167;547;7;12;8;0
28385;1175;547;7;12;8;0
28386;1183;547;7;12;8;0
28388;1191;547;7;12;8;0
28389;1199;547;7;12;8;0
28390;1207;547;7;12;8;0
28392;1215;547;7;12;8;0
28393;1223;547;7;12;8;0
28396;1231;547;7;12;8;0
28399;1239;547;7;12;8;0
28402;1247;547;7;12;8;0
28404;1255;547;7;12;8;0
28407;1263;547;7;12;8;0
28408;1271;547;7;12;8;0
28409;1279;547;7;12;8;0
28414;1287;547;7;12;8;0
28415;1103;547;7;12;8;0
28417;1095;547;7;12;8;0
28418;1087;547;7;12;8;0
28422;983;547;7;12;8;0
28425;903;547;7;12;8;0
28431;911;547;7;12;8;0
28433;919;547;7;12;8;0
28435;927;547;7;12;8;0
28436;935;547;7;12;8;0
28437;943;547;7;12;8;0
28442;951;547;7;12;8;0
28448;959;547;7;12;8;0
28450;967;547;7;12;8;0
28451;975;547;7;12;8;0
28452;991;547;7;12;8;0
28453;1079;547;7;12;8;0
28455;999;547;7;12;8;0
28457;1007;547;7;12;8;0
28458;1015;547;7;12;8;0
28459;1023;547;7;12;8;0
28460;1031;547;7;12;8;0
28461;1039;547;7;12;8;0
28463;1047;547;7;12;8;0
28465;1055;547;7;12;8;0
28466;1063;547;7;12;8;0
28467;1071;547;7;12;8;0
28470;1295;547;7;12;8;0
28472;1311;547;7;12;8;0
28478;1719;547;7;12;8;0
28479;1319;547;7;12;8;0
28481;1535;547;7;12;8;0
28485;1543;547;7;12;8;0
28486;1551;547;7;12;8;0
28487;1559;547;7;12;8;0
28491;1567;547;7;12;8;0
28493;1575;547;7;12;8;0
28497;1583;547;7;12;8;0
28500;1591;547;7;12;8;0
28504;1599;547;7;12;8;0
28507;1607;547;7;12;8;0
28508;1615;547;7;12;8;0
28510;1623;547;7;12;8;0
28511;1631;547;7;12;8;0
28512;1639;547;7;12;8;0
28514;1647;547;7;12;8;0
28516;1655;547;7;12;8;0
28518;1663;547;7;12;8;0
28525;1671;547;7;12;8;0
28526;1679;547;7;12;8;0
28527;1687;547;7;12;8;0
28528;1695;547;7;12;8;0
28530;1703;547;7;12;8;0
28532;1711;547;7;12;8;0
28536;1527;547;7;12;8;0
28538;1519;547;7;12;8;0
28540;1511;547;7;12;8;0
28542;1407;547;7;12;8;0
28544;1327;547;7;12;8;0
28545;1335;547;7;12;8;0
28546;1343;547;7;12;8;0
28548;1351;547;7;12;8;0
28550;1359;547;7;12;8;0
28551;1367;547;7;12;8;0
28552;1375;547;7;12;8;0
28553;1383;547;7;12;8;0
28556;1391;547;7;12;8;0
28557;1399;547;7;12;8;0
28558;1415;547;7;12;8;0
28560;1503;547;7;12;8;0
28561;1423;547;7;12;8;0
28564;1431;547;7;12;8;0
28567;1439;547;7;12;8;0
28572;1447;547;7;12;8;0
28576;1455;547;7;12;8;0
28577;1463;547;7;12;8;0
28579;1471;547;7;12;8;0
28580;1479;547;7;12;8;0
28582;1487;547;7;12;8;0
28583;1495;547;7;12;8;0
28586;895;547;7;12;8;0
28593;887;547;7;12;8;0
28595;879;547;7;12;8;0
28596;871;547;7;12;8;0
28598;273;547;7;12;8;0
28601;281;547;7;12;8;0
28608;289;547;7;12;8;0
28609;297;547;7;12;8;0
28610;305;547;7;12;8;0
28611;313;547;7;12;8;0
28614;321;547;7;12;8;0
28617;329;547;7;12;8;0
28625;337;547;7;12;8;0
28626;345;547;7;12;8;0
28628;361;547;7;12;8;0
28629;449;547;7;12;8;0
28632;369;547;7;12;8;0
28635;377;547;7;12;8;0
28638;385;547;7;12;8;0
28639;393;547;7;12;8;0
28640;401;547;7;12;8;0
28641;409;547;7;12;8;0
28644;417;547;7;12;8;0
28648;425;547;7;12;8;0
28649;433;547;7;12;8;0
28651;441;547;7;12;8;0
28652;265;547;7;12;8;0
28654;353;547;7;12;8;0
28655;257;547;7;12;8;0
28656;145;547;7;12;8;0
28657;65;547;7;12;8;0
28659;73;547;7;12;8;0
28662;81;547;7;12;8;0
28666;89;547;7;12;8;0
28670;97;547;7;12;8;0
28673;105;547;7;12;8;0
28674;113;547;7;12;8;0
28677;121;547;7;12;8;0
28678;129;547;7;12;8;0
28681;137;547;7;12;8;0
28683;153;547;7;12;8;0
28687;241;547;7;12;8;0
28689;161;547;7;12;8;0
28693;169;547;7;12;8;0
28696;177;547;7;12;8;0
28698;185;547;7;12;8;0
28699;193;547;7;12;8;0
28701;201;547;7;12;8;0
28702;209;547;7;12;8;0
28703;217;547;7;12;8;0
28705;225;547;7;12;8;0
28707;233;547;7;12;8;0
28710;249;547;7;12;8;0
28711;457;547;7;12;8;0
28712;465;547;7;12;8;0
28716;473;547;7;12;8;0
28720;687;547;7;12;8;0
28722;695;547;7;12;8;0
28725;703;547;7;12;8;0
28729;711;547;7;12;8;0
28734;719;547;7;12;8;0
28739;727;547;7;12;8;0
28748;735;547;7;12;8;0
28751;743;547;7;12;8;0
28753;751;547;7;12;8;0
28756;759;547;7;12;8;0
28757;767;547;7;12;8;0
28760;775;547;7;12;8;0
28765;783;547;7;12;8;0
28766;791;547;7;12;8;0
28768;799;547;7;12;8;0
28771;807;547;7;12;8;0
28772;815;547;7;12;8;0
28773;823;547;7;12;8;0
28775;831;547;7;12;8;0
28777;839;547;7;12;8;0
28779;847;547;7;12;8;0
28780;855;547;7;12;8;0
28781;863;547;7;12;8;0
28783;679;547;7;12;8;0
28784;671;547;7;12;8;0
28789;663;547;7;12;8;0
28790;559;547;7;12;8;0
28792;481;547;7;12;8;0
28796;489;547;7;12;8;0
28797;497;547;7;12;8;0
28798;505;547;7;12;8;0
28799;513;547;7;12;8;0
28800;521;547;7;12;8;0
28805;529;547;5;12;8;1
28806;535;547;7;12;8;0
28809;543;547;7;12;8;0
28810;551;547;7;12;8;0
28814;567;547;7;12;8;0
28818;655;547;7;12;8;0
28820;575;547;7;12;8;0
28821;583;547;7;12;8;0
28822;591;547;7;12;8;0
28824;599;547;7;12;8;0
28825;607;547;7;12;8;0
28828;615;547;7;12;8;0
28829;623;547;7;12;8;0
28836;631;547;7;12;8;0
28843;639;547;7;12;8;0
28844;647;547;7;12;8;0
28845;175;339;7;12;8;0
28846;1012;573;7;12;8;0
28847;167;339;7;12;8;0
28849;985;248;7;12;8;0
28851;1551;105;7;12;8;0
28855;1559;105;7;12;8;0
28856;1567;105;7;12;8;0
28857;1575;105;7;12;8;0
28858;1583;105;7;12;8;0
28859;1591;105;7;12;8;0
28860;1599;105;7;12;8;0
28861;1607;105;7;12;8;0
28864;1615;105;7;12;8;0
28865;1623;105;7;12;8;0
28866;1631;105;7;12;8;0
28867;1639;105;7;12;8;0
28871;1647;105;7;12;8;0
28872;1655;105;7;12;8;0
28874;1663;105;7;12;8;0
28875;1671;105;7;12;8;0
28879;1679;105;7;12;8;0
28884;1687;105;7;12;8;0
28888;1695;105;7;12;8;0
28889;1703;105;7;12;8;0
28890;1711;105;7;12;8;0
28891;1719;105;7;12;8;0
28892;1727;105;7;12;8;0
28893;1543;105;7;12;8;0
28895;1535;105;7;12;8;0
28900;1527;105;7;12;8;0
28902;1423;105;7;12;8;0
28903;1343;105;7;12;8;0
28904;1351;105;7;12;8;0
28905;1359;105;7;12;8;0
28907;1367;105;7;12;8;0
28908;1375;105;7;12;8;0
28909;1383;105;7;12;8;0
28911;1391;105;7;12;8;0
28913;1399;105;7;12;8;0
28916;1407;105;7;12;8;0
28919;1415;105;7;12;8;0
28921;1431;105;7;12;8;0
28925;1519;105;7;12;8;0
28932;1439;105;7;12;8;0
28937;1447;105;7;12;8;0
28938;1455;105;7;12;8;0
28940;1463;105;7;12;8;0
28944;1471;105;7;12;8;0
28947;1479;105;7;12;8;0
28948;1487;105;7;12;8;0
28949;1495;105;7;12;8;0
28950;1503;105;7;12;8;0
28951;1511;105;7;12;8;0
28952;1735;105;7;12;8;0
28953;1751;105;7;12;8;0
28954;113;118;7;12;8;0
28956;1759;105;7;12;8;0
28960;1975;105;7;12;8;0
28961;1983;105;7;12;8;0
28962;1991;105;7;12;8;0
28966;1999;105;7;12;8;0
28975;2007;105;7;12;8;0
28976;2015;105;7;12;8;0
28977;2023;105;7;12;8;0
28982;2031;105;7;12;8;0
28988;2039;105;7;12;8;0
28991;1;118;7;12;8;0
28992;9;118;7;12;8;0
28995;17;118;7;12;8;0
28997;25;118;7;12;8;0
28998;33;118;7;12;8;0
28999;41;118;7;12;8;0
29001;49;118;7;12;8;0
29002;57;118;7;12;8;0
29004;65;118;7;12;8;0
29006;73;118;7;12;8;0
29007;81;118;7;12;8;0
29008;89;118;7;12;8;0
29009;97;118;7;12;8;0
29010;105;118;7;12;8;0
29013;1967;105;7;12;8;0
29014;1959;105;7;12;8;0
29017;1951;105;7;12;8;0
29018;1847;105;7;12;8;0
29020;1767;105;7;12;8;0
29022;1775;105;7;12;8;0
29026;1783;105;7;12;8;0
29028;1791;105;7;12;8;0
29029;1799;105;7;12;8;0
29030;1807;105;7;12;8;0
29031;1815;105;7;12;8;0
29032;1823;105;7;12;8;0
29033;1831;105;7;12;8;0
29036;1839;105;7;12;8;0
29038;1855;105;7;12;8;0
29042;1943;105;7;12;8;0
29043;1863;105;7;12;8;0
29048;1871;105;7;12;8;0
29050;1879;105;7;12;8;0
29053;1887;105;7;12;8;0
29060;1895;105;7;12;8;0
29064;1903;105;7;12;8;0
29066;1911;105;7;12;8;0
29071;1919;105;7;12;8;0
29074;1927;105;7;12;8;0
29076;1935;105;7;12;8;0
29077;1335;105;7;12;8;0
29079;1327;105;7;12;8;0
29080;1319;105;7;12;8;0
29081;1311;105;7;12;8;0
29087;713;105;7;12;8;0
29088;721;105;7;12;8;0
29096;729;105;7;12;8;0
29100;737;105;7;12;8;0
29105;745;105;7;12;8;0
29107;753;105;7;12;8;0
29109;761;105;7;12;8;0
29113;769;105;7;12;8;0
29118;777;105;7;12;8;0
29121;785;105;7;12;8;0
29123;801;105;7;12;8;0
29124;889;105;7;12;8;0
29128;809;105;7;12;8;0
29129;817;105;7;12;8;0
29130;825;105;7;12;8;0
29134;833;105;7;12;8;0
29136;841;105;7;12;8;0
29138;849;105;7;12;8;0
29140;857;105;7;12;8;0
29141;865;105;7;12;8;0
29143;873;105;7;12;8;0
29145;881;105;7;12;8;0
29148;705;105;7;12;8;0
29151;793;105;7;12;8;0
29152;697;105;7;12;8;0
29157;585;105;7;12;8;0
29158;505;105;7;12;8;0
29159;513;105;7;12;8;0
29164;521;105;7;12;8;0
29165;529;105;7;12;8;0
29166;537;105;7;12;8;0
29172;545;105;7;12;8;0
29173;553;105;7;12;8;0
29174;561;105;7;12;8;0
29176;569;105;7;12;8;0
29177;577;105;7;12;8;0
29179;593;105;7;12;8;0
29180;681;105;7;12;8;0
29182;601;105;7;12;8;0
29183;609;105;7;12;8;0
29190;617;105;7;12;8;0
29196;625;105;7;12;8;0
29197;633;105;7;12;8;0
29200;641;105;7;12;8;0
29211;649;105;7;12;8;0
29213;657;105;7;12;8;0
29224;665;105;7;12;8;0
29226;673;105;7;12;8;0
29227;689;105;7;12;8;0
29228;897;105;7;12;8;0
29229;905;105;7;12;8;0
29232;913;105;7;12;8;0
29233;1129;105;7;12;8;0
29234;1137;105;7;12;8;0
29237;1145;105;7;12;8;0
29238;1153;105;7;12;8;0
29239;1161;105;7;12;8;0
29240;1169;105;7;12;8;0
29241;1177;105;7;12;8;0
29242;1185;105;7;12;8;0
29243;1193;105;7;12;8;0
29244;1201;105;7;12;8;0
29245;1209;105;7;12;8;0
29246;1217;105;7;12;8;0
29247;1225;105;5;12;8;1
29248;1231;105;7;12;8;0
29249;1239;105;7;12;8;0
29250;1247;105;7;12;8;0
29254;1255;105;7;12;8;0
29255;1263;105;7;12;8;0
29256;1271;105;7;12;8;0
29259;1279;105;7;12;8;0
29260;1287;105;7;12;8;0
29261;1295;105;7;12;8;0
29266;1303;105;7;12;8;0
29270;1121;105;7;12;8;0
29272;1113;105;7;12;8;0
29273;1105;105;7;12;8;0
29275;1001;105;7;12;8;0
29277;921;105;7;12;8;0
29279;929;105;7;12;8;0
29280;937;105;7;12;8;0
29281;945;105;7;12;8;0
29282;953;105;7;12;8;0
29284;961;105;7;12;8;0
29286;969;105;7;12;8;0
29287;977;105;7;12;8;0
29289;985;105;7;12;8;0
29294;993;105;7;12;8;0
29295;1009;105;7;12;8;0
29298;1097;105;7;12;8;0
29300;1017;105;7;12;8;0
29301;1025;105;7;12;8;0
29305;1033;105;7;12;8;0
29306;1041;105;7;12;8;0
29309;1049;105;7;12;8;0
29310;1057;105;7;12;8;0
29311;1065;105;7;12;8;0
29312;1073;105;7;12;8;0
29313;1081;105;7;12;8;0
29314;1089;105;7;12;8;0
29316;1743;105;7;12;8;0
29319;129;118;7;12;8;0
29322;1382;118;7;12;8;0
29323;137;118;7;12;8;0
29325;1193;118;7;12;8;0
29327;1201;118;7;12;8;0
29330;1209;118;7;12;8;0
29334;1217;118;7;12;8;0
29339;1225;118;7;12;8;0
29343;1233;118;7;12;8;0
29344;1241;118;7;12;8;0
29345;1249;118;7;12;8;0
29346;1257;118;7;12;8;0
29351;1265;118;7;12;8;0
29356;1273;118;7;12;8;0
29357;1281;118;3;12;8;0
29358;1285;118;8;12;8;0
29359;1294;118;7;12;8;0
29360;1302;118;7;12;8;0
29362;1310;118;7;12;8;0
29364;1318;118;7;12;8;0
29366;1326;118;7;12;8;0
29367;1334;118;7;12;8;0
29368;1342;118;7;12;8;0
29369;1350;118;7;12;8;0
29376;1358;118;7;12;8;0
29377;1366;118;7;12;8;0
29378;1185;118;7;12;8;0
29379;1177;118;7;12;8;0
29380;1169;118;7;12;8;0
29382;1065;118;7;12;8;0
29384;985;118;7;12;8;0
29389;993;118;7;12;8;0
29390;1001;118;7;12;8;0
29392;1009;118;7;12;8;0
29394;1017;118;7;12;8;0
29399;1025;118;7;12;8;0
29401;1033;118;7;12;8;0
29403;1041;118;7;12;8;0
29406;1049;118;7;12;8;0
29408;1057;118;7;12;8;0
29409;1073;118;7;12;8;0
29410;1161;118;7;12;8;0
29416;1081;118;7;12;8;0
29417;1089;118;7;12;8;0
29420;1097;118;7;12;8;0
29421;1105;118;7;12;8;0
29422;1113;118;7;12;8;0
29423;1121;118;7;12;8;0
29424;1129;118;7;12;8;0
29425;1137;118;7;12;8;0
29426;1145;118;7;12;8;0
29427;1153;118;7;12;8;0
29428;1374;118;7;12;8;0
29431;1390;118;7;12;8;0
29432;1798;118;7;12;8;0
29433;1398;118;7;12;8;0
29434;1614;118;7;12;8;0
29435;1622;118;7;12;8;0
29436;1630;118;7;12;8;0
29437;1638;118;7;12;8;0
29441;1646;118;7;12;8;0
29443;1654;118;7;12;8;0
29450;1662;118;7;12;8;0
29454;1670;118;7;12;8;0
29459;1678;118;7;12;8;0
29461;1686;118;7;12;8;0
29462;1694;118;7;12;8;0
29463;1702;118;7;12;8;0
29465;1710;118;7;12;8;0
29467;1718;118;7;12;8;0
29468;1726;118;7;12;8;0
29469;1734;118;7;12;8;0
29470;1742;118;7;12;8;0
29471;1750;118;7;12;8;0
29473;1758;118;7;12;8;0
29474;1766;118;7;12;8;0
29477;1774;118;7;12;8;0
29481;1782;118;7;12;8;0
29482;1790;118;7;12;8;0
29483;1606;118;7;12;8;0
29484;1598;118;7;12;8;0
29486;1590;118;7;12;8;0
29487;1486;118;7;12;8;0
29489;1406;118;7;12;8;0
29492;1414;118;7;12;8;0
29494;1422;118;7;12;8;0
29495;1430;118;7;12;8;0
29496;1438;118;7;12;8;0
29497;1446;118;7;12;8;0
29499;1454;118;7;12;8;0
29502;1462;118;7;12;8;0
29503;1470;118;7;12;8;0
29505;1478;118;7;12;8;0
29507;1494;118;7;12;8;0
29508;1582;118;7;12;8;0
29509;1502;118;7;12;8;0
29511;1510;118;7;12;8;0
29517;1518;118;7;12;8;0
29518;1526;118;7;12;8;0
29519;1534;118;7;12;8;0
29520;1542;118;7;12;8;0
29522;1550;118;7;12;8;0
29527;1558;118;7;12;8;0
29536;1566;118;7;12;8;0
29538;1574;118;7;12;8;0
29539;977;118;7;12;8;0
29544;969;118;7;12;8;0
29546;961;118;7;12;8;0
29548;953;118;7;12;8;0
29549;353;118;7;12;8;0
29551;361;118;7;12;8;0
29552;369;118;7;12;8;0
29554;377;118;7;12;8;0
29556;385;118;7;12;8;0
29557;393;118;7;12;8;0
29559;401;118;7;12;8;0
29560;409;118;7;12;8;0
29562;417;118;7;12;8;0
29563;425;118;7;12;8;0
29564;441;118;7;12;8;0
29566;529;118;7;12;8;0
29568;449;118;7;12;8;0
29572;457;118;7;12;8;0
29574;465;118;7;12;8;0
29575;473;118;7;12;8;0
29577;481;118;7;12;8;0
29578;489;118;7;12;8;0
29579;497;118;7;12;8;0
29582;505;118;7;12;8;0
29585;513;118;7;12;8;0
29586;521;118;7;12;8;0
29589;345;118;7;12;8;0
29590;433;118;7;12;8;0
29592;337;118;7;12;8;0
29593;225;118;7;12;8;0
29595;145;118;7;12;8;0
29599;153;118;7;12;8;0
29600;161;118;7;12;8;0
29601;169;118;7;12;8;0
29602;177;118;7;12;8;0
29605;185;118;7;12;8;0
29606;193;118;7;12;8;0
29608;201;118;7;12;8;0
29609;209;118;7;12;8;0
29611;217;118;7;12;8;0
29613;233;118;7;12;8;0
29614;321;118;7;12;8;0
29615;241;118;7;12;8;0
29616;249;118;7;12;8;0
29618;257;118;7;12;8;0
29619;265;118;7;12;8;0
29623;273;118;7;12;8;0
29626;281;118;7;12;8;0
29627;289;118;7;12;8;0
29629;297;118;7;12;8;0
29632;305;118;7;12;8;0
29634;313;118;7;12;8;0
29637;329;118;7;12;8;0
29640;537;118;7;12;8;0
29641;545;118;7;12;8;0
29642;553;118;7;12;8;0
29645;769;118;7;12;8;0
29646;777;118;7;12;8;0
29647;785;118;7;12;8;0
29648;793;118;7;12;8;0
29649;801;118;7;12;8;0
29657;809;118;7;12;8;0
29661;817;118;7;12;8;0
29662;825;118;7;12;8;0
29664;833;118;7;12;8;0
29665;841;118;7;12;8;0
29667;849;118;7;12;8;0
29669;857;118;7;12;8;0
29671;865;118;7;12;8;0
29673;873;118;7;12;8;0
29674;881;118;7;12;8;0
29677;889;118;7;12;8;0
29678;897;118;7;12;8;0
29680;905;118;7;12;8;0
29681;913;118;7;12;8;0
29682;921;118;7;12;8;0
29688;929;118;7;12;8;0
29690;937;118;7;12;8;0
29693;945;118;7;12;8;0
29694;761;118;7;12;8;0
29699;753;118;7;12;8;0
29700;745;118;7;12;8;0
29701;641;118;7;12;8;0
29702;561;118;7;12;8;0
29703;569;118;7;12;8;0
29705;577;118;7;12;8;0
29706;585;118;7;12;8;0
29709;593;118;7;12;8;0
29711;601;118;7;12;8;0
29712;609;118;7;12;8;0
29722;617;118;7;12;8;0
29723;625;118;7;12;8;0
29729;633;118;7;12;8;0
29730;649;118;7;12;8;0
29732;737;118;7;12;8;0
29733;657;118;7;12;8;0
29734;665;118;7;12;8;0
29736;673;118;7;12;8;0
29738;681;118;7;12;8;0
29739;689;118;7;12;8;0
29740;697;118;7;12;8;0
29741;705;118;7;12;8;0
29742;713;118;7;12;8;0
29743;721;118;7;12;8;0
29744;729;118;7;12;8;0
29746;497;105;7;12;8;0
29747;121;118;7;12;8;0
29748;489;105;7;12;8;0
29749;841;92;7;12;8;0
29750;225;92;7;12;8;0
29754;233;92;7;12;8;0
29756;241;92;7;12;8;0
29759;249;92;7;12;8;0
29760;257;92;7;12;8;0
29761;265;92;7;12;8;0
29764;273;92;7;12;8;0
29771;281;92;7;12;8;0
29781;289;92;7;12;8;0
29783;297;92;7;12;8;0
29785;305;92;7;12;8;0
29786;313;92;7;12;8;0
29787;321;92;7;12;8;0
29788;329;92;7;12;8;0
29790;337;92;7;12;8;0
29791;345;92;7;12;8;0
29792;353;92;7;12;8;0
29794;361;92;7;12;8;0
29795;369;92;7;12;8;0
29796;377;92;7;12;8;0
29801;385;92;7;12;8;0
29802;393;92;7;12;8;0
29805;401;92;7;12;8;0
29807;217;92;7;12;8;0
29808;209;92;7;12;8;0
29809;201;92;7;12;8;0
29810;97;92;7;12;8;0
29811;17;92;7;12;8;0
29814;25;92;7;12;8;0
29815;33;92;7;12;8;0
29822;41;92;7;12;8;0
29824;49;92;7;12;8;0
29825;57;92;7;12;8;0
29827;65;92;7;12;8;0
29831;73;92;7;12;8;0
29833;81;92;7;12;8;0
29834;89;92;7;12;8;0
29835;105;92;7;12;8;0
29838;193;92;7;12;8;0
29840;113;92;7;12;8;0
29848;121;92;7;12;8;0
29852;129;92;7;12;8;0
29854;137;92;7;12;8;0
29855;145;92;7;12;8;0
29856;153;92;7;12;8;0
29858;161;92;7;12;8;0
29859;169;92;7;12;8;0
29862;177;92;7;12;8;0
29863;185;92;7;12;8;0
29864;409;92;7;12;8;0
29865;425;92;7;12;8;0
29866;833;92;7;12;8;0
29872;433;92;7;12;8;0
29873;649;92;7;12;8;0
29880;657;92;7;12;8;0
29882;665;92;7;12;8;0
29885;673;92;7;12;8;0
29887;681;92;7;12;8;0
29896;689;92;7;12;8;0
29898;697;92;7;12;8;0
29903;705;92;7;12;8;0
29906;713;92;7;12;8;0
29908;721;92;7;12;8;0
29910;729;92;7;12;8;0
29912;737;92;7;12;8;0
29914;745;92;7;12;8;0
29916;753;92;7;12;8;0
29918;761;92;7;12;8;0
29920;769;92;7;12;8;0
29922;777;92;7;12;8;0
29923;785;92;7;12;8;0
29924;793;92;7;12;8;0
29926;801;92;7;12;8;0
29927;809;92;7;12;8;0
29929;817;92;7;12;8;0
29934;825;92;7;12;8;0
29935;641;92;7;12;8;0
29936;633;92;7;12;8;0
29937;625;92;7;12;8;0
29938;521;92;7;12;8;0
29940;441;92;7;12;8;0
29942;449;92;7;12;8;0
29943;457;92;7;12;8;0
29944;465;92;7;12;8;0
29951;473;92;7;12;8;0
29955;481;92;7;12;8;0
29956;489;92;7;12;8;0
29957;497;92;7;12;8;0
29964;505;92;7;12;8;0
29965;513;92;7;12;8;0
29966;529;92;7;12;8;0
29967;617;92;7;12;8;0
29969;537;92;7;12;8;0
29971;545;92;7;12;8;0
29973;553;92;7;12;8;0
29976;561;92;7;12;8;0
29977;569;92;7;12;8;0
29978;577;92;7;12;8;0
29980;585;92;7;12;8;0
29982;593;92;7;12;8;0
29983;601;92;7;12;8;0
29985;609;92;7;12;8;0
29986;9;92;7;12;8;0
29987;1;92;7;12;8;0
29989;2039;79;7;12;8;0
29990;2031;79;7;12;8;0
29992;1433;79;7;12;8;0
29993;1441;79;7;12;8;0
29995;1449;79;7;12;8;0
29996;1457;79;6;12;8;1
29997;1464;79;7;12;8;0
29999;1472;79;7;12;8;0
30000;1480;79;7;12;8;0
30001;1488;79;7;12;8;0
30002;1496;79;7;12;8;0
30003;1504;79;7;12;8;0
30004;1520;79;7;12;8;0
30005;1607;79;7;12;8;0
30007;1528;79;7;12;8;0
30008;1536;79;7;12;8;0
30010;1544;79;7;12;8;0
30011;1552;79;7;12;8;0
30012;1560;79;7;12;8;0
30013;1568;79;7;12;8;0
30014;1576;79;7;12;8;0
30016;1584;79;7;12;8;0
30020;1592;79;6;12;8;1
30021;1599;79;7;12;8;0
30022;1425;79;7;12;8;0
30023;1512;79;7;12;8;0
30024;1417;79;7;12;8;0
30025;1305;79;7;12;8;0
30026;1225;79;7;12;8;0
30027;1233;79;7;12;8;0
30028;1241;79;7;12;8;0
30029;1249;79;7;12;8;0
30030;1257;79;7;12;8;0
30031;1265;79;7;12;8;0
30033;1273;79;7;12;8;0
30036;1281;79;7;12;8;0
30041;1289;79;7;12;8;0
30042;1297;79;7;12;8;0
30043;1313;79;7;12;8;0
30044;1401;79;7;12;8;0
30045;1321;79;7;12;8;0
30048;1329;79;7;12;8;0
30050;1337;79;7;12;8;0
30052;1345;79;7;12;8;0
30053;1353;79;7;12;8;0
30054;1361;79;7;12;8;0
30055;1369;79;7;12;8;0
30057;1377;79;7;12;8;0
30058;1385;79;7;12;8;0
30059;1393;79;7;12;8;0
30060;1409;79;7;12;8;0
30061;1615;79;7;12;8;0
30064;1623;79;7;12;8;0
30066;1631;79;7;12;8;0
30067;1847;79;7;12;8;0
30068;1855;79;7;12;8;0
30070;1863;79;7;12;8;0
30071;1871;79;7;12;8;0
30072;1879;79;7;12;8;0
30073;1887;79;7;12;8;0
30079;1895;79;7;12;8;0
30082;1903;79;7;12;8;0
30083;1911;79;7;12;8;0
30086;1919;79;7;12;8;0
30087;1927;79;7;12;8;0
30089;1935;79;7;12;8;0
30090;1943;79;7;12;8;0
30091;1951;79;7;12;8;0
30094;1959;79;7;12;8;0
30095;1967;79;7;12;8;0
30097;1975;79;7;12;8;0
30098;1983;79;7;12;8;0
30100;1991;79;7;12;8;0
30102;1999;79;7;12;8;0
30103;2007;79;7;12;8;0
30105;2015;79;7;12;8;0
30106;2023;79;7;12;8;0
30109;1839;79;7;12;8;0
30111;1831;79;7;12;8;0
30112;1823;79;7;12;8;0
30113;1719;79;7;12;8;0
30114;1639;79;7;12;8;0
30115;1647;79;7;12;8;0
30116;1655;79;7;12;8;0
30117;1663;79;7;12;8;0
30122;1671;79;7;12;8;0
30123;1679;79;7;12;8;0
30124;1687;79;7;12;8;0
30126;1695;79;7;12;8;0
30127;1703;79;7;12;8;0
30128;1711;79;7;12;8;0
30129;1727;79;7;12;8;0
30130;1815;79;7;12;8;0
30131;1735;79;7;12;8;0
30132;1743;79;7;12;8;0
30133;1751;79;7;12;8;0
30136;1759;79;7;12;8;0
30137;1767;79;7;12;8;0
30140;1775;79;7;12;8;0
30141;1783;79;7;12;8;0
30142;1791;79;7;12;8;0
30144;1799;79;7;12;8;0
30146;1807;79;7;12;8;0
30147;417;92;7;12;8;0
30148;849;92;7;12;8;0
30149;57;105;7;12;8;0
30151;857;92;7;12;8;0
30152;1910;92;7;12;8;0
30153;1918;92;7;12;8;0
30154;1926;92;7;12;8;0
30157;1934;92;7;12;8;0
30162;1942;92;7;12;8;0
30164;1950;92;7;12;8;0
30165;1958;92;7;12;8;0
30166;1966;92;7;12;8;0
30168;1974;92;7;12;8;0
30169;1982;92;7;12;8;0
30171;1990;92;7;12;8;0
30174;1998;92;7;12;8;0
30176;2006;92;7;12;8;0
30178;2014;92;7;12;8;0
30179;2022;92;7;12;8;0
30180;2030;92;7;12;8;0
30182;2038;92;8;12;8;0
30183;1;105;7;12;8;0
30184;9;105;7;12;8;0
30185;17;105;7;12;8;0
30186;25;105;7;12;8;0
30187;33;105;7;12;8;0
30192;41;105;7;12;8;0
30193;1902;92;7;12;8;0
30194;1894;92;7;12;8;0
30195;1886;92;7;12;8;0
30196;1782;92;7;12;8;0
30201;1702;92;7;12;8;0
30202;1710;92;7;12;8;0
30204;1718;92;7;12;8;0
30206;1726;92;7;12;8;0
30207;1734;92;7;12;8;0
30208;1742;92;7;12;8;0
30209;1750;92;7;12;8;0
30211;1758;92;7;12;8;0
30213;1766;92;7;12;8;0
30217;1774;92;7;12;8;0
30218;1790;92;7;12;8;0
30219;1878;92;7;12;8;0
30220;1798;92;7;12;8;0
30221;1806;92;7;12;8;0
30224;1814;92;7;12;8;0
30227;1822;92;7;12;8;0
30229;1830;92;7;12;8;0
30230;1838;92;7;12;8;0
30231;1846;92;7;12;8;0
30232;1854;92;7;12;8;0
30233;1862;92;7;12;8;0
30235;1870;92;7;12;8;0
30236;49;105;7;12;8;0
30238;65;105;7;12;8;0
30239;473;105;7;12;8;0
30240;73;105;7;12;8;0
30241;289;105;7;12;8;0
30242;297;105;7;12;8;0
30244;305;105;7;12;8;0
30245;313;105;7;12;8;0
30246;321;105;7;12;8;0
30247;329;105;7;12;8;0
30249;337;105;7;12;8;0
30250;345;105;7;12;8;0
30251;353;105;7;12;8;0
30253;361;105;7;12;8;0
30254;369;105;7;12;8;0
30256;377;105;7;12;8;0
30259;385;105;7;12;8;0
30260;393;105;7;12;8;0
30261;401;105;7;12;8;0
30264;409;105;7;12;8;0
30266;417;105;7;12;8;0
30267;425;105;7;12;8;0
30268;433;105;7;12;8;0
30270;441;105;7;12;8;0
30271;449;105;7;12;8;0
30272;457;105;7;12;8;0
30274;465;105;7;12;8;0
30275;281;105;7;12;8;0
30278;273;105;7;12;8;0
30279;265;105;7;12;8;0
30280;161;105;7;12;8;0
30284;81;105;7;12;8;0
30285;89;105;7;12;8;0
30286;97;105;7;12;8;0
30290;105;105;7;12;8;0
30292;113;105;7;12;8;0
30294;121;105;7;12;8;0
30296;129;105;7;12;8;0
30300;137;105;7;12;8;0
30302;145;105;7;12;8;0
30303;153;105;7;12;8;0
30305;169;105;7;12;8;0
30306;257;105;7;12;8;0
30307;177;105;7;12;8;0
30308;185;105;7;12;8;0
30309;193;105;7;12;8;0
30310;201;105;7;12;8;0
30311;209;105;7;12;8;0
30312;217;105;7;12;8;0
30313;225;105;7;12;8;0
30314;233;105;7;12;8;0
30315;241;105;7;12;8;0
30316;249;105;7;12;8;0
30318;1694;92;7;12;8;0
30319;1686;92;7;12;8;0
30320;1678;92;7;12;8;0
30321;1670;92;7;12;8;0
30322;1073;92;7;12;8;0
30326;1081;92;7;12;8;0
30328;1089;92;7;12;8;0
30330;1097;92;7;12;8;0
30331;1105;92;7;12;8;0
30332;1113;92;7;12;8;0
30333;1121;92;6;12;8;1
30334;1128;92;7;12;8;0
30336;1136;92;6;12;8;1
30338;1143;92;7;12;8;0
30339;1159;92;7;12;8;0
30340;1247;92;7;12;8;0
30342;1167;92;7;12;8;0
30343;1175;92;7;12;8;0
30344;1183;92;7;12;8;0
30347;1191;92;7;12;8;0
30350;1199;92;7;12;8;0
30352;1207;92;7;12;8;0
30353;1215;92;7;12;8;0
30355;1223;92;7;12;8;0
30358;1231;92;7;12;8;0
30361;1239;92;7;12;8;0
30362;1065;92;7;12;8;0
30363;1151;92;7;12;8;0
30366;1057;92;7;12;8;0
30372;945;92;7;12;8;0
30382;865;92;7;12;8;0
30384;873;92;7;12;8;0
30385;881;92;7;12;8;0
30386;889;92;7;12;8;0
30388;897;92;7;12;8;0
30391;905;92;7;12;8;0
30392;913;92;7;12;8;0
30393;921;92;7;12;8;0
30394;929;92;7;12;8;0
30399;937;92;7;12;8;0
30402;953;92;7;12;8;0
30403;1041;92;7;12;8;0
30405;961;92;7;12;8;0
30406;969;92;7;12;8;0
30408;977;92;7;12;8;0
30410;985;92;7;12;8;0
30413;993;92;7;12;8;0
30414;1001;92;7;12;8;0
30415;1009;92;7;12;8;0
30416;1017;92;7;12;8;0
30417;1025;92;7;12;8;0
30418;1033;92;7;12;8;0
30420;1049;92;7;12;8;0
30422;1255;92;7;12;8;0
30423;1263;92;7;12;8;0
30424;1271;92;7;12;8;0
30427;1487;92;7;12;8;0
30428;1495;92;7;12;8;0
30430;1503;92;7;12;8;0
30431;1511;92;7;12;8;0
30433;1519;92;7;12;8;0
30435;1527;92;7;12;8;0
30436;1535;92;7;12;8;0
30437;1543;92;7;12;8;0
30439;1551;92;7;12;8;0
30442;1559;92;7;12;8;0
30444;1567;92;7;12;8;0
30446;1575;92;6;12;8;1
30447;1582;92;7;12;8;0
30449;1590;92;7;12;8;0
30450;1598;92;7;12;8;0
30452;1606;92;7;12;8;0
30455;1614;92;7;12;8;0
30456;1622;92;7;12;8;0
30457;1630;92;7;12;8;0
30459;1638;92;7;12;8;0
30460;1646;92;7;12;8;0
30462;1654;92;7;12;8;0
30465;1662;92;7;12;8;0
30468;1479;92;7;12;8;0
30471;1471;92;7;12;8;0
30472;1463;92;7;12;8;0
30473;1359;92;7;12;8;0
30474;1279;92;7;12;8;0
30475;1287;92;7;12;8;0
30476;1295;92;7;12;8;0
30477;1303;92;7;12;8;0
30489;1311;92;7;12;8;0
30490;1319;92;7;12;8;0
30491;1327;92;7;12;8;0
30494;1335;92;7;12;8;0
30495;1343;92;7;12;8;0
30496;1351;92;7;12;8;0
30498;1367;92;7;12;8;0
30500;1455;92;7;12;8;0
30501;1375;92;7;12;8;0
30502;1383;92;7;12;8;0
30504;1391;92;7;12;8;0
30505;1399;92;7;12;8;0
30508;1407;92;7;12;8;0
30509;1415;92;7;12;8;0
30511;1423;92;7;12;8;0
30517;1431;92;7;12;8;0
30518;1439;92;7;12;8;0
30519;1447;92;7;12;8;0
30520;481;105;7;12;8;0
30522;1806;118;7;12;8;0
30524;1814;118;7;12;8;0
30526;1822;118;7;12;8;0
30528;113;157;7;12;8;0
30529;121;157;7;12;8;0
30531;129;157;7;12;8;0
30534;137;157;7;12;8;0
30535;145;157;7;12;8;0
30543;153;157;7;12;8;0
30544;161;157;7;12;8;0
30545;169;157;7;12;8;0
30554;177;157;7;12;8;0
30555;185;157;7;12;8;0
30556;193;157;7;12;8;0
30558;201;157;7;12;8;0
30561;209;157;7;12;8;0
30562;217;157;7;12;8;0
30563;225;157;7;12;8;0
30565;233;157;7;12;8;0
30566;241;157;7;12;8;0
30568;249;157;7;12;8;0
30569;257;157;7;12;8;0
30570;265;157;7;12;8;0
30571;273;157;7;12;8;0
30572;281;157;7;12;8;0
30585;289;157;7;12;8;0
30589;105;157;7;12;8;0
30590;97;157;7;12;8;0
30591;89;157;7;12;8;0
30592;2033;144;7;12;8;0
30596;1953;144;7;12;8;0
30597;1961;144;7;12;8;0
30599;1969;144;7;12;8;0
30603;1977;144;7;12;8;0
30604;1985;144;7;12;8;0
30605;1993;144;7;12;8;0
30606;2001;144;7;12;8;0
30609;2009;144;7;12;8;0
30610;2017;144;7;12;8;0
30611;2025;144;7;12;8;0
30622;2041;144;7;12;8;0
30623;81;157;7;12;8;0
30624;1;157;7;12;8;0
30626;9;157;7;12;8;0
30629;17;157;7;12;8;0
30631;25;157;7;12;8;0
30633;33;157;7;12;8;0
30634;41;157;7;12;8;0
30636;49;157;7;12;8;0
30637;57;157;7;12;8;0
30640;65;157;7;12;8;0
30643;73;157;7;12;8;0
30645;297;157;7;12;8;0
30646;313;157;7;12;8;0
30649;721;157;7;12;8;0
30651;321;157;7;12;8;0
30652;537;157;7;12;8;0
30653;545;157;7;12;8;0
30655;553;157;7;12;8;0
30663;561;157;7;12;8;0
30667;569;157;7;12;8;0
30669;577;157;7;12;8;0
30675;585;157;7;12;8;0
30679;593;157;7;12;8;0
30682;601;157;7;12;8;0
30683;609;157;7;12;8;0
30684;617;157;7;12;8;0
30690;625;157;7;12;8;0
30691;633;157;7;12;8;0
30693;641;157;7;12;8;0
30695;649;157;7;12;8;0
30697;657;157;7;12;8;0
30699;665;157;7;12;8;0
30700;673;157;7;12;8;0
30701;681;157;7;12;8;0
30702;689;157;7;12;8;0
30703;697;157;7;12;8;0
30707;705;157;7;12;8;0
30710;713;157;7;12;8;0
30712;529;157;7;12;8;0
30715;521;157;7;12;8;0
30716;513;157;7;12;8;0
30717;409;157;7;12;8;0
30718;329;157;7;12;8;0
30719;337;157;7;12;8;0
30720;345;157;7;12;8;0
30721;353;157;7;12;8;0
30722;361;157;7;12;8;0
30728;369;157;7;12;8;0
30729;377;157;7;12;8;0
30732;385;157;7;12;8;0
30733;393;157;7;12;8;0
30737;401;157;7;12;8;0
30738;417;157;7;12;8;0
30740;505;157;7;12;8;0
30741;425;157;7;12;8;0
30742;433;157;7;12;8;0
30743;441;157;7;12;8;0
30744;449;157;7;12;8;0
30746;457;157;7;12;8;0
30748;465;157;7;12;8;0
30749;473;157;7;12;8;0
30751;481;157;7;12;8;0
30752;489;157;7;12;8;0
30755;497;157;7;12;8;0
30757;1945;144;7;12;8;0
30758;1937;144;7;12;8;0
30759;1929;144;7;12;8;0
30761;1921;144;7;12;8;0
30764;1321;144;7;12;8;0
30765;1329;144;7;12;8;0
30768;1337;144;7;12;8;0
30769;1345;144;7;12;8;0
30770;1353;144;7;12;8;0
30772;1361;144;7;12;8;0
30773;1369;144;7;12;8;0
30775;1377;144;7;12;8;0
30776;1385;144;7;12;8;0
30777;1393;144;7;12;8;0
30778;1409;144;7;12;8;0
30779;1497;144;7;12;8;0
30780;1417;144;7;12;8;0
30782;1425;144;7;12;8;0
30783;1433;144;7;12;8;0
30784;1441;144;7;12;8;0
30787;1449;144;7;12;8;0
30789;1457;144;7;12;8;0
30791;1465;144;7;12;8;0
30796;1473;144;7;12;8;0
30798;1481;144;7;12;8;0
30800;1489;144;7;12;8;0
30802;1313;144;7;12;8;0
30803;1401;144;7;12;8;0
30805;1305;144;7;12;8;0
30806;1193;144;7;12;8;0
30807;1113;144;7;12;8;0
30813;1121;144;7;12;8;0
30820;1129;144;7;12;8;0
30822;1137;144;7;12;8;0
30826;1145;144;7;12;8;0
30827;1153;144;7;12;8;0
30828;1161;144;7;12;8;0
30829;1169;144;7;12;8;0
30830;1177;144;7;12;8;0
30831;1185;144;7;12;8;0
30834;1201;144;7;12;8;0
30836;1289;144;7;12;8;0
30839;1209;144;7;12;8;0
30844;1217;144;7;12;8;0
30847;1225;144;7;12;8;0
30849;1233;144;7;12;8;0
30854;1241;144;7;12;8;0
30855;1249;144;7;12;8;0
30857;1257;144;7;12;8;0
30860;1265;144;7;12;8;0
30861;1273;144;7;12;8;0
30862;1281;144;7;12;8;0
30865;1297;144;7;12;8;0
30867;1505;144;7;12;8;0
30869;1513;144;7;12;8;0
30870;1521;144;7;12;8;0
30871;1737;144;7;12;8;0
30872;1745;144;7;12;8;0
30874;1753;144;7;12;8;0
30875;1761;144;7;12;8;0
30876;1769;144;7;12;8;0
30879;1777;144;7;12;8;0
30881;1785;144;7;12;8;0
30883;1793;144;7;12;8;0
30885;1801;144;7;12;8;0
30887;1809;144;7;12;8;0
30889;1817;144;7;12;8;0
30890;1825;144;7;12;8;0
30895;1833;144;7;12;8;0
30896;1841;144;7;12;8;0
30897;1849;144;7;12;8;0
30898;1857;144;7;12;8;0
30899;1865;144;7;12;8;0
30900;1873;144;7;12;8;0
30901;1881;144;7;12;8;0
30905;1889;144;7;12;8;0
30906;1897;144;7;12;8;0
30908;1905;144;7;12;8;0
30910;1913;144;7;12;8;0
30913;1729;144;7;12;8;0
30917;1721;144;7;12;8;0
30918;1713;144;7;12;8;0
30921;1609;144;7;12;8;0
30922;1529;144;7;12;8;0
30923;1537;144;7;12;8;0
30928;1545;144;7;12;8;0
30929;1553;144;7;12;8;0
30932;1561;144;7;12;8;0
30933;1569;144;7;12;8;0
30936;1577;144;7;12;8;0
30937;1585;144;7;12;8;0
30938;1593;144;7;12;8;0
30940;1601;144;7;12;8;0
30945;1617;144;7;12;8;0
30951;1705;144;7;12;8;0
30952;1625;144;7;12;8;0
30956;1633;144;7;12;8;0
30959;1641;144;7;12;8;0
30962;1649;144;7;12;8;0
30964;1657;144;7;12;8;0
30967;1665;144;7;12;8;0
30970;1673;144;7;12;8;0
30971;1681;144;7;12;8;0
30973;1689;144;7;12;8;0
30977;1697;144;7;12;8;0
30981;305;157;7;12;8;0
30983;729;157;7;12;8;0
30990;737;157;7;12;8;0
30992;745;157;7;12;8;0
30993;1809;157;7;12;8;0
30994;1817;157;7;12;8;0
30995;1825;157;7;12;8;0
31001;1833;157;7;12;8;0
31006;1841;157;7;12;8;0
31009;1849;157;7;12;8;0
31012;1857;157;7;12;8;0
31014;1865;157;7;12;8;0
31018;1873;157;7;12;8;0
31019;1881;157;7;12;8;0
31020;1889;157;7;12;8;0
31025;1897;157;7;12;8;0
31028;1905;157;7;12;8;0
31034;1913;157;7;12;8;0
31035;1921;157;3;12;8;0
31036;1925;157;7;12;8;0
31037;1933;157;7;12;8;0
31038;1941;157;7;12;8;0
31040;1949;157;7;12;8;0
31041;1957;157;7;12;8;0
31042;1965;157;7;12;8;0
31045;1973;157;7;12;8;0
31046;1981;157;7;12;8;0
31047;1801;157;7;12;8;0
31048;1793;157;7;12;8;0
31049;1785;157;7;12;8;0
31054;1681;157;7;12;8;0
31056;1601;157;7;12;8;0
31059;1609;157;7;12;8;0
31061;1617;157;7;12;8;0
31062;1625;157;7;12;8;0
31063;1633;157;7;12;8;0
31066;1641;157;7;12;8;0
31067;1649;157;7;12;8;0
31068;1657;157;7;12;8;0
31069;1665;157;7;12;8;0
31070;1673;157;7;12;8;0
31071;1689;157;7;12;8;0
31072;1777;157;7;12;8;0
31074;1697;157;7;12;8;0
31077;1705;157;7;12;8;0
31079;1713;157;7;12;8;0
31080;1721;157;7;12;8;0
31085;1729;157;7;12;8;0
31087;1737;157;7;12;8;0
31095;1745;157;7;12;8;0
31096;1753;157;7;12;8;0
31098;1761;157;7;12;8;0
31100;1769;157;7;12;8;0
31103;1989;157;7;12;8;0
31104;2005;157;7;12;8;0
31105;369;170;7;12;8;0
31108;2013;157;7;12;8;0
31109;185;170;7;12;8;0
31114;193;170;7;12;8;0
31117;201;170;7;12;8;0
31118;209;170;7;12;8;0
31119;217;170;7;12;8;0
31124;225;170;7;12;8;0
31125;233;170;7;12;8;0
31130;241;170;7;12;8;0
31131;249;170;7;12;8;0
31133;257;170;7;12;8;0
31137;265;170;7;12;8;0
31140;273;170;7;12;8;0
31142;281;170;7;12;8;0
31143;289;170;7;12;8;0
31146;297;170;7;12;8;0
31150;305;170;7;12;8;0
31152;313;170;7;12;8;0
31153;321;170;7;12;8;0
31155;329;170;7;12;8;0
31161;337;170;7;12;8;0
31162;345;170;7;12;8;0
31163;353;170;7;12;8;0
31165;361;170;7;12;8;0
31166;177;170;7;12;8;0
31167;169;170;7;12;8;0
31168;161;170;7;12;8;0
31169;57;170;7;12;8;0
31171;2021;157;7;12;8;0
31174;2029;157;7;12;8;0
31176;2037;157;7;12;8;0
31177;1;170;7;12;8;0
31179;9;170;7;12;8;0
31181;17;170;7;12;8;0
31185;25;170;7;12;8;0
31186;33;170;7;12;8;0
31189;41;170;7;12;8;0
31192;49;170;7;12;8;0
31197;65;170;7;12;8;0
31199;153;170;7;12;8;0
31201;73;170;7;12;8;0
31203;81;170;7;12;8;0
31204;89;170;7;12;8;0
31206;97;170;7;12;8;0
31207;105;170;7;12;8;0
31209;113;170;7;12;8;0
31211;121;170;7;12;8;0
31212;129;170;7;12;8;0
31213;137;170;7;12;8;0
31215;145;170;7;12;8;0
31216;1593;157;7;12;8;0
31224;1997;157;7;12;8;0
31227;1585;157;7;12;8;0
31229;1153;157;7;12;8;0
31230;961;157;7;12;8;0
31232;969;157;7;12;8;0
31234;977;157;7;12;8;0
31235;985;157;7;12;8;0
31237;993;157;7;12;8;0
31238;1001;157;7;12;8;0
31240;1009;157;7;12;8;0
31241;1017;157;7;12;8;0
31243;1025;157;7;12;8;0
31245;1033;157;7;12;8;0
31246;1041;157;7;12;8;0
31252;1049;157;7;12;8;0
31255;1057;157;7;12;8;0
31256;1065;157;7;12;8;0
31257;1073;157;7;12;8;0
31258;1081;157;7;12;8;0
31260;1089;157;7;12;8;0
31262;1097;157;7;12;8;0
31263;1105;157;7;12;8;0
31264;1113;157;7;12;8;0
31267;1121;157;7;12;8;0
31278;1129;157;7;12;8;0
31281;1137;157;7;12;8;0
31282;953;157;7;12;8;0
31283;945;157;7;12;8;0
31287;937;157;7;12;8;0
31289;833;157;7;12;8;0
31291;753;157;7;12;8;0
31292;761;157;7;12;8;0
31293;769;157;7;12;8;0
31294;777;157;7;12;8;0
31295;785;157;7;12;8;0
31296;793;157;7;12;8;0
31298;801;157;7;12;8;0
31299;809;157;7;12;8;0
31302;817;157;7;12;8;0
31303;825;157;7;12;8;0
31305;841;157;7;12;8;0
31307;929;157;7;12;8;0
31308;849;157;7;12;8;0
31309;857;157;7;12;8;0
31310;865;157;7;12;8;0
31311;873;157;7;12;8;0
31312;881;157;7;12;8;0
31313;889;157;7;12;8;0
31319;897;157;7;12;8;0
31328;905;157;7;12;8;0
31329;913;157;7;12;8;0
31330;921;157;7;12;8;0
31331;1145;157;7;12;8;0
31336;1161;157;7;12;8;0
31337;1569;157;7;12;8;0
31339;1169;157;7;12;8;0
31344;1385;157;7;12;8;0
31348;1393;157;7;12;8;0
31350;1401;157;7;12;8;0
31351;1409;157;7;12;8;0
31352;1417;157;7;12;8;0
31353;1425;157;7;12;8;0
31354;1433;157;7;12;8;0
31357;1441;157;7;12;8;0
31359;1449;157;7;12;8;0
31360;1457;157;7;12;8;0
31361;1465;157;7;12;8;0
31363;1473;157;7;12;8;0
31364;1481;157;7;12;8;0
31366;1489;157;7;12;8;0
31368;1497;157;7;12;8;0
31373;1505;157;7;12;8;0
31377;1513;157;7;12;8;0
31378;1521;157;7;12;8;0
31379;1529;157;7;12;8;0
31381;1537;157;7;12;8;0
31382;1545;157;7;12;8;0
31383;1553;157;7;12;8;0
31384;1561;157;7;12;8;0
31388;1377;157;7;12;8;0
31389;1369;157;7;12;8;0
31391;1361;157;7;12;8;0
31392;1257;157;7;12;8;0
31395;1177;157;7;12;8;0
31397;1185;157;7;12;8;0
31398;1193;157;7;12;8;0
31400;1201;157;7;12;8;0
31401;1209;157;7;12;8;0
31402;1217;157;7;12;8;0
31404;1225;157;7;12;8;0
31405;1233;157;7;12;8;0
31406;1241;157;7;12;8;0
31407;1249;157;7;12;8;0
31408;1265;157;7;12;8;0
31411;1353;157;7;12;8;0
31414;1273;157;7;12;8;0
31416;1281;157;7;12;8;0
31418;1289;157;7;12;8;0
31423;1297;157;7;12;8;0
31427;1305;157;7;12;8;0
31428;1313;157;7;12;8;0
31429;1321;157;7;12;8;0
31431;1329;157;7;12;8;0
31432;1337;157;7;12;8;0
31434;1345;157;7;12;8;0
31435;1105;144;7;12;8;0
31437;1097;144;7;12;8;0
31439;1089;144;7;12;8;0
31441;1449;131;7;12;8;0
31442;833;131;7;12;8;0
31443;841;131;7;12;8;0
31445;849;131;7;12;8;0
31446;857;131;7;12;8;0
31449;865;131;7;12;8;0
31450;873;131;7;12;8;0
31452;881;131;7;12;8;0
31453;889;131;7;12;8;0
31454;897;131;7;12;8;0
31455;905;131;7;12;8;0
31456;913;131;7;12;8;0
31457;921;131;7;12;8;0
31458;929;131;7;12;8;0
31459;937;131;7;12;8;0
31461;945;131;7;12;8;0
31462;953;131;7;12;8;0
31466;961;131;7;12;8;0
31469;969;131;7;12;8;0
31471;977;131;7;12;8;0
31472;985;131;7;12;8;0
31478;993;131;7;12;8;0
31480;1001;131;7;12;8;0
31481;1009;131;7;12;8;0
31482;825;131;7;12;8;0
31485;817;131;7;12;8;0
31487;809;131;7;12;8;0
31490;705;131;7;12;8;0
31491;625;131;7;12;8;0
31492;633;131;7;12;8;0
31494;641;131;7;12;8;0
31496;649;131;7;12;8;0
31498;657;131;7;12;8;0
31499;665;131;7;12;8;0
31503;673;131;7;12;8;0
31505;681;131;7;12;8;0
31508;689;131;7;12;8;0
31509;697;131;7;12;8;0
31512;713;131;7;12;8;0
31513;801;131;7;12;8;0
31515;721;131;7;12;8;0
31518;729;131;7;12;8;0
31520;737;131;7;12;8;0
31524;745;131;7;12;8;0
31525;753;131;7;12;8;0
31526;761;131;7;12;8;0
31528;769;131;7;12;8;0
31530;777;131;7;12;8;0
31531;785;131;7;12;8;0
31532;793;131;7;12;8;0
31533;1017;131;7;12;8;0
31534;1033;131;7;12;8;0
31537;1441;131;7;12;8;0
31539;1041;131;7;12;8;0
31541;1257;131;7;12;8;0
31542;1265;131;7;12;8;0
31544;1273;131;7;12;8;0
31545;1281;131;7;12;8;0
31546;1289;131;7;12;8;0
31548;1297;131;7;12;8;0
31550;1305;131;7;12;8;0
31557;1313;131;7;12;8;0
31558;1321;131;7;12;8;0
31559;1329;131;7;12;8;0
31560;1337;131;7;12;8;0
31561;1345;131;7;12;8;0
31562;1353;131;7;12;8;0
31563;1361;131;7;12;8;0
31564;1369;131;7;12;8;0
31565;1377;131;7;12;8;0
31567;1385;131;7;12;8;0
31568;1393;131;7;12;8;0
31569;1401;131;7;12;8;0
31570;1409;131;7;12;8;0
31572;1417;131;7;12;8;0
31574;1425;131;7;12;8;0
31576;1433;131;7;12;8;0
31578;1249;131;7;12;8;0
31579;1241;131;7;12;8;0
31581;1233;131;7;12;8;0
31584;1129;131;7;12;8;0
31586;1049;131;7;12;8;0
31589;1057;131;7;12;8;0
31590;1065;131;7;12;8;0
31591;1073;131;7;12;8;0
31596;1081;131;7;12;8;0
31598;1089;131;7;12;8;0
31599;1097;131;7;12;8;0
31600;1105;131;7;12;8;0
31601;1113;131;7;12;8;0
31602;1121;131;7;12;8;0
31604;1137;131;7;12;8;0
31605;1225;131;7;12;8;0
31607;1145;131;7;12;8;0
31609;1153;131;7;12;8;0
31610;1161;131;7;12;8;0
31611;1169;131;7;12;8;0
31614;1177;131;7;12;8;0
31616;1185;131;7;12;8;0
31620;1193;131;7;12;8;0
31621;1201;131;7;12;8;0
31622;1209;131;7;12;8;0
31623;1217;131;7;12;8;0
31627;617;131;7;12;8;0
31629;609;131;7;12;8;0
31630;601;131;7;12;8;0
31631;593;131;7;12;8;0
31632;2038;118;7;12;8;0
31634;1;131;7;12;8;0
31636;9;131;7;12;8;0
31637;17;131;7;12;8;0
31639;25;131;7;12;8;0
31640;33;131;7;12;8;0
31641;41;131;7;12;8;0
31642;49;131;7;12;8;0
31644;57;131;7;12;8;0
31645;65;131;7;12;8;0
31647;81;131;7;12;8;0
31648;169;131;7;12;8;0
31649;89;131;7;12;8;0
31650;97;131;7;12;8;0
31654;105;131;7;12;8;0
31655;113;131;7;12;8;0
31656;121;131;7;12;8;0
31657;129;131;7;12;8;0
31658;137;131;7;12;8;0
31659;145;131;7;12;8;0
31660;153;131;7;12;8;0
31661;161;131;7;12;8;0
31665;2030;118;7;12;8;0
31668;73;131;7;12;8;0
31672;2022;118;7;12;8;0
31680;1910;118;7;12;8;0
31681;1830;118;7;12;8;0
31684;1838;118;7;12;8;0
31686;1846;118;7;12;8;0
31687;1854;118;7;12;8;0
31689;1862;118;7;12;8;0
31691;1870;118;7;12;8;0
31692;1878;118;7;12;8;0
31695;1886;118;7;12;8;0
31697;1894;118;7;12;8;0
31699;1902;118;7;12;8;0
31705;1918;118;7;12;8;0
31706;2006;118;7;12;8;0
31707;1926;118;7;12;8;0
31709;1934;118;7;12;8;0
31712;1942;118;7;12;8;0
31713;1950;118;7;12;8;0
31716;1958;118;7;12;8;0
31717;1966;118;7;12;8;0
31718;1974;118;7;12;8;0
31721;1982;118;7;12;8;0
31722;1990;118;7;12;8;0
31725;1998;118;7;12;8;0
31726;2014;118;7;12;8;0
31729;177;131;7;12;8;0
31731;185;131;7;12;8;0
31734;193;131;7;12;8;0
31735;409;131;7;12;8;0
31740;417;131;7;12;8;0
31742;425;131;7;12;8;0
31744;433;131;7;12;8;0
31751;441;131;7;12;8;0
31755;449;131;7;12;8;0
31756;457;131;7;12;8;0
31757;465;131;7;12;8;0
31759;473;131;7;12;8;0
31761;481;131;7;12;8;0
31762;489;131;7;12;8;0
31763;497;131;7;12;8;0
31764;505;131;7;12;8;0
31766;513;131;7;12;8;0
31767;521;131;7;12;8;0
31774;529;131;7;12;8;0
31775;537;131;7;12;8;0
31777;545;131;7;12;8;0
31779;553;131;7;12;8;0
31782;561;131;7;12;8;0
31783;569;131;7;12;8;0
31786;577;131;7;12;8;0
31787;585;131;7;12;8;0
31792;401;131;7;12;8;0
31799;393;131;7;12;8;0
31800;385;131;7;12;8;0
31805;281;131;7;12;8;0
31806;201;131;7;12;8;0
31807;209;131;7;12;8;0
31808;217;131;7;12;8;0
31809;225;131;7;12;8;0
31811;233;131;7;12;8;0
31820;241;131;7;12;8;0
31821;249;131;7;12;8;0
31823;257;131;7;12;8;0
31824;265;131;7;12;8;0
31827;273;131;7;12;8;0
31828;289;131;7;12;8;0
31830;377;131;7;12;8;0
31831;297;131;7;12;8;0
31832;305;131;7;12;8;0
31833;313;131;7;12;8;0
31836;321;131;7;12;8;0
31839;329;131;7;12;8;0
31840;337;131;7;12;8;0
31843;345;131;7;12;8;0
31844;353;131;7;12;8;0
31845;361;131;7;12;8;0
31852;369;131;7;12;8;0
31854;1025;131;7;12;8;0
31858;1457;131;7;12;8;0
31859;665;144;7;12;8;0
31860;1465;131;7;12;8;0
31861;473;144;7;12;8;0
31864;481;144;7;12;8;0
31867;489;144;7;12;8;0
31868;497;144;7;12;8;0
31869;505;144;7;12;8;0
31870;513;144;7;12;8;0
31873;521;144;7;12;8;0
31874;529;144;7;12;8;0
31875;537;144;7;12;8;0
31876;545;144;7;12;8;0
31881;553;144;7;12;8;0
31883;561;144;7;12;8;0
31885;569;144;7;12;8;0
31888;577;144;7;12;8;0
31889;585;144;7;12;8;0
31890;593;144;7;12;8;0
31893;601;144;7;12;8;0
31895;609;144;7;12;8;0
31896;617;144;7;12;8;0
31899;625;144;7;12;8;0
31900;633;144;7;12;8;0
31901;641;144;7;12;8;0
31902;649;144;7;12;8;0
31903;465;144;7;12;8;0
31905;457;144;7;12;8;0
31906;449;144;7;12;8;0
31908;345;144;7;12;8;0
31909;265;144;7;12;8;0
31911;273;144;7;12;8;0
31912;281;144;7;12;8;0
31914;289;144;7;12;8;0
31915;297;144;7;12;8;0
31917;305;144;7;12;8;0
31918;313;144;7;12;8;0
31921;321;144;7;12;8;0
31922;329;144;7;12;8;0
31923;337;144;7;12;8;0
31925;353;144;7;12;8;0
31929;441;144;7;12;8;0
31930;361;144;7;12;8;0
31932;369;144;7;12;8;0
31933;377;144;7;12;8;0
31934;385;144;7;12;8;0
31935;393;144;7;12;8;0
31936;401;144;7;12;8;0
31937;409;144;7;12;8;0
31938;417;144;7;12;8;0
31941;425;144;7;12;8;0
31943;433;144;7;12;8;0
31944;657;144;7;12;8;0
31945;673;144;7;12;8;0
31946;1081;144;7;12;8;0
31948;681;144;7;12;8;0
31949;897;144;7;12;8;0
31950;905;144;7;12;8;0
31954;913;144;7;12;8;0
31957;921;144;7;12;8;0
31958;929;144;7;12;8;0
31959;937;144;7;12;8;0
31960;945;144;7;12;8;0
31961;953;144;7;12;8;0
31964;961;144;7;12;8;0
31965;969;144;7;12;8;0
31966;977;144;7;12;8;0
31967;985;144;7;12;8;0
31968;993;144;7;12;8;0
31970;1001;144;7;12;8;0
31975;1009;144;7;12;8;0
31976;1017;144;7;12;8;0
31980;1025;144;7;12;8;0
31981;1033;144;7;12;8;0
31983;1041;144;7;12;8;0
31984;1049;144;7;12;8;0
31986;1057;144;7;12;8;0
31988;1065;144;7;12;8;0
31990;1073;144;7;12;8;0
31992;889;144;7;12;8;0
31994;881;144;7;12;8;0
31995;873;144;7;12;8;0
31998;769;144;7;12;8;0
32000;689;144;7;12;8;0
32002;697;144;7;12;8;0
32004;705;144;7;12;8;0
32005;713;144;7;12;8;0
32006;721;144;7;12;8;0
32007;729;144;7;12;8;0
32008;737;144;7;12;8;0
32009;745;144;7;12;8;0
32010;753;144;7;12;8;0
32011;761;144;7;12;8;0
32013;777;144;7;12;8;0
32016;865;144;7;12;8;0
32019;785;144;7;12;8;0
32020;793;144;7;12;8;0
32021;801;144;7;12;8;0
32023;809;144;7;12;8;0
32024;817;144;7;12;8;0
32025;825;144;7;12;8;0
32026;833;144;7;12;8;0
32027;841;144;7;12;8;0
32028;849;144;7;12;8;0
32032;857;144;7;12;8;0
32033;257;144;7;12;8;0
32034;249;144;7;12;8;0
32039;241;144;7;12;8;0
32043;233;144;7;12;8;0
32044;1681;131;7;12;8;0
32046;1689;131;7;12;8;0
32047;1697;131;7;12;8;0
32048;1705;131;7;12;8;0
32049;1713;131;7;12;8;0
32050;1721;131;7;12;8;0
32051;1729;131;7;12;8;0
32053;1737;131;7;12;8;0
32057;1745;131;7;12;8;0
32058;1753;131;7;12;8;0
32060;1769;131;7;12;8;0
32063;1857;131;7;12;8;0
32064;1777;131;7;12;8;0
32066;1785;131;7;12;8;0
32067;1793;131;7;12;8;0
32068;1801;131;7;12;8;0
32069;1809;131;7;12;8;0
32070;1817;131;7;12;8;0
32075;1825;131;7;12;8;0
32076;1833;131;7;12;8;0
32078;1841;131;7;12;8;0
32079;1849;131;7;12;8;0
32080;1673;131;7;12;8;0
32085;1761;131;7;12;8;0
32086;1665;131;7;12;8;0
32090;1553;131;7;12;8;0
32091;1473;131;7;12;8;0
32092;1481;131;7;12;8;0
32093;1489;131;7;12;8;0
32094;1497;131;7;12;8;0
32097;1505;131;7;12;8;0
32098;1513;131;7;12;8;0
32099;1521;131;7;12;8;0
32102;1529;131;7;12;8;0
32104;1537;131;7;12;8;0
32110;1545;131;7;12;8;0
32112;1561;131;7;12;8;0
32113;1649;131;7;12;8;0
32114;1569;131;7;12;8;0
32115;1577;131;7;12;8;0
32117;1585;131;7;12;8;0
32118;1593;131;7;12;8;0
32119;1601;131;7;12;8;0
32121;1609;131;7;12;8;0
32122;1617;131;7;12;8;0
32125;1625;131;7;12;8;0
32129;1633;131;7;12;8;0
32137;1641;131;7;12;8;0
32143;1657;131;7;12;8;0
32145;1865;131;7;12;8;0
32147;1873;131;7;12;8;0
32153;1881;131;7;12;8;0
32154;49;144;7;12;8;0
32155;57;144;7;12;8;0
32156;65;144;7;12;8;0
32158;73;144;7;12;8;0
32159;81;144;7;12;8;0
32160;89;144;7;12;8;0
32162;97;144;7;12;8;0
32163;105;144;7;12;8;0
32166;113;144;7;12;8;0
32171;121;144;7;12;8;0
32172;129;144;7;12;8;0
32173;137;144;7;12;8;0
32174;145;144;7;12;8;0
32175;153;144;7;12;8;0
32176;161;144;7;12;8;0
32177;169;144;7;12;8;0
32178;177;144;7;12;8;0
32180;185;144;7;12;8;0
32181;193;144;7;12;8;0
32184;201;144;7;12;8;0
32186;209;144;7;12;8;0
32187;217;144;7;12;8;0
32189;225;144;7;12;8;0
32190;41;144;7;12;8;0
32191;33;144;7;12;8;0
32193;25;144;7;12;8;0
32196;1969;131;7;12;8;0
32199;1889;131;7;12;8;0
32202;1897;131;7;12;8;0
32203;1905;131;7;12;8;0
32207;1913;131;7;12;8;0
32209;1921;131;7;12;8;0
32210;1929;131;7;12;8;0
32213;1937;131;7;12;8;0
32216;1945;131;7;12;8;0
32217;1953;131;7;12;8;0
32218;1961;131;7;12;8;0
32220;1977;131;7;12;8;0
32221;17;144;7;12;8;0
32222;1985;131;7;12;8;0
32224;1993;131;7;12;8;0
32225;2001;131;7;12;8;0
32227;2009;131;7;12;8;0
32228;2017;131;7;12;8;0
32232;2025;131;7;12;8;0
32233;2033;131;7;12;8;0
32236;2041;131;7;12;8;0
32239;1;144;7;12;8;0
32242;9;144;7;12;8;0
32244;1217;79;7;12;8;0
32249;1209;79;7;12;8;0
32251;1201;79;7;12;8;0
32257;593;40;7;12;8;0
32260;337;27;7;12;8;0
32261;345;27;7;12;8;0
32264;353;27;7;12;8;0
32265;361;27;7;12;8;0
32266;369;27;7;12;8;0
32267;377;27;7;12;8;0
32272;385;27;7;12;8;0
32273;393;27;7;12;8;0
32274;401;27;7;12;8;0
32277;409;27;7;12;8;0
32283;417;27;7;12;8;0
32285;425;27;7;12;8;0
32286;433;27;7;12;8;0
32287;441;27;7;12;8;0
32289;449;27;7;12;8;0
32290;457;27;7;12;8;0
32291;465;27;7;12;8;0
32294;473;27;7;12;8;0
32295;481;27;7;12;8;0
32299;489;27;7;12;8;0
32301;497;27;7;12;8;0
32302;505;27;7;12;8;0
32303;513;27;7;12;8;0
32305;329;27;7;12;8;0
32306;321;27;7;12;8;0
32307;313;27;7;12;8;0
32308;209;27;7;12;8;0
32309;129;27;7;12;8;0
32311;137;27;7;12;8;0
32313;145;27;7;12;8;0
32314;153;27;7;12;8;0
32315;161;27;7;12;8;0
32317;169;27;7;12;8;0
32318;177;27;7;12;8;0
32319;185;27;7;12;8;0
32321;193;27;7;12;8;0
32323;201;27;7;12;8;0
32325;217;27;7;12;8;0
32326;305;27;7;12;8;0
32327;225;27;7;12;8;0
32328;233;27;7;12;8;0
32330;241;27;7;12;8;0
32331;249;27;7;12;8;0
32333;257;27;7;12;8;0
32337;265;27;7;12;8;0
32338;273;27;7;12;8;0
32340;281;27;7;12;8;0
32341;289;27;7;12;8;0
32342;297;27;7;12;8;0
32345;521;27;7;12;8;0
32346;537;27;7;12;8;0
32349;940;27;7;12;8;0
32350;545;27;7;12;8;0
32353;756;27;7;12;8;0
32358;764;27;7;12;8;0
32359;772;27;7;12;8;0
32361;780;27;7;12;8;0
32362;788;27;7;12;8;0
32363;796;27;7;12;8;0
32365;804;27;7;12;8;0
32366;812;27;7;12;8;0
32368;820;27;7;12;8;0
32371;828;27;7;12;8;0
32377;836;27;7;12;8;0
32379;844;27;7;12;8;0
32380;852;27;7;12;8;0
32381;860;27;7;12;8;0
32382;868;27;7;12;8;0
32383;876;27;7;12;8;0
32386;884;27;7;12;8;0
32387;892;27;7;12;8;0
32392;900;27;7;12;8;0
32393;908;27;7;12;8;0
32396;916;27;7;12;8;0
32397;924;27;7;12;8;0
32398;932;27;7;12;8;0
32399;748;27;7;12;8;0
32400;740;27;7;12;8;0
32402;732;27;7;12;8;0
32403;628;27;7;12;8;0
32404;553;27;7;12;8;0
32406;561;27;7;12;8;0
32408;569;27;7;12;8;0
32411;577;27;7;12;8;0
32412;585;27;7;12;8;0
32415;593;27;2;12;8;0
32416;596;27;7;12;8;0
32417;604;27;7;12;8;0
32418;612;27;7;12;8;0
32419;620;27;7;12;8;0
32420;636;27;7;12;8;0
32421;724;27;7;12;8;0
32422;644;27;7;12;8;0
32423;652;27;7;12;8;0
32424;660;27;7;12;8;0
32425;668;27;7;12;8;0
32426;676;27;7;12;8;0
32427;684;27;7;12;8;0
32428;692;27;7;12;8;0
32429;700;27;7;12;8;0
32430;708;27;7;12;8;0
32431;716;27;7;12;8;0
32432;121;27;7;12;8;0
32433;113;27;7;12;8;0
32434;105;27;7;12;8;0
32435;97;27;7;12;8;0
32436;1544;14;7;12;8;0
32437;1552;14;7;12;8;0
32438;1560;14;7;12;8;0
32439;1568;14;7;12;8;0
32440;1576;14;7;12;8;0
32441;1584;14;7;12;8;0
32442;1592;14;7;12;8;0
32443;1600;14;7;12;8;0
32444;1608;14;7;12;8;0
32445;1616;14;7;12;8;0
32446;1632;14;7;12;8;0
32447;1720;14;7;12;8;0
32448;1640;14;7;12;8;0
32449;1648;14;7;12;8;0
32450;1656;14;7;12;8;0
32451;1664;14;7;12;8;0
32452;1672;14;7;12;8;0
32453;1680;14;7;12;8;0
32454;1688;14;7;12;8;0
32455;1696;14;7;12;8;0
32456;1704;14;7;12;8;0
32457;1712;14;7;12;8;0
32458;1536;14;7;12;8;0
32459;1624;14;7;12;8;0
32460;1528;14;7;12;8;0
32461;1416;14;7;12;8;0
32462;1336;14;7;12;8;0
32463;1344;14;7;12;8;0
32464;1352;14;7;12;8;0
32465;1360;14;7;12;8;0
32466;1368;14;7;12;8;0
32467;1376;14;7;12;8;0
32468;1384;14;7;12;8;0
32469;1392;14;7;12;8;0
32470;1400;14;7;12;8;0
32471;1408;14;7;12;8;0
32472;1424;14;7;12;8;0
32473;1512;14;7;12;8;0
32474;1432;14;7;12;8;0
32475;1440;14;7;12;8;0
32476;1448;14;7;12;8;0
32477;1456;14;7;12;8;0
32478;1464;14;7;12;8;0
32479;1472;14;7;12;8;0
32480;1480;14;7;12;8;0
32481;1488;14;7;12;8;0
32482;1496;14;7;12;8;0
32483;1504;14;7;12;8;0
32484;1520;14;7;12;8;0
32485;1728;14;7;12;8;0
32486;1736;14;7;12;8;0
32487;1744;14;7;12;8;0
32488;1960;14;7;12;8;0
32489;1968;14;7;12;8;0
32490;1976;14;7;12;8;0
32491;1984;14;7;12;8;0
32492;1992;14;7;12;8;0
32493;2000;14;7;12;8;0
32494;2008;14;7;12;8;0
32495;2016;14;7;12;8;0
32496;2024;14;7;12;8;0
32497;2032;14;7;12;8;0
32498;2040;14;7;12;8;0
32499;1;27;7;12;8;0
32500;9;27;7;12;8;0
32501;17;27;7;12;8;0
32502;25;27;7;12;8;0
32503;33;27;7;12;8;0
32504;41;27;7;12;8;0
32505;49;27;7;12;8;0
32506;57;27;7;12;8;0
32507;65;27;7;12;8;0
32508;73;27;7;12;8;0
32509;81;27;7;12;8;0
32510;89;27;7;12;8;0
32511;1952;14;7;12;8;0
32512;1944;14;7;12;8;0
32513;1936;14;7;12;8;0
32514;1832;14;7;12;8;0
32515;1752;14;7;12;8;0
32516;1760;14;7;12;8;0
32517;1768;14;7;12;8;0
32518;1776;14;7;12;8;0
32519;1784;14;7;12;8;0
32520;1792;14;7;12;8;0
32521;1800;14;7;12;8;0
32522;1808;14;7;12;8;0
32523;1816;14;7;12;8;0
32524;1824;14;7;12;8;0
32525;1840;14;7;12;8;0
32526;1928;14;7;12;8;0
32527;1848;14;7;12;8;0
32528;1856;14;7;12;8;0
32529;1864;14;7;12;8;0
32530;1872;14;7;12;8;0
32531;1880;14;7;12;8;0
32532;1888;14;7;12;8;0
32533;1896;14;7;12;8;0
32534;1904;14;7;12;8;0
32535;1912;14;7;12;8;0
32536;1920;14;7;12;8;0
32537;529;27;7;12;8;0
32538;955;27;7;12;8;0
32539;169;40;7;12;8;0
32540;963;27;7;12;8;0
32541;2018;27;7;12;8;0
32542;2026;27;7;12;8;0
32543;2034;27;7;12;8;0
32544;1;40;7;12;8;0
32545;9;40;7;12;8;0
32546;17;40;7;12;8;0
32547;25;40;7;12;8;0
32548;33;40;7;12;8;0
32549;41;40;7;12;8;0
32550;49;40;7;12;8;0
32551;57;40;7;12;8;0
32552;65;40;7;12;8;0
32553;73;40;7;12;8;0
32554;81;40;7;12;8;0
32555;89;40;7;12;8;0
32556;97;40;7;12;8;0
32557;105;40;7;12;8;0
32558;113;40;7;12;8;0
32559;121;40;7;12;8;0
32560;129;40;7;12;8;0
32561;137;40;7;12;8;0
32562;145;40;7;12;8;0
32563;153;40;7;12;8;0
32564;2010;27;7;12;8;0
32565;2002;27;7;12;8;0
32566;1994;27;7;12;8;0
32568;1890;27;7;12;8;0
32570;1810;27;7;12;8;0
32573;1818;27;7;12;8;0
32578;1826;27;7;12;8;0
32580;1834;27;7;12;8;0
32581;1842;27;7;12;8;0
32584;1850;27;7;12;8;0
32588;1858;27;7;12;8;0
32589;1866;27;7;12;8;0
32590;1874;27;7;12;8;0
32591;1882;27;7;12;8;0
32592;1898;27;7;12;8;0
32593;1986;27;7;12;8;0
32594;1906;27;7;12;8;0
32595;1914;27;7;12;8;0
32596;1922;27;7;12;8;0
32597;1930;27;7;12;8;0
32599;1938;27;7;12;8;0
32600;1946;27;7;12;8;0
32602;1954;27;7;12;8;0
32607;1962;27;7;12;8;0
32608;1970;27;7;12;8;0
32609;1978;27;7;12;8;0
32610;161;40;7;12;8;0
32611;177;40;7;12;8;0
32615;585;40;7;12;8;0
32616;185;40;7;12;8;0
32617;401;40;7;12;8;0
32618;409;40;7;12;8;0
32619;417;40;7;12;8;0
32622;425;40;7;12;8;0
32624;433;40;7;12;8;0
32625;441;40;7;12;8;0
32626;449;40;7;12;8;0
32628;457;40;7;12;8;0
32629;465;40;7;12;8;0
32631;473;40;7;12;8;0
32632;481;40;7;12;8;0
32633;489;40;7;12;8;0
32638;497;40;7;12;8;0
32641;505;40;7;12;8;0
32642;513;40;7;12;8;0
32643;521;40;7;12;8;0
32645;529;40;7;12;8;0
32646;537;40;7;12;8;0
32647;545;40;7;12;8;0
32648;553;40;7;12;8;0
32650;561;40;7;12;8;0
32651;569;40;7;12;8;0
32652;577;40;7;12;8;0
32654;393;40;7;12;8;0
32660;385;40;7;12;8;0
32663;377;40;7;12;8;0
32666;273;40;7;12;8;0
32669;193;40;7;12;8;0
32670;201;40;7;12;8;0
32671;209;40;7;12;8;0
32673;217;40;7;12;8;0
32675;225;40;7;12;8;0
32676;233;40;7;12;8;0
32677;241;40;7;12;8;0
32679;249;40;7;12;8;0
32680;257;40;7;12;8;0
32681;265;40;7;12;8;0
32686;281;40;7;12;8;0
32687;369;40;7;12;8;0
32688;289;40;7;12;8;0
32690;297;40;7;12;8;0
32694;305;40;7;12;8;0
32696;313;40;7;12;8;0
32697;321;40;7;12;8;0
32700;329;40;7;12;8;0
32701;337;40;7;12;8;0
32703;345;40;7;12;8;0
32705;353;40;7;12;8;0
32709;361;40;7;12;8;0
32710;1802;27;7;12;8;0
32714;1794;27;7;12;8;0
32716;1786;27;7;12;8;0
32718;1778;27;7;12;8;0
32722;1179;27;7;12;8;0
32724;1187;27;7;12;8;0
32725;1195;27;7;12;8;0
32728;1203;27;7;12;8;0
32735;1211;27;7;12;8;0
32736;1219;27;7;12;8;0
32737;1227;27;7;12;8;0
32741;1235;27;7;12;8;0
32742;1243;27;7;12;8;0
32745;1251;27;7;12;8;0
32747;1267;27;7;12;8;0
32748;1355;27;7;12;8;0
32750;1275;27;7;12;8;0
32752;1283;27;7;12;8;0
32753;1291;27;7;12;8;0
32755;1299;27;7;12;8;0
32761;1307;27;7;12;8;0
32762;1315;27;7;12;8;0
32763;1323;27;7;12;8;0
32764;1331;27;7;12;8;0
32768;1339;27;7;12;8;0
32769;1347;27;7;12;8;0
32771;1171;27;7;12;8;0
32772;1259;27;7;12;8;0
32773;1163;27;7;12;8;0
32774;1051;27;7;12;8;0
32779;971;27;7;12;8;0
32780;979;27;7;12;8;0
32781;987;27;7;12;8;0
32784;995;27;7;12;8;0
32785;1003;27;7;12;8;0
32786;1011;27;7;12;8;0
32788;1019;27;7;12;8;0
32789;1027;27;7;12;8;0
32790;1035;27;7;12;8;0
32791;1043;27;7;12;8;0
32792;1059;27;7;12;8;0
32793;1147;27;7;12;8;0
32796;1067;27;7;12;8;0
32800;1075;27;7;12;8;0
32801;1083;27;7;12;8;0
32802;1091;27;7;12;8;0
32805;1099;27;7;12;8;0
32806;1107;27;7;12;8;0
32807;1115;27;7;12;8;0
32808;1123;27;7;12;8;0
32809;1131;27;7;12;8;0
32810;1139;27;7;12;8;0
32817;1155;27;7;12;8;0
32819;1363;27;7;12;8;0
32821;1371;27;7;12;8;0
32822;1379;27;7;12;8;0
32823;1594;27;7;12;8;0
32824;1602;27;7;12;8;0
32827;1610;27;7;12;8;0
32829;1618;27;7;12;8;0
32831;1626;27;7;12;8;0
32834;1634;27;7;12;8;0
32835;1642;27;7;12;8;0
32838;1650;27;7;12;8;0
32842;1658;27;7;12;8;0
32843;1666;27;7;12;8;0
32844;1674;27;7;12;8;0
32845;1682;27;7;12;8;0
32850;1690;27;7;12;8;0
32852;1698;27;7;12;8;0
32854;1706;27;7;12;8;0
32856;1714;27;7;12;8;0
32858;1722;27;7;12;8;0
32862;1730;27;7;12;8;0
32863;1738;27;7;12;8;0
32865;1746;27;7;12;8;0
32866;1754;27;7;12;8;0
32872;1762;27;7;12;8;0
32873;1770;27;7;12;8;0
32874;1586;27;7;12;8;0
32879;1578;27;7;12;8;0
32880;1570;27;7;12;8;0
32881;1467;27;7;12;8;0
32882;1387;27;7;12;8;0
32883;1395;27;7;12;8;0
32884;1403;27;7;12;8;0
32885;1411;27;7;12;8;0
32886;1419;27;7;12;8;0
32887;1427;27;7;12;8;0
32889;1435;27;7;12;8;0
32893;1443;27;7;12;8;0
32894;1451;27;7;12;8;0
32895;1459;27;7;12;8;0
32896;1475;27;7;12;8;0
32899;1562;27;7;12;8;0
32900;1483;27;7;12;8;0
32901;1491;27;7;12;8;0
32902;1499;27;7;12;8;0
32903;1507;27;7;12;8;0
32905;1515;27;7;12;8;0
32907;1523;27;7;12;8;0
32908;1531;27;7;12;8;0
32911;1539;27;7;12;8;0
32915;1547;27;7;12;8;0
32918;1555;27;6;12;8;1
32920;1328;14;7;12;8;0
32921;948;27;6;12;8;1
32922;1320;14;7;12;8;0
32923;1669;1;7;12;8;0
32924;1053;1;7;12;8;0
32925;1061;1;7;12;8;0
32927;1069;1;7;12;8;0
32928;1077;1;7;12;8;0
32929;1085;1;7;12;8;0
32930;1093;1;7;12;8;0
32932;1101;1;7;12;8;0
32933;1109;1;7;12;8;0
32937;1117;1;7;12;8;0
32938;1125;1;7;12;8;0
32939;1133;1;7;12;8;0
32940;1141;1;7;12;8;0
32941;1149;1;7;12;8;0
32942;1157;1;7;12;8;0
32943;1165;1;7;12;8;0
32945;1173;1;7;12;8;0
32946;1181;1;7;12;8;0
32948;1189;1;7;12;8;0
32951;1197;1;7;12;8;0
32954;1205;1;7;12;8;0
32956;1213;1;7;12;8;0
32957;1221;1;7;12;8;0
32958;1229;1;7;12;8;0
32959;1045;1;7;12;8;0
32960;1037;1;7;12;8;0
32961;1029;1;7;12;8;0
32962;925;1;7;12;8;0
32963;845;1;7;12;8;0
32964;853;1;7;12;8;0
32966;861;1;7;12;8;0
32972;869;1;7;12;8;0
32973;877;1;7;12;8;0
32974;885;1;7;12;8;0
32982;893;1;7;12;8;0
32983;901;1;7;12;8;0
32985;909;1;7;12;8;0
32986;917;1;7;12;8;0
32987;933;1;7;12;8;0
32988;1021;1;7;12;8;0
32989;941;1;7;12;8;0
32990;949;1;7;12;8;0
32993;957;1;7;12;8;0
32996;965;1;7;12;8;0
32997;973;1;7;12;8;0
32999;981;1;7;12;8;0
33000;989;1;7;12;8;0
33001;997;1;7;12;8;0
33002;1005;1;7;12;8;0
33003;1013;1;7;12;8;0
33004;1237;1;7;12;8;0
33005;1253;1;7;12;8;0
33007;1661;1;7;12;8;0
33008;1261;1;7;12;8;0
33009;1477;1;7;12;8;0
33010;1485;1;7;12;8;0
33011;1493;1;7;12;8;0
33012;1501;1;7;12;8;0
33014;1509;1;7;12;8;0
33016;1517;1;7;12;8;0
33018;1525;1;7;12;8;0
33020;1533;1;7;12;8;0
33021;1541;1;7;12;8;0
33023;1549;1;7;12;8;0
33026;1557;1;7;12;8;0
33029;1565;1;7;12;8;0
33030;1573;1;7;12;8;0
33031;1581;1;7;12;8;0
33032;1589;1;7;12;8;0
33033;1597;1;7;12;8;0
33034;1605;1;7;12;8;0
33037;1613;1;7;12;8;0
33038;1621;1;7;12;8;0
33039;1629;1;7;12;8;0
33040;1637;1;7;12;8;0
33041;1645;1;7;12;8;0
33042;1653;1;7;12;8;0
33043;1469;1;7;12;8;0
33044;1461;1;7;12;8;0
33046;1453;1;7;12;8;0
33047;1349;1;7;12;8;0
33048;1269;1;7;12;8;0
33050;1277;1;7;12;8;0
33051;1285;1;7;12;8;0
33053;1293;1;7;12;8;0
33054;1301;1;7;12;8;0
33058;1309;1;7;12;8;0
33059;1317;1;7;12;8;0
33060;1325;1;7;12;8;0
33065;1333;1;7;12;8;0
33067;1341;1;7;12;8;0
33068;1357;1;7;12;8;0
33071;1445;1;7;12;8;0
33072;1365;1;7;12;8;0
33073;1373;1;7;12;8;0
33074;1381;1;7;12;8;0
33075;1389;1;7;12;8;0
33078;1397;1;7;12;8;0
33079;1405;1;7;12;8;0
33080;1413;1;7;12;8;0
33081;1421;1;7;12;8;0
33086;1429;1;7;12;8;0
33094;1437;1;7;12;8;0
33096;837;1;7;12;8;0
33098;829;1;7;12;8;0
33099;821;1;7;12;8;0
33100;813;1;7;12;8;0
33102;214;1;7;12;8;0
33104;222;1;7;12;8;0
33105;230;1;7;12;8;0
33107;238;1;7;12;8;0
33108;246;1;7;12;8;0
33109;254;1;7;12;8;0
33113;262;1;7;12;8;0
33114;270;1;7;12;8;0
33119;278;1;7;12;8;0
33120;286;1;7;12;8;0
33125;302;1;7;12;8;0
33126;390;1;7;12;8;0
33127;310;1;7;12;8;0
33129;318;1;7;12;8;0
33131;326;1;7;12;8;0
33133;334;1;7;12;8;0
33134;342;1;7;12;8;0
33136;350;1;7;12;8;0
33137;358;1;7;12;8;0
33139;366;1;7;12;8;0
33140;374;1;7;12;8;0
33144;382;1;7;12;8;0
33145;206;1;7;12;8;0
33146;294;1;7;12;8;0
33147;198;1;7;12;8;0
33148;86;1;7;12;8;0
33149;6;1;7;12;8;0
33150;14;1;7;12;8;0
33151;22;1;7;12;8;0
33152;30;1;7;12;8;0
33154;38;1;7;12;8;0
33155;46;1;7;12;8;0
33160;54;1;7;12;8;0
33162;62;1;7;12;8;0
33166;70;1;7;12;8;0
33167;78;1;7;12;8;0
33169;94;1;7;12;8;0
33171;182;1;7;12;8;0
33173;102;1;7;12;8;0
33176;110;1;7;12;8;0
33178;118;1;7;12;8;0
33179;126;1;7;12;8;0
33180;134;1;7;12;8;0
33181;142;1;7;12;8;0
33184;150;1;7;12;8;0
33187;158;1;7;12;8;0
33188;166;1;7;12;8;0
33189;174;1;7;12;8;0
33190;190;1;7;12;8;0
33192;398;1;7;12;8;0
33193;406;1;7;12;8;0
33194;414;1;7;12;8;0
33200;629;1;7;12;8;0
33203;637;1;7;12;8;0
33205;645;1;7;12;8;0
33206;653;1;7;12;8;0
33208;661;1;7;12;8;0
33210;669;1;7;12;8;0
33211;677;1;7;12;8;0
33213;685;1;7;12;8;0
33214;693;1;7;12;8;0
33215;701;1;7;12;8;0
33216;709;1;7;12;8;0
33217;717;1;7;12;8;0
33218;725;1;7;12;8;0
33219;733;1;7;12;8;0
33222;741;1;7;12;8;0
33224;749;1;7;12;8;0
33225;757;1;7;12;8;0
33226;765;1;7;12;8;0
33228;773;1;7;12;8;0
33229;781;1;7;12;8;0
33231;789;1;7;12;8;0
33233;797;1;7;12;8;0
33235;805;1;7;12;8;0
33240;621;1;7;12;8;0
33241;613;1;7;12;8;0
33242;605;1;7;12;8;0
33247;501;1;7;12;8;0
33248;422;1;7;12;8;0
33250;430;1;7;12;8;0
33251;438;1;7;12;8;0
33253;446;1;7;12;8;0
33255;454;1;7;12;8;0
33256;462;1;7;12;8;0
33258;470;1;6;12;8;1
33260;477;1;7;12;8;0
33261;485;1;7;12;8;0
33267;493;1;7;12;8;0
33268;509;1;7;12;8;0
33274;597;1;7;12;8;0
33275;517;1;7;12;8;0
33276;525;1;7;12;8;0
33278;533;1;7;12;8;0
33280;541;1;7;12;8;0
33281;549;1;7;12;8;0
33282;557;1;7;12;8;0
33284;565;1;7;12;8;0
33285;573;1;7;12;8;0
33286;581;1;7;12;8;0
33287;589;1;7;12;8;0
33288;1245;1;7;12;8;0
33289;1677;1;7;12;8;0
33290;889;14;7;12;8;0
33292;1685;1;7;12;8;0
33293;697;14;7;12;8;0
33294;705;14;7;12;8;0
33296;713;14;7;12;8;0
33298;721;14;7;12;8;0
33300;729;14;7;12;8;0
33302;737;14;7;12;8;0
33303;745;14;7;12;8;0
33304;753;14;7;12;8;0
33307;761;14;7;12;8;0
33308;769;14;7;12;8;0
33310;777;14;7;12;8;0
33311;785;14;7;12;8;0
33313;793;14;7;12;8;0
33314;801;14;7;12;8;0
33315;809;14;7;12;8;0
33318;817;14;7;12;8;0
33320;825;14;7;12;8;0
33321;833;14;7;12;8;0
33322;841;14;7;12;8;0
33323;849;14;7;12;8;0
33324;857;14;7;12;8;0
33325;865;14;7;12;8;0
33326;873;14;7;12;8;0
33327;689;14;7;12;8;0
33328;681;14;7;12;8;0
33329;673;14;7;12;8;0
33331;569;14;7;12;8;0
33332;489;14;7;12;8;0
33333;497;14;7;12;8;0
33334;505;14;7;12;8;0
33335;513;14;7;12;8;0
33336;521;14;7;12;8;0
33337;529;14;7;12;8;0
33338;537;14;7;12;8;0
33339;545;14;7;12;8;0
33342;553;14;7;12;8;0
33344;561;14;7;12;8;0
33348;577;14;7;12;8;0
33351;665;14;7;12;8;0
33353;585;14;7;12;8;0
33355;593;14;7;12;8;0
33359;601;14;7;12;8;0
33368;609;14;7;12;8;0
33369;617;14;7;12;8;0
33370;625;14;7;12;8;0
33373;633;14;7;12;8;0
33375;641;14;7;12;8;0
33378;649;14;7;12;8;0
33380;657;14;7;12;8;0
33382;881;14;7;12;8;0
33384;897;14;7;12;8;0
33386;1304;14;7;12;8;0
33387;905;14;7;12;8;0
33390;1121;14;7;12;8;0
33391;1129;14;6;12;8;1
33392;1136;14;7;12;8;0
33393;1144;14;7;12;8;0
33394;1152;14;7;12;8;0
33395;1160;14;7;12;8;0
33396;1168;14;7;12;8;0
33398;1176;14;7;12;8;0
33399;1184;14;7;12;8;0
33400;1192;14;7;12;8;0
33401;1200;14;7;12;8;0
33402;1208;14;7;12;8;0
33405;1216;14;7;12;8;0
33406;1224;14;7;12;8;0
33407;1232;14;7;12;8;0
33410;1240;14;7;12;8;0
33411;1248;14;7;12;8;0
33412;1256;14;7;12;8;0
33416;1264;14;7;12;8;0
33418;1272;14;7;12;8;0
33419;1280;14;7;12;8;0
33421;1288;14;7;12;8;0
33422;1296;14;7;12;8;0
33423;1113;14;7;12;8;0
33425;1105;14;7;12;8;0
33426;1097;14;7;12;8;0
33431;993;14;7;12;8;0
33432;913;14;7;12;8;0
33433;921;14;7;12;8;0
33436;929;14;7;12;8;0
33437;937;14;7;12;8;0
33439;945;14;7;12;8;0
33441;953;14;7;12;8;0
33443;961;14;7;12;8;0
33444;969;14;7;12;8;0
33445;977;14;7;12;8;0
33446;985;14;7;12;8;0
33447;1001;14;7;12;8;0
33448;1089;14;7;12;8;0
33449;1009;14;7;12;8;0
33450;1017;14;7;12;8;0
33451;1025;14;7;12;8;0
33452;1033;14;7;12;8;0
33453;1041;14;7;12;8;0
33454;1049;14;7;12;8;0
33455;1057;14;7;12;8;0
33456;1065;14;7;12;8;0
33457;1073;14;7;12;8;0
33459;1081;14;7;12;8;0
33460;481;14;7;12;8;0
33461;473;14;7;12;8;0
33463;465;14;7;12;8;0
33464;457;14;7;12;8;0
33465;1901;1;7;12;8;0
33467;1909;1;7;12;8;0
33469;1917;1;7;12;8;0
33470;1925;1;7;12;8;0
33473;1933;1;7;12;8;0
33476;1941;1;7;12;8;0
33477;1949;1;7;12;8;0
33479;1957;1;7;12;8;0
33480;1965;1;7;12;8;0
33482;1973;1;7;12;8;0
33483;1989;1;7;12;8;0
33484;33;14;7;12;8;0
33485;1997;1;7;12;8;0
33486;2005;1;7;12;8;0
33487;2013;1;7;12;8;0
33489;2021;1;7;12;8;0
33490;2029;1;7;12;8;0
33491;2037;1;7;12;8;0
33492;1;14;7;12;8;0
33493;9;14;7;12;8;0
33494;17;14;7;12;8;0
33495;25;14;7;12;8;0
33496;1893;1;7;12;8;0
33497;1981;1;7;12;8;0
33499;1885;1;7;12;8;0
33500;1773;1;7;12;8;0
33502;1693;1;7;12;8;0
33503;1701;1;7;12;8;0
33504;1709;1;7;12;8;0
33505;1717;1;7;12;8;0
33507;1725;1;7;12;8;0
33508;1733;1;7;12;8;0
33509;1741;1;7;12;8;0
33510;1749;1;7;12;8;0
33511;1757;1;7;12;8;0
33515;1765;1;7;12;8;0
33519;1781;1;7;12;8;0
33521;1869;1;7;12;8;0
33523;1789;1;7;12;8;0
33524;1797;1;7;12;8;0
33527;1805;1;7;12;8;0
33529;1813;1;7;12;8;0
33530;1821;1;7;12;8;0
33531;1829;1;7;12;8;0
33537;1837;1;7;12;8;0
33538;1845;1;7;12;8;0
33539;1853;1;7;12;8;0
33540;1861;1;7;12;8;0
33541;1877;1;7;12;8;0
33542;41;14;7;12;8;0
33543;49;14;7;12;8;0
33544;57;14;7;12;8;0
33545;273;14;7;12;8;0
33548;281;14;7;12;8;0
33549;289;14;7;12;8;0
33550;297;14;7;12;8;0
33551;305;14;7;12;8;0
33553;313;14;7;12;8;0
33556;321;14;7;12;8;0
33557;329;14;7;12;8;0
33558;337;14;7;12;8;0
33559;345;14;7;12;8;0
33560;353;14;7;12;8;0
33562;361;14;7;12;8;0
33563;369;14;7;12;8;0
33564;377;14;7;12;8;0
33571;385;14;7;12;8;0
33575;393;14;7;12;8;0
33576;401;14;7;12;8;0
33579;409;14;7;12;8;0
33580;417;14;7;12;8;0
33581;425;14;7;12;8;0
33583;433;14;7;12;8;0
33585;441;14;7;12;8;0
33586;449;14;7;12;8;0
33587;265;14;7;12;8;0
33588;257;14;7;12;8;0
33589;249;14;7;12;8;0
33590;145;14;7;12;8;0
33592;65;14;7;12;8;0
33593;73;14;7;12;8;0
33594;81;14;7;12;8;0
33596;89;14;7;12;8;0
33600;97;14;7;12;8;0
33603;105;14;7;12;8;0
33605;113;14;7;12;8;0
33606;121;14;7;12;8;0
33607;129;14;7;12;8;0
33609;137;14;7;12;8;0
33610;153;14;7;12;8;0
33614;241;14;7;12;8;0
33615;161;14;7;12;8;0
33616;169;14;7;12;8;0
33617;177;14;7;12;8;0
33618;185;14;7;12;8;0
33620;193;14;7;12;8;0
33622;201;14;7;12;8;0
33624;209;14;7;12;8;0
33626;217;14;7;12;8;0
33627;225;14;7;12;8;0
33628;233;14;7;12;8;0
33630;1312;14;7;12;8;0
33631;601;40;7;12;8;0
33632;1921;53;7;12;8;0
33633;609;40;7;12;8;0
33635;945;66;7;12;8;0
33636;953;66;7;12;8;0
33637;961;66;7;12;8;0
33638;969;66;7;12;8;0
33639;977;66;7;12;8;0
33640;985;66;7;12;8;0
33641;993;66;7;12;8;0
33642;1001;66;7;12;8;0
33643;1009;66;7;12;8;0
33644;1017;66;7;12;8;0
33645;1025;66;7;12;8;0
33646;1033;66;7;12;8;0
33647;1041;66;7;12;8;0
33651;1049;66;7;12;8;0
33653;1057;66;7;12;8;0
33655;1065;66;7;12;8;0
33656;1073;66;7;12;8;0
33658;1081;66;7;12;8;0
33659;1089;66;7;12;8;0
33660;1097;66;7;12;8;0
33661;1105;66;7;12;8;0
33669;1113;66;7;12;8;0
33670;1121;66;7;12;8;0
33671;937;66;7;12;8;0
33673;929;66;7;12;8;0
33674;921;66;7;12;8;0
33678;817;66;7;12;8;0
33682;737;66;7;12;8;0
33683;745;66;7;12;8;0
33685;753;66;7;12;8;0
33686;761;66;7;12;8;0
33688;769;66;7;12;8;0
33690;777;66;7;12;8;0
33691;785;66;7;12;8;0
33692;793;66;7;12;8;0
33694;801;66;7;12;8;0
33695;809;66;7;12;8;0
33696;825;66;7;12;8;0
33698;913;66;7;12;8;0
33703;833;66;7;12;8;0
33704;841;66;7;12;8;0
33705;849;66;7;12;8;0
33706;857;66;7;12;8;0
33707;865;66;7;12;8;0
33712;873;66;7;12;8;0
33713;881;66;7;12;8;0
33714;889;66;7;12;8;0
33715;897;66;7;12;8;0
33716;905;66;7;12;8;0
33717;1129;66;7;12;8;0
33718;1145;66;7;12;8;0
33719;1553;66;7;12;8;0
33720;1153;66;7;12;8;0
33721;1369;66;7;12;8;0
33722;1377;66;7;12;8;0
33724;1385;66;7;12;8;0
33725;1393;66;7;12;8;0
33727;1401;66;7;12;8;0
33728;1409;66;7;12;8;0
33729;1417;66;7;12;8;0
33733;1425;66;7;12;8;0
33735;1433;66;7;12;8;0
33736;1441;66;7;12;8;0
33737;1449;66;7;12;8;0
33738;1457;66;7;12;8;0
33740;1465;66;7;12;8;0
33742;1473;66;7;12;8;0
33743;1481;66;7;12;8;0
33745;1489;66;7;12;8;0
33747;1497;66;7;12;8;0
33748;1505;66;7;12;8;0
33750;1513;66;7;12;8;0
33752;1521;66;7;12;8;0
33756;1529;66;7;12;8;0
33757;1537;66;7;12;8;0
33759;1545;66;7;12;8;0
33760;1361;66;7;12;8;0
33761;1353;66;7;12;8;0
33765;1345;66;7;12;8;0
33769;1241;66;7;12;8;0
33770;1161;66;7;12;8;0
33771;1169;66;7;12;8;0
33775;1177;66;7;12;8;0
33776;1185;66;7;12;8;0
33777;1193;66;7;12;8;0
33778;1201;66;7;12;8;0
33780;1209;66;7;12;8;0
33783;1217;66;7;12;8;0
33784;1225;66;7;12;8;0
33785;1233;66;7;12;8;0
33787;1249;66;7;12;8;0
33789;1337;66;7;12;8;0
33793;1257;66;7;12;8;0
33795;1265;66;7;12;8;0
33796;1273;66;7;12;8;0
33798;1281;66;7;12;8;0
33799;1289;66;7;12;8;0
33802;1297;66;7;12;8;0
33803;1305;66;7;12;8;0
33804;1313;66;7;12;8;0
33805;1321;66;7;12;8;0
33806;1329;66;7;12;8;0
33807;729;66;7;12;8;0
33809;721;66;7;12;8;0
33811;713;66;7;12;8;0
33816;705;66;7;12;8;0
33820;105;66;7;12;8;0
33821;113;66;7;12;8;0
33824;121;66;7;12;8;0
33826;129;66;7;12;8;0
33827;137;66;7;12;8;0
33828;145;66;7;12;8;0
33829;153;66;7;12;8;0
33830;161;66;7;12;8;0
33831;169;66;7;12;8;0
33832;177;66;7;12;8;0
33833;193;66;7;12;8;0
33834;281;66;7;12;8;0
33836;201;66;7;12;8;0
33841;209;66;7;12;8;0
33845;217;66;7;12;8;0
33848;225;66;7;12;8;0
33852;233;66;7;12;8;0
33853;241;66;7;12;8;0
33862;249;66;7;12;8;0
33865;257;66;7;12;8;0
33870;265;66;7;12;8;0
33873;273;66;7;12;8;0
33879;97;66;7;12;8;0
33881;185;66;7;12;8;0
33882;89;66;7;12;8;0
33883;2025;53;7;12;8;0
33884;1945;53;7;12;8;0
33889;1953;53;7;12;8;0
33890;1961;53;7;12;8;0
33891;1969;53;7;12;8;0
33894;1977;53;7;12;8;0
33897;1985;53;7;12;8;0
33899;1993;53;7;12;8;0
33900;2001;53;7;12;8;0
33901;2009;53;7;12;8;0
33902;2017;53;7;12;8;0
33903;2033;53;7;12;8;0
33905;73;66;7;12;8;0
33907;2041;53;7;12;8;0
33909;1;66;7;12;8;0
33910;9;66;7;12;8;0
33911;17;66;7;12;8;0
33912;25;66;7;12;8;0
33913;33;66;7;12;8;0
33914;41;66;7;12;8;0
33922;49;66;7;12;8;0
33924;57;66;7;12;8;0
33927;65;66;7;12;8;0
33928;81;66;7;12;8;0
33929;289;66;7;12;8;0
33931;297;66;7;12;8;0
33932;305;66;7;12;8;0
33933;521;66;7;12;8;0
33934;529;66;7;12;8;0
33936;537;66;7;12;8;0
33940;545;66;7;12;8;0
33943;553;66;7;12;8;0
33945;561;66;7;12;8;0
33948;569;66;7;12;8;0
33949;577;66;7;12;8;0
33950;585;66;7;12;8;0
33951;593;66;7;12;8;0
33953;601;66;7;12;8;0
33960;609;66;7;12;8;0
33965;617;66;7;12;8;0
33967;625;66;7;12;8;0
33970;633;66;7;12;8;0
33972;641;66;7;12;8;0
33976;649;66;7;12;8;0
33977;657;66;7;12;8;0
33978;665;66;7;12;8;0
33979;673;66;7;12;8;0
33980;681;66;7;12;8;0
33981;689;66;7;12;8;0
33983;697;66;7;12;8;0
33984;513;66;7;12;8;0
33985;505;66;7;12;8;0
33988;497;66;7;12;8;0
33990;393;66;7;12;8;0
33993;313;66;7;12;8;0
33994;321;66;7;12;8;0
33995;329;66;7;12;8;0
33997;337;66;7;12;8;0
34000;345;66;7;12;8;0
34001;353;66;7;12;8;0
34003;361;66;7;12;8;0
34006;369;66;7;12;8;0
34009;377;66;7;12;8;0
34010;385;66;7;12;8;0
34013;401;66;7;12;8;0
34015;489;66;7;12;8;0
34016;409;66;7;12;8;0
34019;417;66;7;12;8;0
34021;425;66;7;12;8;0
34022;433;66;7;12;8;0
34026;441;66;7;12;8;0
34028;449;66;7;12;8;0
34030;457;66;7;12;8;0
34031;465;66;7;12;8;0
34032;473;66;7;12;8;0
34035;481;66;7;12;8;0
34036;1137;66;7;12;8;0
34044;1569;66;7;12;8;0
34045;777;79;7;12;8;0
34047;1577;66;7;12;8;0
34048;585;79;7;12;8;0
34054;593;79;7;12;8;0
34060;601;79;7;12;8;0
34065;609;79;7;12;8;0
34067;617;79;7;12;8;0
34068;625;79;7;12;8;0
34069;633;79;7;12;8;0
34071;641;79;7;12;8;0
34072;649;79;7;12;8;0
34074;657;79;7;12;8;0
34078;665;79;7;12;8;0
34079;673;79;7;12;8;0
34081;681;79;7;12;8;0
34083;689;79;7;12;8;0
34085;697;79;7;12;8;0
34086;705;79;7;12;8;0
34091;713;79;7;12;8;0
34092;721;79;7;12;8;0
34093;729;79;7;12;8;0
34100;737;79;7;12;8;0
34101;745;79;7;12;8;0
34103;753;79;7;12;8;0
34104;761;79;7;12;8;0
34105;577;79;7;12;8;0
34106;569;79;7;12;8;0
34107;561;79;7;12;8;0
34108;457;79;7;12;8;0
34109;377;79;7;12;8;0
34112;385;79;7;12;8;0
34113;393;79;7;12;8;0
34115;401;79;7;12;8;0
34120;409;79;7;12;8;0
34121;417;79;7;12;8;0
34122;425;79;7;12;8;0
34123;433;79;7;12;8;0
34126;441;79;7;12;8;0
34133;449;79;7;12;8;0
34134;465;79;7;12;8;0
34135;553;79;7;12;8;0
34136;473;79;7;12;8;0
34137;481;79;7;12;8;0
34138;489;79;7;12;8;0
34142;497;79;7;12;8;0
34147;505;79;7;12;8;0
34148;513;79;7;12;8;0
34152;521;79;7;12;8;0
34153;529;79;7;12;8;0
34154;537;79;7;12;8;0
34157;545;79;7;12;8;0
34162;769;79;7;12;8;0
34164;785;79;7;12;8;0
34167;1193;79;7;12;8;0
34169;793;79;7;12;8;0
34170;1009;79;7;12;8;0
34171;1017;79;7;12;8;0
34174;1025;79;7;12;8;0
34176;1033;79;7;12;8;0
34180;1041;79;7;12;8;0
34181;1049;79;7;12;8;0
34183;1057;79;7;12;8;0
34184;1065;79;7;12;8;0
34186;1073;79;7;12;8;0
34188;1081;79;7;12;8;0
34191;1089;79;7;12;8;0
34192;1097;79;7;12;8;0
34193;1105;79;7;12;8;0
34196;1113;79;7;12;8;0
34199;1121;79;7;12;8;0
34201;1129;79;7;12;8;0
34203;1137;79;7;12;8;0
34204;1145;79;7;12;8;0
34212;1153;79;7;12;8;0
34214;1161;79;7;12;8;0
34216;1169;79;7;12;8;0
34217;1177;79;7;12;8;0
34218;1185;79;7;12;8;0
34219;1001;79;7;12;8;0
34220;993;79;7;12;8;0
34222;985;79;7;12;8;0
34223;881;79;7;12;8;0
34224;801;79;7;12;8;0
34228;809;79;7;12;8;0
34230;817;79;7;12;8;0
34231;825;79;7;12;8;0
34233;833;79;7;12;8;0
34234;841;79;7;12;8;0
34238;849;79;7;12;8;0
34241;857;79;7;12;8;0
34249;865;79;7;12;8;0
34253;873;79;7;12;8;0
34255;889;79;7;12;8;0
34256;977;79;7;12;8;0
34259;897;79;7;12;8;0
34261;905;79;7;12;8;0
34268;913;79;7;12;8;0
34269;921;79;7;12;8;0
34276;929;79;7;12;8;0
34277;937;79;7;12;8;0
34281;945;79;7;12;8;0
34282;953;79;7;12;8;0
34292;961;79;7;12;8;0
34295;969;79;7;12;8;0
34297;369;79;7;12;8;0
34298;361;79;7;12;8;0
34299;353;79;7;12;8;0
34302;345;79;7;12;8;0
34303;1793;66;7;12;8;0
34306;1801;66;7;12;8;0
34308;1809;66;7;12;8;0
34309;1817;66;7;12;8;0
34310;1825;66;7;12;8;0
34311;1833;66;7;12;8;0
34314;1841;66;7;12;8;0
34315;1849;66;7;12;8;0
34321;1857;66;7;12;8;0
34323;1865;66;7;12;8;0
34326;1881;66;7;12;8;0
34327;1969;66;7;12;8;0
34330;1889;66;7;12;8;0
34334;1897;66;7;12;8;0
34338;1905;66;7;12;8;0
34342;1913;66;7;12;8;0
34343;1921;66;7;12;8;0
34345;1929;66;7;12;8;0
34349;1937;66;7;12;8;0
34351;1945;66;7;12;8;0
34352;1953;66;7;12;8;0
34360;1961;66;7;12;8;0
34364;1785;66;7;12;8;0
34367;1873;66;7;12;8;0
34381;1777;66;7;12;8;0
34382;1665;66;7;12;8;0
34383;1585;66;7;12;8;0
34384;1593;66;7;12;8;0
34385;1601;66;7;12;8;0
34388;1609;66;7;12;8;0
34389;1617;66;7;12;8;0
34394;1625;66;7;12;8;0
34395;1633;66;7;12;8;0
34396;1641;66;7;12;8;0
34398;1649;66;7;12;8;0
34399;1657;66;7;12;8;0
34402;1673;66;7;12;8;0
34407;1761;66;7;12;8;0
34411;1681;66;7;12;8;0
34412;1689;66;7;12;8;0
34414;1697;66;7;12;8;0
34415;1705;66;7;12;8;0
34416;1713;66;7;12;8;0
34417;1721;66;7;12;8;0
34419;1729;66;7;12;8;0
34425;1737;66;7;12;8;0
34426;1745;66;7;12;8;0
34427;1753;66;7;12;8;0
34428;1769;66;7;12;8;0
34429;1977;66;7;12;8;0
34430;1985;66;7;12;8;0
34431;1993;66;7;12;8;0
34432;161;79;7;12;8;0
34433;169;79;7;12;8;0
34434;177;79;7;12;8;0
34442;185;79;7;12;8;0
34443;193;79;7;12;8;0
34444;201;79;7;12;8;0
34445;209;79;7;12;8;0
34451;217;79;7;12;8;0
34453;225;79;7;12;8;0
34460;233;79;7;12;8;0
34461;241;79;7;12;8;0
34467;249;79;7;12;8;0
34468;257;79;7;12;8;0
34471;265;79;7;12;8;0
34472;273;79;7;12;8;0
34473;281;79;7;12;8;0
34474;289;79;7;12;8;0
34475;297;79;7;12;8;0
34476;305;79;7;12;8;0
34479;313;79;7;12;8;0
34480;321;79;7;12;8;0
34481;329;79;7;12;8;0
34484;337;79;7;12;8;0
34485;153;79;7;12;8;0
34486;145;79;7;12;8;0
34490;137;79;7;12;8;0
34496;33;79;7;12;8;0
34500;2001;66;7;12;8;0
34501;2009;66;7;12;8;0
34502;2017;66;7;12;8;0
34503;2025;66;7;12;8;0
34505;2033;66;7;12;8;0
34506;2041;66;7;12;8;0
34507;1;79;7;12;8;0
34509;9;79;7;12;8;0
34510;17;79;7;12;8;0
34511;25;79;7;12;8;0
34512;41;79;7;12;8;0
34513;129;79;7;12;8;0
34516;49;79;7;12;8;0
34520;57;79;7;12;8;0
34521;65;79;7;12;8;0
34523;73;79;7;12;8;0
34526;81;79;7;12;8;0
34527;89;79;7;12;8;0
34532;97;79;7;12;8;0
34537;105;79;7;12;8;0
34540;113;79;7;12;8;0
34541;121;79;7;12;8;0
34542;1937;53;7;12;8;0
34543;1561;66;7;12;8;0
34544;1929;53;7;12;8;0
34545;233;53;7;12;8;0
34546;1661;40;7;12;8;0
34547;1669;40;7;12;8;0
34548;1677;40;7;12;8;0
34552;1685;40;7;12;8;0
34553;1693;40;7;12;8;0
34554;1701;40;7;12;8;0
34555;1709;40;7;12;8;0
34558;1717;40;7;12;8;0
34560;1725;40;7;12;8;0
34562;1733;40;7;12;8;0
34563;1741;40;7;12;8;0
34566;1749;40;7;12;8;0
34567;1757;40;7;12;8;0
34568;1765;40;7;12;8;0
34569;1773;40;7;12;8;0
34570;1781;40;7;12;8;0
34573;1789;40;7;12;8;0
34577;1797;40;7;12;8;0
34578;1805;40;7;12;8;0
34579;1813;40;7;12;8;0
34581;1821;40;7;12;8;0
34583;1829;40;7;12;8;0
34584;1837;40;7;12;8;0
34586;1653;40;7;12;8;0
34588;1645;40;7;12;8;0
34590;1637;40;7;12;8;0
34593;1533;40;7;12;8;0
34594;1453;40;7;12;8;0
34595;1461;40;7;12;8;0
34597;1469;40;7;12;8;0
34601;1477;40;7;12;8;0
34606;1485;40;7;12;8;0
34609;1493;40;7;12;8;0
34612;1501;40;7;12;8;0
34615;1509;40;7;12;8;0
34619;1517;40;7;12;8;0
34622;1525;40;7;12;8;0
34623;1541;40;7;12;8;0
34631;1629;40;7;12;8;0
34632;1549;40;7;12;8;0
34633;1557;40;7;12;8;0
34635;1565;40;7;12;8;0
34636;1573;40;7;12;8;0
34638;1581;40;7;12;8;0
34643;1589;40;7;12;8;0
34645;1597;40;7;12;8;0
34647;1605;40;7;12;8;0
34649;1613;40;7;12;8;0
34655;1621;40;7;12;8;0
34656;1845;40;7;12;8;0
34659;1861;40;7;12;8;0
34660;225;53;7;12;8;0
34661;1869;40;7;12;8;0
34662;41;53;7;12;8;0
34664;49;53;7;12;8;0
34666;57;53;7;12;8;0
34670;65;53;7;12;8;0
34672;73;53;7;12;8;0
34676;81;53;7;12;8;0
34678;89;53;7;12;8;0
34680;97;53;7;12;8;0
34683;105;53;7;12;8;0
34684;113;53;7;12;8;0
34685;121;53;7;12;8;0
34686;129;53;7;12;8;0
34687;137;53;7;12;8;0
34690;145;53;7;12;8;0
34691;153;53;7;12;8;0
34693;161;53;7;12;8;0
34694;169;53;7;12;8;0
34696;177;53;7;12;8;0
34699;185;53;7;12;8;0
34701;193;53;7;12;8;0
34707;201;53;7;12;8;0
34711;209;53;7;12;8;0
34718;217;53;7;12;8;0
34719;33;53;7;12;8;0
34722;25;53;7;12;8;0
34723;17;53;7;12;8;0
34728;1957;40;7;12;8;0
34731;1877;40;7;12;8;0
34732;1885;40;7;12;8;0
34733;1893;40;7;12;8;0
34735;1901;40;7;12;8;0
34739;1909;40;7;12;8;0
34741;1917;40;7;12;8;0
34746;1925;40;7;12;8;0
34747;1933;40;7;12;8;0
34749;1941;40;7;12;8;0
34752;1949;40;7;12;8;0
34756;1965;40;7;12;8;0
34758;9;53;7;12;8;0
34759;1973;40;7;12;8;0
34760;1981;40;7;12;8;0
34762;1989;40;7;12;8;0
34763;1997;40;7;12;8;0
34766;2005;40;7;12;8;0
34768;2013;40;7;12;8;0
34769;2021;40;7;12;8;0
34770;2029;40;7;12;8;0
34771;2037;40;7;12;8;0
34779;1;53;7;12;8;0
34784;1445;40;7;12;8;0
34789;1437;40;7;12;8;0
34791;1429;40;7;12;8;0
34794;1421;40;7;12;8;0
34796;825;40;7;12;8;0
34798;833;40;7;12;8;0
34799;841;40;7;12;8;0
34802;849;40;7;12;8;0
34803;857;40;7;12;8;0
34806;865;40;7;12;8;0
34807;873;40;7;12;8;0
34809;881;40;7;12;8;0
34811;889;40;7;12;8;0
34814;897;40;7;12;8;0
34819;913;40;7;12;8;0
34820;1001;40;7;12;8;0
34821;921;40;7;12;8;0
34826;929;40;7;12;8;0
34827;937;40;7;12;8;0
34829;945;40;7;12;8;0
34830;953;40;7;12;8;0
34831;961;40;7;12;8;0
34833;969;40;7;12;8;0
34835;977;40;7;12;8;0
34836;985;40;7;12;8;0
34837;993;40;7;12;8;0
34838;817;40;7;12;8;0
34843;905;40;7;12;8;0
34847;809;40;7;12;8;0
34849;697;40;7;12;8;0
34850;617;40;7;12;8;0
34851;625;40;7;12;8;0
34855;633;40;7;12;8;0
34865;641;40;7;12;8;0
34866;649;40;7;12;8;0
34869;657;40;7;12;8;0
34870;665;40;7;12;8;0
34873;673;40;7;12;8;0
34875;681;40;7;12;8;0
34876;689;40;7;12;8;0
34880;705;40;7;12;8;0
34882;793;40;7;12;8;0
34884;713;40;7;12;8;0
34885;721;40;7;12;8;0
34886;729;40;7;12;8;0
34890;737;40;7;12;8;0
34892;745;40;7;12;8;0
34893;753;40;7;12;8;0
34894;761;40;7;12;8;0
34898;769;40;7;12;8;0
34899;777;40;7;12;8;0
34900;785;40;7;12;8;0
34901;801;40;7;12;8;0
34902;1009;40;7;12;8;0
34903;1017;40;7;12;8;0
34905;1025;40;7;12;8;0
34906;1241;40;7;12;8;0
34907;1249;40;7;12;8;0
34909;1257;40;7;12;8;0
34910;1265;40;7;12;8;0
34913;1273;40;7;12;8;0
34914;1281;40;7;12;8;0
34915;1289;40;7;12;8;0
34916;1297;40;3;12;8;0
34917;1301;40;7;12;8;0
34920;1309;40;7;12;8;0
34921;1317;40;7;12;8;0
34923;1325;40;7;12;8;0
34924;1333;40;7;12;8;0
34926;1341;40;7;12;8;0
34928;1349;40;7;12;8;0
34930;1357;40;7;12;8;0
34933;1365;40;7;12;8;0
34935;1373;40;7;12;8;0
34937;1381;40;7;12;8;0
34941;1389;40;7;12;8;0
34942;1397;40;7;12;8;0
34943;1405;40;7;12;8;0
34945;1413;40;7;12;8;0
34946;1233;40;7;12;8;0
34948;1225;40;7;12;8;0
34949;1217;40;7;12;8;0
34952;1113;40;7;12;8;0
34955;1033;40;7;12;8;0
34957;1041;40;7;12;8;0
34962;1049;40;7;12;8;0
34963;1057;40;7;12;8;0
34966;1065;40;7;12;8;0
34967;1073;40;7;12;8;0
34969;1081;40;7;12;8;0
34972;1089;40;7;12;8;0
34974;1097;40;7;12;8;0
34978;1105;40;7;12;8;0
34980;1121;40;7;12;8;0
34986;1209;40;7;12;8;0
34987;1129;40;7;12;8;0
34989;1137;40;7;12;8;0
34990;1145;40;7;12;8;0
34992;1153;40;7;12;8;0
34993;1161;40;7;12;8;0
34996;1169;40;7;12;8;0
34997;1177;40;7;12;8;0
34999;1185;40;7;12;8;0
35004;1193;40;7;12;8;0
35007;1201;40;7;12;8;0
35009;1853;40;7;12;8;0
35010;241;53;7;12;8;0
35011;1497;53;7;12;8;0
35012;249;53;7;12;8;0
35013;1305;53;7;12;8;0
35014;1313;53;7;12;8;0
35015;1321;53;7;12;8;0
35017;1329;53;7;12;8;0
35018;1337;53;7;12;8;0
35022;1345;53;7;12;8;0
35023;1353;53;7;12;8;0
35026;1361;53;7;12;8;0
35028;1369;53;7;12;8;0
35029;1377;53;7;12;8;0
35032;1385;53;7;12;8;0
35033;1393;53;7;12;8;0
35036;1401;53;7;12;8;0
35037;1409;53;7;12;8;0
35039;1417;53;7;12;8;0
35041;1425;53;7;12;8;0
35042;1433;53;7;12;8;0
35043;1441;53;7;12;8;0
35044;1449;53;7;12;8;0
35045;1457;53;7;12;8;0
35048;1465;53;7;12;8;0
35055;1473;53;7;12;8;0
35056;1481;53;7;12;8;0
35057;1297;53;7;12;8;0
35058;1289;53;7;12;8;0
35059;1281;53;7;12;8;0
35060;1177;53;7;12;8;0
35064;1097;53;7;12;8;0
35065;1105;53;7;12;8;0
35068;1113;53;7;12;8;0
35069;1121;53;7;12;8;0
35070;1129;53;7;12;8;0
35074;1137;53;7;12;8;0
35076;1145;53;7;12;8;0
35079;1153;53;7;12;8;0
35082;1161;53;7;12;8;0
35084;1169;53;7;12;8;0
35088;1185;53;7;12;8;0
35090;1273;53;7;12;8;0
35091;1193;53;7;12;8;0
35092;1201;53;7;12;8;0
35093;1209;53;7;12;8;0
35096;1217;53;7;12;8;0
35097;1225;53;7;12;8;0
35098;1233;53;7;12;8;0
35099;1241;53;7;12;8;0
35101;1249;53;7;12;8;0
35102;1257;53;7;12;8;0
35103;1265;53;7;12;8;0
35105;1489;53;7;12;8;0
35109;1505;53;7;12;8;0
35114;1913;53;7;12;8;0
35115;1513;53;7;12;8;0
35120;1729;53;7;12;8;0
35122;1737;53;7;12;8;0
35124;1745;53;7;12;8;0
35125;1753;53;7;12;8;0
35126;1761;53;7;12;8;0
35128;1769;53;7;12;8;0
35131;1777;53;7;12;8;0
35133;1785;53;7;12;8;0
35137;1793;53;7;12;8;0
35139;1801;53;7;12;8;0
35140;1809;53;7;12;8;0
35148;1817;53;7;12;8;0
35149;1825;53;7;12;8;0
35158;1833;53;7;12;8;0
35166;1841;53;7;12;8;0
35167;1849;53;7;12;8;0
35168;1857;53;7;12;8;0
35172;1865;53;7;12;8;0
35174;1873;53;7;12;8;0
35178;1881;53;7;12;8;0
35180;1889;53;7;12;8;0
35181;1897;53;7;12;8;0
35183;1905;53;7;12;8;0
35186;1721;53;7;12;8;0
35188;1713;53;7;12;8;0
35191;1705;53;7;12;8;0
35195;1601;53;7;12;8;0
35198;1521;53;7;12;8;0
35199;1529;53;7;12;8;0
35201;1537;53;7;12;8;0
35203;1545;53;7;12;8;0
35205;1553;53;7;12;8;0
35206;1561;53;7;12;8;0
35207;1569;53;7;12;8;0
35208;1577;53;7;12;8;0
35210;1585;53;7;12;8;0
35211;1593;53;7;12;8;0
35215;1609;53;7;12;8;0
35219;1697;53;7;12;8;0
35222;1617;53;7;12;8;0
35223;1625;53;7;12;8;0
35224;1633;53;7;12;8;0
35226;1641;53;7;12;8;0
35228;1649;53;7;12;8;0
35233;1657;53;7;12;8;0
35236;1665;53;7;12;8;0
35238;1673;53;7;12;8;0
35239;1681;53;7;12;8;0
35241;1689;53;7;12;8;0
35242;1089;53;7;12;8;0
35244;1081;53;7;12;8;0
35247;1073;53;7;12;8;0
35250;1065;53;7;12;8;0
35251;465;53;7;12;8;0
35255;473;53;7;12;8;0
35258;481;53;7;12;8;0
35261;489;53;7;12;8;0
35263;497;53;7;12;8;0
35264;505;53;7;12;8;0
35265;513;53;7;12;8;0
35266;521;53;7;12;8;0
35268;529;53;7;12;8;0
35269;537;53;7;12;8;0
35270;553;53;7;12;8;0
35271;641;53;7;12;8;0
35272;561;53;7;12;8;0
35273;569;53;7;12;8;0
35274;577;53;7;12;8;0
35275;585;53;7;12;8;0
35276;593;53;7;12;8;0
35278;601;53;7;12;8;0
35279;609;53;7;12;8;0
35280;617;53;7;12;8;0
35281;625;53;7;12;8;0
35282;633;53;7;12;8;0
35284;457;53;7;12;8;0
35286;545;53;7;12;8;0
35290;449;53;7;12;8;0
35292;337;53;7;12;8;0
35293;257;53;7;12;8;0
35294;265;53;7;12;8;0
35299;273;53;7;12;8;0
35301;281;53;7;12;8;0
35302;289;53;7;12;8;0
35303;297;53;7;12;8;0
35307;305;53;7;12;8;0
35309;313;53;7;12;8;0
35311;321;53;7;12;8;0
35315;329;53;7;12;8;0
35316;345;53;7;12;8;0
35320;433;53;7;12;8;0
35324;353;53;7;12;8;0
35328;361;53;7;12;8;0
35330;369;53;7;12;8;0
35331;377;53;7;12;8;0
35335;385;53;7;12;8;0
35336;393;53;7;12;8;0
35338;401;53;7;12;8;0
35340;409;53;7;12;8;0
35342;417;53;7;12;8;0
35343;425;53;7;12;8;0
35344;441;53;7;12;8;0
35345;649;53;7;12;8;0
35347;657;53;7;12;8;0
35349;665;53;7;12;8;0
35350;881;53;7;12;8;0
35351;889;53;7;12;8;0
35352;897;53;7;12;8;0
35355;905;53;7;12;8;0
35357;913;53;7;12;8;0
35359;921;53;7;12;8;0
35362;929;53;7;12;8;0
35363;937;53;7;12;8;0
35365;945;53;7;12;8;0
35370;953;53;7;12;8;0
35373;961;53;7;12;8;0
35377;969;53;7;12;8;0
35379;977;53;7;12;8;0
35380;985;53;7;12;8;0
35382;993;53;7;12;8;0
35386;1001;53;7;12;8;0
35387;1009;53;7;12;8;0
35388;1017;53;7;12;8;0
35390;1025;53;7;12;8;0
35393;1033;53;7;12;8;0
35398;1041;53;7;12;8;0
35400;1049;53;7;12;8;0
35406;1057;53;7;12;8;0
35408;873;53;7;12;8;0
35409;865;53;7;12;8;0
35410;857;53;7;12;8;0
35412;753;53;7;12;8;0
35413;673;53;7;12;8;0
35414;681;53;7;12;8;0
35416;689;53;7;12;8;0
35419;697;53;7;12;8;0
35422;705;53;7;12;8;0
35424;713;53;7;12;8;0
35425;721;53;7;12;8;0
35426;729;53;7;12;8;0
35427;737;53;7;12;8;0
35430;745;53;7;12;8;0
35432;761;53;7;12;8;0
35433;849;53;7;12;8;0
35435;769;53;7;12;8;0
35436;777;53;7;12;8;0
35437;785;53;7;12;8;0
35438;793;53;7;12;8;0
35440;801;53;7;12;8;0
35441;809;53;7;12;8;0
35442;817;53;7;12;8;0
35443;825;53;7;12;8;0
35449;833;53;7;12;8;0
35451;841;53;7;12;8;0
35452;1577;157;7;12;8;0
35458;377;170;7;12;8;0
35460;385;170;7;12;8;0
35461;393;170;7;12;8;0
35462;1342;274;7;12;8;0
35463;1350;274;7;12;8;0
35465;1358;274;7;12;8;0
35466;1366;274;7;12;8;0
35468;1374;274;7;12;8;0
35469;1382;274;7;12;8;0
35473;1390;274;7;12;8;0
35474;1398;274;7;12;8;0
35475;1406;274;7;12;8;0
35477;1414;274;7;12;8;0
35480;1422;274;7;12;8;0
35482;1430;274;7;12;8;0
35486;1438;274;7;12;8;0
35488;1446;274;7;12;8;0
35489;1454;274;7;12;8;0
35491;1462;274;7;12;8;0
35492;1470;274;7;12;8;0
35493;1478;274;7;12;8;0
35494;1486;274;7;12;8;0
35495;1494;274;7;12;8;0
35496;1502;274;7;12;8;0
35498;1510;274;7;12;8;0
35500;1518;274;7;12;8;0
35501;1334;274;7;12;8;0
35504;1326;274;7;12;8;0
35506;1318;274;7;12;8;0
35510;1214;274;7;12;8;0
35513;1134;274;7;12;8;0
35516;1142;274;7;12;8;0
35519;1150;274;7;12;8;0
35522;1158;274;7;12;8;0
35524;1166;274;7;12;8;0
35527;1174;274;7;12;8;0
35529;1182;274;7;12;8;0
35531;1190;274;7;12;8;0
35532;1198;274;7;12;8;0
35533;1206;274;7;12;8;0
35535;1222;274;7;12;8;0
35538;1310;274;7;12;8;0
35542;1230;274;7;12;8;0
35543;1238;274;7;12;8;0
35546;1246;274;7;12;8;0
35547;1254;274;7;12;8;0
35548;1262;274;7;12;8;0
35550;1270;274;7;12;8;0
35552;1278;274;7;12;8;0
35553;1286;274;7;12;8;0
35554;1294;274;7;12;8;0
35556;1302;274;7;12;8;0
35558;1526;274;7;12;8;0
35559;1542;274;7;12;8;0
35562;1950;274;7;12;8;0
35563;1550;274;7;12;8;0
35565;1766;274;7;12;8;0
35566;1774;274;7;12;8;0
35569;1782;274;7;12;8;0
35571;1790;274;7;12;8;0
35572;1798;274;7;12;8;0
35574;1806;274;7;12;8;0
35575;1814;274;7;12;8;0
35576;1822;274;7;12;8;0
35578;1830;274;7;12;8;0
35580;1838;274;7;12;8;0
35582;1846;274;7;12;8;0
35584;1854;274;7;12;8;0
35585;1862;274;7;12;8;0
35586;1870;274;7;12;8;0
35588;1878;274;7;12;8;0
35589;1886;274;7;12;8;0
35591;1894;274;7;12;8;0
35594;1902;274;7;12;8;0
35596;1910;274;7;12;8;0
35598;1918;274;7;12;8;0
35600;1926;274;7;12;8;0
35604;1934;274;7;12;8;0
35606;1942;274;7;12;8;0
35607;1758;274;7;12;8;0
35609;1750;274;7;12;8;0
35610;1742;274;7;12;8;0
35611;1638;274;7;12;8;0
35613;1558;274;7;12;8;0
35616;1566;274;7;12;8;0
35617;1574;274;7;12;8;0
35618;1582;274;7;12;8;0
35622;1590;274;7;12;8;0
35624;1598;274;7;12;8;0
35627;1606;274;7;12;8;0
35628;1614;274;7;12;8;0
35630;1622;274;7;12;8;0
35635;1630;274;7;12;8;0
35641;1646;274;7;12;8;0
35646;1734;274;7;12;8;0
35649;1654;274;7;12;8;0
35654;1662;274;7;12;8;0
35657;1670;274;7;12;8;0
35658;1678;274;7;12;8;0
35660;1686;274;7;12;8;0
35662;1694;274;7;12;8;0
35663;1702;274;7;12;8;0
35670;1710;274;7;12;8;0
35672;1718;274;7;12;8;0
35673;1726;274;7;12;8;0
35674;1126;274;7;12;8;0
35675;1118;274;7;12;8;0
35676;1110;274;7;12;8;0
35679;1102;274;7;12;8;0
35680;501;274;7;12;8;0
35686;509;274;7;12;8;0
35690;517;274;7;12;8;0
35691;525;274;7;12;8;0
35692;533;274;7;12;8;0
35693;541;274;7;12;8;0
35695;549;274;7;12;8;0
35696;557;274;7;12;8;0
35697;565;274;7;12;8;0
35698;573;274;7;12;8;0
35700;589;274;7;12;8;0
35703;677;274;7;12;8;0
35709;597;274;7;12;8;0
35711;605;274;7;12;8;0
35712;613;274;7;12;8;0
35715;621;274;7;12;8;0
35722;629;274;7;12;8;0
35724;637;274;7;12;8;0
35726;645;274;7;12;8;0
35728;653;274;7;12;8;0
35730;661;274;7;12;8;0
35731;669;274;7;12;8;0
35734;493;274;7;12;8;0
35737;581;274;7;12;8;0
35738;485;274;7;12;8;0
35740;373;274;7;12;8;0
35742;297;274;7;12;8;0
35744;305;274;3;12;8;1
35745;309;274;7;12;8;0
35746;317;274;7;12;8;0
35747;325;274;7;12;8;0
35748;333;274;7;12;8;0
35749;341;274;7;12;8;0
35750;349;274;7;12;8;0
35751;357;274;7;12;8;0
35752;365;274;7;12;8;0
35753;381;274;7;12;8;0
35754;469;274;7;12;8;0
35755;389;274;7;12;8;0
35756;397;274;7;12;8;0
35757;405;274;7;12;8;0
35758;413;274;7;12;8;0
35759;421;274;7;12;8;0
35760;429;274;7;12;8;0
35761;437;274;7;12;8;0
35762;445;274;7;12;8;0
35763;453;274;7;12;8;0
35764;461;274;7;12;8;0
35765;477;274;7;12;8;0
35766;685;274;7;12;8;0
35767;693;274;7;12;8;0
35768;701;274;7;12;8;0
35769;918;274;7;12;8;0
35770;926;274;7;12;8;0
35771;934;274;7;12;8;0
35772;942;274;7;12;8;0
35773;950;274;7;12;8;0
35774;958;274;7;12;8;0
35775;966;274;7;12;8;0
35776;974;274;7;12;8;0
35777;982;274;7;12;8;0
35778;990;274;7;12;8;0
35779;998;274;7;12;8;0
35780;1006;274;7;12;8;0
35781;1014;274;7;12;8;0
35782;1022;274;7;12;8;0
35783;1030;274;7;12;8;0
35784;1038;274;7;12;8;0
35785;1046;274;7;12;8;0
35786;1054;274;7;12;8;0
35787;1062;274;7;12;8;0
35788;1070;274;7;12;8;0
35789;1078;274;7;12;8;0
35790;1086;274;7;12;8;0
35791;1094;274;7;12;8;0
35792;909;274;8;12;8;0
35793;901;274;7;12;8;0
35794;893;274;7;12;8;0
35795;789;274;7;12;8;0
35796;709;274;7;12;8;0
35797;717;274;7;12;8;0
35798;725;274;7;12;8;0
35799;733;274;7;12;8;0
35800;741;274;7;12;8;0
35801;749;274;7;12;8;0
35802;757;274;7;12;8;0
35803;765;274;7;12;8;0
35804;773;274;7;12;8;0
35805;781;274;7;12;8;0
35806;797;274;7;12;8;0
35807;885;274;7;12;8;0
35808;805;274;7;12;8;0
35809;813;274;7;12;8;0
35810;821;274;7;12;8;0
35811;829;274;7;12;8;0
35812;837;274;7;12;8;0
35813;845;274;7;12;8;0
35814;853;274;7;12;8;0
35815;861;274;7;12;8;0
35816;869;274;7;12;8;0
35817;877;274;7;12;8;0
35818;1534;274;7;12;8;0
35819;1966;274;7;12;8;0
35820;1174;287;7;12;8;0
35821;1974;274;7;12;8;0
35822;982;287;7;12;8;0
35823;990;287;7;12;8;0
35824;998;287;7;12;8;0
35825;1006;287;7;12;8;0
35826;1014;287;7;12;8;0
35827;1022;287;7;12;8;0
35828;1030;287;7;12;8;0
35829;1038;287;7;12;8;0
35830;1046;287;7;12;8;0
35831;1054;287;7;12;8;0
35832;1062;287;7;12;8;0
35833;1070;287;7;12;8;0
35834;1078;287;7;12;8;0
35835;1086;287;7;12;8;0
35836;1094;287;7;12;8;0
35837;1102;287;7;12;8;0
35838;1110;287;7;12;8;0
35839;1118;287;7;12;8;0
35840;1126;287;7;12;8;0
35841;1134;287;7;12;8;0
35842;1142;287;7;12;8;0
35843;1150;287;7;12;8;0
35844;1158;287;7;12;8;0
35845;974;287;7;12;8;0
35846;966;287;7;12;8;0
35847;958;287;7;12;8;0
35848;854;287;7;12;8;0
35849;774;287;7;12;8;0
35850;782;287;7;12;8;0
35851;790;287;7;12;8;0
35852;798;287;7;12;8;0
35853;806;287;7;12;8;0
35854;814;287;7;12;8;0
35855;822;287;7;12;8;0
35856;830;287;7;12;8;0
35857;838;287;7;12;8;0
35858;846;287;7;12;8;0
35859;862;287;7;12;8;0
35860;950;287;7;12;8;0
35861;870;287;7;12;8;0
35862;878;287;7;12;8;0
35863;886;287;7;12;8;0
35864;894;287;7;12;8;0
35865;902;287;7;12;8;0
35866;910;287;7;12;8;0
35867;918;287;7;12;8;0
35868;926;287;7;12;8;0
35869;934;287;7;12;8;0
35870;942;287;7;12;8;0
35871;1166;287;7;12;8;0
35872;1182;287;7;12;8;0
35873;1588;287;7;12;8;0
35874;1190;287;7;12;8;0
35875;1404;287;7;12;8;0
35876;1412;287;7;12;8;0
35877;1420;287;7;12;8;0
35878;1428;287;7;12;8;0
35879;1436;287;7;12;8;0
35880;1444;287;7;12;8;0
35881;1452;287;7;12;8;0
35882;1460;287;7;12;8;0
35883;1468;287;7;12;8;0
35884;1476;287;7;12;8;0
35885;1484;287;7;12;8;0
35886;1492;287;7;12;8;0
35887;1500;287;7;12;8;0
35888;1508;287;7;12;8;0
35889;1516;287;7;12;8;0
35890;1524;287;7;12;8;0
35891;1532;287;7;12;8;0
35892;1540;287;7;12;8;0
35893;1548;287;7;12;8;0
35894;1556;287;7;12;8;0
35895;1564;287;7;12;8;0
35898;1572;287;7;12;8;0
35903;1580;287;7;12;8;0
35905;1396;287;7;12;8;0
35910;1388;287;7;12;8;0
35911;1380;287;7;12;8;0
35912;1278;287;7;12;8;0
35913;1198;287;7;12;8;0
35914;1206;287;7;12;8;0
35916;1214;287;7;12;8;0
35918;1222;287;7;12;8;0
35920;1230;287;7;12;8;0
35924;1238;287;7;12;8;0
35925;1246;287;7;12;8;0
35930;1254;287;7;12;8;0
35937;1262;287;7;12;8;0
35938;1270;287;7;12;8;0
35946;1286;287;7;12;8;0
35947;1372;287;7;12;8;0
35948;1294;287;7;12;8;0
35949;1302;287;7;12;8;0
35955;1310;287;7;12;8;0
35960;1318;287;5;12;8;1
35961;1324;287;7;12;8;0
35962;1332;287;7;12;8;0
35964;1340;287;7;12;8;0
35970;1348;287;7;12;8;0
35973;1356;287;7;12;8;0
35977;1364;287;7;12;8;0
35978;766;287;7;12;8;0
35980;758;287;7;12;8;0
35981;750;287;7;12;8;0
35982;742;287;7;12;8;0
35987;145;287;7;12;8;0
35988;153;287;7;12;8;0
35992;161;287;7;12;8;0
35997;169;287;7;12;8;0
35998;177;287;7;12;8;0
36000;185;287;7;12;8;0
36001;193;287;7;12;8;0
36002;201;287;7;12;8;0
36007;209;287;7;12;8;0
36008;217;287;7;12;8;0
36009;233;287;7;12;8;0
36010;321;287;7;12;8;0
36011;241;287;7;12;8;0
36012;249;287;7;12;8;0
36013;257;287;7;12;8;0
36014;265;287;7;12;8;0
36015;273;287;7;12;8;0
36016;281;287;7;12;8;0
36018;289;287;7;12;8;0
36019;297;287;7;12;8;0
36020;305;287;7;12;8;0
36022;313;287;7;12;8;0
36023;137;287;7;12;8;0
36024;225;287;7;12;8;0
36027;129;287;7;12;8;0
36028;17;287;7;12;8;0
36029;1982;274;7;12;8;0
36031;1990;274;7;12;8;0
36032;1998;274;7;12;8;0
36033;2006;274;7;12;8;0
36034;2014;274;7;12;8;0
36035;2022;274;7;12;8;0
36036;2030;274;7;12;8;0
36037;2038;274;7;12;8;0
36039;1;287;7;12;8;0
36040;9;287;7;12;8;0
36042;25;287;7;12;8;0
36045;113;287;7;12;8;0
36046;33;287;7;12;8;0
36047;41;287;7;12;8;0
36049;49;287;7;12;8;0
36050;57;287;7;12;8;0
36051;65;287;7;12;8;0
36058;73;287;7;12;8;0
36059;81;287;7;12;8;0
36060;89;287;7;12;8;0
36062;97;287;7;12;8;0
36064;105;287;7;12;8;0
36065;121;287;7;12;8;0
36066;329;287;7;12;8;0
36067;337;287;7;12;8;0
36068;345;287;7;12;8;0
36070;558;287;7;12;8;0
36074;566;287;7;12;8;0
36076;574;287;7;12;8;0
36077;582;287;7;12;8;0
36084;590;287;7;12;8;0
36088;598;287;7;12;8;0
36090;606;287;7;12;8;0
36091;614;287;7;12;8;0
36092;622;287;7;12;8;0
36093;630;287;7;12;8;0
36100;638;287;7;12;8;0
36101;646;287;7;12;8;0
36103;654;287;7;12;8;0
36104;662;287;7;12;8;0
36106;670;287;7;12;8;0
36107;678;287;7;12;8;0
36109;686;287;7;12;8;0
36111;694;287;7;12;8;0
36112;702;287;7;12;8;0
36115;710;287;7;12;8;0
36116;718;287;7;12;8;0
36118;726;287;7;12;8;0
36119;734;287;7;12;8;0
36123;550;287;7;12;8;0
36125;544;287;5;12;8;1
36126;536;287;7;12;8;0
36127;433;287;6;12;8;0
36128;353;287;7;12;8;0
36129;361;287;7;12;8;0
36130;369;287;7;12;8;0
36131;377;287;7;12;8;0
36132;385;287;7;12;8;0
36133;393;287;7;12;8;0
36134;401;287;7;12;8;0
36135;409;287;7;12;8;0
36136;417;287;7;12;8;0
36137;425;287;7;12;8;0
36138;440;287;7;12;8;0
36139;528;287;7;12;8;0
36140;448;287;7;12;8;0
36141;456;287;7;12;8;0
36142;464;287;7;12;8;0
36143;472;287;7;12;8;0
36144;480;287;7;12;8;0
36145;488;287;7;12;8;0
36146;496;287;7;12;8;0
36147;504;287;7;12;8;0
36148;512;287;7;12;8;0
36149;520;287;7;12;8;0
36150;289;274;7;12;8;0
36151;1958;274;7;12;8;0
36152;281;274;7;12;8;0
36153;625;261;7;12;8;0
36154;9;261;7;12;8;0
36155;17;261;7;12;8;0
36156;25;261;7;12;8;0
36157;33;261;7;12;8;0
36158;41;261;7;12;8;0
36159;49;261;7;12;8;0
36160;57;261;7;12;8;0
36161;65;261;7;12;8;0
36162;73;261;7;12;8;0
36163;81;261;7;12;8;0
36164;89;261;7;12;8;0
36165;97;261;7;12;8;0
36166;105;261;7;12;8;0
36167;113;261;7;12;8;0
36168;121;261;7;12;8;0
36169;129;261;7;12;8;0
36170;137;261;7;12;8;0
36171;145;261;7;12;8;0
36172;153;261;7;12;8;0
36173;161;261;7;12;8;0
36174;169;261;7;12;8;0
36175;177;261;7;12;8;0
36176;185;261;7;12;8;0
36177;1;261;7;12;8;0
36178;2041;248;7;12;8;0
36179;2033;248;7;12;8;0
36180;1929;248;7;12;8;0
36181;1849;248;7;12;8;0
36182;1857;248;7;12;8;0
36183;1865;248;7;12;8;0
36184;1873;248;7;12;8;0
36185;1881;248;7;12;8;0
36186;1889;248;7;12;8;0
36187;1897;248;7;12;8;0
36188;1905;248;7;12;8;0
36189;1913;248;7;12;8;0
36190;1921;248;7;12;8;0
36191;1937;248;7;12;8;0
36192;2025;248;7;12;8;0
36193;1945;248;7;12;8;0
36194;1953;248;7;12;8;0
36195;1961;248;7;12;8;0
36196;1969;248;7;12;8;0
36198;1977;248;7;12;8;0
36199;1985;248;7;12;8;0
36201;1993;248;7;12;8;0
36203;2001;248;7;12;8;0
36205;2009;248;7;12;8;0
36208;2017;248;7;12;8;0
36209;193;261;7;12;8;0
36211;209;261;7;12;8;0
36212;617;261;7;12;8;0
36213;217;261;7;12;8;0
36214;433;261;7;12;8;0
36215;441;261;7;12;8;0
36225;449;261;7;12;8;0
36228;457;261;7;12;8;0
36229;465;261;7;12;8;0
36234;473;261;7;12;8;0
36235;481;261;7;12;8;0
36241;489;261;7;12;8;0
36244;497;261;7;12;8;0
36245;505;261;7;12;8;0
36246;513;261;7;12;8;0
36249;521;261;7;12;8;0
36255;529;261;7;12;8;0
36259;537;261;7;12;8;0
36264;545;261;7;12;8;0
36271;553;261;7;12;8;0
36273;561;261;7;12;8;0
36275;569;261;7;12;8;0
36276;577;261;7;12;8;0
36277;585;261;7;12;8;0
36280;593;261;7;12;8;0
36282;601;261;7;12;8;0
36284;609;261;7;12;8;0
36286;425;261;7;12;8;0
36287;417;261;7;12;8;0
36290;409;261;7;12;8;0
36291;305;261;7;12;8;0
36292;225;261;7;12;8;0
36294;233;261;7;12;8;0
36299;241;261;7;12;8;0
36300;249;261;7;12;8;0
36302;257;261;7;12;8;0
36303;265;261;7;12;8;0
36305;273;261;7;12;8;0
36310;281;261;7;12;8;0
36311;289;261;7;12;8;0
36314;297;261;7;12;8;0
36315;313;261;7;12;8;0
36317;401;261;7;12;8;0
36318;321;261;7;12;8;0
36319;329;261;7;12;8;0
36321;337;261;7;12;8;0
36323;345;261;7;12;8;0
36324;353;261;7;12;8;0
36326;361;261;7;12;8;0
36328;369;261;7;12;8;0
36329;377;261;7;12;8;0
36330;385;261;7;12;8;0
36331;393;261;7;12;8;0
36332;1841;248;7;12;8;0
36335;1833;248;7;12;8;0
36339;1825;248;7;12;8;0
36341;1817;248;7;12;8;0
36342;1217;248;7;12;8;0
36343;1225;248;7;12;8;0
36344;1233;248;7;12;8;0
36345;1241;248;7;12;8;0
36346;1249;248;7;12;8;0
36347;1257;248;7;12;8;0
36348;1265;248;7;12;8;0
36349;1273;248;7;12;8;0
36351;1281;248;7;12;8;0
36357;1289;248;7;12;8;0
36360;1305;248;7;12;8;0
36361;1393;248;7;12;8;0
36362;1313;248;7;12;8;0
36364;1321;248;7;12;8;0
36366;1329;248;7;12;8;0
36367;1337;248;7;12;8;0
36368;1345;248;7;12;8;0
36372;1353;248;7;12;8;0
36380;1361;248;7;12;8;0
36381;1369;248;7;12;8;0
36382;1377;248;7;12;8;0
36383;1385;248;7;12;8;0
36385;1209;248;7;12;8;0
36386;1297;248;7;12;8;0
36387;1201;248;7;12;8;0
36393;1089;248;7;12;8;0
36394;1009;248;7;12;8;0
36395;1017;248;7;12;8;0
36396;1025;248;7;12;8;0
36397;1033;248;7;12;8;0
36398;1041;248;7;12;8;0
36399;1049;248;7;12;8;0
36400;1057;248;7;12;8;0
36401;1065;248;7;12;8;0
36404;1073;248;7;12;8;0
36405;1081;248;7;12;8;0
36409;1097;248;7;12;8;0
36410;1185;248;7;12;8;0
36412;1105;248;7;12;8;0
36413;1113;248;7;12;8;0
36416;1121;248;7;12;8;0
36417;1129;248;7;12;8;0
36418;1137;248;7;12;8;0
36420;1145;248;7;12;8;0
36423;1153;248;7;12;8;0
36424;1161;248;7;12;8;0
36425;1169;248;7;12;8;0
36426;1177;248;7;12;8;0
36427;1193;248;7;12;8;0
36428;1401;248;7;12;8;0
36432;1409;248;7;12;8;0
36433;1417;248;7;12;8;0
36434;1633;248;7;12;8;0
36435;1641;248;7;12;8;0
36436;1649;248;7;12;8;0
36437;1657;248;7;12;8;0
36441;1665;248;7;12;8;0
36442;1673;248;7;12;8;0
36447;1681;248;7;12;8;0
36448;1689;248;7;12;8;0
36451;1697;248;7;12;8;0
36452;1705;248;7;12;8;0
36454;1713;248;7;12;8;0
36455;1721;248;7;12;8;0
36457;1729;248;7;12;8;0
36460;1737;248;7;12;8;0
36461;1745;248;7;12;8;0
36463;1753;248;7;12;8;0
36464;1761;248;7;12;8;0
36466;1769;248;7;12;8;0
36468;1777;248;7;12;8;0
36470;1785;248;7;12;8;0
36474;1793;248;7;12;8;0
36475;1801;248;7;12;8;0
36476;1809;248;7;12;8;0
36478;1625;248;7;12;8;0
36479;1617;248;7;12;8;0
36480;1609;248;7;12;8;0
36481;1505;248;7;12;8;0
36482;1425;248;7;12;8;0
36484;1433;248;7;12;8;0
36485;1441;248;7;12;8;0
36487;1449;248;7;12;8;0
36489;1457;248;7;12;8;0
36490;1465;248;7;12;8;0
36491;1473;248;7;12;8;0
36493;1481;248;7;12;8;0
36495;1489;248;7;12;8;0
36496;1497;248;7;12;8;0
36497;1513;248;7;12;8;0
36499;1601;248;7;12;8;0
36500;1521;248;7;12;8;0
36501;1529;248;7;12;8;0
36505;1537;248;7;12;8;0
36508;1545;248;7;12;8;0
36509;1553;248;7;12;8;0
36510;1561;248;7;12;8;0
36513;1569;248;7;12;8;0
36517;1577;248;7;12;8;0
36522;1585;248;7;12;8;0
36523;1593;248;7;12;8;0
36524;201;261;7;12;8;0
36525;633;261;7;12;8;0
36527;1890;261;7;12;8;0
36528;641;261;7;12;8;0
36529;1698;261;7;12;8;0
36530;1706;261;7;12;8;0
36538;1714;261;7;12;8;0
36540;1722;261;7;12;8;0
36542;1730;261;7;12;8;0
36544;1738;261;7;12;8;0
36545;1746;261;7;12;8;0
36549;1754;261;7;12;8;0
36550;1762;261;7;12;8;0
36552;1770;261;7;12;8;0
36554;1778;261;7;12;8;0
36555;1786;261;7;12;8;0
36556;1794;261;7;12;8;0
36557;1802;261;7;12;8;0
36558;1810;261;7;12;8;0
36559;1818;261;7;12;8;0
36562;1826;261;7;12;8;0
36564;1834;261;7;12;8;0
36570;1842;261;7;12;8;0
36571;1850;261;7;12;8;0
36575;1858;261;7;12;8;0
36578;1866;261;7;12;8;0
36579;1874;261;7;12;8;0
36584;1690;261;7;12;8;0
36587;1682;261;7;12;8;0
36594;1674;261;7;12;8;0
36600;1570;261;7;12;8;0
36603;1490;261;7;12;8;0
36604;1498;261;7;12;8;0
36605;1506;261;7;12;8;0
36606;1514;261;7;12;8;0
36611;1522;261;7;12;8;0
36612;1530;261;7;12;8;0
36613;1538;261;7;12;8;0
36617;1546;261;7;12;8;0
36618;1554;261;7;12;8;0
36619;1562;261;7;12;8;0
36620;1578;261;7;12;8;0
36626;1666;261;7;12;8;0
36627;1586;261;7;12;8;0
36628;1594;261;7;12;8;0
36629;1602;261;7;12;8;0
36633;1610;261;7;12;8;0
36635;1618;261;7;12;8;0
36636;1626;261;7;12;8;0
36637;1634;261;7;12;8;0
36638;1642;261;7;12;8;0
36639;1650;261;7;12;8;0
36645;1658;261;7;12;8;0
36646;1882;261;7;12;8;0
36649;1898;261;7;12;8;0
36650;265;274;7;12;8;0
36653;1906;261;7;12;8;0
36655;81;274;7;12;8;0
36659;89;274;7;12;8;0
36662;97;274;7;12;8;0
36664;105;274;7;12;8;0
36665;113;274;7;12;8;0
36667;121;274;7;12;8;0
36670;129;274;7;12;8;0
36671;137;274;7;12;8;0
36672;145;274;7;12;8;0
36674;153;274;7;12;8;0
36676;161;274;7;12;8;0
36677;169;274;7;12;8;0
36678;177;274;7;12;8;0
36681;185;274;7;12;8;0
36684;193;274;7;12;8;0
36685;201;274;7;12;8;0
36686;209;274;7;12;8;0
36692;217;274;7;12;8;0
36695;225;274;7;12;8;0
36700;233;274;7;12;8;0
36703;241;274;7;12;8;0
36705;249;274;7;12;8;0
36706;257;274;7;12;8;0
36707;73;274;7;12;8;0
36708;65;274;7;12;8;0
36710;57;274;7;12;8;0
36711;1994;261;7;12;8;0
36712;1914;261;7;12;8;0
36713;1922;261;7;12;8;0
36715;1930;261;7;12;8;0
36716;1938;261;7;12;8;0
36717;1946;261;7;12;8;0
36718;1954;261;7;12;8;0
36719;1962;261;7;12;8;0
36720;1970;261;7;12;8;0
36721;1978;261;7;12;8;0
36722;1986;261;7;12;8;0
36723;2002;261;7;12;8;0
36724;49;274;7;12;8;0
36725;2010;261;7;12;8;0
36726;2018;261;7;12;8;0
36727;2026;261;7;12;8;0
36728;2034;261;7;12;8;0
36729;1;274;7;12;8;0
36730;9;274;7;12;8;0
36731;17;274;7;12;8;0
36732;25;274;7;12;8;0
36733;33;274;7;12;8;0
36734;41;274;7;12;8;0
36735;1482;261;7;12;8;0
36737;1474;261;7;12;8;0
36738;1465;261;8;12;8;0
36739;1457;261;7;12;8;0
36740;857;261;7;12;8;0
36741;865;261;7;12;8;0
36742;873;261;7;12;8;0
36743;881;261;7;12;8;0
36744;889;261;7;12;8;0
36745;897;261;7;12;8;0
36746;905;261;7;12;8;0
36747;913;261;7;12;8;0
36749;921;261;7;12;8;0
36750;929;261;7;12;8;0
36751;945;261;7;12;8;0
36752;1033;261;7;12;8;0
36753;953;261;7;12;8;0
36755;961;261;7;12;8;0
36756;969;261;7;12;8;0
36757;977;261;7;12;8;0
36758;985;261;7;12;8;0
36759;993;261;7;12;8;0
36760;1001;261;7;12;8;0
36761;1009;261;7;12;8;0
36762;1017;261;7;12;8;0
36763;1025;261;7;12;8;0
36764;849;261;7;12;8;0
36766;937;261;7;12;8;0
36767;841;261;7;12;8;0
36771;729;261;7;12;8;0
36774;649;261;7;12;8;0
36775;657;261;7;12;8;0
36776;665;261;7;12;8;0
36777;673;261;7;12;8;0
36779;681;261;7;12;8;0
36781;689;261;7;12;8;0
36782;697;261;7;12;8;0
36783;705;261;7;12;8;0
36784;713;261;7;12;8;0
36785;721;261;7;12;8;0
36786;737;261;7;12;8;0
36789;825;261;7;12;8;0
36790;745;261;7;12;8;0
36791;753;261;7;12;8;0
36793;761;261;7;12;8;0
36794;769;261;7;12;8;0
36795;777;261;7;12;8;0
36796;785;261;7;12;8;0
36797;793;261;7;12;8;0
36798;801;261;7;12;8;0
36799;809;261;7;12;8;0
36800;817;261;7;12;8;0
36801;833;261;7;12;8;0
36802;1041;261;7;12;8;0
36804;1049;261;7;12;8;0
36805;1057;261;7;12;8;0
36806;1273;261;7;12;8;0
36807;1281;261;7;12;8;0
36808;1289;261;7;12;8;0
36811;1297;261;7;12;8;0
36812;1305;261;7;12;8;0
36814;1313;261;7;12;8;0
36816;1321;261;7;12;8;0
36817;1329;261;7;12;8;0
36819;1337;261;7;12;8;0
36820;1345;261;7;12;8;0
36821;1353;261;7;12;8;0
36824;1361;261;7;12;8;0
36825;1369;261;7;12;8;0
36826;1377;261;7;12;8;0
36827;1385;261;7;12;8;0
36828;1393;261;7;12;8;0
36829;1401;261;7;12;8;0
36830;1409;261;7;12;8;0
36831;1417;261;7;12;8;0
36834;1425;261;7;12;8;0
36836;1433;261;7;12;8;0
36837;1441;261;7;12;8;0
36838;1449;261;7;12;8;0
36840;1265;261;7;12;8;0
36841;1257;261;7;12;8;0
36842;1249;261;7;12;8;0
36843;1145;261;7;12;8;0
36845;1065;261;7;12;8;0
36846;1073;261;7;12;8;0
36847;1081;261;7;12;8;0
36848;1089;261;7;12;8;0
36851;1097;261;7;12;8;0
36852;1105;261;7;12;8;0
36855;1113;261;7;12;8;0
36856;1121;261;7;12;8;0
36857;1129;261;7;12;8;0
36858;1137;261;7;12;8;0
36861;1153;261;7;12;8;0
36864;1241;261;7;12;8;0
36865;1161;261;7;12;8;0
36866;1169;261;7;12;8;0
36867;1177;261;7;12;8;0
36868;1185;261;7;12;8;0
36869;1193;261;7;12;8;0
36870;1201;261;7;12;8;0
36873;1209;261;7;12;8;0
36874;1217;261;7;12;8;0
36875;1225;261;7;12;8;0
36877;1233;261;7;12;8;0
36878;273;274;7;12;8;0
36879;1596;287;7;12;8;0
36880;1604;287;7;12;8;0
36881;1612;287;7;12;8;0
36882;1945;313;7;12;8;0
36883;1953;313;7;12;8;0
36884;1961;313;7;12;8;0
36885;1969;313;7;12;8;0
36886;1977;313;7;12;8;0
36887;1985;313;7;12;8;0
36889;1993;313;7;12;8;0
36890;2001;313;7;12;8;0
36891;2009;313;7;12;8;0
36893;2017;313;7;12;8;0
36894;2025;313;7;12;8;0
36895;2033;313;7;12;8;0
36896;2041;313;7;12;8;0
36897;1;326;7;12;8;0
36898;9;326;7;12;8;0
36899;17;326;7;12;8;0
36902;25;326;7;12;8;0
36903;33;326;7;12;8;0
36909;41;326;7;12;8;0
36910;49;326;7;12;8;0
36911;57;326;7;12;8;0
36913;65;326;7;12;8;0
36914;73;326;7;12;8;0
36917;1937;313;7;12;8;0
36918;1929;313;7;12;8;0
36920;1921;313;7;12;8;0
36921;1817;313;7;12;8;0
36923;1737;313;7;12;8;0
36924;1745;313;7;12;8;0
36926;1753;313;7;12;8;0
36929;1761;313;7;12;8;0
36930;1769;313;7;12;8;0
36932;1777;313;7;12;8;0
36933;1785;313;7;12;8;0
36935;1793;313;7;12;8;0
36937;1801;313;7;12;8;0
36938;1809;313;7;12;8;0
36939;1825;313;7;12;8;0
36941;1913;313;7;12;8;0
36942;1833;313;7;12;8;0
36943;1841;313;7;12;8;0
36944;1849;313;7;12;8;0
36945;1857;313;7;12;8;0
36946;1865;313;7;12;8;0
36947;1873;313;7;12;8;0
36948;1881;313;7;12;8;0
36949;1889;313;7;12;8;0
36950;1897;313;7;12;8;0
36951;1905;313;7;12;8;0
36952;81;326;7;12;8;0
36953;97;326;7;12;8;0
36955;505;326;7;12;8;0
36956;105;326;7;12;8;0
36957;321;326;7;12;8;0
36958;329;326;7;12;8;0
36960;337;326;7;12;8;0
36961;345;326;7;12;8;0
36962;353;326;7;12;8;0
36963;361;326;7;12;8;0
36965;369;326;7;12;8;0
36968;377;326;7;12;8;0
36969;385;326;7;12;8;0
36973;393;326;7;12;8;0
36974;401;326;7;12;8;0
36975;409;326;7;12;8;0
36978;417;326;7;12;8;0
36980;425;326;7;12;8;0
36981;433;326;7;12;8;0
36982;441;326;7;12;8;0
36983;449;326;7;12;8;0
36984;457;326;7;12;8;0
36986;465;326;7;12;8;0
36988;473;326;7;12;8;0
36989;481;326;7;12;8;0
36991;489;326;7;12;8;0
36992;497;326;7;12;8;0
36993;313;326;7;12;8;0
36994;305;326;7;12;8;0
36995;297;326;7;12;8;0
36996;193;326;7;12;8;0
36999;113;326;7;12;8;0
37000;121;326;7;12;8;0
37001;129;326;7;12;8;0
37002;137;326;7;12;8;0
37003;145;326;7;12;8;0
37007;153;326;7;12;8;0
37008;161;326;7;12;8;0
37009;169;326;7;12;8;0
37011;177;326;7;12;8;0
37013;185;326;7;12;8;0
37015;201;326;7;12;8;0
37017;289;326;7;12;8;0
37019;209;326;7;12;8;0
37021;217;326;7;12;8;0
37025;225;326;7;12;8;0
37026;233;326;7;12;8;0
37027;241;326;7;12;8;0
37030;249;326;7;12;8;0
37032;257;326;7;12;8;0
37034;265;326;7;12;8;0
37036;273;326;7;12;8;0
37038;281;326;7;12;8;0
37039;1729;313;7;12;8;0
37040;1721;313;7;12;8;0
37041;1713;313;7;12;8;0
37043;1705;313;7;12;8;0
37044;1105;313;7;12;8;0
37045;1113;313;7;12;8;0
37046;1121;313;7;12;8;0
37048;1129;313;7;12;8;0
37049;1137;313;7;12;8;0
37050;1145;313;7;12;8;0
37051;1153;313;7;12;8;0
37054;1161;313;7;12;8;0
37057;1169;313;7;12;8;0
37059;1177;313;7;12;8;0
37060;1193;313;7;12;8;0
37061;1281;313;7;12;8;0
37063;1201;313;7;12;8;0
37066;1209;313;7;12;8;0
37070;1217;313;7;12;8;0
37071;1225;313;7;12;8;0
37072;1233;313;7;12;8;0
37073;1241;313;7;12;8;0
37075;1249;313;7;12;8;0
37079;1257;313;7;12;8;0
37083;1265;313;7;12;8;0
37084;1273;313;7;12;8;0
37085;1097;313;7;12;8;0
37086;1185;313;7;12;8;0
37089;1089;313;7;12;8;0
37090;977;313;7;12;8;0
37092;897;313;7;12;8;0
37094;905;313;7;12;8;0
37095;913;313;7;12;8;0
37096;921;313;7;12;8;0
37099;929;313;7;12;8;0
37101;937;313;7;12;8;0
37103;945;313;7;12;8;0
37108;953;313;7;12;8;0
37109;961;313;7;12;8;0
37111;969;313;7;12;8;0
37112;985;313;7;12;8;0
37117;1073;313;7;12;8;0
37118;993;313;7;12;8;0
37122;1001;313;7;12;8;0
37124;1009;313;7;12;8;0
37129;1017;313;7;12;8;0
37138;1025;313;7;12;8;0
37140;1033;313;7;12;8;0
37141;1041;313;7;12;8;0
37143;1049;313;7;12;8;0
37144;1057;313;7;12;8;0
37145;1065;313;7;12;8;0
37150;1081;313;7;12;8;0
37154;1289;313;7;12;8;0
37155;1297;313;7;12;8;0
37159;1305;313;7;12;8;0
37165;1521;313;7;12;8;0
37167;1529;313;7;12;8;0
37168;1537;313;7;12;8;0
37169;1545;313;7;12;8;0
37170;1553;313;7;12;8;0
37172;1561;313;7;12;8;0
37177;1569;313;7;12;8;0
37178;1577;313;7;12;8;0
37187;1585;313;7;12;8;0
37190;1593;313;7;12;8;0
37192;1601;313;7;12;8;0
37193;1609;313;7;12;8;0
37194;1617;313;7;12;8;0
37195;1625;313;7;12;8;0
37196;1633;313;7;12;8;0
37197;1641;313;7;12;8;0
37198;1649;313;7;12;8;0
37199;1657;313;7;12;8;0
37200;1665;313;7;12;8;0
37202;1673;313;7;12;8;0
37204;1681;313;7;12;8;0
37206;1689;313;7;12;8;0
37207;1697;313;7;12;8;0
37208;1513;313;7;12;8;0
37210;1505;313;7;12;8;0
37212;1497;313;7;12;8;0
37213;1393;313;7;12;8;0
37214;1313;313;7;12;8;0
37217;1321;313;7;12;8;0
37218;1329;313;7;12;8;0
37219;1337;313;7;12;8;0
37220;1345;313;7;12;8;0
37221;1353;313;7;12;8;0
37225;1361;313;7;12;8;0
37226;1369;313;7;12;8;0
37228;1377;313;7;12;8;0
37230;1385;313;7;12;8;0
37231;1401;313;7;12;8;0
37232;1489;313;7;12;8;0
37233;1409;313;7;12;8;0
37234;1417;313;7;12;8;0
37235;1425;313;7;12;8;0
37236;1433;313;7;12;8;0
37237;1441;313;7;12;8;0
37238;1449;313;7;12;8;0
37239;1457;313;7;12;8;0
37240;1465;313;7;12;8;0
37241;1473;313;7;12;8;0
37245;1481;313;7;12;8;0
37246;89;326;7;12;8;0
37247;513;326;7;12;8;0
37250;521;326;7;12;8;0
37251;529;326;7;12;8;0
37253;1593;326;7;12;8;0
37255;1601;326;7;12;8;0
37257;1609;326;7;12;8;0
37259;1617;326;7;12;8;0
37260;1625;326;7;12;8;0
37261;1633;326;7;12;8;0
37264;1641;326;7;12;8;0
37265;1649;326;7;12;8;0
37266;1657;326;7;12;8;0
37270;1665;326;7;12;8;0
37271;1673;326;7;12;8;0
37274;1681;326;7;12;8;0
37275;1689;326;7;12;8;0
37276;1697;326;7;12;8;0
37278;1705;326;7;12;8;0
37282;1713;326;7;12;8;0
37283;1721;326;7;12;8;0
37284;1729;326;7;12;8;0
37290;1737;326;7;12;8;0
37291;1745;326;7;12;8;0
37292;1753;326;7;12;8;0
37293;1761;326;7;12;8;0
37294;1769;326;7;12;8;0
37295;1585;326;7;12;8;0
37297;1577;326;7;12;8;0
37300;1569;326;7;12;8;0
37301;1465;326;7;12;8;0
37304;1385;326;7;12;8;0
37306;1393;326;7;12;8;0
37312;1401;326;7;12;8;0
37313;1409;326;7;12;8;0
37317;1417;326;7;12;8;0
37318;1425;326;7;12;8;0
37319;1433;326;7;12;8;0
37320;1441;326;7;12;8;0
37321;1449;326;7;12;8;0
37322;1457;326;7;12;8;0
37323;1473;326;7;12;8;0
37324;1561;326;7;12;8;0
37325;1481;326;7;12;8;0
37326;1489;326;7;12;8;0
37327;1497;326;7;12;8;0
37328;1505;326;7;12;8;0
37329;1513;326;7;12;8;0
37331;1521;326;7;12;8;0
37332;1529;326;7;12;8;0
37333;1537;326;7;12;8;0
37334;1545;326;7;12;8;0
37335;1553;326;7;12;8;0
37336;1777;326;7;12;8;0
37337;1793;326;7;12;8;0
37339;153;339;7;12;8;0
37340;1801;326;7;12;8;0
37341;2017;326;7;12;8;0
37343;2025;326;7;12;8;0
37345;2033;326;7;12;8;0
37347;2041;326;7;12;8;0
37348;1;339;7;12;8;0
37350;9;339;7;12;8;0
37351;17;339;7;12;8;0
37353;25;339;7;12;8;0
37357;33;339;7;12;8;0
37365;41;339;7;12;8;0
37366;49;339;7;12;8;0
37367;57;339;7;12;8;0
37369;65;339;7;12;8;0
37372;73;339;7;12;8;0
37375;81;339;7;12;8;0
37376;89;339;7;12;8;0
37377;97;339;7;12;8;0
37383;105;339;7;12;8;0
37384;113;339;7;12;8;0
37385;121;339;7;12;8;0
37386;129;339;7;12;8;0
37389;137;339;7;12;8;0
37390;145;339;7;12;8;0
37392;2009;326;7;12;8;0
37393;2001;326;7;12;8;0
37396;1993;326;7;12;8;0
37397;1889;326;7;12;8;0
37404;1809;326;7;12;8;0
37406;1817;326;7;12;8;0
37411;1825;326;7;12;8;0
37413;1833;326;7;12;8;0
37414;1841;326;7;12;8;0
37415;1849;326;7;12;8;0
37417;1857;326;7;12;8;0
37418;1865;326;7;12;8;0
37420;1873;326;7;12;8;0
37422;1881;326;7;12;8;0
37424;1897;326;7;12;8;0
37428;1985;326;7;12;8;0
37431;1905;326;7;12;8;0
37432;1913;326;7;12;8;0
37433;1921;326;7;12;8;0
37434;1929;326;7;12;8;0
37437;1937;326;7;12;8;0
37438;1945;326;7;12;8;0
37439;1953;326;7;12;8;0
37440;1961;326;7;12;8;0
37444;1969;326;7;12;8;0
37445;1977;326;7;12;8;0
37446;1377;326;7;12;8;0
37448;1785;326;7;12;8;0
37449;1369;326;7;12;8;0
37451;937;326;7;12;8;0
37453;745;326;7;12;8;0
37456;753;326;7;12;8;0
37457;761;326;7;12;8;0
37461;769;326;7;12;8;0
37463;777;326;7;12;8;0
37466;785;326;7;12;8;0
37467;793;326;7;12;8;0
37469;801;326;7;12;8;0
37470;809;326;7;12;8;0
37474;817;326;7;12;8;0
37476;825;326;7;12;8;0
37478;833;326;7;12;8;0
37480;841;326;7;12;8;0
37484;849;326;7;12;8;0
37485;857;326;7;12;8;0
37489;865;326;7;12;8;0
37490;873;326;7;12;8;0
37491;881;326;7;12;8;0
37492;889;326;7;12;8;0
37496;897;326;7;12;8;0
37498;905;326;7;12;8;0
37499;913;326;7;12;8;0
37500;921;326;7;12;8;0
37502;737;326;7;12;8;0
37503;729;326;7;12;8;0
37504;721;326;7;12;8;0
37507;617;326;7;12;8;0
37509;537;326;7;12;8;0
37512;545;326;7;12;8;0
37514;553;326;7;12;8;0
37518;561;326;7;12;8;0
37521;569;326;7;12;8;0
37523;577;326;7;12;8;0
37525;585;326;7;12;8;0
37526;593;326;7;12;8;0
37528;601;326;7;12;8;0
37530;609;326;7;12;8;0
37531;625;326;7;12;8;0
37532;713;326;7;12;8;0
37536;633;326;7;12;8;0
37539;641;326;7;12;8;0
37541;649;326;7;12;8;0
37542;657;326;7;12;8;0
37543;665;326;7;12;8;0
37544;673;326;7;12;8;0
37545;681;326;7;12;8;0
37546;689;326;7;12;8;0
37547;697;326;7;12;8;0
37548;705;326;7;12;8;0
37549;929;326;7;12;8;0
37550;945;326;7;12;8;0
37554;1353;326;7;12;8;0
37555;953;326;7;12;8;0
37558;1169;326;7;12;8;0
37559;1177;326;7;12;8;0
37561;1185;326;7;12;8;0
37563;1193;326;7;12;8;0
37564;1201;326;7;12;8;0
37569;1209;326;7;12;8;0
37570;1217;326;7;12;8;0
37571;1225;326;7;12;8;0
37573;1233;326;7;12;8;0
37574;1241;326;7;12;8;0
37575;1249;326;7;12;8;0
37576;1257;326;7;12;8;0
37577;1265;326;7;12;8;0
37580;1273;326;7;12;8;0
37583;1281;326;7;12;8;0
37584;1289;326;7;12;8;0
37586;1297;326;7;12;8;0
37589;1305;326;7;12;8;0
37604;1313;326;7;12;8;0
37606;1321;326;7;12;8;0
37608;1329;326;7;12;8;0
37609;1337;326;7;12;8;0
37610;1345;326;7;12;8;0
37613;1161;326;7;12;8;0
37615;1153;326;7;12;8;0
37616;1145;326;7;12;8;0
37617;1041;326;7;12;8;0
37618;961;326;7;12;8;0
37619;969;326;7;12;8;0
37624;977;326;7;12;8;0
37626;985;326;7;12;8;0
37628;993;326;7;12;8;0
37632;1001;326;7;12;8;0
37634;1009;326;7;12;8;0
37636;1017;326;7;12;8;0
37638;1025;326;7;12;8;0
37647;1033;326;7;12;8;0
37648;1049;326;7;12;8;0
37650;1137;326;7;12;8;0
37653;1057;326;7;12;8;0
37656;1065;326;7;12;8;0
37657;1073;326;7;12;8;0
37658;1081;326;7;12;8;0
37659;1089;326;7;12;8;0
37662;1097;326;7;12;8;0
37664;1105;326;7;12;8;0
37665;1113;326;7;12;8;0
37666;1121;326;7;12;8;0
37667;1129;326;7;12;8;0
37668;889;313;7;12;8;0
37670;881;313;7;12;8;0
37672;873;313;7;12;8;0
37673;1233;300;7;12;8;0
37675;617;300;7;12;8;0
37676;625;300;7;12;8;0
37678;633;300;7;12;8;0
37679;641;300;7;12;8;0
37682;649;300;7;12;8;0
37683;657;300;7;12;8;0
37685;665;300;7;12;8;0
37686;673;300;7;12;8;0
37688;681;300;7;12;8;0
37690;689;300;7;12;8;0
37691;697;300;7;12;8;0
37692;705;300;7;12;8;0
37694;713;300;7;12;8;0
37700;721;300;7;12;8;0
37701;729;300;7;12;8;0
37702;737;300;7;12;8;0
37703;745;300;7;12;8;0
37704;753;300;7;12;8;0
37706;761;300;7;12;8;0
37707;769;300;7;12;8;0
37709;777;300;7;12;8;0
37716;785;300;7;12;8;0
37718;793;300;7;12;8;0
37720;609;300;7;12;8;0
37721;601;300;7;12;8;0
37722;593;300;7;12;8;0
37723;489;300;7;12;8;0
37724;409;300;7;12;8;0
37728;417;300;7;12;8;0
37733;425;300;7;12;8;0
37737;433;300;7;12;8;0
37738;441;300;7;12;8;0
37740;449;300;7;12;8;0
37742;457;300;7;12;8;0
37744;465;300;7;12;8;0
37749;473;300;7;12;8;0
37750;481;300;7;12;8;0
37754;497;300;7;12;8;0
37756;585;300;7;12;8;0
37758;505;300;7;12;8;0
37762;513;300;7;12;8;0
37765;521;300;7;12;8;0
37770;529;300;7;12;8;0
37772;537;300;7;12;8;0
37775;545;300;7;12;8;0
37780;553;300;7;12;8;0
37782;561;300;7;12;8;0
37783;569;300;7;12;8;0
37784;577;300;7;12;8;0
37786;801;300;7;12;8;0
37789;817;300;7;12;8;0
37793;1225;300;7;12;8;0
37794;825;300;7;12;8;0
37796;1041;300;7;12;8;0
37798;1049;300;7;12;8;0
37799;1057;300;7;12;8;0
37801;1065;300;7;12;8;0
37804;1073;300;7;12;8;0
37805;1081;300;7;12;8;0
37806;1089;300;7;12;8;0
37807;1097;300;7;12;8;0
37808;1105;300;7;12;8;0
37811;1113;300;7;12;8;0
37813;1121;300;7;12;8;0
37814;1129;300;7;12;8;0
37815;1137;300;7;12;8;0
37817;1145;300;7;12;8;0
37827;1153;300;7;12;8;0
37828;1161;300;7;12;8;0
37832;1169;300;7;12;8;0
37834;1177;300;7;12;8;0
37836;1185;300;7;12;8;0
37837;1193;300;7;12;8;0
37840;1201;300;7;12;8;0
37841;1209;300;7;12;8;0
37846;1217;300;7;12;8;0
37847;1033;300;7;12;8;0
37848;1025;300;7;12;8;0
37852;1017;300;7;12;8;0
37853;913;300;7;12;8;0
37854;833;300;7;12;8;0
37855;841;300;7;12;8;0
37857;849;300;7;12;8;0
37858;857;300;7;12;8;0
37860;865;300;7;12;8;0
37861;873;300;7;12;8;0
37864;881;300;7;12;8;0
37877;889;300;7;12;8;0
37879;897;300;7;12;8;0
37881;905;300;7;12;8;0
37885;921;300;7;12;8;0
37891;1009;300;7;12;8;0
37895;929;300;7;12;8;0
37903;937;300;7;12;8;0
37904;945;300;7;12;8;0
37906;953;300;7;12;8;0
37907;961;300;7;12;8;0
37908;969;300;7;12;8;0
37912;977;300;7;12;8;0
37913;985;300;7;12;8;0
37914;993;300;7;12;8;0
37920;1001;300;7;12;8;0
37921;401;300;7;12;8;0
37924;393;300;7;12;8;0
37927;385;300;7;12;8;0
37928;377;300;7;12;8;0
37931;1824;287;7;12;8;0
37934;1832;287;7;12;8;0
37938;1840;287;7;12;8;0
37939;1848;287;7;12;8;0
37941;1856;287;7;12;8;0
37942;1864;287;7;12;8;0
37944;1872;287;7;12;8;0
37946;1880;287;7;12;8;0
37949;1888;287;7;12;8;0
37950;1896;287;7;12;8;0
37951;1912;287;7;12;8;0
37952;2000;287;7;12;8;0
37953;1920;287;7;12;8;0
37956;1928;287;7;12;8;0
37962;1936;287;7;12;8;0
37964;1944;287;7;12;8;0
37969;1952;287;7;12;8;0
37970;1960;287;7;12;8;0
37971;1968;287;7;12;8;0
37978;1976;287;7;12;8;0
37979;1984;287;7;12;8;0
37982;1992;287;7;12;8;0
37984;1816;287;7;12;8;0
37986;1904;287;7;12;8;0
37987;1808;287;7;12;8;0
37988;1700;287;7;12;8;0
37994;1620;287;7;12;8;0
37995;1628;287;7;12;8;0
37997;1636;287;7;12;8;0
38000;1644;287;7;12;8;0
38002;1652;287;7;12;8;0
38005;1660;287;7;12;8;0
38007;1668;287;7;12;8;0
38012;1676;287;7;12;8;0
38013;1684;287;7;12;8;0
38014;1692;287;7;12;8;0
38015;1708;287;7;12;8;0
38017;1792;287;7;12;8;0
38021;1716;287;3;12;8;0
38022;1720;287;7;12;8;0
38023;1728;287;7;12;8;0
38024;1736;287;7;12;8;0
38025;1744;287;7;12;8;0
38026;1752;287;7;12;8;0
38027;1760;287;7;12;8;0
38028;1768;287;7;12;8;0
38029;1776;287;7;12;8;0
38030;1784;287;7;12;8;0
38031;1800;287;7;12;8;0
38032;2008;287;7;12;8;0
38033;2016;287;7;12;8;0
38034;2024;287;7;12;8;0
38035;193;300;7;12;8;0
38036;201;300;7;12;8;0
38037;209;300;7;12;8;0
38038;217;300;7;12;8;0
38039;225;300;7;12;8;0
38040;233;300;7;12;8;0
38041;241;300;7;12;8;0
38042;249;300;7;12;8;0
38043;257;300;7;12;8;0
38044;265;300;7;12;8;0
38045;273;300;7;12;8;0
38046;281;300;7;12;8;0
38047;289;300;7;12;8;0
38048;297;300;7;12;8;0
38049;305;300;7;12;8;0
38050;313;300;7;12;8;0
38051;321;300;7;12;8;0
38052;329;300;7;12;8;0
38053;337;300;7;12;8;0
38054;345;300;7;12;8;0
38055;353;300;7;12;8;0
38056;361;300;7;12;8;0
38057;369;300;7;12;8;0
38058;185;300;7;12;8;0
38059;177;300;7;12;8;0
38060;169;300;7;12;8;0
38061;65;300;7;12;8;0
38062;2032;287;7;12;8;0
38063;2040;287;7;12;8;0
38064;1;300;7;12;8;0
38065;9;300;7;12;8;0
38066;17;300;7;12;8;0
38067;25;300;7;12;8;0
38068;33;300;7;12;8;0
38069;41;300;7;12;8;0
38070;49;300;7;12;8;0
38071;57;300;7;12;8;0
38072;73;300;7;12;8;0
38073;161;300;7;12;8;0
38074;81;300;7;12;8;0
38075;89;300;7;12;8;0
38076;97;300;7;12;8;0
38077;105;300;7;12;8;0
38078;113;300;7;12;8;0
38079;121;300;7;12;8;0
38080;129;300;7;12;8;0
38081;137;300;7;12;8;0
38082;145;300;7;12;8;0
38083;153;300;7;12;8;0
38084;809;300;7;12;8;0
38085;1241;300;7;12;8;0
38086;449;313;7;12;8;0
38087;1249;300;7;12;8;0
38088;257;313;7;12;8;0
38089;265;313;7;12;8;0
38090;273;313;7;12;8;0
38091;281;313;7;12;8;0
38092;289;313;7;12;8;0
38093;297;313;7;12;8;0
38094;305;313;7;12;8;0
38095;313;313;7;12;8;0
38096;321;313;7;12;8;0
38097;329;313;7;12;8;0
38098;337;313;7;12;8;0
38099;345;313;7;12;8;0
38100;353;313;7;12;8;0
38101;361;313;7;12;8;0
38102;369;313;7;12;8;0
38103;377;313;7;12;8;0
38104;385;313;7;12;8;0
38105;393;313;7;12;8;0
38106;401;313;7;12;8;0
38107;409;313;7;12;8;0
38108;417;313;7;12;8;0
38109;425;313;7;12;8;0
38110;433;313;7;12;8;0
38111;249;313;7;12;8;0
38112;241;313;7;12;8;0
38113;233;313;7;12;8;0
38114;129;313;7;12;8;0
38115;49;313;7;12;8;0
38116;57;313;7;12;8;0
38117;65;313;7;12;8;0
38118;73;313;7;12;8;0
38119;81;313;7;12;8;0
38120;89;313;7;12;8;0
38121;97;313;7;12;8;0
38122;105;313;7;12;8;0
38123;113;313;7;12;8;0
38124;121;313;7;12;8;0
38125;137;313;7;12;8;0
38126;225;313;7;12;8;0
38127;145;313;7;12;8;0
38128;153;313;7;12;8;0
38129;161;313;7;12;8;0
38130;169;313;7;12;8;0
38131;177;313;7;12;8;0
38132;185;313;7;12;8;0
38133;193;313;7;12;8;0
38134;201;313;7;12;8;0
38135;209;313;7;12;8;0
38136;217;313;7;12;8;0
38137;441;313;7;12;8;0
38138;457;313;7;12;8;0
38139;865;313;7;12;8;0
38140;465;313;7;12;8;0
38141;681;313;7;12;8;0
38142;689;313;7;12;8;0
38143;697;313;7;12;8;0
38144;705;313;7;12;8;0
38145;713;313;7;12;8;0
38146;721;313;7;12;8;0
38147;729;313;7;12;8;0
38148;737;313;7;12;8;0
38149;745;313;7;12;8;0
38150;753;313;7;12;8;0
38151;761;313;7;12;8;0
38152;769;313;7;12;8;0
38153;777;313;7;12;8;0
38154;785;313;7;12;8;0
38155;793;313;7;12;8;0
38156;801;313;7;12;8;0
38157;809;313;7;12;8;0
38158;817;313;7;12;8;0
38159;825;313;7;12;8;0
38160;833;313;7;12;8;0
38161;841;313;7;12;8;0
38162;849;313;7;12;8;0
38163;857;313;7;12;8;0
38164;673;313;7;12;8;0
38165;665;313;7;12;8;0
38166;657;313;7;12;8;0
38167;553;313;7;12;8;0
38168;473;313;7;12;8;0
38169;481;313;7;12;8;0
38170;489;313;7;12;8;0
38171;497;313;7;12;8;0
38172;505;313;7;12;8;0
38173;513;313;7;12;8;0
38174;521;313;7;12;8;0
38175;529;313;7;12;8;0
38176;537;313;7;12;8;0
38177;545;313;7;12;8;0
38178;561;313;7;12;8;0
38179;649;313;7;12;8;0
38180;569;313;7;12;8;0
38181;577;313;7;12;8;0
38182;585;313;7;12;8;0
38183;593;313;7;12;8;0
38184;601;313;7;12;8;0
38185;609;313;7;12;8;0
38186;617;313;7;12;8;0
38187;625;313;7;12;8;0
38188;633;313;7;12;8;0
38189;641;313;7;12;8;0
38190;41;313;7;12;8;0
38191;33;313;7;12;8;0
38192;25;313;7;12;8;0
38193;17;313;7;12;8;0
38194;1465;300;7;12;8;0
38195;1473;300;7;12;8;0
38196;1481;300;7;12;8;0
38197;1489;300;7;12;8;0
38198;1497;300;7;12;8;0
38199;1505;300;7;12;8;0
38200;1513;300;7;12;8;0
38201;1521;300;7;12;8;0
38202;1529;300;7;12;8;0
38203;1537;300;7;12;8;0
38204;1553;300;7;12;8;0
38205;1641;300;7;12;8;0
38206;1561;300;7;12;8;0
38207;1569;300;7;12;8;0
38208;1577;300;7;12;8;0
38209;1585;300;7;12;8;0
38210;1593;300;7;12;8;0
38211;1601;300;7;12;8;0
38212;1609;300;7;12;8;0
38213;1617;300;7;12;8;0
38214;1625;300;7;12;8;0
38215;1633;300;7;12;8;0
38216;1457;300;7;12;8;0
38217;1545;300;7;12;8;0
38218;1449;300;7;12;8;0
38219;1337;300;7;12;8;0
38220;1257;300;7;12;8;0
38221;1265;300;7;12;8;0
38222;1273;300;7;12;8;0
38223;1281;300;7;12;8;0
38224;1289;300;7;12;8;0
38225;1297;300;7;12;8;0
38226;1305;300;7;12;8;0
38227;1313;300;7;12;8;0
38228;1321;300;7;12;8;0
38229;1329;300;7;12;8;0
38230;1345;300;7;12;8;0
38231;1433;300;7;12;8;0
38232;1353;300;7;12;8;0
38233;1361;300;7;12;8;0
38234;1369;300;7;12;8;0
38235;1377;300;7;12;8;0
38236;1385;300;7;12;8;0
38237;1393;300;7;12;8;0
38238;1401;300;7;12;8;0
38239;1409;300;7;12;8;0
38240;1417;300;7;12;8;0
38241;1425;300;7;12;8;0
38242;1441;300;7;12;8;0
38243;1649;300;7;12;8;0
38244;1657;300;7;12;8;0
38245;1665;300;7;12;8;0
38246;1881;300;7;12;8;0
38247;1889;300;7;12;8;0
38248;1897;300;7;12;8;0
38249;1905;300;7;12;8;0
38250;1913;300;7;12;8;0
38251;1921;300;7;12;8;0
38252;1929;300;7;12;8;0
38253;1937;300;7;12;8;0
38254;1945;300;7;12;8;0
38255;1953;300;7;12;8;0
38256;1961;300;7;12;8;0
38257;1969;300;7;12;8;0
38258;1977;300;7;12;8;0
38259;1985;300;7;12;8;0
38260;1993;300;7;12;8;0
38261;2001;300;7;12;8;0
38262;2009;300;7;12;8;0
38263;2017;300;7;12;8;0
38271;2025;300;7;12;8;0
38272;2033;300;7;12;8;0
38273;2041;300;7;12;8;0
38274;1;313;7;12;8;0
38275;9;313;7;12;8;0
38278;1873;300;7;12;8;0
38279;1865;300;7;12;8;0
38281;1857;300;7;12;8;0
38282;1753;300;7;12;8;0
38283;1673;300;7;12;8;0
38286;1681;300;7;12;8;0
38287;1689;300;7;12;8;0
38289;1697;300;7;12;8;0
38290;1705;300;7;12;8;0
38291;1713;300;7;12;8;0
38292;1721;300;7;12;8;0
38294;1729;300;7;12;8;0
38296;1737;300;7;12;8;0
38297;1745;300;7;12;8;0
38304;1761;300;7;12;8;0
38305;1849;300;7;12;8;0
38306;1769;300;7;12;8;0
38307;1777;300;7;12;8;0
38308;1785;300;7;12;8;0
38309;1793;300;7;12;8;0
38311;1801;300;7;12;8;0
38312;1809;300;7;12;8;0
38313;1817;300;7;12;8;0
38314;1825;300;7;12;8;0
38315;1833;300;7;12;8;0
38316;1841;300;7;12;8;0
38317;1001;248;7;12;8;0
38321;1361;326;7;12;8;0
38322;993;248;7;12;8;0
38329;137;248;7;12;8;0
38330;729;196;7;12;8;0
38331;737;196;7;12;8;0
38332;745;196;7;12;8;0
38334;753;196;7;12;8;0
38339;761;196;7;12;8;0
38342;769;196;7;12;8;0
38343;777;196;7;12;8;0
38344;785;196;7;12;8;0
38346;793;196;7;12;8;0
38347;801;196;7;12;8;0
38348;809;196;7;12;8;0
38349;817;196;7;12;8;0
38352;825;196;7;12;8;0
38356;833;196;7;12;8;0
38357;841;196;7;12;8;0
38358;849;196;7;12;8;0
38360;857;196;7;12;8;0
38364;865;196;7;12;8;0
38369;873;196;7;12;8;0
38370;881;196;7;12;8;0
38373;889;196;7;12;8;0
38376;897;196;7;12;8;0
38377;905;196;7;12;8;0
38378;721;196;7;12;8;0
38379;713;196;7;12;8;0
38380;705;196;7;12;8;0
38381;601;196;7;12;8;0
38382;521;196;7;12;8;0
38383;529;196;7;12;8;0
38384;537;196;7;12;8;0
38385;545;196;7;12;8;0
38386;553;196;7;12;8;0
38387;561;196;7;12;8;0
38388;569;196;7;12;8;0
38389;577;196;7;12;8;0
38390;585;196;7;12;8;0
38391;593;196;7;12;8;0
38392;609;196;7;12;8;0
38393;697;196;7;12;8;0
38394;617;196;7;12;8;0
38395;625;196;7;12;8;0
38396;633;196;7;12;8;0
38397;641;196;7;12;8;0
38398;649;196;7;12;8;0
38399;657;196;7;12;8;0
38400;665;196;7;12;8;0
38401;673;196;7;12;8;0
38402;681;196;7;12;8;0
38403;689;196;7;12;8;0
38404;913;196;7;12;8;0
38405;929;196;7;12;8;0
38406;1333;196;7;12;8;0
38407;937;196;7;12;8;0
38408;1153;196;7;12;8;0
38409;1161;196;7;12;8;0
38410;1169;196;7;12;8;0
38411;1177;196;7;12;8;0
38412;1185;196;7;12;8;0
38413;1193;196;7;12;8;0
38414;1201;196;7;12;8;0
38415;1209;196;7;12;8;0
38416;1217;196;7;12;8;0
38417;1225;196;7;12;8;0
38418;1233;196;7;12;8;0
38419;1241;196;7;12;8;0
38420;1249;196;7;12;8;0
38421;1257;196;7;12;8;0
38422;1265;196;7;12;8;0
38423;1273;196;7;12;8;0
38424;1281;196;7;12;8;0
38425;1289;196;7;12;8;0
38426;1297;196;7;12;8;0
38427;1305;196;7;12;8;0
38428;1313;196;7;12;8;0
38429;1321;196;3;12;8;2
38431;1325;196;7;12;8;0
38433;1145;196;7;12;8;0
38434;1137;196;7;12;8;0
38440;1129;196;7;12;8;0
38442;1025;196;7;12;8;0
38444;945;196;7;12;8;0
38446;953;196;7;12;8;0
38447;961;196;7;12;8;0
38449;969;196;7;12;8;0
38450;977;196;7;12;8;0
38451;985;196;7;12;8;0
38452;993;196;7;12;8;0
38453;1001;196;7;12;8;0
38454;1009;196;7;12;8;0
38459;1017;196;7;12;8;0
38460;1033;196;7;12;8;0
38461;1121;196;7;12;8;0
38463;1041;196;7;12;8;0
38464;1049;196;7;12;8;0
38466;1057;196;7;12;8;0
38468;1065;196;7;12;8;0
38469;1073;196;7;12;8;0
38470;1081;196;7;12;8;0
38471;1089;196;7;12;8;0
38472;1097;196;7;12;8;0
38473;1105;196;7;12;8;0
38475;1113;196;7;12;8;0
38476;513;196;7;12;8;0
38477;505;196;7;12;8;0
38479;497;196;7;12;8;0
38480;489;196;7;12;8;0
38484;1937;183;7;12;8;0
38485;1945;183;7;12;8;0
38488;1953;183;7;12;8;0
38491;1961;183;7;12;8;0
38492;1969;183;7;12;8;0
38493;1977;183;7;12;8;0
38494;1985;183;7;12;8;0
38495;1993;183;7;12;8;0
38497;2001;183;7;12;8;0
38498;2009;183;7;12;8;0
38499;2025;183;7;12;8;0
38500;65;196;7;12;8;0
38501;2033;183;7;12;8;0
38502;2041;183;7;12;8;0
38503;1;196;7;12;8;0
38504;9;196;7;12;8;0
38505;17;196;7;12;8;0
38506;25;196;7;12;8;0
38508;33;196;7;12;8;0
38512;41;196;7;12;8;0
38514;49;196;7;12;8;0
38515;57;196;7;12;8;0
38516;1929;183;7;12;8;0
38517;2017;183;7;12;8;0
38518;1921;183;7;12;8;0
38519;1809;183;7;12;8;0
38520;1729;183;7;12;8;0
38522;1737;183;7;12;8;0
38525;1745;183;7;12;8;0
38532;1753;183;7;12;8;0
38533;1761;183;7;12;8;0
38534;1769;183;7;12;8;0
38536;1777;183;7;12;8;0
38538;1785;183;7;12;8;0
38539;1793;183;7;12;8;0
38541;1801;183;7;12;8;0
38542;1817;183;7;12;8;0
38543;1905;183;7;12;8;0
38544;1825;183;7;12;8;0
38548;1833;183;7;12;8;0
38549;1841;183;7;12;8;0
38551;1849;183;7;12;8;0
38552;1857;183;7;12;8;0
38553;1865;183;7;12;8;0
38555;1873;183;7;12;8;0
38556;1881;183;7;12;8;0
38560;1889;183;7;12;8;0
38563;1897;183;7;12;8;0
38567;1913;183;7;12;8;0
38568;73;196;7;12;8;0
38570;81;196;7;12;8;0
38576;89;196;7;12;8;0
38577;305;196;7;12;8;0
38578;313;196;7;12;8;0
38579;321;196;7;12;8;0
38580;329;196;7;12;8;0
38582;337;196;7;12;8;0
38583;345;196;7;12;8;0
38584;353;196;7;12;8;0
38585;361;196;7;12;8;0
38587;369;196;7;12;8;0
38588;377;196;7;12;8;0
38589;385;196;7;12;8;0
38590;393;196;7;12;8;0
38592;401;196;7;12;8;0
38593;409;196;7;12;8;0
38595;417;196;7;12;8;0
38596;425;196;7;12;8;0
38597;433;196;7;12;8;0
38598;441;196;7;12;8;0
38599;449;196;7;12;8;0
38601;457;196;7;12;8;0
38602;465;196;7;12;8;0
38603;473;196;7;12;8;0
38604;481;196;7;12;8;0
38605;297;196;7;12;8;0
38606;289;196;7;12;8;0
38607;281;196;7;12;8;0
38609;177;196;7;12;8;0
38610;97;196;7;12;8;0
38613;105;196;7;12;8;0
38614;113;196;7;12;8;0
38617;121;196;7;12;8;0
38619;129;196;7;12;8;0
38620;137;196;7;12;8;0
38622;145;196;7;12;8;0
38624;153;196;7;12;8;0
38626;161;196;7;12;8;0
38627;169;196;7;12;8;0
38632;185;196;7;12;8;0
38633;273;196;7;12;8;0
38634;193;196;7;12;8;0
38635;201;196;7;12;8;0
38639;209;196;7;12;8;0
38640;217;196;7;12;8;0
38642;225;196;7;12;8;0
38643;233;196;7;12;8;0
38646;241;196;7;12;8;0
38647;249;196;7;12;8;0
38649;257;196;7;12;8;0
38651;265;196;7;12;8;0
38654;921;196;7;12;8;0
38656;1349;196;7;12;8;0
38657;561;209;7;12;8;0
38658;1357;196;7;12;8;0
38660;369;209;7;12;8;0
38662;377;209;7;12;8;0
38663;385;209;7;12;8;0
38664;393;209;7;12;8;0
38665;401;209;7;12;8;0
38666;409;209;7;12;8;0
38669;417;209;7;12;8;0
38670;425;209;7;12;8;0
38671;433;209;7;12;8;0
38673;441;209;7;12;8;0
38675;449;209;7;12;8;0
38678;457;209;7;12;8;0
38681;465;209;7;12;8;0
38684;473;209;7;12;8;0
38686;481;209;7;12;8;0
38692;489;209;7;12;8;0
38694;497;209;7;12;8;0
38695;505;209;7;12;8;0
38696;513;209;7;12;8;0
38698;521;209;7;12;8;0
38701;529;209;7;12;8;0
38704;537;209;7;12;8;0
38706;545;209;7;12;8;0
38712;361;209;7;12;8;0
38713;353;209;7;12;8;0
38717;345;209;7;12;8;0
38718;241;209;7;12;8;0
38722;161;209;7;12;8;0
38724;169;209;7;12;8;0
38726;177;209;7;12;8;0
38728;185;209;7;12;8;0
38729;193;209;7;12;8;0
38737;201;209;7;12;8;0
38738;209;209;7;12;8;0
38739;217;209;7;12;8;0
38742;225;209;7;12;8;0
38745;233;209;7;12;8;0
38746;249;209;7;12;8;0
38747;337;209;7;12;8;0
38748;257;209;7;12;8;0
38750;265;209;7;12;8;0
38752;273;209;7;12;8;0
38753;281;209;7;12;8;0
38754;289;209;7;12;8;0
38756;297;209;7;12;8;0
38757;305;209;7;12;8;0
38758;313;209;7;12;8;0
38760;321;209;7;12;8;0
38761;329;209;7;12;8;0
38763;553;209;7;12;8;0
38765;569;209;7;12;8;0
38769;977;209;7;12;8;0
38771;577;209;7;12;8;0
38772;793;209;7;12;8;0
38774;801;209;7;12;8;0
38777;809;209;7;12;8;0
38778;817;209;7;12;8;0
38780;825;209;7;12;8;0
38785;833;209;7;12;8;0
38788;841;209;7;12;8;0
38789;849;209;7;12;8;0
38790;857;209;7;12;8;0
38795;865;209;7;12;8;0
38797;873;209;7;12;8;0
38799;881;209;7;12;8;0
38800;889;209;7;12;8;0
38801;897;209;7;12;8;0
38802;905;209;7;12;8;0
38804;913;209;7;12;8;0
38808;921;209;7;12;8;0
38812;929;209;7;12;8;0
38816;937;209;7;12;8;0
38819;945;209;7;12;8;0
38822;953;209;7;12;8;0
38824;961;209;7;12;8;0
38827;969;209;7;12;8;0
38829;785;209;7;12;8;0
38831;777;209;7;12;8;0
38834;769;209;7;12;8;0
38835;665;209;7;12;8;0
38836;585;209;7;12;8;0
38849;593;209;7;12;8;0
38851;601;209;7;12;8;0
38854;609;209;7;12;8;0
38856;617;209;7;12;8;0
38857;625;209;7;12;8;0
38859;633;209;7;12;8;0
38860;641;209;7;12;8;0
38867;649;209;7;12;8;0
38873;657;209;7;12;8;0
38876;673;209;7;12;8;0
38878;761;209;7;12;8;0
38881;681;209;7;12;8;0
38886;689;209;7;12;8;0
38887;697;209;7;12;8;0
38889;705;209;7;12;8;0
38890;713;209;7;12;8;0
38891;721;209;7;12;8;0
38892;729;209;7;12;8;0
38893;737;209;7;12;8;0
38894;745;209;7;12;8;0
38897;753;209;7;12;8;0
38898;153;209;7;12;8;0
38899;145;209;7;12;8;0
38901;137;209;7;12;8;0
38902;129;209;7;12;8;0
38905;1573;196;7;12;8;0
38907;1581;196;7;12;8;0
38910;1589;196;7;12;8;0
38911;1597;196;7;12;8;0
38913;1605;196;7;12;8;0
38914;1613;196;7;12;8;0
38915;1621;196;7;12;8;0
38917;1629;196;7;12;8;0
38918;1637;196;7;12;8;0
38919;1645;196;7;12;8;0
38920;1661;196;7;12;8;0
38922;1749;196;7;12;8;0
38924;1669;196;7;12;8;0
38926;1677;196;7;12;8;0
38927;1685;196;7;12;8;0
38928;1693;196;7;12;8;0
38929;1701;196;7;12;8;0
38930;1709;196;7;12;8;0
38931;1717;196;7;12;8;0
38935;1725;196;7;12;8;0
38936;1733;196;7;12;8;0
38938;1741;196;7;12;8;0
38940;1565;196;7;12;8;0
38945;1653;196;7;12;8;0
38948;1557;196;7;12;8;0
38955;1445;196;7;12;8;0
38956;1365;196;7;12;8;0
38957;1373;196;7;12;8;0
38960;1381;196;7;12;8;0
38964;1389;196;7;12;8;0
38967;1397;196;7;12;8;0
38968;1405;196;7;12;8;0
38969;1413;196;7;12;8;0
38971;1421;196;7;12;8;0
38972;1429;196;7;12;8;0
38973;1437;196;7;12;8;0
38982;1453;196;7;12;8;0
38987;1541;196;7;12;8;0
38988;1461;196;7;12;8;0
38989;1469;196;7;12;8;0
38990;1477;196;7;12;8;0
38991;1485;196;7;12;8;0
38995;1493;196;7;12;8;0
38996;1501;196;7;12;8;0
38997;1509;196;7;12;8;0
38999;1517;196;7;12;8;0
39000;1525;196;7;12;8;0
39001;1533;196;7;12;8;0
39003;1549;196;7;12;8;0
39006;1757;196;7;12;8;0
39010;1765;196;7;12;8;0
39013;1773;196;7;12;8;0
39015;1989;196;7;12;8;0
39019;1997;196;7;12;8;0
39023;2005;196;7;12;8;0
39024;2013;196;7;12;8;0
39025;2021;196;7;12;8;0
39027;2029;196;7;12;8;0
39028;2037;196;7;12;8;0
39029;1;209;7;12;8;0
39030;9;209;7;12;8;0
39031;17;209;7;12;8;0
39032;25;209;7;12;8;0
39033;33;209;7;12;8;0
39034;41;209;7;12;8;0
39035;49;209;7;12;8;0
39036;57;209;7;12;8;0
39037;65;209;7;12;8;0
39038;73;209;7;12;8;0
39039;81;209;7;12;8;0
39040;89;209;7;12;8;0
39041;97;209;7;12;8;0
39042;105;209;7;12;8;0
39043;113;209;7;12;8;0
39044;121;209;7;12;8;0
39045;1981;196;7;12;8;0
39046;1973;196;7;12;8;0
39047;1965;196;7;12;8;0
39048;1861;196;7;12;8;0
39049;1781;196;7;12;8;0
39050;1789;196;7;12;8;0
39051;1797;196;7;12;8;0
39052;1805;196;7;12;8;0
39053;1813;196;7;12;8;0
39054;1821;196;7;12;8;0
39055;1829;196;7;12;8;0
39056;1837;196;7;12;8;0
39057;1845;196;7;12;8;0
39058;1853;196;7;12;8;0
39059;1869;196;7;12;8;0
39060;1957;196;7;12;8;0
39061;1877;196;7;12;8;0
39062;1885;196;7;12;8;0
39063;1893;196;7;12;8;0
39064;1901;196;7;12;8;0
39065;1909;196;7;12;8;0
39066;1917;196;7;12;8;0
39067;1925;196;7;12;8;0
39068;1933;196;7;12;8;0
39069;1941;196;7;12;8;0
39070;1949;196;7;12;8;0
39071;1721;183;7;12;8;0
39072;1341;196;7;12;8;0
39073;1713;183;7;12;8;0
39074;17;183;7;12;8;0
39075;1449;170;7;12;8;0
39076;1457;170;7;12;8;0
39077;1465;170;7;12;8;0
39078;1473;170;7;12;8;0
39079;1481;170;7;12;8;0
39080;1489;170;7;12;8;0
39082;1497;170;7;12;8;0
39087;1505;170;7;12;8;0
39089;1513;170;7;12;8;0
39091;1521;170;7;12;8;0
39094;1529;170;7;12;8;0
39098;1537;170;7;12;8;0
39100;1545;170;7;12;8;0
39107;1553;170;7;12;8;0
39108;1561;170;7;12;8;0
39110;1569;170;7;12;8;0
39112;1577;170;7;12;8;0
39118;1585;170;7;12;8;0
39121;1593;170;7;12;8;0
39122;1601;170;7;12;8;0
39123;1609;170;7;12;8;0
39125;1617;170;7;12;8;0
39128;1625;170;7;12;8;0
39129;1441;170;7;12;8;0
39130;1433;170;7;12;8;0
39131;1425;170;7;12;8;0
39132;1321;170;7;12;8;0
39134;1241;170;7;12;8;0
39135;1249;170;7;12;8;0
39138;1257;170;7;12;8;0
39143;1265;170;7;12;8;0
39144;1273;170;7;12;8;0
39145;1281;170;7;12;8;0
39146;1289;170;7;12;8;0
39147;1297;170;7;12;8;0
39149;1305;170;7;12;8;0
39150;1313;170;7;12;8;0
39151;1329;170;7;12;8;0
39154;1417;170;7;12;8;0
39156;1337;170;7;12;8;0
39164;1345;170;7;12;8;0
39165;1353;170;7;12;8;0
39166;1361;170;7;12;8;0
39171;1369;170;7;12;8;0
39173;1377;170;7;12;8;0
39177;1385;170;7;12;8;0
39178;1393;170;7;12;8;0
39180;1401;170;7;12;8;0
39181;1409;170;7;12;8;0
39184;1633;170;7;12;8;0
39185;1649;170;7;12;8;0
39186;9;183;7;12;8;0
39187;1657;170;7;12;8;0
39188;1870;170;7;12;8;0
39192;1878;170;7;12;8;0
39194;1886;170;7;12;8;0
39195;1894;170;7;12;8;0
39197;1902;170;7;12;8;0
39198;1910;170;7;12;8;0
39200;1918;170;7;12;8;0
39201;1926;170;7;12;8;0
39204;1934;170;7;12;8;0
39208;1942;170;7;12;8;0
39212;1950;170;7;12;8;0
39214;1958;170;7;12;8;0
39221;1966;170;7;12;8;0
39224;1974;170;7;12;8;0
39229;1982;170;7;12;8;0
39230;1990;170;7;12;8;0
39231;1998;170;7;12;8;0
39234;2006;170;7;12;8;0
39237;2014;170;7;12;8;0
39240;2022;170;7;12;8;0
39241;2030;170;7;12;8;0
39243;2038;170;7;12;8;0
39244;1;183;7;12;8;0
39248;1862;170;7;12;8;0
39249;1854;170;7;12;8;0
39250;1846;170;7;12;8;0
39252;1742;170;7;12;8;0
39253;1665;170;7;12;8;0
39255;1673;170;7;12;8;0
39260;1681;170;7;12;8;0
39262;1689;170;7;12;8;0
39267;1697;170;4;12;8;0
39268;1702;170;7;12;8;0
39269;1710;170;7;12;8;0
39270;1718;170;7;12;8;0
39271;1726;170;7;12;8;0
39272;1734;170;7;12;8;0
39273;1750;170;7;12;8;0
39274;1838;170;7;12;8;0
39275;1758;170;7;12;8;0
39276;1766;170;7;12;8;0
39277;1774;170;7;12;8;0
39278;1782;170;7;12;8;0
39279;1790;170;7;12;8;0
39280;1798;170;7;12;8;0
39281;1806;170;7;12;8;0
39282;1814;170;7;12;8;0
39283;1822;170;7;12;8;0
39284;1830;170;7;12;8;0
39285;1233;170;7;12;8;0
39286;1225;170;7;12;8;0
39287;1217;170;7;12;8;0
39288;1209;170;7;12;8;0
39289;609;170;7;12;8;0
39290;617;170;7;12;8;0
39291;625;170;7;12;8;0
39292;633;170;7;12;8;0
39293;641;170;7;12;8;0
39294;649;170;7;12;8;0
39295;657;170;7;12;8;0
39296;665;170;7;12;8;0
39297;673;170;7;12;8;0
39298;681;170;7;12;8;0
39299;697;170;7;12;8;0
39300;785;170;7;12;8;0
39301;705;170;7;12;8;0
39302;713;170;7;12;8;0
39303;721;170;7;12;8;0
39304;729;170;7;12;8;0
39305;737;170;7;12;8;0
39306;745;170;7;12;8;0
39307;753;170;7;12;8;0
39308;761;170;7;12;8;0
39309;769;170;7;12;8;0
39310;777;170;7;12;8;0
39311;601;170;7;12;8;0
39312;689;170;7;12;8;0
39313;593;170;7;12;8;0
39314;481;170;7;12;8;0
39315;401;170;7;12;8;0
39316;409;170;7;12;8;0
39317;417;170;7;12;8;0
39318;425;170;7;12;8;0
39319;433;170;7;12;8;0
39320;441;170;7;12;8;0
39321;449;170;7;12;8;0
39333;457;170;7;12;8;0
39336;465;170;7;12;8;0
39340;473;170;7;12;8;0
39341;489;170;7;12;8;0
39342;577;170;7;12;8;0
39345;497;170;7;12;8;0
39347;505;170;7;12;8;0
39348;513;170;7;12;8;0
39356;521;170;7;12;8;0
39361;529;170;7;12;8;0
39364;537;170;7;12;8;0
39365;545;170;7;12;8;0
39366;553;170;7;12;8;0
39368;561;170;7;12;8;0
39376;569;170;7;12;8;0
39377;585;170;7;12;8;0
39378;793;170;7;12;8;0
39381;801;170;7;12;8;0
39384;809;170;7;12;8;0
39385;1025;170;7;12;8;0
39387;1033;170;7;12;8;0
39389;1041;170;7;12;8;0
39391;1049;170;7;12;8;0
39394;1057;170;7;12;8;0
39405;1065;170;7;12;8;0
39406;1073;170;7;12;8;0
39409;1081;170;7;12;8;0
39410;1089;170;7;12;8;0
39416;1097;170;7;12;8;0
39419;1105;170;7;12;8;0
39423;1113;170;7;12;8;0
39425;1121;170;7;12;8;0
39429;1129;170;7;12;8;0
39438;1137;170;7;12;8;0
39439;1145;170;7;12;8;0
39442;1153;170;7;12;8;0
39443;1161;170;7;12;8;0
39446;1169;170;7;12;8;0
39449;1177;170;7;12;8;0
39464;1185;170;7;12;8;0
39467;1193;170;7;12;8;0
39470;1201;170;7;12;8;0
39471;1017;170;7;12;8;0
39472;1009;170;7;12;8;0
39477;1001;170;7;12;8;0
39479;897;170;7;12;8;0
39486;817;170;7;12;8;0
39488;825;170;7;12;8;0
39489;833;170;7;12;8;0
39490;841;170;7;12;8;0
39491;849;170;7;12;8;0
39492;857;170;7;12;8;0
39493;865;170;7;12;8;0
39498;873;170;7;12;8;0
39500;881;170;7;12;8;0
39501;889;170;7;12;8;0
39509;905;170;7;12;8;0
39511;993;170;7;12;8;0
39514;913;170;7;12;8;0
39515;921;170;7;12;8;0
39519;929;170;7;12;8;0
39522;937;170;7;12;8;0
39523;945;170;7;12;8;0
39524;953;170;7;12;8;0
39525;961;170;7;12;8;0
39529;969;170;7;12;8;0
39530;977;170;7;12;8;0
39531;985;170;7;12;8;0
39532;1641;170;7;12;8;0
39533;25;183;7;12;8;0
39534;1281;183;7;12;8;0
39535;33;183;7;12;8;0
39536;1089;183;7;12;8;0
39537;1097;183;7;12;8;0
39538;1105;183;7;12;8;0
39539;1113;183;7;12;8;0
39540;1121;183;7;12;8;0
39541;1129;183;7;12;8;0
39542;1137;183;7;12;8;0
39543;1145;183;7;12;8;0
39544;1153;183;7;12;8;0
39545;1161;183;7;12;8;0
39546;1169;183;7;12;8;0
39547;1177;183;7;12;8;0
39548;1185;183;7;12;8;0
39549;1193;183;7;12;8;0
39550;1201;183;7;12;8;0
39551;1209;183;7;12;8;0
39552;1217;183;7;12;8;0
39553;1225;183;7;12;8;0
39554;1233;183;7;12;8;0
39555;1241;183;7;12;8;0
39556;1249;183;7;12;8;0
39557;1257;183;7;12;8;0
39558;1265;183;7;12;8;0
39559;1081;183;7;12;8;0
39560;1073;183;7;12;8;0
39561;1065;183;7;12;8;0
39562;961;183;7;12;8;0
39563;881;183;7;12;8;0
39564;889;183;7;12;8;0
39565;897;183;7;12;8;0
39566;905;183;7;12;8;0
39567;913;183;7;12;8;0
39568;921;183;7;12;8;0
39569;929;183;7;12;8;0
39570;937;183;7;12;8;0
39571;945;183;7;12;8;0
39572;953;183;7;12;8;0
39573;969;183;7;12;8;0
39574;1057;183;7;12;8;0
39575;977;183;7;12;8;0
39576;985;183;7;12;8;0
39577;993;183;7;12;8;0
39578;1001;183;7;12;8;0
39579;1009;183;7;12;8;0
39580;1017;183;7;12;8;0
39581;1025;183;7;12;8;0
39582;1033;183;7;12;8;0
39583;1041;183;7;12;8;0
39584;1049;183;7;12;8;0
39585;1273;183;7;12;8;0
39586;1289;183;7;12;8;0
39587;1697;183;7;12;8;0
39588;1297;183;7;12;8;0
39589;1513;183;7;12;8;0
39590;1521;183;7;12;8;0
39591;1529;183;7;12;8;0
39592;1537;183;7;12;8;0
39597;1545;183;7;12;8;0
39599;1553;183;7;12;8;0
39600;1561;183;7;12;8;0
39601;1569;183;7;12;8;0
39606;1577;183;7;12;8;0
39607;1585;183;7;12;8;0
39608;1593;183;7;12;8;0
39609;1601;183;7;12;8;0
39610;1609;183;7;12;8;0
39612;1617;183;7;12;8;0
39614;1625;183;7;12;8;0
39616;1633;183;7;12;8;0
39617;1641;183;7;12;8;0
39618;1649;183;7;12;8;0
39620;1657;183;7;12;8;0
39621;1665;183;7;12;8;0
39627;1673;183;7;12;8;0
39628;1681;183;7;12;8;0
39631;1689;183;7;12;8;0
39633;1505;183;7;12;8;0
39634;1497;183;7;12;8;0
39635;1489;183;7;12;8;0
39636;1385;183;7;12;8;0
39637;1305;183;7;12;8;0
39638;1313;183;7;12;8;0
39640;1321;183;7;12;8;0
39646;1329;183;7;12;8;0
39647;1337;183;7;12;8;0
39649;1345;183;7;12;8;0
39650;1353;183;7;12;8;0
39651;1361;183;7;12;8;0
39654;1369;183;7;12;8;0
39658;1377;183;7;12;8;0
39659;1393;183;7;12;8;0
39661;1481;183;7;12;8;0
39662;1401;183;7;12;8;0
39663;1409;183;7;12;8;0
39665;1417;183;7;12;8;0
39668;1425;183;7;12;8;0
39671;1433;183;7;12;8;0
39673;1441;183;7;12;8;0
39675;1449;183;7;12;8;0
39683;1457;183;7;12;8;0
39686;1465;183;7;12;8;0
39688;1473;183;7;12;8;0
39693;873;183;7;12;8;0
39695;865;183;7;12;8;0
39699;857;183;7;12;8;0
39704;849;183;7;12;8;0
39706;249;183;7;12;8;0
39711;257;183;7;12;8;0
39714;265;183;7;12;8;0
39715;273;183;7;12;8;0
39717;281;183;7;12;8;0
39719;289;183;7;12;8;0
39720;297;183;7;12;8;0
39721;305;183;7;12;8;0
39722;313;183;7;12;8;0
39726;321;183;7;12;8;0
39727;337;183;7;12;8;0
39729;425;183;7;12;8;0
39730;345;183;7;12;8;0
39739;353;183;7;12;8;0
39740;361;183;7;12;8;0
39745;369;183;7;12;8;0
39746;377;183;7;12;8;0
39747;385;183;7;12;8;0
39748;393;183;7;12;8;0
39749;401;183;7;12;8;0
39750;409;183;7;12;8;0
39751;417;183;7;12;8;0
39752;241;183;7;12;8;0
39753;329;183;7;12;8;0
39757;233;183;7;12;8;0
39758;121;183;7;12;8;0
39759;41;183;7;12;8;0
39761;49;183;7;12;8;0
39764;57;183;7;12;8;0
39768;65;183;7;12;8;0
39770;73;183;7;12;8;0
39775;81;183;7;12;8;0
39776;89;183;7;12;8;0
39784;97;183;7;12;8;0
39785;105;183;7;12;8;0
39791;113;183;7;12;8;0
39796;129;183;7;12;8;0
39799;217;183;7;12;8;0
39805;137;183;7;12;8;0
39808;145;183;7;12;8;0
39811;153;183;7;12;8;0
39819;161;183;7;12;8;0
39822;169;183;7;12;8;0
39824;177;183;7;12;8;0
39825;185;183;7;12;8;0
39826;193;183;7;12;8;0
39827;201;183;7;12;8;0
39830;209;183;7;12;8;0
39831;225;183;7;12;8;0
39839;433;183;7;12;8;0
39840;441;183;7;12;8;0
39848;449;183;7;12;8;0
39850;665;183;7;12;8;0
39851;673;183;7;12;8;0
39853;681;183;7;12;8;0
39854;689;183;7;12;8;0
39860;697;183;7;12;8;0
39864;705;183;7;12;8;0
39865;713;183;7;12;8;0
39872;721;183;7;12;8;0
39873;729;183;7;12;8;0
39878;737;183;7;12;8;0
39879;745;183;7;12;8;0
39880;753;183;7;12;8;0
39881;761;183;7;12;8;0
39882;769;183;7;12;8;0
39887;777;183;7;12;8;0
39889;785;183;7;12;8;0
39890;793;183;7;12;8;0
39891;801;183;7;12;8;0
39892;809;183;7;12;8;0
39894;817;183;7;12;8;0
39895;825;183;7;12;8;0
39897;833;183;7;12;8;0
39899;841;183;7;12;8;0
39901;657;183;7;12;8;0
39905;649;183;7;12;8;0
39906;641;183;7;12;8;0
39907;537;183;7;12;8;0
39908;457;183;7;12;8;0
39911;465;183;7;12;8;0
39912;473;183;7;12;8;0
39914;481;183;7;12;8;0
39917;489;183;7;12;8;0
39920;497;183;7;12;8;0
39921;505;183;7;12;8;0
39922;513;183;7;12;8;0
39925;521;183;7;12;8;0
39927;529;183;7;12;8;0
39933;545;183;7;12;8;0
39938;633;183;7;12;8;0
39940;553;183;7;12;8;0
39942;561;183;7;12;8;0
39944;569;183;7;12;8;0
39945;577;183;7;12;8;0
39946;585;183;7;12;8;0
39948;593;183;7;12;8;0
39949;601;183;7;12;8;0
39952;609;183;7;12;8;0
39954;617;183;7;12;8;0
39955;625;183;7;12;8;0
39956;1705;183;7;12;8;0
39957;985;209;7;12;8;0
39963;993;209;7;12;8;0
39964;1001;209;7;12;8;0
39969;721;235;7;12;8;0
39972;729;235;7;12;8;0
39973;737;235;7;12;8;0
39981;745;235;7;12;8;0
39982;753;235;7;12;8;0
39983;761;235;7;12;8;0
39984;769;235;7;12;8;0
39985;777;235;7;12;8;0
39986;785;235;7;12;8;0
39993;793;235;7;12;8;0
39994;801;235;7;12;8;0
39995;809;235;7;12;8;0
39998;817;235;7;12;8;0
40006;825;235;7;12;8;0
40007;833;235;7;12;8;0
40008;841;235;7;12;8;0
40009;849;235;7;12;8;0
40018;857;235;7;12;8;0
40020;865;235;7;12;8;0
40022;873;235;7;12;8;0
40023;881;235;7;12;8;0
40024;889;235;7;12;8;0
40025;897;235;7;12;8;0
40026;713;235;7;12;8;0
40031;705;235;7;12;8;0
40032;697;235;7;12;8;0
40039;593;235;7;12;8;0
40050;513;235;7;12;8;0
40054;521;235;7;12;8;0
40055;529;235;7;12;8;0
40056;537;235;7;12;8;0
40058;545;235;7;12;8;0
40060;553;235;7;12;8;0
40061;561;235;7;12;8;0
40062;569;235;7;12;8;0
40063;577;235;7;12;8;0
40064;585;235;7;12;8;0
40065;601;235;7;12;8;0
40066;689;235;7;12;8;0
40067;609;235;7;12;8;0
40068;617;235;7;12;8;0
40069;625;235;7;12;8;0
40070;633;235;7;12;8;0
40071;641;235;7;12;8;0
40072;649;235;7;12;8;0
40073;657;235;7;12;8;0
40074;665;235;7;12;8;0
40075;673;235;7;12;8;0
40076;681;235;7;12;8;0
40077;905;235;7;12;8;0
40078;921;235;7;12;8;0
40079;1329;235;7;12;8;0
40080;929;235;7;12;8;0
40081;1145;235;7;12;8;0
40082;1153;235;7;12;8;0
40083;1161;235;7;12;8;0
40084;1169;235;7;12;8;0
40085;1177;235;7;12;8;0
40086;1185;235;7;12;8;0
40087;1193;235;7;12;8;0
40088;1201;235;7;12;8;0
40089;1209;235;7;12;8;0
40090;1217;235;7;12;8;0
40091;1225;235;7;12;8;0
40092;1233;235;7;12;8;0
40093;1241;235;7;12;8;0
40094;1249;235;7;12;8;0
40095;1257;235;7;12;8;0
40096;1265;235;7;12;8;0
40097;1273;235;7;12;8;0
40098;1281;235;7;12;8;0
40099;1289;235;7;12;8;0
40100;1297;235;7;12;8;0
40101;1305;235;7;12;8;0
40102;1313;235;7;12;8;0
40103;1321;235;7;12;8;0
40104;1137;235;7;12;8;0
40105;1129;235;7;12;8;0
40106;1121;235;7;12;8;0
40107;1017;235;7;12;8;0
40108;937;235;7;12;8;0
40109;945;235;7;12;8;0
40110;953;235;7;12;8;0
40111;961;235;7;12;8;0
40112;969;235;7;12;8;0
40113;977;235;7;12;8;0
40114;985;235;7;12;8;0
40115;993;235;7;12;8;0
40116;1001;235;7;12;8;0
40117;1009;235;7;12;8;0
40118;1025;235;7;12;8;0
40119;1113;235;7;12;8;0
40120;1033;235;7;12;8;0
40121;1041;235;7;12;8;0
40122;1049;235;7;12;8;0
40123;1057;235;7;12;8;0
40124;1065;235;7;12;8;0
40125;1073;235;7;12;8;0
40126;1081;235;7;12;8;0
40127;1089;235;7;12;8;0
40128;1097;235;7;12;8;0
40129;1105;235;7;12;8;0
40130;505;235;7;12;8;0
40131;497;235;7;12;8;0
40132;489;235;7;12;8;0
40133;481;235;7;12;8;0
40134;1923;222;7;12;8;0
40135;1931;222;7;12;8;0
40136;1939;222;7;12;8;0
40137;1947;222;7;12;8;0
40138;1955;222;7;12;8;0
40139;1963;222;7;12;8;0
40140;1971;222;7;12;8;0
40141;1979;222;7;12;8;0
40142;1987;222;7;12;8;0
40143;1995;222;7;12;8;0
40144;2011;222;7;12;8;0
40145;57;235;7;12;8;0
40146;2019;222;7;12;8;0
40147;2027;222;7;12;8;0
40148;2035;222;7;12;8;0
40149;1;235;7;12;8;0
40150;9;235;7;12;8;0
40151;17;235;7;12;8;0
40152;25;235;7;12;8;0
40153;33;235;7;12;8;0
40154;41;235;7;12;8;0
40155;49;235;7;12;8;0
40156;1915;222;7;12;8;0
40157;2003;222;7;12;8;0
40158;1907;222;7;12;8;0
40159;1795;222;7;12;8;0
40160;1715;222;7;12;8;0
40161;1723;222;7;12;8;0
40162;1731;222;7;12;8;0
40163;1739;222;7;12;8;0
40164;1747;222;7;12;8;0
40165;1755;222;7;12;8;0
40167;1763;222;7;12;8;0
40169;1771;222;7;12;8;0
40171;1779;222;7;12;8;0
40172;1787;222;7;12;8;0
40176;1803;222;7;12;8;0
40179;1891;222;7;12;8;0
40180;1811;222;7;12;8;0
40182;1819;222;7;12;8;0
40195;1827;222;7;12;8;0
40198;1835;222;7;12;8;0
40199;1843;222;7;12;8;0
40200;1851;222;7;12;8;0
40201;1859;222;7;12;8;0
40206;1867;222;7;12;8;0
40210;1875;222;7;12;8;0
40213;1883;222;7;12;8;0
40219;1899;222;7;12;8;0
40221;65;235;7;12;8;0
40222;73;235;7;12;8;0
40223;81;235;7;12;8;0
40227;297;235;7;12;8;0
40230;305;235;7;12;8;0
40232;313;235;7;12;8;0
40234;321;235;7;12;8;0
40235;329;235;7;12;8;0
40236;337;235;7;12;8;0
40247;345;235;7;12;8;0
40251;353;235;7;12;8;0
40253;361;235;7;12;8;0
40254;369;235;7;12;8;0
40255;377;235;7;12;8;0
40257;385;235;7;12;8;0
40260;393;235;7;12;8;0
40262;401;235;7;12;8;0
40264;409;235;7;12;8;0
40272;417;235;7;12;8;0
40273;425;235;7;12;8;0
40281;433;235;7;12;8;0
40284;441;235;7;12;8;0
40285;449;235;7;12;8;0
40286;457;235;7;12;8;0
40287;465;235;7;12;8;0
40288;473;235;7;12;8;0
40289;289;235;7;12;8;0
40292;281;235;7;12;8;0
40298;273;235;7;12;8;0
40300;169;235;7;12;8;0
40303;89;235;7;12;8;0
40304;97;235;7;12;8;0
40306;105;235;7;12;8;0
40314;113;235;7;12;8;0
40326;121;235;7;12;8;0
40327;129;235;7;12;8;0
40329;137;235;7;12;8;0
40335;145;235;7;12;8;0
40342;153;235;7;12;8;0
40344;161;235;7;12;8;0
40346;177;235;7;12;8;0
40356;265;235;7;12;8;0
40361;185;235;7;12;8;0
40363;193;235;7;12;8;0
40367;201;235;7;12;8;0
40370;209;235;7;12;8;0
40372;217;235;7;12;8;0
40376;225;235;7;12;8;0
40378;233;235;7;12;8;0
40379;241;235;7;12;8;0
40380;249;235;7;12;8;0
40383;257;235;7;12;8;0
40385;913;235;7;12;8;0
40386;1337;235;7;12;8;0
40388;1345;235;7;12;8;0
40390;1353;235;7;12;8;0
40399;369;248;7;12;8;0
40403;377;248;7;12;8;0
40407;385;248;7;12;8;0
40409;393;248;7;12;8;0
40421;401;248;7;12;8;0
40422;409;248;7;12;8;0
40429;417;248;7;12;8;0
40431;425;248;7;12;8;0
40434;433;248;7;12;8;0
40436;441;248;7;12;8;0
40440;449;248;7;12;8;0
40441;457;248;7;12;8;0
40442;465;248;7;12;8;0
40445;473;248;7;12;8;0
40447;481;248;7;12;8;0
40469;489;248;7;12;8;0
40474;497;248;7;12;8;0
40475;505;248;7;12;8;0
40477;513;248;7;12;8;0
40478;521;248;7;12;8;0
40479;529;248;7;12;8;0
40480;537;248;7;12;8;0
40481;545;248;7;12;8;0
40482;361;248;7;12;8;0
40483;353;248;7;12;8;0
40484;345;248;7;12;8;0
40485;241;248;7;12;8;0
40486;161;248;7;12;8;0
40487;169;248;7;12;8;0
40488;177;248;7;12;8;0
40489;185;248;7;12;8;0
40490;193;248;7;12;8;0
40491;201;248;7;12;8;0
40492;209;248;7;12;8;0
40493;217;248;7;12;8;0
40494;225;248;7;12;8;0
40495;233;248;7;12;8;0
40496;249;248;7;12;8;0
40497;337;248;7;12;8;0
40498;257;248;7;12;8;0
40499;265;248;7;12;8;0
40500;273;248;7;12;8;0
40501;281;248;7;12;8;0
40502;289;248;7;12;8;0
40503;297;248;7;12;8;0
40504;305;248;7;12;8;0
40505;313;248;7;12;8;0
40506;321;248;7;12;8;0
40507;329;248;7;12;8;0
40508;553;248;7;12;8;0
40509;569;248;7;12;8;0
40510;977;248;7;12;8;0
40511;577;248;7;12;8;0
40512;793;248;7;12;8;0
40513;801;248;7;12;8;0
40514;809;248;7;12;8;0
40515;817;248;7;12;8;0
40516;825;248;7;12;8;0
40517;833;248;7;12;8;0
40518;841;248;7;12;8;0
40519;849;248;7;12;8;0
40520;857;248;7;12;8;0
40521;865;248;7;12;8;0
40522;873;248;7;12;8;0
40523;881;248;7;12;8;0
40524;889;248;7;12;8;0
40525;897;248;7;12;8;0
40526;905;248;7;12;8;0
40527;913;248;7;12;8;0
40528;921;248;7;12;8;0
40529;929;248;7;12;8;0
40530;937;248;7;12;8;0
40531;945;248;7;12;8;0
40532;953;248;7;12;8;0
40533;961;248;7;12;8;0
40534;969;248;7;12;8;0
40535;785;248;7;12;8;0
40536;777;248;7;12;8;0
40537;769;248;7;12;8;0
40538;665;248;7;12;8;0
40539;585;248;7;12;8;0
40540;593;248;7;12;8;0
40541;601;248;7;12;8;0
40542;609;248;7;12;8;0
40543;617;248;7;12;8;0
40544;625;248;7;12;8;0
40545;633;248;7;12;8;0
40546;641;248;7;12;8;0
40547;649;248;7;12;8;0
40548;657;248;7;12;8;0
40549;673;248;7;12;8;0
40550;761;248;7;12;8;0
40551;681;248;7;12;8;0
40552;689;248;7;12;8;0
40553;697;248;7;12;8;0
40554;705;248;7;12;8;0
40555;713;248;7;12;8;0
40556;721;248;7;12;8;0
40557;729;248;7;12;8;0
40558;737;248;7;12;8;0
40559;745;248;7;12;8;0
40560;753;248;7;12;8;0
40561;153;248;7;12;8;0
40562;561;248;7;12;8;0
40563;145;248;7;12;8;0
40565;1761;235;6;12;8;1
40568;1569;235;7;12;8;0
40569;1577;235;7;12;8;0
40572;1585;235;7;12;8;0
40573;1593;235;7;12;8;0
40574;1601;235;7;12;8;0
40575;1609;235;7;12;8;0
40577;1617;235;7;12;8;0
40578;1625;235;7;12;8;0
40583;1633;235;7;12;8;0
40584;1641;235;7;12;8;0
40587;1649;235;7;12;8;0
40588;1657;235;7;12;8;0
40592;1665;235;7;12;8;0
40593;1673;235;7;12;8;0
40594;1681;235;7;12;8;0
40595;1689;235;7;12;8;0
40597;1697;235;7;12;8;0
40598;1705;235;7;12;8;0
40599;1713;235;7;12;8;0
40605;1721;235;7;12;8;0
40607;1729;235;7;12;8;0
40613;1737;235;7;12;8;0
40614;1745;235;7;12;8;0
40615;1561;235;7;12;8;0
40616;1553;235;7;12;8;0
40617;1545;235;7;12;8;0
40618;1441;235;7;12;8;0
40619;1361;235;7;12;8;0
40620;1369;235;7;12;8;0
40621;1377;235;7;12;8;0
40622;1385;235;7;12;8;0
40623;1393;235;7;12;8;0
40624;1401;235;7;12;8;0
40625;1409;235;7;12;8;0
40626;1417;235;7;12;8;0
40627;1425;235;7;12;8;0
40628;1433;235;7;12;8;0
40629;1449;235;7;12;8;0
40630;1537;235;7;12;8;0
40631;1457;235;7;12;8;0
40632;1465;235;7;12;8;0
40633;1473;235;7;12;8;0
40634;1481;235;7;12;8;0
40635;1489;235;7;12;8;0
40636;1497;235;7;12;8;0
40637;1505;235;7;12;8;0
40638;1513;235;7;12;8;0
40639;1521;235;7;12;8;0
40640;1529;235;7;12;8;0
40641;1753;235;7;12;8;0
40642;1768;235;7;12;8;0
40643;129;248;7;12;8;0
40644;1776;235;7;12;8;0
40645;1991;235;7;12;8;0
40646;1999;235;7;12;8;0
40647;2007;235;7;12;8;0
40648;2015;235;7;12;8;0
40649;2023;235;7;12;8;0
40650;2031;235;7;12;8;0
40651;2039;235;6;12;8;0
40652;1;248;7;12;8;0
40653;9;248;7;12;8;0
40654;17;248;7;12;8;0
40655;25;248;7;12;8;0
40656;33;248;7;12;8;0
40657;41;248;7;12;8;0
40658;49;248;7;12;8;0
40659;57;248;7;12;8;0
40660;65;248;7;12;8;0
40661;73;248;7;12;8;0
40662;81;248;7;12;8;0
40663;89;248;7;12;8;0
40664;97;248;7;12;8;0
40665;105;248;7;12;8;0
40666;113;248;7;12;8;0
40667;121;248;7;12;8;0
40668;1983;235;7;12;8;0
40669;1975;235;7;12;8;0
40670;1967;235;7;12;8;0
40671;1864;235;7;12;8;0
40672;1784;235;7;12;8;0
40673;1792;235;7;12;8;0
40674;1800;235;7;12;8;0
40675;1808;235;7;12;8;0
40676;1816;235;7;12;8;0
40677;1824;235;7;12;8;0
40678;1832;235;7;12;8;0
40679;1840;235;7;12;8;0
40680;1848;235;7;12;8;0
40681;1856;235;7;12;8;0
40682;1872;235;7;12;8;0
40683;1959;235;7;12;8;0
40684;1880;235;7;12;8;0
40685;1888;235;7;12;8;0
40686;1896;235;6;12;8;0
40687;1903;235;7;12;8;0
40688;1911;235;7;12;8;0
40689;1919;235;7;12;8;0
40690;1927;235;7;12;8;0
40691;1935;235;7;12;8;0
40692;1943;235;7;12;8;0
40693;1951;235;7;12;8;0
40694;1707;222;7;12;8;0
40695;1699;222;7;12;8;0
40696;1691;222;7;12;8;0
40697;536;222;7;12;8;0
40698;1966;209;7;12;8;0
40699;1974;209;7;12;8;0
40700;1982;209;7;12;8;0
40701;1990;209;7;12;8;0
40702;1998;209;6;12;8;1
40703;2005;209;7;12;8;0
40704;2013;209;7;12;8;0
40705;2021;209;7;12;8;0
40706;2029;209;7;12;8;0
40707;2037;209;7;12;8;0
40708;1;222;7;12;8;0
40709;9;222;7;12;8;0
40710;17;222;7;12;8;0
40711;25;222;7;12;8;0
40712;33;222;7;12;8;0
40713;41;222;7;12;8;0
40714;49;222;7;12;8;0
40715;57;222;7;12;8;0
40716;65;222;7;12;8;0
40717;73;222;6;12;8;1
40718;80;222;7;12;8;0
40719;88;222;7;12;8;0
40720;96;222;7;12;8;0
40721;1958;209;7;12;8;0
40722;1950;209;7;12;8;0
40723;1942;209;7;12;8;0
40724;1838;209;7;12;8;0
40725;1758;209;7;12;8;0
40726;1766;209;7;12;8;0
40727;1774;209;7;12;8;0
40728;1782;209;7;12;8;0
40729;1790;209;7;12;8;0
40730;1798;209;7;12;8;0
40731;1806;209;7;12;8;0
40732;1814;209;7;12;8;0
40733;1822;209;7;12;8;0
40734;1830;209;7;12;8;0
40735;1846;209;7;12;8;0
40736;1934;209;7;12;8;0
40737;1854;209;7;12;8;0
40738;1862;209;7;12;8;0
40739;1870;209;7;12;8;0
40740;1878;209;7;12;8;0
40741;1886;209;7;12;8;0
40742;1894;209;7;12;8;0
40743;1902;209;7;12;8;0
40744;1910;209;7;12;8;0
40745;1918;209;7;12;8;0
40746;1926;209;7;12;8;0
40747;104;222;7;12;8;0
40748;120;222;7;12;8;0
40749;528;222;7;12;8;0
40750;128;222;7;12;8;0
40751;344;222;7;12;8;0
40752;352;222;7;12;8;0
40753;360;222;7;12;8;0
40754;368;222;7;12;8;0
40755;376;222;7;12;8;0
40756;384;222;7;12;8;0
40757;392;222;7;12;8;0
40758;400;222;7;12;8;0
40759;408;222;7;12;8;0
40760;416;222;7;12;8;0
40761;424;222;7;12;8;0
40762;432;222;7;12;8;0
40763;440;222;7;12;8;0
40764;448;222;7;12;8;0
40765;456;222;7;12;8;0
40766;464;222;7;12;8;0
40767;472;222;7;12;8;0
40768;480;222;7;12;8;0
40769;488;222;7;12;8;0
40770;496;222;7;12;8;0
40771;504;222;7;12;8;0
40772;512;222;7;12;8;0
40773;520;222;7;12;8;0
40774;336;222;7;12;8;0
40775;328;222;7;12;8;0
40776;320;222;7;12;8;0
40777;216;222;7;12;8;0
40778;136;222;7;12;8;0
40779;144;222;7;12;8;0
40780;152;222;7;12;8;0
40781;160;222;7;12;8;0
40782;168;222;7;12;8;0
40783;176;222;7;12;8;0
40784;184;222;7;12;8;0
40785;192;222;7;12;8;0
40786;200;222;7;12;8;0
40787;208;222;7;12;8;0
40788;224;222;7;12;8;0
40789;312;222;7;12;8;0
40790;232;222;7;12;8;0
40791;240;222;7;12;8;0
40792;248;222;7;12;8;0
40793;256;222;7;12;8;0
40794;264;222;7;12;8;0
40795;272;222;7;12;8;0
40796;280;222;7;12;8;0
40797;288;222;7;12;8;0
40798;296;222;7;12;8;0
40799;304;222;7;12;8;0
40800;1750;209;7;12;8;0
40801;1742;209;7;12;8;0
40802;1734;209;7;12;8;0
40803;1726;209;7;12;8;0
40804;1217;209;7;12;8;0
40805;1225;209;7;12;8;0
40806;1233;209;7;12;8;0
40807;1241;209;7;12;8;0
40808;1249;209;7;12;8;0
40809;1257;209;7;12;8;0
40810;1265;209;7;12;8;0
40811;1273;209;7;12;8;0
40812;1281;209;7;12;8;0
40813;1289;209;7;12;8;0
40814;1305;209;7;12;8;0
40815;1393;209;7;12;8;0
40816;1313;209;7;12;8;0
40817;1321;209;7;12;8;0
40818;1329;209;7;12;8;0
40819;1337;209;7;12;8;0
40820;1345;209;7;12;8;0
40821;1353;209;7;12;8;0
40822;1361;209;7;12;8;0
40823;1369;209;7;12;8;0
40824;1377;209;7;12;8;0
40825;1385;209;7;12;8;0
40826;1209;209;7;12;8;0
40827;1297;209;7;12;8;0
40828;1201;209;7;12;8;0
40829;1089;209;7;12;8;0
40830;1009;209;7;12;8;0
40831;1017;209;7;12;8;0
40832;1025;209;7;12;8;0
40833;1033;209;7;12;8;0
40834;1041;209;7;12;8;0
40835;1049;209;7;12;8;0
40836;1057;209;7;12;8;0
40837;1065;209;7;12;8;0
40838;1073;209;7;12;8;0
40839;1081;209;7;12;8;0
40840;1097;209;7;12;8;0
40841;1185;209;7;12;8;0
40842;1105;209;7;12;8;0
40843;1113;209;7;12;8;0
40844;1121;209;7;12;8;0
40845;1129;209;7;12;8;0
40846;1137;209;7;12;8;0
40847;1145;209;7;12;8;0
40848;1153;209;7;12;8;0
40849;1161;209;7;12;8;0
40850;1169;209;7;12;8;0
40851;1177;209;7;12;8;0
40852;1193;209;7;12;8;0
40853;1401;209;7;12;8;0
40854;1409;209;7;12;8;0
40855;1417;209;7;12;8;0
40856;1557;209;7;12;8;0
40857;1565;209;7;12;8;0
40858;1573;209;7;12;8;0
40859;1581;209;7;12;8;0
40860;1589;209;7;12;8;0
40861;1597;209;7;12;8;0
40862;1605;209;7;12;8;0
40863;1613;209;7;12;8;0
40864;1621;209;7;12;8;0
40865;1629;209;7;12;8;0
40866;1637;209;7;12;8;0
40867;1645;209;7;12;8;0
40868;1653;209;7;12;8;0
40869;1661;209;7;12;8;0
40911;1669;209;7;12;8;0
40916;1677;209;7;12;8;0
40939;1685;209;7;12;8;0
40940;1693;209;7;12;8;0
40941;1701;209;7;12;8;0
42163;1709;209;5;12;8;1
42891;1715;209;1;12;5;2
42892;1717;209;1;12;5;2
42893;1719;209;6;12;8;1
42922;1555;209;1;12;5;0
57344;1547;209;7;12;8;0
57345;1538;209;8;12;8;0
57346;1483;209;8;12;8;0
57347;1425;209;7;12;8;0
57348;1433;209;7;12;8;0
57349;1441;209;7;12;8;0
59335;1449;209;3;12;4;0
61440;1453;209;7;12;8;0
64257;1461;209;3;12;4;0
65039;1465;209;7;12;0;0
65040;1473;209;2;12;8;5
65041;1476;209;2;12;8;5
65042;1479;209;3;12;8;4
65043;1492;209;1;12;8;5
65044;1535;209;2;12;8;5
65045;1494;209;1;12;8;3
65046;1496;209;3;12;8;2
65047;1500;209;7;12;8;0
65048;1508;209;7;12;8;0
65049;1516;209;1;12;8;3
65072;1518;209;1;12;8;5
65073;1520;209;1;12;8;3
65075;1522;209;1;12;8;3
65076;1524;209;2;12;8;3
65077;1527;209;7;12;8;0
65078;112;222;7;12;8;0
65079;544;222;7;12;8;0
65080;1341;222;7;12;8;0
65081;552;222;7;12;8;0
65082;1163;222;7;12;8;0
65083;1171;222;7;12;8;0
65084;1179;222;7;12;8;0
65085;1187;222;7;12;8;0
65086;1195;222;7;12;8;0
65087;1203;222;7;12;8;0
65088;1211;222;7;12;8;0
65089;1219;222;6;12;8;1
65090;1226;222;6;12;8;0
65091;1233;222;7;12;8;0
65092;1241;222;7;12;8;0
65095;1249;222;7;12;8;0
65096;1257;222;7;12;8;0
65097;1265;222;7;12;8;0
65098;1273;222;8;12;8;0
65099;1282;222;7;12;8;0
65100;1290;222;8;12;8;0
65101;1299;222;7;12;8;0
65102;1307;222;7;12;8;0
65103;1315;222;8;12;8;0
65104;1324;222;2;12;8;0
65105;1327;222;2;12;8;0
65106;1330;222;2;12;8;0
65108;1160;222;2;12;8;0
65109;1158;222;1;12;8;1
65110;1153;222;4;12;8;0
65111;1091;222;1;12;8;1
65113;1046;222;2;12;8;5
65114;1049;222;2;12;8;0
65115;1052;222;3;12;8;4
65116;1056;222;3;12;8;0
65117;1060;222;3;12;8;4
65118;1064;222;3;12;8;0
65119;1068;222;5;12;8;0
65120;1074;222;4;12;8;0
65121;1079;222;5;12;8;0
65122;1085;222;5;12;8;0
65123;1093;222;5;12;8;0
65124;1149;222;3;12;8;1
65125;1099;222;3;12;8;1
65126;1103;222;3;12;8;1
65128;1107;222;3;12;8;0
65129;1111;222;3;12;4;0
65130;1115;222;5;12;8;0
65131;1121;222;6;12;8;0
65281;1128;222;1;12;8;2
65282;1130;222;3;12;8;2
65283;1134;222;7;12;8;0
65284;1142;222;6;12;8;1
65285;1333;222;7;12;8;0
65286;1349;222;7;12;8;0
65287;1689;222;1;12;8;3
65288;1357;222;3;12;8;3
65289;1548;222;3;12;8;1
65290;1552;222;5;12;8;1
65291;1558;222;7;12;8;0
65292;1566;222;2;12;8;1
65293;1569;222;7;12;8;0
65294;1577;222;1;12;8;1
65295;1579;222;7;12;8;0
65296;1587;222;6;12;8;1
65297;1594;222;3;12;8;2
65298;1598;222;6;12;8;1
65299;1605;222;6;12;8;1
65300;1612;222;6;12;8;1
65301;1619;222;6;12;8;1
65302;1626;222;6;12;8;1
65303;1633;222;6;12;8;1
65304;1640;222;6;12;8;1
65305;1647;222;6;12;8;1
65306;1654;222;1;12;8;1
65307;1656;222;2;12;8;0
65308;1659;222;7;12;8;0
65309;1667;222;7;12;8;0
65310;1675;222;7;12;8;0
65311;1683;222;5;12;8;0
65312;1540;222;7;12;8;0
65313;1532;222;7;12;8;0
65314;1525;222;6;12;8;1
65315;1429;222;6;12;8;1
65316;1361;222;6;12;8;1
65317;1368;222;6;12;8;1
65318;1375;222;6;12;8;1
65319;1382;222;6;12;8;1
65320;1389;222;6;12;8;1
65321;1396;222;3;12;8;2
65322;1400;222;6;12;8;1
65323;1407;222;6;12;8;1
65324;1414;222;6;12;8;1
65325;1421;222;7;12;8;0
65326;1436;222;6;12;8;1
65327;1518;222;6;12;8;1
65328;1443;222;6;12;8;1
65329;1450;222;6;12;8;1
65330;1457;222;6;12;8;1
65331;1464;222;6;12;8;1
65332;1471;222;7;12;8;0
65333;1479;222;6;12;8;1
65334;1486;222;7;12;8;0
65335;1494;222;7;12;8;0
65336;1502;222;7;12;8;0
65337;1510;222;7;12;8;0
65338;1039;222;6;12;8;1
65339;1035;222;3;12;8;3
65340;1027;222;7;12;8;0
65341;1023;222;3;12;8;1
65342;677;222;3;12;8;2
65343;681;222;7;12;8;0
65344;689;222;2;12;8;2
65345;692;222;5;12;8;1
65346;698;222;5;12;8;1
65347;704;222;5;12;8;1
65348;710;222;5;12;8;1
65349;716;222;5;12;8;1
65350;722;222;4;12;8;2
65351;727;222;5;12;8;1
65352;739;222;5;12;8;1
65353;800;222;1;12;8;3
65354;745;222;4;12;8;1
65355;750;222;4;12;8;2
65356;755;222;2;12;8;2
65357;758;222;5;12;8;1
65358;764;222;5;12;8;1
65359;770;222;5;12;8;1
65360;776;222;5;12;8;1
65361;782;222;5;12;8;1
65362;788;222;5;12;8;1
65363;794;222;5;12;8;1
65364;671;222;5;12;8;1
65365;733;222;5;12;8;1
65366;665;222;5;12;8;1
65367;610;222;5;12;8;1
65368;560;222;5;12;8;1
65369;566;222;5;12;8;1
65370;572;222;5;12;8;1
65371;578;222;4;12;8;2
65372;583;222;1;12;8;3
65373;585;222;4;12;8;1
65374;590;222;7;12;8;0
65377;598;222;3;12;4;0
65378;602;222;3;12;4;0
65379;606;222;3;12;4;0
65380;616;222;2;12;4;0
65381;659;222;1;12;4;1
65382;619;222;3;12;4;0
65383;623;222;3;12;4;0
65384;627;222;3;12;4;0
65385;631;222;3;12;4;0
65386;635;222;3;12;4;0
65387;639;222;3;12;4;0
65388;643;222;3;12;4;0
65389;647;222;3;12;4;0
65390;651;222;3;12;4;0
65391;655;222;3;12;4;0
65392;661;222;3;12;4;0
65393;802;222;3;12;4;0
65394;806;222;3;12;4;0
65395;810;222;3;12;4;0
65396;931;222;3;12;4;0
65397;935;222;3;12;4;0
65398;939;222;3;12;4;0
65399;943;222;3;12;4;0
65400;947;222;3;12;4;0
65401;951;222;3;12;4;0
65402;955;222;3;12;4;0
65403;959;222;3;12;4;0
65404;963;222;3;12;4;0
65405;967;222;3;12;4;0
65406;971;222;3;12;4;0
65407;975;222;3;12;4;0
65408;979;222;3;12;4;0
65409;983;222;3;12;4;0
65410;987;222;3;12;4;0
65411;991;222;3;12;4;0
65412;995;222;3;12;4;0
65413;999;222;3;12;4;0
65414;1003;222;3;12;4;0
65415;1007;222;3;12;4;0
65416;1011;222;3;12;4;0
65417;1015;222;3;12;4;0
65418;1019;222;3;12;4;0
65419;927;222;3;12;4;0
65420;923;222;3;12;4;0
65421;919;222;3;12;4;0
65422;854;222;3;12;4;0
65423;814;222;3;12;4;0
65424;818;222;3;12;4;0
65425;822;222;3;12;4;0
65426;826;222;3;12;4;0
65427;830;222;3;12;4;0
65428;834;222;3;12;4;0
65429;838;222;3;12;4;0
65430;842;222;3;12;4;0
65431;846;222;3;12;4;0
65432;850;222;3;12;4;0
65433;858;222;3;12;4;0
65434;915;222;3;12;4;0
65435;862;222;3;12;4;0
65436;866;222;3;12;4;0
65437;870;222;3;12;4;0
65438;874;222;3;12;4;0
65439;878;222;3;12;4;0
65504;882;222;6;12;8;1
65505;889;222;7;12;8;0
65506;897;222;7;12;8;0
65507;905;222;7;12;8;0
65508;913;222;1;12;8;3
65509;161;339;5;12;8;1
65515;193;664;7;12;8;0
