"Fusion Pixel 10px Monospaced zh";10;False;False;1;0;1;1
32;2;2;2;17;2;0
33;460;2;1;17;2;0
34;472;2;3;17;4;0
35;477;2;9;17;10;0
36;493;2;5;17;6;0
37;500;2;8;17;9;0
38;510;2;5;17;6;0
39;431;2;1;17;2;0
40;521;2;2;17;3;0
41;517;2;2;17;3;0
42;463;2;3;17;4;0
43;488;2;3;17;4;0
44;468;2;2;17;3;0
45;455;2;3;17;4;0
46;452;2;1;17;2;0
47;445;2;5;17;6;0
48;438;2;5;17;6;0
49;434;2;2;17;3;0
50;546;2;5;17;6;0
51;424;2;5;17;6;0
52;417;2;5;17;6;0
53;410;2;5;17;6;0
54;403;2;5;17;6;0
55;396;2;5;17;6;0
56;532;2;5;17;6;0
57;539;2;5;17;6;0
58;592;2;1;17;2;0
59;553;2;2;17;3;0
60;675;2;3;17;4;0
61;687;2;5;17;6;0
62;708;2;3;17;4;0
63;713;2;5;17;6;0
64;701;2;5;17;6;0
65;680;2;5;17;6;0
66;668;2;5;17;6;0
67;661;2;5;17;6;0
68;654;2;5;17;6;0
69;647;2;5;17;6;0
70;640;2;5;17;6;0
71;694;2;5;17;6;0
72;626;2;5;17;6;0
73;609;2;1;17;2;0
74;602;2;5;17;6;0
75;585;2;5;17;6;0
76;578;2;5;17;6;0
77;571;2;5;17;6;0
78;557;2;5;17;6;0
79;612;2;5;17;6;0
80;564;2;5;17;6;0
81;595;2;5;17;6;0
82;633;2;5;17;6;0
83;619;2;5;17;6;0
84;389;2;5;17;6;0
85;525;2;5;17;6;0
86;375;2;5;17;6;0
87;279;2;5;17;6;0
88;139;2;5;17;6;0
89;132;2;5;17;6;0
90;125;2;5;17;6;0
91;121;2;2;17;3;0
92;114;2;5;17;6;0
93;110;2;2;17;3;0
94;105;2;3;17;4;0
95;98;2;5;17;6;0
96;94;2;2;17;3;0
97;87;2;5;17;6;0
98;80;2;5;17;6;0
99;73;2;5;17;6;0
100;66;2;5;17;6;0
101;59;2;5;17;6;0
102;53;2;4;17;5;0
103;46;2;5;17;6;0
104;39;2;5;17;6;0
105;36;2;1;17;2;0
106;31;2;3;17;4;0
107;24;2;5;17;6;0
108;20;2;2;17;3;0
109;13;2;5;17;6;0
110;6;2;5;17;6;0
111;146;2;5;17;6;0
112;153;2;5;17;6;0
113;160;2;5;17;6;0
114;167;2;5;17;6;0
115;358;2;5;17;6;0
116;352;2;4;17;5;0
117;345;2;5;17;6;0
118;338;2;5;17;6;0
119;331;2;5;17;6;0
120;324;2;5;17;6;0
121;317;2;5;17;6;0
122;310;2;5;17;6;0
123;305;2;3;17;4;0
124;302;2;1;17;2;0
125;297;2;3;17;4;0
126;365;2;8;17;10;1
161;3035;741;5;14;5;0
162;3028;741;5;14;5;0
163;3021;741;5;14;5;0
164;3014;741;5;14;5;0
165;286;2;9;17;10;0
166;3007;741;5;14;5;0
167;3000;741;5;14;5;0
168;2993;741;5;14;5;0
169;2981;741;10;14;10;0
170;2974;741;5;14;5;0
171;2967;741;5;14;5;0
172;2960;741;5;14;5;0
174;2948;741;10;14;10;0
175;2941;741;5;14;5;0
176;2934;741;5;14;5;0
177;2927;741;5;14;5;0
178;2920;741;5;14;5;0
179;2913;741;5;14;5;0
180;2906;741;5;14;5;0
181;2899;741;5;14;5;0
182;3042;741;5;14;5;0
183;3049;741;10;14;10;0
184;3061;741;5;14;5;0
185;3068;741;5;14;5;0
186;3223;741;5;14;5;0
187;3216;741;5;14;5;0
188;3204;741;10;14;10;0
189;3192;741;10;14;10;0
190;3180;741;10;14;10;0
191;3173;741;5;14;5;0
192;3166;741;5;14;5;0
193;3159;741;5;14;5;0
194;3152;741;5;14;5;0
195;3230;741;5;14;5;0
196;3145;741;5;14;5;0
197;3131;741;5;14;5;0
198;3124;741;5;14;5;0
199;3117;741;5;14;5;0
200;3110;741;5;14;5;0
201;3103;741;5;14;5;0
202;3096;741;5;14;5;0
203;3089;741;5;14;5;0
204;3082;741;5;14;5;0
205;3075;741;5;14;5;0
206;2892;741;5;14;5;0
207;2885;741;5;14;5;0
208;2878;741;5;14;5;0
209;2717;741;5;14;5;0
210;2703;741;5;14;5;0
211;2696;741;5;14;5;0
212;2689;741;5;14;5;0
213;2682;741;5;14;5;0
214;2675;741;5;14;5;0
215;2668;741;5;14;5;0
216;2661;741;5;14;5;0
217;2654;741;5;14;5;0
218;2647;741;5;14;5;0
219;2640;741;5;14;5;0
220;2633;741;5;14;5;0
221;2626;741;5;14;5;0
222;2619;741;5;14;5;0
223;2612;741;5;14;5;0
224;2605;741;5;14;5;0
225;2598;741;5;14;5;0
226;2591;741;5;14;5;0
227;2584;741;5;14;5;0
228;2577;741;5;14;5;0
229;2710;741;5;14;5;0
230;2724;741;5;14;5;0
231;2871;741;5;14;5;0
232;2731;741;5;14;5;0
233;2864;741;5;14;5;0
234;2857;741;5;14;5;0
235;2850;741;5;14;5;0
236;2843;741;5;14;5;0
237;2836;741;5;14;5;0
238;2829;741;5;14;5;0
239;2822;741;5;14;5;0
240;2815;741;5;14;5;0
241;2808;741;5;14;5;0
242;2801;741;5;14;5;0
243;2794;741;5;14;5;0
244;2787;741;5;14;5;0
245;2780;741;5;14;5;0
246;2773;741;5;14;5;0
247;2766;741;5;14;5;0
248;2759;741;5;14;5;0
249;2752;741;5;14;5;0
250;2745;741;5;14;5;0
251;2738;741;5;14;5;0
252;3138;741;5;14;5;0
253;3237;741;5;14;5;0
254;3244;741;5;14;5;0
255;3251;741;5;14;5;0
256;3713;741;5;14;5;0
257;3706;741;5;14;5;0
258;3699;741;5;14;5;0
259;3692;741;5;14;5;0
262;3685;741;5;14;5;0
263;3678;741;5;14;5;0
264;3671;741;5;14;5;0
265;3664;741;5;14;5;0
266;3657;741;5;14;5;0
267;3650;741;5;14;5;0
268;3643;741;5;14;5;0
269;3636;741;5;14;5;0
272;3629;741;5;14;5;0
273;3622;741;5;14;5;0
274;3615;741;5;14;5;0
275;3608;741;5;14;5;0
276;3601;741;5;14;5;0
277;3594;741;5;14;5;0
278;3587;741;5;14;5;0
279;3720;741;5;14;5;0
282;3727;741;5;14;5;0
283;3734;741;5;14;5;0
284;3741;741;5;14;5;0
285;3881;741;5;14;5;0
286;3874;741;5;14;5;0
287;3867;741;5;14;5;0
288;3860;741;5;14;5;0
289;3853;741;5;14;5;0
296;3846;741;5;14;5;0
297;3839;741;5;14;5;0
298;3832;741;5;14;5;0
299;3825;741;5;14;5;0
300;3888;741;5;14;5;0
301;3818;741;5;14;5;0
323;3804;741;5;14;5;0
324;3797;741;5;14;5;0
327;3790;741;5;14;5;0
328;3783;741;5;14;5;0
332;3776;741;5;14;5;0
333;3769;741;5;14;5;0
334;3762;741;5;14;5;0
335;3755;741;5;14;5;0
336;3748;741;5;14;5;0
337;3580;741;5;14;5;0
340;3811;741;5;14;5;0
341;3573;741;5;14;5;0
360;3482;741;5;14;5;0
361;3384;741;5;14;5;0
362;3377;741;5;14;5;0
363;3370;741;5;14;5;0
364;3363;741;5;14;5;0
365;3356;741;5;14;5;0
368;3349;741;5;14;5;0
369;3342;741;5;14;5;0
372;3335;741;5;14;5;0
373;3328;741;5;14;5;0
374;3321;741;5;14;5;0
375;3314;741;5;14;5;0
376;3307;741;5;14;5;0
377;3300;741;5;14;5;0
378;3293;741;5;14;5;0
379;3286;741;5;14;5;0
380;3279;741;5;14;5;0
381;3272;741;5;14;5;0
382;3265;741;5;14;5;0
402;3258;741;5;14;5;0
461;3391;741;5;14;5;0
462;3398;741;5;14;5;0
463;3405;741;5;14;5;0
464;3412;741;5;14;5;0
465;3552;741;5;14;5;0
466;3545;741;5;14;5;0
467;3538;741;5;14;5;0
468;3531;741;5;14;5;0
469;3524;741;5;14;5;0
470;3517;741;5;14;5;0
471;3510;741;5;14;5;0
472;3503;741;5;14;5;0
473;3496;741;5;14;5;0
474;3559;741;5;14;5;0
475;3489;741;5;14;5;0
476;3475;741;5;14;5;0
477;3468;741;5;14;5;0
478;3461;741;5;14;5;0
479;3454;741;5;14;5;0
480;3447;741;5;14;5;0
481;3440;741;5;14;5;0
482;3433;741;5;14;5;0
483;3426;741;5;14;5;0
504;3419;741;5;14;5;0
505;2570;741;5;14;5;0
508;3566;741;5;14;5;0
509;2563;741;5;14;5;0
542;1992;741;5;14;5;0
543;1196;741;5;14;5;0
562;1189;741;5;14;5;0
563;1182;741;5;14;5;0
601;382;2;5;17;6;0
937;259;2;6;17;7;0
967;174;2;6;17;7;0
8208;1170;741;10;14;10;0
8209;1163;741;5;14;5;0
8210;1156;741;5;14;5;0
8211;1149;741;5;14;5;0
8212;1137;741;10;14;10;0
8213;1125;741;10;14;10;0
8214;1113;741;10;14;10;0
8215;1101;741;10;14;10;0
8216;182;2;2;17;3;0
8217;186;2;2;17;3;0
8217;1089;741;10;14;10;0
8218;1082;741;5;14;5;0
8219;1075;741;5;14;5;0
8220;190;2;5;17;6;0
8221;1063;741;10;14;10;0
8221;197;2;5;17;6;0
8222;1056;741;5;14;5;0
8223;1049;741;5;14;5;0
8224;1037;741;10;14;10;0
8225;1025;741;10;14;10;0
8226;1203;741;10;14;10;0
8227;1215;741;10;14;10;0
8228;1227;741;10;14;10;0
8229;1239;741;10;14;10;0
8230;1409;741;10;14;10;0
8231;1397;741;10;14;10;0
8240;1385;741;10;14;10;0
8241;1373;741;10;14;10;0
8242;1366;741;5;14;5;0
8243;1359;741;5;14;5;0
8251;1347;741;10;14;10;0
8254;1340;741;5;14;5;0
8267;1333;741;5;14;5;0
8268;1421;741;5;14;5;0
8269;1326;741;5;14;5;0
8304;1307;741;5;14;5;0
8305;1300;741;5;14;5;0
8308;1293;741;5;14;5;0
8309;1286;741;5;14;5;0
8310;1279;741;5;14;5;0
8311;1272;741;5;14;5;0
8312;1265;741;5;14;5;0
8313;1258;741;5;14;5;0
8314;1251;741;5;14;5;0
8315;1018;741;5;14;5;0
8316;1011;741;5;14;5;0
8317;1004;741;5;14;5;0
8318;778;741;5;14;5;0
8319;764;741;5;14;5;0
8320;757;741;5;14;5;0
8321;750;741;5;14;5;0
8322;743;741;5;14;5;0
8323;736;741;5;14;5;0
8324;729;741;5;14;5;0
8325;722;741;5;14;5;0
8326;715;741;5;14;5;0
8327;708;741;5;14;5;0
8328;701;741;5;14;5;0
8329;694;741;5;14;5;0
8330;687;741;5;14;5;0
8331;680;741;5;14;5;0
8332;673;741;5;14;5;0
8333;666;741;5;14;5;0
8334;659;741;5;14;5;0
8336;652;741;5;14;5;0
8337;645;741;5;14;5;0
8338;638;741;5;14;5;0
8339;771;741;5;14;5;0
8340;785;741;5;14;5;0
8341;997;741;5;14;5;0
8342;792;741;5;14;5;0
8343;990;741;5;14;5;0
8344;983;741;5;14;5;0
8345;976;741;5;14;5;0
8346;969;741;5;14;5;0
8347;962;741;5;14;5;0
8348;955;741;5;14;5;0
8451;943;741;10;14;10;0
8457;931;741;10;14;10;0
8470;919;741;10;14;10;0
8482;907;741;10;14;10;0
8486;895;741;10;14;10;0
8487;883;741;10;14;10;0
8490;871;741;10;14;10;0
8491;859;741;10;14;10;0
8494;847;741;10;14;10;0
8528;835;741;10;14;10;0
8529;823;741;10;14;10;0
8530;811;741;10;14;10;0
8531;799;741;10;14;10;0
8532;1314;741;10;14;10;0
8533;1428;741;10;14;10;0
8534;1440;741;10;14;10;0
8535;1452;741;10;14;10;0
8536;2239;741;10;14;10;0
8537;2227;741;10;14;10;0
8538;2215;741;10;14;10;0
8539;2203;741;10;14;10;0
8540;2191;741;10;14;10;0
8541;2179;741;10;14;10;0
8542;2167;741;10;14;10;0
8543;2155;741;10;14;10;0
8544;2143;741;10;14;10;0
8545;2131;741;10;14;10;0
8546;2119;741;10;14;10;0
8547;2107;741;10;14;10;0
8548;2095;741;10;14;10;0
8549;2083;741;10;14;10;0
8550;2071;741;10;14;10;0
8551;2059;741;10;14;10;0
8552;2047;741;10;14;10;0
8553;2035;741;10;14;10;0
8554;2023;741;10;14;10;0
8555;2251;741;10;14;10;0
8556;2263;741;10;14;10;0
8557;2275;741;10;14;10;0
8558;2287;741;10;14;10;0
8559;2527;741;10;14;10;0
8560;2515;741;10;14;10;0
8561;2503;741;10;14;10;0
8562;2491;741;10;14;10;0
8563;2479;741;10;14;10;0
8564;2467;741;10;14;10;0
8565;2455;741;10;14;10;0
8566;2443;741;10;14;10;0
8567;2431;741;10;14;10;0
8568;2539;741;10;14;10;0
8569;2419;741;10;14;10;0
8570;2395;741;10;14;10;0
8571;2383;741;10;14;10;0
8572;2371;741;10;14;10;0
8573;2359;741;10;14;10;0
8574;2347;741;10;14;10;0
8575;2335;741;10;14;10;0
8576;2323;741;10;14;10;0
8577;2311;741;10;14;10;0
8578;2299;741;10;14;10;0
8579;2011;741;10;14;10;0
8580;2407;741;10;14;10;0
8581;1999;741;10;14;10;0
8582;1848;741;10;14;10;0
8583;1680;741;10;14;10;0
8584;1668;741;10;14;10;0
8585;1656;741;10;14;10;0
8586;1644;741;10;14;10;0
8587;1632;741;10;14;10;0
8592;1620;741;10;14;10;0
8593;1608;741;10;14;10;0
8594;1596;741;10;14;10;0
8595;1584;741;10;14;10;0
8596;1572;741;10;14;10;0
8597;1560;741;10;14;10;0
8598;1548;741;10;14;10;0
8599;1536;741;10;14;10;0
8600;1524;741;10;14;10;0
8601;1512;741;10;14;10;0
8602;1500;741;10;14;10;0
8603;1488;741;10;14;10;0
8604;1476;741;10;14;10;0
8605;1464;741;10;14;10;0
8606;1692;741;10;14;10;0
8607;1704;741;10;14;10;0
8608;1716;741;10;14;10;0
8609;1728;741;10;14;10;0
8610;1968;741;10;14;10;0
8611;1956;741;10;14;10;0
8612;1944;741;10;14;10;0
8613;1932;741;10;14;10;0
8614;1920;741;10;14;10;0
8615;1908;741;10;14;10;0
8616;1896;741;10;14;10;0
8617;1884;741;10;14;10;0
8618;1872;741;10;14;10;0
8619;1980;741;10;14;10;0
8620;1860;741;10;14;10;0
8621;1836;741;10;14;10;0
8622;1824;741;10;14;10;0
8623;1812;741;10;14;10;0
8624;1800;741;10;14;10;0
8625;1788;741;10;14;10;0
8626;1776;741;10;14;10;0
8627;1764;741;10;14;10;0
8628;1752;741;10;14;10;0
8629;1740;741;10;14;10;0
8630;2551;741;10;14;10;0
8631;3907;741;10;14;10;0
8632;2054;757;10;14;10;0
8633;3919;741;10;14;10;0
8634;2853;757;10;14;10;0
8635;2841;757;10;14;10;0
8636;2829;757;10;14;10;0
8637;2817;757;10;14;10;0
8638;2805;757;10;14;10;0
8639;2793;757;10;14;10;0
8640;2781;757;10;14;10;0
8641;2769;757;10;14;10;0
8642;2757;757;10;14;10;0
8643;2745;757;10;14;10;0
8644;2733;757;10;14;10;0
8645;2721;757;10;14;10;0
8646;2709;757;10;14;10;0
8647;2697;757;10;14;10;0
8648;2685;757;10;14;10;0
8649;2673;757;10;14;10;0
8650;2661;757;10;14;10;0
8651;2649;757;10;14;10;0
8652;2637;757;10;14;10;0
8653;2865;757;10;14;10;0
8654;2877;757;10;14;10;0
8655;2889;757;10;14;10;0
8656;2901;757;10;14;10;0
8657;3141;757;10;14;10;0
8658;3129;757;10;14;10;0
8659;3117;757;10;14;10;0
8660;3105;757;10;14;10;0
8661;3093;757;10;14;10;0
8662;3081;757;10;14;10;0
8663;3069;757;10;14;10;0
8664;3057;757;10;14;10;0
8665;3045;757;10;14;10;0
8666;3153;757;10;14;10;0
8667;3033;757;10;14;10;0
8668;3009;757;10;14;10;0
8669;2997;757;10;14;10;0
8670;2985;757;10;14;10;0
8671;2973;757;10;14;10;0
8672;2961;757;10;14;10;0
8673;2949;757;10;14;10;0
8674;2937;757;10;14;10;0
8675;2925;757;10;14;10;0
8676;2913;757;10;14;10;0
8677;2625;757;10;14;10;0
8678;2613;757;10;14;10;0
8679;2601;757;10;14;10;0
8680;2330;757;10;14;10;0
8681;2306;757;10;14;10;0
8682;2294;757;10;14;10;0
8683;2282;757;10;14;10;0
8684;2270;757;10;14;10;0
8685;2258;757;10;14;10;0
8686;2246;757;10;14;10;0
8687;2234;757;10;14;10;0
8688;2222;757;10;14;10;0
8689;2210;757;10;14;10;0
8690;2198;757;10;14;10;0
8691;2186;757;10;14;10;0
8692;2174;757;10;14;10;0
8693;2162;757;10;14;10;0
8694;2150;757;10;14;10;0
8695;2138;757;10;14;10;0
8696;2126;757;10;14;10;0
8697;2114;757;10;14;10;0
8698;2102;757;10;14;10;0
8699;2090;757;10;14;10;0
8700;2318;757;10;14;10;0
8701;2342;757;10;14;10;0
8702;2589;757;10;14;10;0
8703;2354;757;10;14;10;0
8704;2582;757;5;14;6;0
8733;244;2;13;17;16;1
8765;228;2;14;17;16;1
8800;218;2;8;17;10;1
8972;2570;757;10;14;10;0
8973;2558;757;10;14;10;0
8974;2546;757;10;14;10;0
8975;2534;757;10;14;10;0
8976;2522;757;10;14;10;0
8977;2510;757;10;14;10;0
8978;2498;757;10;14;10;0
8979;2486;757;10;14;10;0
8980;2474;757;10;14;10;0
8981;2462;757;10;14;10;0
8982;2450;757;10;14;10;0
8983;2438;757;10;14;10;0
8984;2426;757;10;14;10;0
8985;2414;757;10;14;10;0
8986;2402;757;10;14;10;0
8987;2390;757;10;14;10;0
8988;2378;757;10;14;10;0
8989;2366;757;10;14;10;0
8990;3021;757;10;14;10;0
8991;3165;757;10;14;10;0
9166;3177;757;10;14;10;0
9167;3189;757;10;14;10;0
9192;3981;757;10;14;10;0
9193;3969;757;10;14;10;0
9194;3957;757;10;14;10;0
9195;3945;757;10;14;10;0
9196;3933;757;10;14;10;0
9197;3921;757;10;14;10;0
9198;3909;757;10;14;10;0
9199;3897;757;10;14;10;0
9203;3885;757;10;14;10;0
9204;3873;757;10;14;10;0
9205;3861;757;10;14;10;0
9206;3849;757;10;14;10;0
9207;3837;757;10;14;10;0
9208;3825;757;10;14;10;0
9209;3813;757;10;14;10;0
9210;3801;757;10;14;10;0
9211;3789;757;10;14;10;0
9212;3777;757;10;14;10;0
9213;3765;757;10;14;10;0
9214;3993;757;10;14;10;0
9215;4005;757;10;14;10;0
9312;4017;757;10;14;10;0
9313;4029;757;10;14;10;0
9314;182;773;10;14;10;0
9315;170;773;10;14;10;0
9316;158;773;10;14;10;0
9317;146;773;10;14;10;0
9318;134;773;10;14;10;0
9319;122;773;10;14;10;0
9320;110;773;10;14;10;0
9321;98;773;10;14;10;0
9322;86;773;10;14;10;0
9323;194;773;10;14;10;0
9324;74;773;10;14;10;0
9325;50;773;10;14;10;0
9326;38;773;10;14;10;0
9327;26;773;10;14;10;0
9328;14;773;10;14;10;0
9329;2;773;10;14;10;0
9330;4077;757;10;14;10;0
9331;4065;757;10;14;10;0
9332;4053;757;10;14;10;0
9333;4041;757;10;14;10;0
9334;3753;757;10;14;10;0
9335;62;773;10;14;10;0
9336;3741;757;10;14;10;0
9337;3585;757;10;14;10;0
9338;3417;757;10;14;10;0
9339;3405;757;10;14;10;0
9340;3393;757;10;14;10;0
9341;3381;757;10;14;10;0
9342;3369;757;10;14;10;0
9343;3357;757;10;14;10;0
9344;3345;757;10;14;10;0
9345;3333;757;10;14;10;0
9346;3321;757;10;14;10;0
9347;3309;757;10;14;10;0
9348;3297;757;10;14;10;0
9349;3285;757;10;14;10;0
9350;3273;757;10;14;10;0
9351;3261;757;10;14;10;0
9352;3249;757;10;14;10;0
9353;3237;757;10;14;10;0
9354;3225;757;10;14;10;0
9355;3213;757;10;14;10;0
9356;3201;757;10;14;10;0
9357;3429;757;10;14;10;0
9358;3441;757;10;14;10;0
9359;3453;757;10;14;10;0
9360;3465;757;10;14;10;0
9361;3705;757;10;14;10;0
9362;3693;757;10;14;10;0
9363;3681;757;10;14;10;0
9364;3669;757;10;14;10;0
9365;3657;757;10;14;10;0
9366;3645;757;10;14;10;0
9367;3633;757;10;14;10;0
9368;3621;757;10;14;10;0
9369;3609;757;10;14;10;0
9370;3717;757;10;14;10;0
9371;3597;757;10;14;10;0
9372;3573;757;10;14;10;0
9373;3561;757;10;14;10;0
9374;3549;757;10;14;10;0
9375;3537;757;10;14;10;0
9376;3525;757;10;14;10;0
9377;3513;757;10;14;10;0
9378;3501;757;10;14;10;0
9379;3489;757;10;14;10;0
9380;3477;757;10;14;10;0
9381;2078;757;10;14;10;0
9382;3729;757;10;14;10;0
9383;2066;757;10;14;10;0
9384;1490;757;10;14;10;0
9385;614;757;10;14;10;0
9386;602;757;10;14;10;0
9387;590;757;10;14;10;0
9388;578;757;10;14;10;0
9389;566;757;10;14;10;0
9390;554;757;10;14;10;0
9391;542;757;10;14;10;0
9392;530;757;10;14;10;0
9393;518;757;10;14;10;0
9394;506;757;10;14;10;0
9395;494;757;10;14;10;0
9396;482;757;10;14;10;0
9397;470;757;10;14;10;0
9398;458;757;10;14;10;0
9399;446;757;10;14;10;0
9400;434;757;10;14;10;0
9401;422;757;10;14;10;0
9402;410;757;10;14;10;0
9403;398;757;10;14;10;0
9404;626;757;10;14;10;0
9405;638;757;10;14;10;0
9406;650;757;10;14;10;0
9407;662;757;10;14;10;0
9408;902;757;10;14;10;0
9409;890;757;10;14;10;0
9410;878;757;10;14;10;0
9411;866;757;10;14;10;0
9412;854;757;10;14;10;0
9413;842;757;10;14;10;0
9414;830;757;10;14;10;0
9415;818;757;10;14;10;0
9416;806;757;10;14;10;0
9417;914;757;10;14;10;0
9418;794;757;10;14;10;0
9419;770;757;10;14;10;0
9420;758;757;10;14;10;0
9421;746;757;10;14;10;0
9422;734;757;10;14;10;0
9423;722;757;10;14;10;0
9424;710;757;10;14;10;0
9425;698;757;10;14;10;0
9426;686;757;10;14;10;0
9427;674;757;10;14;10;0
9428;386;757;10;14;10;0
9429;374;757;10;14;10;0
9430;362;757;10;14;10;0
9431;86;757;10;14;10;0
9432;62;757;10;14;10;0
9433;50;757;10;14;10;0
9434;38;757;10;14;10;0
9435;26;757;10;14;10;0
9436;14;757;10;14;10;0
9437;2;757;10;14;10;0
9438;4075;741;10;14;10;0
9439;4063;741;10;14;10;0
9440;4051;741;10;14;10;0
9441;4039;741;10;14;10;0
9442;4027;741;10;14;10;0
9443;4015;741;10;14;10;0
9444;4003;741;10;14;10;0
9445;3991;741;10;14;10;0
9446;3979;741;10;14;10;0
9447;3967;741;10;14;10;0
9448;3955;741;10;14;10;0
9449;3943;741;10;14;10;0
9450;3931;741;10;14;10;0
9451;74;757;10;14;10;0
9452;98;757;10;14;10;0
9453;350;757;10;14;10;0
9454;110;757;10;14;10;0
9455;338;757;10;14;10;0
9456;326;757;10;14;10;0
9457;314;757;10;14;10;0
9458;302;757;10;14;10;0
9459;290;757;10;14;10;0
9460;278;757;10;14;10;0
9461;266;757;10;14;10;0
9462;254;757;10;14;10;0
9463;242;757;10;14;10;0
9464;230;757;10;14;10;0
9465;218;757;10;14;10;0
9466;206;757;10;14;10;0
9467;194;757;10;14;10;0
9468;182;757;10;14;10;0
9469;170;757;10;14;10;0
9470;158;757;10;14;10;0
9471;146;757;10;14;10;0
9472;134;757;10;14;10;0
9473;122;757;10;14;10;0
9474;782;757;10;14;10;0
9475;926;757;10;14;10;0
9476;938;757;10;14;10;0
9477;950;757;10;14;10;0
9478;1742;757;10;14;10;0
9479;1730;757;10;14;10;0
9480;1718;757;10;14;10;0
9481;1706;757;10;14;10;0
9482;1694;757;10;14;10;0
9483;1682;757;10;14;10;0
9484;1670;757;10;14;10;0
9485;1658;757;10;14;10;0
9486;1646;757;10;14;10;0
9487;1634;757;10;14;10;0
9488;1622;757;10;14;10;0
9489;1610;757;10;14;10;0
9490;1598;757;10;14;10;0
9491;1586;757;10;14;10;0
9492;1574;757;10;14;10;0
9493;1562;757;10;14;10;0
9494;1550;757;10;14;10;0
9495;1538;757;10;14;10;0
9496;1526;757;10;14;10;0
9497;1754;757;10;14;10;0
9498;1766;757;10;14;10;0
9499;1778;757;10;14;10;0
9500;1790;757;10;14;10;0
9501;2030;757;10;14;10;0
9502;2018;757;10;14;10;0
9503;2006;757;10;14;10;0
9504;1994;757;10;14;10;0
9505;1982;757;10;14;10;0
9506;1970;757;10;14;10;0
9507;1958;757;10;14;10;0
9508;1946;757;10;14;10;0
9509;1934;757;10;14;10;0
9510;2042;757;10;14;10;0
9511;1922;757;10;14;10;0
9512;1898;757;10;14;10;0
9513;1886;757;10;14;10;0
9514;1874;757;10;14;10;0
9515;1862;757;10;14;10;0
9516;1850;757;10;14;10;0
9517;1838;757;10;14;10;0
9518;1826;757;10;14;10;0
9519;1814;757;10;14;10;0
9520;1802;757;10;14;10;0
9521;1514;757;10;14;10;0
9522;1910;757;10;14;10;0
9523;1502;757;10;14;10;0
9524;1346;757;10;14;10;0
9525;1178;757;10;14;10;0
9526;1166;757;10;14;10;0
9527;1154;757;10;14;10;0
9528;1142;757;10;14;10;0
9529;1130;757;10;14;10;0
9530;1118;757;10;14;10;0
9531;1106;757;10;14;10;0
9532;1094;757;10;14;10;0
9533;1082;757;10;14;10;0
9534;1070;757;10;14;10;0
9535;1058;757;10;14;10;0
9536;1046;757;10;14;10;0
9537;1034;757;10;14;10;0
9538;1022;757;10;14;10;0
9539;1010;757;10;14;10;0
9540;998;757;10;14;10;0
9541;986;757;10;14;10;0
9542;974;757;10;14;10;0
9543;962;757;10;14;10;0
9544;1190;757;10;14;10;0
9545;1202;757;10;14;10;0
9546;1214;757;10;14;10;0
9547;1226;757;10;14;10;0
9548;1466;757;10;14;10;0
9549;1454;757;10;14;10;0
9550;1442;757;10;14;10;0
9551;1430;757;10;14;10;0
9552;1418;757;10;14;10;0
9553;1406;757;10;14;10;0
9554;1394;757;10;14;10;0
9555;1382;757;10;14;10;0
9556;1370;757;10;14;10;0
9557;1478;757;10;14;10;0
9558;1358;757;10;14;10;0
9559;1334;757;10;14;10;0
9560;1322;757;10;14;10;0
9561;1310;757;10;14;10;0
9562;1298;757;10;14;10;0
9563;1286;757;10;14;10;0
9564;1274;757;10;14;10;0
9565;1262;757;10;14;10;0
9566;1250;757;10;14;10;0
9567;1238;757;10;14;10;0
9568;626;741;10;14;10;0
9569;3895;741;10;14;10;0
9570;614;741;10;14;10;0
9571;206;725;10;14;10;0
9572;2858;709;10;14;10;0
9573;2846;709;10;14;10;0
9574;2834;709;10;14;10;0
9575;2822;709;10;14;10;0
9576;2810;709;10;14;10;0
9577;2798;709;10;14;10;0
9578;2786;709;10;14;10;0
9579;2774;709;10;14;10;0
9580;2762;709;10;14;10;0
9581;2750;709;10;14;10;0
9582;2738;709;10;14;10;0
9583;2726;709;10;14;10;0
9584;2714;709;10;14;10;0
9585;2702;709;10;14;10;0
9586;2690;709;10;14;10;0
9587;2678;709;10;14;10;0
9588;2666;709;10;14;10;0
9589;2654;709;10;14;10;0
9590;2642;709;10;14;10;0
9591;2870;709;10;14;10;0
9592;2882;709;10;14;10;0
9593;2894;709;10;14;10;0
9594;2906;709;10;14;10;0
9595;3146;709;10;14;10;0
9596;3134;709;10;14;10;0
9597;3122;709;10;14;10;0
9598;3110;709;10;14;10;0
9599;3098;709;10;14;10;0
9600;3086;709;10;14;10;0
9601;3074;709;10;14;10;0
9602;3062;709;10;14;10;0
9603;3050;709;10;14;10;0
9604;3158;709;10;14;10;0
9605;3038;709;10;14;10;0
9606;3014;709;10;14;10;0
9607;3002;709;10;14;10;0
9608;2990;709;10;14;10;0
9609;2978;709;10;14;10;0
9610;2966;709;10;14;10;0
9611;2954;709;10;14;10;0
9612;2942;709;10;14;10;0
9613;2930;709;10;14;10;0
9614;2918;709;10;14;10;0
9615;2630;709;10;14;10;0
9616;2618;709;10;14;10;0
9617;2606;709;10;14;10;0
9618;2330;709;10;14;10;0
9619;2306;709;10;14;10;0
9620;2294;709;10;14;10;0
9621;2282;709;10;14;10;0
9622;2270;709;10;14;10;0
9623;2258;709;10;14;10;0
9624;2246;709;10;14;10;0
9625;2234;709;10;14;10;0
9626;2222;709;10;14;10;0
9627;2210;709;10;14;10;0
9628;2198;709;10;14;10;0
9629;2186;709;10;14;10;0
9630;2174;709;10;14;10;0
9631;2162;709;10;14;10;0
9632;2150;709;10;14;10;0
9633;2138;709;10;14;10;0
9634;2126;709;10;14;10;0
9635;2114;709;10;14;10;0
9636;2102;709;10;14;10;0
9637;2090;709;10;14;10;0
9638;2318;709;10;14;10;0
9639;2342;709;10;14;10;0
9640;2594;709;10;14;10;0
9641;2354;709;10;14;10;0
9642;2582;709;10;14;10;0
9643;2570;709;10;14;10;0
9644;2558;709;10;14;10;0
9645;2546;709;10;14;10;0
9646;2534;709;10;14;10;0
9647;2522;709;10;14;10;0
9648;2510;709;10;14;10;0
9649;2498;709;10;14;10;0
9650;2486;709;10;14;10;0
9651;2474;709;10;14;10;0
9652;2462;709;10;14;10;0
9653;2450;709;10;14;10;0
9654;2438;709;10;14;10;0
9655;2426;709;10;14;10;0
9656;2414;709;10;14;10;0
9657;2402;709;10;14;10;0
9658;2390;709;10;14;10;0
9659;2378;709;10;14;10;0
9660;2366;709;10;14;10;0
9661;3026;709;10;14;10;0
9662;3170;709;10;14;10;0
9663;3182;709;10;14;10;0
9664;3194;709;10;14;10;0
9665;3986;709;10;14;10;0
9666;3974;709;10;14;10;0
9667;3962;709;10;14;10;0
9668;3950;709;10;14;10;0
9669;3938;709;10;14;10;0
9670;3926;709;10;14;10;0
9671;3914;709;10;14;10;0
9672;3902;709;10;14;10;0
9673;3890;709;10;14;10;0
9674;3878;709;10;14;10;0
9675;3866;709;10;14;10;0
9676;3854;709;10;14;10;0
9677;3842;709;10;14;10;0
9678;3830;709;10;14;10;0
9679;3818;709;10;14;10;0
9680;3806;709;10;14;10;0
9681;3794;709;10;14;10;0
9682;3782;709;10;14;10;0
9683;3770;709;10;14;10;0
9684;3998;709;10;14;10;0
9685;4010;709;10;14;10;0
9686;4022;709;10;14;10;0
9687;4034;709;10;14;10;0
9688;182;725;10;14;10;0
9689;170;725;10;14;10;0
9690;158;725;10;14;10;0
9691;146;725;10;14;10;0
9692;134;725;10;14;10;0
9693;122;725;10;14;10;0
9694;110;725;10;14;10;0
9695;98;725;10;14;10;0
9696;86;725;10;14;10;0
9697;194;725;10;14;10;0
9698;74;725;10;14;10;0
9699;50;725;10;14;10;0
9700;38;725;10;14;10;0
9701;26;725;10;14;10;0
9702;14;725;10;14;10;0
9703;2;725;10;14;10;0
9704;4082;709;10;14;10;0
9705;4070;709;10;14;10;0
9706;4058;709;10;14;10;0
9707;4046;709;10;14;10;0
9708;3758;709;10;14;10;0
9709;62;725;10;14;10;0
9710;3746;709;10;14;10;0
9711;3590;709;10;14;10;0
9712;3422;709;10;14;10;0
9713;3410;709;10;14;10;0
9714;3398;709;10;14;10;0
9715;3386;709;10;14;10;0
9716;3374;709;10;14;10;0
9717;3362;709;10;14;10;0
9718;3350;709;10;14;10;0
9719;3338;709;10;14;10;0
9720;3326;709;10;14;10;0
9721;3314;709;10;14;10;0
9722;3302;709;10;14;10;0
9723;3290;709;10;14;10;0
9724;3278;709;10;14;10;0
9725;3266;709;10;14;10;0
9726;3254;709;10;14;10;0
9727;3242;709;10;14;10;0
9728;3230;709;10;14;10;0
9729;3218;709;10;14;10;0
9730;3206;709;10;14;10;0
9731;3434;709;10;14;10;0
9732;3446;709;10;14;10;0
9733;3458;709;10;14;10;0
9734;3470;709;10;14;10;0
9735;3710;709;10;14;10;0
9736;3698;709;10;14;10;0
9737;3686;709;10;14;10;0
9738;3674;709;10;14;10;0
9739;3662;709;10;14;10;0
9740;3650;709;10;14;10;0
9741;3638;709;10;14;10;0
9742;3626;709;10;14;10;0
9743;3614;709;10;14;10;0
9744;3722;709;10;14;10;0
9745;3602;709;10;14;10;0
9746;3578;709;10;14;10;0
9747;3566;709;10;14;10;0
9748;3554;709;10;14;10;0
9750;3542;709;10;14;10;0
9751;3530;709;10;14;10;0
9756;3518;709;10;14;10;0
9757;3506;709;10;14;10;0
9758;3494;709;10;14;10;0
9759;3482;709;10;14;10;0
9760;2078;709;10;14;10;0
9770;3734;709;10;14;10;0
9771;2066;709;10;14;10;0
9772;1490;709;10;14;10;0
9773;614;709;10;14;10;0
9774;602;709;10;14;10;0
9775;590;709;10;14;10;0
9776;578;709;10;14;10;0
9777;566;709;10;14;10;0
9778;554;709;10;14;10;0
9779;542;709;10;14;10;0
9780;530;709;10;14;10;0
9781;518;709;10;14;10;0
9782;506;709;10;14;10;0
9783;494;709;10;14;10;0
9784;482;709;10;14;10;0
9785;470;709;10;14;10;0
9786;458;709;10;14;10;0
9787;446;709;10;14;10;0
9788;434;709;10;14;10;0
9789;422;709;10;14;10;0
9790;410;709;10;14;10;0
9792;398;709;10;14;10;0
9793;626;709;10;14;10;0
9794;638;709;10;14;10;0
9800;650;709;10;14;10;0
9801;662;709;10;14;10;0
9802;902;709;10;14;10;0
9803;890;709;10;14;10;0
9804;878;709;10;14;10;0
9805;866;709;10;14;10;0
9806;854;709;10;14;10;0
9807;842;709;10;14;10;0
9808;830;709;10;14;10;0
9809;818;709;10;14;10;0
9810;806;709;10;14;10;0
9811;914;709;10;14;10;0
9812;794;709;10;14;10;0
9813;770;709;10;14;10;0
9814;758;709;10;14;10;0
9815;746;709;10;14;10;0
9816;734;709;10;14;10;0
9817;722;709;10;14;10;0
9818;710;709;10;14;10;0
9819;698;709;10;14;10;0
9820;686;709;10;14;10;0
9821;674;709;10;14;10;0
9822;386;709;10;14;10;0
9823;374;709;10;14;10;0
9824;362;709;10;14;10;0
9825;86;709;10;14;10;0
9826;62;709;10;14;10;0
9827;50;709;10;14;10;0
9828;38;709;10;14;10;0
9829;26;709;10;14;10;0
9830;14;709;10;14;10;0
9831;2;709;10;14;10;0
9832;4082;693;10;14;10;0
9833;4070;693;10;14;10;0
9834;4058;693;10;14;10;0
9835;4046;693;10;14;10;0
9836;4034;693;10;14;10;0
9837;4022;693;10;14;10;0
9838;4010;693;10;14;10;0
9839;3998;693;10;14;10;0
9856;3986;693;10;14;10;0
9857;3974;693;10;14;10;0
9858;3962;693;10;14;10;0
9859;3950;693;10;14;10;0
9860;3938;693;10;14;10;0
9861;74;709;10;14;10;0
9862;98;709;10;14;10;0
9863;350;709;10;14;10;0
9864;110;709;10;14;10;0
9865;338;709;10;14;10;0
9866;326;709;10;14;10;0
9867;314;709;10;14;10;0
9868;302;709;10;14;10;0
9869;290;709;10;14;10;0
9870;278;709;10;14;10;0
9871;266;709;10;14;10;0
9872;254;709;10;14;10;0
9873;242;709;10;14;10;0
9875;230;709;10;14;10;0
9876;218;709;10;14;10;0
9877;206;709;10;14;10;0
9880;194;709;10;14;10;0
9881;182;709;10;14;10;0
9882;170;709;10;14;10;0
9898;158;709;10;14;10;0
9899;146;709;10;14;10;0
9900;134;709;10;14;10;0
9924;122;709;10;14;10;0
9925;782;709;10;14;10;0
9926;926;709;10;14;10;0
9927;938;709;10;14;10;0
9928;950;709;10;14;10;0
9929;1742;709;10;14;10;0
9930;1730;709;10;14;10;0
9931;1718;709;10;14;10;0
9939;1706;709;10;14;10;0
9954;1694;709;10;14;10;0
9960;1682;709;10;14;10;0
9961;1670;709;10;14;10;0
9962;1658;709;10;14;10;0
9963;1646;709;10;14;10;0
9964;1634;709;10;14;10;0
9969;1622;709;10;14;10;0
9970;1610;709;10;14;10;0
9973;1598;709;10;14;10;0
9974;1586;709;10;14;10;0
9980;1574;709;10;14;10;0
9981;1562;709;10;14;10;0
9983;1550;709;10;14;10;0
9992;1538;709;10;14;10;0
9993;1526;709;10;14;10;0
10102;1754;709;10;14;10;0
10103;1766;709;10;14;10;0
10104;1778;709;10;14;10;0
10105;1790;709;10;14;10;0
10106;2030;709;10;14;10;0
10107;2018;709;10;14;10;0
10108;2006;709;10;14;10;0
10109;1994;709;10;14;10;0
10110;1982;709;10;14;10;0
10111;1970;709;10;14;10;0
10112;1958;709;10;14;10;0
10113;1946;709;10;14;10;0
10114;1934;709;10;14;10;0
10115;2042;709;10;14;10;0
10116;1922;709;10;14;10;0
10117;1898;709;10;14;10;0
10118;1886;709;10;14;10;0
10119;1874;709;10;14;10;0
10120;1862;709;10;14;10;0
10121;1850;709;10;14;10;0
10122;1838;709;10;14;10;0
10123;1826;709;10;14;10;0
10124;1814;709;10;14;10;0
10125;1802;709;10;14;10;0
10126;1514;709;10;14;10;0
10127;1910;709;10;14;10;0
10128;1502;709;10;14;10;0
10129;1346;709;10;14;10;0
10130;1178;709;10;14;10;0
10131;1166;709;10;14;10;0
11375;267;2;10;17;10;0
11906;1154;709;10;14;10;0
11907;1142;709;10;14;10;0
11909;1130;709;10;14;10;0
11913;1118;709;10;14;10;0
11918;1106;709;10;14;10;0
11920;1094;709;10;14;10;0
11922;1082;709;10;14;10;0
11923;1070;709;10;14;10;0
11924;1058;709;10;14;10;0
11925;1046;709;10;14;10;0
11926;1034;709;10;14;10;0
11928;1022;709;10;14;10;0
11929;1010;709;10;14;10;0
11931;998;709;10;14;10;0
11935;986;709;10;14;10;0
11936;974;709;10;14;10;0
11937;962;709;10;14;10;0
11966;1190;709;10;14;10;0
11967;1202;709;10;14;10;0
11969;1214;709;10;14;10;0
11972;1226;709;10;14;10;0
11973;1466;709;10;14;10;0
11974;1454;709;10;14;10;0
11976;1442;709;10;14;10;0
11977;1430;709;10;14;10;0
11979;1418;709;10;14;10;0
11980;1406;709;10;14;10;0
11981;1394;709;10;14;10;0
11982;1382;709;10;14;10;0
11984;1370;709;10;14;10;0
11985;1478;709;10;14;10;0
11987;1358;709;10;14;10;0
11988;1334;709;10;14;10;0
11992;1322;709;10;14;10;0
11993;1310;709;10;14;10;0
11994;1298;709;10;14;10;0
11995;1286;709;10;14;10;0
11996;1274;709;10;14;10;0
11997;1262;709;10;14;10;0
12002;1250;709;10;14;10;0
12003;1238;709;10;14;10;0
12004;2054;709;10;14;10;0
12005;218;725;10;14;10;0
12006;2450;725;10;14;10;0
12007;230;725;10;14;10;0
12008;3254;725;10;14;10;0
12009;3242;725;10;14;10;0
12011;3230;725;10;14;10;0
12012;3218;725;10;14;10;0
12013;3206;725;10;14;10;0
12014;3194;725;10;14;10;0
12015;3182;725;10;14;10;0
12016;3170;725;10;14;10;0
12017;3158;725;10;14;10;0
12018;3146;725;10;14;10;0
12019;3134;725;10;14;10;0
12032;3122;725;10;14;10;0
12033;3110;725;10;14;10;0
12034;3098;725;10;14;10;0
12035;3086;725;10;14;10;0
12036;3074;725;10;14;10;0
12037;3062;725;10;14;10;0
12038;3050;725;10;14;10;0
12039;3038;725;10;14;10;0
12040;3266;725;10;14;10;0
12041;3278;725;10;14;10;0
12042;3290;725;10;14;10;0
12043;3302;725;10;14;10;0
12044;3542;725;10;14;10;0
12045;3530;725;10;14;10;0
12046;3518;725;10;14;10;0
12047;3506;725;10;14;10;0
12048;3494;725;10;14;10;0
12049;3482;725;10;14;10;0
12050;3470;725;10;14;10;0
12051;3458;725;10;14;10;0
12052;3446;725;10;14;10;0
12053;3554;725;10;14;10;0
12054;3434;725;10;14;10;0
12055;3410;725;10;14;10;0
12056;3398;725;10;14;10;0
12057;3386;725;10;14;10;0
12058;3374;725;10;14;10;0
12059;3362;725;10;14;10;0
12060;3350;725;10;14;10;0
12061;3338;725;10;14;10;0
12062;3326;725;10;14;10;0
12063;3314;725;10;14;10;0
12064;3026;725;10;14;10;0
12065;3014;725;10;14;10;0
12066;3002;725;10;14;10;0
12067;2726;725;10;14;10;0
12068;2702;725;10;14;10;0
12069;2690;725;10;14;10;0
12070;2678;725;10;14;10;0
12071;2666;725;10;14;10;0
12072;2654;725;10;14;10;0
12073;2642;725;10;14;10;0
12074;2630;725;10;14;10;0
12075;2618;725;10;14;10;0
12076;2606;725;10;14;10;0
12077;2594;725;10;14;10;0
12078;2582;725;10;14;10;0
12079;2570;725;10;14;10;0
12080;2558;725;10;14;10;0
12081;2546;725;10;14;10;0
12082;2534;725;10;14;10;0
12083;2522;725;10;14;10;0
12084;2510;725;10;14;10;0
12085;2498;725;10;14;10;0
12086;2486;725;10;14;10;0
12087;2714;725;10;14;10;0
12088;2738;725;10;14;10;0
12089;2990;725;10;14;10;0
12090;2750;725;10;14;10;0
12091;2978;725;10;14;10;0
12092;2966;725;10;14;10;0
12093;2954;725;10;14;10;0
12094;2942;725;10;14;10;0
12095;2930;725;10;14;10;0
12096;2918;725;10;14;10;0
12097;2906;725;10;14;10;0
12098;2894;725;10;14;10;0
12099;2882;725;10;14;10;0
12100;2870;725;10;14;10;0
12101;2858;725;10;14;10;0
12102;2846;725;10;14;10;0
12103;2834;725;10;14;10;0
12104;2822;725;10;14;10;0
12105;2810;725;10;14;10;0
12106;2798;725;10;14;10;0
12107;2786;725;10;14;10;0
12108;2774;725;10;14;10;0
12109;2762;725;10;14;10;0
12110;3422;725;10;14;10;0
12111;3566;725;10;14;10;0
12112;3578;725;10;14;10;0
12113;3590;725;10;14;10;0
12114;290;741;10;14;10;0
12115;278;741;10;14;10;0
12116;266;741;10;14;10;0
12117;254;741;10;14;10;0
12118;242;741;10;14;10;0
12119;230;741;10;14;10;0
12120;218;741;10;14;10;0
12121;206;741;10;14;10;0
12122;194;741;10;14;10;0
12123;182;741;10;14;10;0
12124;170;741;10;14;10;0
12125;158;741;10;14;10;0
12126;146;741;10;14;10;0
12127;134;741;10;14;10;0
12128;122;741;10;14;10;0
12129;110;741;10;14;10;0
12130;98;741;10;14;10;0
12131;86;741;10;14;10;0
12132;74;741;10;14;10;0
12133;302;741;10;14;10;0
12134;314;741;10;14;10;0
12135;326;741;10;14;10;0
12136;338;741;10;14;10;0
12137;578;741;10;14;10;0
12138;566;741;10;14;10;0
12139;554;741;10;14;10;0
12140;542;741;10;14;10;0
12141;530;741;10;14;10;0
12142;518;741;10;14;10;0
12143;506;741;10;14;10;0
12144;494;741;10;14;10;0
12146;482;741;10;14;10;0
12147;590;741;10;14;10;0
12148;470;741;10;14;10;0
12149;446;741;10;14;10;0
12150;434;741;10;14;10;0
12151;422;741;10;14;10;0
12152;410;741;10;14;10;0
12153;398;741;10;14;10;0
12154;386;741;10;14;10;0
12155;374;741;10;14;10;0
12156;362;741;10;14;10;0
12157;350;741;10;14;10;0
12158;62;741;10;14;10;0
12159;458;741;10;14;10;0
12160;50;741;10;14;10;0
12161;3986;725;10;14;10;0
12162;3818;725;10;14;10;0
12163;3806;725;10;14;10;0
12164;3794;725;10;14;10;0
12165;3782;725;10;14;10;0
12166;3770;725;10;14;10;0
12167;3758;725;10;14;10;0
12168;3746;725;10;14;10;0
12169;3734;725;10;14;10;0
12170;3722;725;10;14;10;0
12171;3710;725;10;14;10;0
12172;3698;725;10;14;10;0
12173;3686;725;10;14;10;0
12174;3674;725;10;14;10;0
12175;3662;725;10;14;10;0
12176;3650;725;10;14;10;0
12177;3638;725;10;14;10;0
12178;3626;725;10;14;10;0
12179;3614;725;10;14;10;0
12180;3602;725;10;14;10;0
12181;3830;725;10;14;10;0
12182;3842;725;10;14;10;0
12183;3854;725;10;14;10;0
12184;3866;725;10;14;10;0
12185;14;741;10;14;10;0
12186;2;741;10;14;10;0
12187;4082;725;10;14;10;0
12188;4070;725;10;14;10;0
12189;4058;725;10;14;10;0
12190;4046;725;10;14;10;0
12191;4034;725;10;14;10;0
12192;4022;725;10;14;10;0
12193;4010;725;10;14;10;0
12194;26;741;10;14;10;0
12195;3998;725;10;14;10;0
12196;3974;725;10;14;10;0
12197;3962;725;10;14;10;0
12198;3950;725;10;14;10;0
12199;3938;725;10;14;10;0
12200;3926;725;10;14;10;0
12201;3914;725;10;14;10;0
12202;3902;725;10;14;10;0
12203;3890;725;10;14;10;0
12204;3878;725;10;14;10;0
12205;2474;725;10;14;10;0
12206;38;741;10;14;10;0
12207;2462;725;10;14;10;0
12208;1886;725;10;14;10;0
12209;1010;725;10;14;10;0
12210;998;725;10;14;10;0
12211;986;725;10;14;10;0
12212;974;725;10;14;10;0
12213;962;725;10;14;10;0
12214;950;725;10;14;10;0
12215;938;725;10;14;10;0
12216;926;725;10;14;10;0
12217;914;725;10;14;10;0
12218;902;725;10;14;10;0
12219;890;725;10;14;10;0
12220;878;725;10;14;10;0
12221;866;725;10;14;10;0
12222;854;725;10;14;10;0
12223;842;725;10;14;10;0
12224;830;725;10;14;10;0
12225;818;725;10;14;10;0
12226;806;725;10;14;10;0
12227;794;725;10;14;10;0
12228;1022;725;10;14;10;0
12229;1034;725;10;14;10;0
12230;1046;725;10;14;10;0
12231;1058;725;10;14;10;0
12232;1298;725;10;14;10;0
12233;1286;725;10;14;10;0
12234;1274;725;10;14;10;0
12235;1262;725;10;14;10;0
12236;1250;725;10;14;10;0
12237;1238;725;10;14;10;0
12238;1226;725;10;14;10;0
12239;1214;725;10;14;10;0
12240;1202;725;10;14;10;0
12241;1310;725;10;14;10;0
12242;1190;725;10;14;10;0
12243;1166;725;10;14;10;0
12244;1154;725;10;14;10;0
12245;1142;725;10;14;10;0
12272;1130;725;10;14;10;0
12273;1118;725;10;14;10;0
12274;1106;725;10;14;10;0
12275;1094;725;10;14;10;0
12276;1082;725;10;14;10;0
12277;1070;725;10;14;10;0
12278;782;725;10;14;10;0
12279;770;725;10;14;10;0
12280;758;725;10;14;10;0
12281;482;725;10;14;10;0
12282;458;725;10;14;10;0
12283;446;725;10;14;10;0
12284;434;725;10;14;10;0
12285;422;725;10;14;10;0
12286;410;725;10;14;10;0
12287;398;725;10;14;10;0
12288;386;725;10;14;10;0
12289;374;725;10;14;10;0
12290;362;725;10;14;10;0
12291;350;725;10;14;10;0
12292;338;725;10;14;10;0
12293;326;725;10;14;10;0
12294;314;725;10;14;10;0
12295;302;725;10;14;10;0
12296;290;725;10;14;10;0
12297;278;725;10;14;10;0
12298;266;725;10;14;10;0
12299;254;725;10;14;10;0
12300;242;725;10;14;10;0
12301;470;725;10;14;10;0
12302;494;725;10;14;10;0
12303;746;725;10;14;10;0
12304;506;725;10;14;10;0
12305;734;725;10;14;10;0
12306;204;2;12;17;16;2
12306;722;725;10;14;10;0
12307;710;725;10;14;10;0
12308;698;725;10;14;10;0
12309;686;725;10;14;10;0
12310;674;725;10;14;10;0
12311;662;725;10;14;10;0
12312;650;725;10;14;10;0
12313;638;725;10;14;10;0
12314;626;725;10;14;10;0
12315;614;725;10;14;10;0
12316;602;725;10;14;10;0
12317;590;725;10;14;10;0
12318;578;725;10;14;10;0
12319;566;725;10;14;10;0
12320;554;725;10;14;10;0
12321;542;725;10;14;10;0
12322;530;725;10;14;10;0
12323;518;725;10;14;10;0
12324;1178;725;10;14;10;0
12325;1322;725;10;14;10;0
12326;1334;725;10;14;10;0
12327;1346;725;10;14;10;0
12328;2138;725;10;14;10;0
12329;2126;725;10;14;10;0
12342;2114;725;10;14;10;0
12343;2102;725;10;14;10;0
12344;2090;725;10;14;10;0
12345;2078;725;10;14;10;0
12346;2066;725;10;14;10;0
12348;2054;725;10;14;10;0
12350;2042;725;10;14;10;0
12351;2030;725;10;14;10;0
12353;2018;725;10;14;10;0
12354;2006;725;10;14;10;0
12355;1994;725;10;14;10;0
12356;1982;725;10;14;10;0
12357;1970;725;10;14;10;0
12358;1958;725;10;14;10;0
12359;1946;725;10;14;10;0
12360;1934;725;10;14;10;0
12361;1922;725;10;14;10;0
12362;2150;725;10;14;10;0
12363;2162;725;10;14;10;0
12364;2174;725;10;14;10;0
12365;2186;725;10;14;10;0
12366;2426;725;10;14;10;0
12367;2414;725;10;14;10;0
12368;2402;725;10;14;10;0
12369;2390;725;10;14;10;0
12370;2378;725;10;14;10;0
12371;2366;725;10;14;10;0
12372;2354;725;10;14;10;0
12373;2342;725;10;14;10;0
12374;2330;725;10;14;10;0
12375;2438;725;10;14;10;0
12376;2318;725;10;14;10;0
12377;2294;725;10;14;10;0
12378;2282;725;10;14;10;0
12379;2270;725;10;14;10;0
12380;2258;725;10;14;10;0
12381;2246;725;10;14;10;0
12382;2234;725;10;14;10;0
12383;2222;725;10;14;10;0
12384;2210;725;10;14;10;0
12385;2198;725;10;14;10;0
12386;1910;725;10;14;10;0
12387;2306;725;10;14;10;0
12388;1898;725;10;14;10;0
12389;1742;725;10;14;10;0
12390;1574;725;10;14;10;0
12391;1562;725;10;14;10;0
12392;1550;725;10;14;10;0
12393;1538;725;10;14;10;0
12394;1526;725;10;14;10;0
12395;1514;725;10;14;10;0
12396;1502;725;10;14;10;0
12397;1490;725;10;14;10;0
12398;1478;725;10;14;10;0
12399;1466;725;10;14;10;0
12400;1454;725;10;14;10;0
12401;1442;725;10;14;10;0
12402;1430;725;10;14;10;0
12403;1418;725;10;14;10;0
12404;1406;725;10;14;10;0
12405;1394;725;10;14;10;0
12406;1382;725;10;14;10;0
12407;1370;725;10;14;10;0
12408;1358;725;10;14;10;0
12409;1586;725;10;14;10;0
12410;1598;725;10;14;10;0
12411;1610;725;10;14;10;0
12412;1622;725;10;14;10;0
12413;1862;725;10;14;10;0
12414;1850;725;10;14;10;0
12415;1838;725;10;14;10;0
12416;1826;725;10;14;10;0
12417;1814;725;10;14;10;0
12418;1802;725;10;14;10;0
12419;1790;725;10;14;10;0
12420;1778;725;10;14;10;0
12421;1766;725;10;14;10;0
12422;1874;725;10;14;10;0
12423;1754;725;10;14;10;0
12424;1730;725;10;14;10;0
12425;1718;725;10;14;10;0
12426;1706;725;10;14;10;0
12427;1694;725;10;14;10;0
12428;1682;725;10;14;10;0
12429;1670;725;10;14;10;0
12430;1658;725;10;14;10;0
12431;1646;725;10;14;10;0
12432;1634;725;10;14;10;0
12433;602;741;10;14;10;0
12434;206;773;10;14;10;0
12435;218;773;10;14;10;0
12436;230;773;10;14;10;0
12437;4046;805;10;14;10;0
12438;4034;805;10;14;10;0
12441;4022;805;10;14;10;0
12442;4010;805;10;14;10;0
12443;3998;805;10;14;10;0
12444;3986;805;10;14;10;0
12445;3974;805;10;14;10;0
12446;3962;805;10;14;10;0
12447;3950;805;10;14;10;0
12448;3938;805;10;14;10;0
12449;3926;805;10;14;10;0
12450;3914;805;10;14;10;0
12451;3902;805;10;14;10;0
12452;3890;805;10;14;10;0
12453;3878;805;10;14;10;0
12454;3866;805;10;14;10;0
12455;3854;805;10;14;10;0
12456;3842;805;10;14;10;0
12457;3830;805;10;14;10;0
12458;4058;805;10;14;10;0
12459;4070;805;10;14;10;0
12460;4082;805;10;14;10;0
12461;2;821;10;14;10;0
12462;242;821;10;14;10;0
12463;230;821;10;14;10;0
12464;218;821;10;14;10;0
12465;206;821;10;14;10;0
12466;194;821;10;14;10;0
12467;182;821;10;14;10;0
12468;170;821;10;14;10;0
12469;158;821;10;14;10;0
12470;146;821;10;14;10;0
12471;254;821;10;14;10;0
12472;134;821;10;14;10;0
12473;110;821;10;14;10;0
12474;98;821;10;14;10;0
12475;86;821;10;14;10;0
12476;74;821;10;14;10;0
12477;62;821;10;14;10;0
12478;50;821;10;14;10;0
12479;38;821;10;14;10;0
12480;26;821;10;14;10;0
12481;14;821;10;14;10;0
12482;3818;805;10;14;10;0
12483;3806;805;10;14;10;0
12484;3794;805;10;14;10;0
12485;3518;805;10;14;10;0
12486;3494;805;10;14;10;0
12487;3482;805;10;14;10;0
12488;3470;805;10;14;10;0
12489;3458;805;10;14;10;0
12490;3446;805;10;14;10;0
12491;3434;805;10;14;10;0
12492;3422;805;10;14;10;0
12493;3410;805;10;14;10;0
12494;3398;805;10;14;10;0
12495;3386;805;10;14;10;0
12496;3374;805;10;14;10;0
12497;3362;805;10;14;10;0
12498;3350;805;10;14;10;0
12499;3338;805;10;14;10;0
12500;3326;805;10;14;10;0
12501;3314;805;10;14;10;0
12502;3302;805;10;14;10;0
12503;3290;805;10;14;10;0
12504;3278;805;10;14;10;0
12505;3506;805;10;14;10;0
12506;3530;805;10;14;10;0
12507;3782;805;10;14;10;0
12508;3542;805;10;14;10;0
12509;3770;805;10;14;10;0
12510;3758;805;10;14;10;0
12511;3746;805;10;14;10;0
12512;3734;805;10;14;10;0
12513;3722;805;10;14;10;0
12514;3710;805;10;14;10;0
12515;3698;805;10;14;10;0
12516;3686;805;10;14;10;0
12517;3674;805;10;14;10;0
12518;3662;805;10;14;10;0
12519;3650;805;10;14;10;0
12520;3638;805;10;14;10;0
12521;3626;805;10;14;10;0
12522;3614;805;10;14;10;0
12523;3602;805;10;14;10;0
12524;3590;805;10;14;10;0
12525;3578;805;10;14;10;0
12526;3566;805;10;14;10;0
12527;3554;805;10;14;10;0
12528;122;821;10;14;10;0
12529;266;821;10;14;10;0
12530;278;821;10;14;10;0
12531;290;821;10;14;10;0
12532;1082;821;10;14;10;0
12533;1070;821;10;14;10;0
12534;1058;821;10;14;10;0
12535;1046;821;10;14;10;0
12536;1034;821;10;14;10;0
12537;1022;821;10;14;10;0
12538;1010;821;10;14;10;0
12539;998;821;10;14;10;0
12540;986;821;10;14;10;0
12541;974;821;10;14;10;0
12542;962;821;10;14;10;0
12543;950;821;10;14;10;0
12549;938;821;10;14;10;0
12550;926;821;10;14;10;0
12551;914;821;10;14;10;0
12552;902;821;10;14;10;0
12553;890;821;10;14;10;0
12554;878;821;10;14;10;0
12555;866;821;10;14;10;0
12556;1094;821;10;14;10;0
12557;1106;821;10;14;10;0
12558;1118;821;10;14;10;0
12559;1130;821;10;14;10;0
12560;1370;821;10;14;10;0
12561;1358;821;10;14;10;0
12562;1346;821;10;14;10;0
12563;1334;821;10;14;10;0
12564;1322;821;10;14;10;0
12565;1310;821;10;14;10;0
12566;1298;821;10;14;10;0
12567;1286;821;10;14;10;0
12568;1274;821;10;14;10;0
12569;1382;821;10;14;10;0
12570;1262;821;10;14;10;0
12571;1238;821;10;14;10;0
12572;1226;821;10;14;10;0
12573;1214;821;10;14;10;0
12574;1202;821;10;14;10;0
12575;1190;821;10;14;10;0
12576;1178;821;10;14;10;0
12577;1166;821;10;14;10;0
12578;1154;821;10;14;10;0
12579;1142;821;10;14;10;0
12580;854;821;10;14;10;0
12581;1250;821;10;14;10;0
12582;842;821;10;14;10;0
12583;686;821;10;14;10;0
12584;518;821;10;14;10;0
12585;506;821;10;14;10;0
12586;494;821;10;14;10;0
12587;482;821;10;14;10;0
12588;470;821;10;14;10;0
12589;458;821;10;14;10;0
12590;446;821;10;14;10;0
12591;434;821;10;14;10;0
12593;422;821;10;14;10;0
12594;410;821;10;14;10;0
12595;398;821;10;14;10;0
12596;386;821;10;14;10;0
12597;374;821;10;14;10;0
12598;362;821;10;14;10;0
12599;350;821;10;14;10;0
12600;338;821;10;14;10;0
12601;326;821;10;14;10;0
12602;314;821;10;14;10;0
12603;302;821;10;14;10;0
12604;530;821;10;14;10;0
12605;542;821;10;14;10;0
12606;554;821;10;14;10;0
12607;566;821;10;14;10;0
12608;806;821;10;14;10;0
12609;794;821;10;14;10;0
12610;782;821;10;14;10;0
12611;770;821;10;14;10;0
12612;758;821;10;14;10;0
12613;746;821;10;14;10;0
12614;734;821;10;14;10;0
12615;722;821;10;14;10;0
12616;710;821;10;14;10;0
12617;818;821;10;14;10;0
12618;698;821;10;14;10;0
12619;674;821;10;14;10;0
12620;662;821;10;14;10;0
12621;650;821;10;14;10;0
12622;638;821;10;14;10;0
12623;626;821;10;14;10;0
12624;614;821;10;14;10;0
12625;602;821;10;14;10;0
12626;590;821;10;14;10;0
12627;578;821;10;14;10;0
12628;3266;805;10;14;10;0
12629;830;821;10;14;10;0
12630;3254;805;10;14;10;0
12631;2678;805;10;14;10;0
12632;1802;805;10;14;10;0
12633;1790;805;10;14;10;0
12634;1778;805;10;14;10;0
12635;1766;805;10;14;10;0
12636;1754;805;10;14;10;0
12637;1742;805;10;14;10;0
12638;1730;805;10;14;10;0
12639;1718;805;10;14;10;0
12640;1706;805;10;14;10;0
12641;1694;805;10;14;10;0
12642;1682;805;10;14;10;0
12643;1670;805;10;14;10;0
12644;1658;805;10;14;10;0
12645;1646;805;10;14;10;0
12646;1634;805;10;14;10;0
12647;1622;805;10;14;10;0
12648;1610;805;10;14;10;0
12649;1598;805;10;14;10;0
12650;1586;805;10;14;10;0
12651;1814;805;10;14;10;0
12652;1826;805;10;14;10;0
12653;1838;805;10;14;10;0
12654;1850;805;10;14;10;0
12655;2090;805;10;14;10;0
12656;2078;805;10;14;10;0
12657;2066;805;10;14;10;0
12658;2054;805;10;14;10;0
12659;2042;805;10;14;10;0
12660;2030;805;10;14;10;0
12661;2018;805;10;14;10;0
12662;2006;805;10;14;10;0
12663;1994;805;10;14;10;0
12664;2102;805;10;14;10;0
12665;1982;805;10;14;10;0
12666;1958;805;10;14;10;0
12667;1946;805;10;14;10;0
12668;1934;805;10;14;10;0
12669;1922;805;10;14;10;0
12670;1910;805;10;14;10;0
12671;1898;805;10;14;10;0
12672;1886;805;10;14;10;0
12673;1874;805;10;14;10;0
12674;1862;805;10;14;10;0
12675;1574;805;10;14;10;0
12676;1562;805;10;14;10;0
12677;1550;805;10;14;10;0
12678;1274;805;10;14;10;0
12679;1250;805;10;14;10;0
12680;1238;805;10;14;10;0
12681;1226;805;10;14;10;0
12682;1214;805;10;14;10;0
12683;1202;805;10;14;10;0
12684;1190;805;10;14;10;0
12685;1178;805;10;14;10;0
12686;1166;805;10;14;10;0
12832;1154;805;10;14;10;0
12833;1142;805;10;14;10;0
12834;1130;805;10;14;10;0
12835;1118;805;10;14;10;0
12836;1106;805;10;14;10;0
12837;1094;805;10;14;10;0
12838;1082;805;10;14;10;0
12839;1070;805;10;14;10;0
12840;1058;805;10;14;10;0
12841;1046;805;10;14;10;0
12927;1034;805;10;14;10;0
12928;1262;805;10;14;10;0
12929;1286;805;10;14;10;0
12930;1538;805;10;14;10;0
12931;1298;805;10;14;10;0
12932;1526;805;10;14;10;0
12933;1514;805;10;14;10;0
12934;1502;805;10;14;10;0
12935;1490;805;10;14;10;0
12936;1478;805;10;14;10;0
12937;1466;805;10;14;10;0
12963;1454;805;10;14;10;0
12964;1442;805;10;14;10;0
12965;1430;805;10;14;10;0
12966;1418;805;10;14;10;0
12967;1406;805;10;14;10;0
12968;1394;805;10;14;10;0
12992;1382;805;10;14;10;0
12993;1370;805;10;14;10;0
12994;1358;805;10;14;10;0
12995;1346;805;10;14;10;0
12996;1334;805;10;14;10;0
12997;1322;805;10;14;10;0
12998;1310;805;10;14;10;0
12999;1970;805;10;14;10;0
13000;2114;805;10;14;10;0
13001;2126;805;10;14;10;0
13002;2138;805;10;14;10;0
13003;2930;805;10;14;10;0
13055;2918;805;10;14;10;0
13144;2906;805;10;14;10;0
13145;2894;805;10;14;10;0
13146;2882;805;10;14;10;0
13147;2870;805;10;14;10;0
13148;2858;805;10;14;10;0
13149;2846;805;10;14;10;0
13150;2834;805;10;14;10;0
13151;2822;805;10;14;10;0
13152;2810;805;10;14;10;0
13153;2798;805;10;14;10;0
13154;2786;805;10;14;10;0
13155;2774;805;10;14;10;0
13156;2762;805;10;14;10;0
13157;2750;805;10;14;10;0
13158;2738;805;10;14;10;0
13159;2726;805;10;14;10;0
13160;2714;805;10;14;10;0
13161;2942;805;10;14;10;0
13162;2954;805;10;14;10;0
13163;2966;805;10;14;10;0
13164;2978;805;10;14;10;0
13165;3218;805;10;14;10;0
13166;3206;805;10;14;10;0
13167;3194;805;10;14;10;0
13168;3182;805;10;14;10;0
13179;3170;805;10;14;10;0
13180;3158;805;10;14;10;0
13181;3146;805;10;14;10;0
13182;3134;805;10;14;10;0
13280;3122;805;10;14;10;0
13281;3230;805;10;14;10;0
13282;3110;805;10;14;10;0
13283;3086;805;10;14;10;0
13284;3074;805;10;14;10;0
13285;3062;805;10;14;10;0
13286;3050;805;10;14;10;0
13287;3038;805;10;14;10;0
13288;3026;805;10;14;10;0
13289;3014;805;10;14;10;0
13290;3002;805;10;14;10;0
13291;2990;805;10;14;10;0
13292;2702;805;10;14;10;0
13293;3098;805;10;14;10;0
13294;2690;805;10;14;10;0
13295;2534;805;10;14;10;0
13296;2366;805;10;14;10;0
13297;2354;805;10;14;10;0
13298;2342;805;10;14;10;0
13299;2330;805;10;14;10;0
13300;2318;805;10;14;10;0
13301;2306;805;10;14;10;0
13302;2294;805;10;14;10;0
13303;2282;805;10;14;10;0
13304;2270;805;10;14;10;0
13305;2258;805;10;14;10;0
13306;2246;805;10;14;10;0
13307;2234;805;10;14;10;0
13308;2222;805;10;14;10;0
13309;2210;805;10;14;10;0
13310;2198;805;10;14;10;0
13312;2186;805;10;14;10;0
19968;2174;805;10;14;10;0
19969;2162;805;10;14;10;0
19970;2150;805;10;14;10;0
19971;2378;805;10;14;10;0
19972;2390;805;10;14;10;0
19973;2402;805;10;14;10;0
19974;2414;805;10;14;10;0
19975;2654;805;10;14;10;0
19976;2642;805;10;14;10;0
19977;2630;805;10;14;10;0
19978;2618;805;10;14;10;0
19979;2606;805;10;14;10;0
19980;2594;805;10;14;10;0
19981;2582;805;10;14;10;0
19982;2570;805;10;14;10;0
19983;2558;805;10;14;10;0
19984;2666;805;10;14;10;0
19985;2546;805;10;14;10;0
19987;2522;805;10;14;10;0
19988;2510;805;10;14;10;0
19989;2498;805;10;14;10;0
19990;2486;805;10;14;10;0
19991;2474;805;10;14;10;0
19992;2462;805;10;14;10;0
19993;2450;805;10;14;10;0
19994;2438;805;10;14;10;0
19995;2426;805;10;14;10;0
19996;3242;805;10;14;10;0
19997;1394;821;10;14;10;0
19998;1406;821;10;14;10;0
19999;1418;821;10;14;10;0
20001;362;837;10;14;10;0
20002;350;837;10;14;10;0
20003;338;837;10;14;10;0
20004;326;837;10;14;10;0
20005;314;837;10;14;10;0
20006;302;837;10;14;10;0
20007;290;837;10;14;10;0
20008;278;837;10;14;10;0
20009;266;837;10;14;10;0
20010;254;837;10;14;10;0
20011;242;837;10;14;10;0
20013;230;837;10;14;10;0
20016;218;837;10;14;10;0
20017;206;837;10;14;10;0
20018;194;837;10;14;10;0
20019;182;837;10;14;10;0
20020;170;837;10;14;10;0
20021;158;837;10;14;10;0
20022;146;837;10;14;10;0
20024;374;837;10;14;10;0
20025;386;837;10;14;10;0
20026;398;837;10;14;10;0
20027;410;837;10;14;10;0
20028;650;837;10;14;10;0
20029;638;837;10;14;10;0
20030;626;837;10;14;10;0
20031;614;837;10;14;10;0
20034;602;837;10;14;10;0
20035;590;837;10;14;10;0
20037;578;837;10;14;10;0
20040;566;837;10;14;10;0
20041;554;837;10;14;10;0
20043;662;837;10;14;10;0
20044;542;837;10;14;10;0
20045;518;837;10;14;10;0
20046;506;837;10;14;10;0
20047;494;837;10;14;10;0
20048;482;837;10;14;10;0
20050;470;837;10;14;10;0
20051;458;837;10;14;10;0
20052;446;837;10;14;10;0
20053;434;837;10;14;10;0
20054;422;837;10;14;10;0
20055;134;837;10;14;10;0
20056;530;837;10;14;10;0
20057;122;837;10;14;10;0
20058;4058;821;10;14;10;0
20059;3890;821;10;14;10;0
20060;3878;821;10;14;10;0
20061;3866;821;10;14;10;0
20062;3854;821;10;14;10;0
20063;3842;821;10;14;10;0
20064;3830;821;10;14;10;0
20065;3818;821;10;14;10;0
20066;3806;821;10;14;10;0
20070;3794;821;10;14;10;0
20073;3782;821;10;14;10;0
20074;3770;821;10;14;10;0
20080;3758;821;10;14;10;0
20081;3746;821;10;14;10;0
20083;3734;821;10;14;10;0
20088;3722;821;10;14;10;0
20094;3710;821;10;14;10;0
20096;3698;821;10;14;10;0
20098;3686;821;10;14;10;0
20101;3674;821;10;14;10;0
20102;3902;821;10;14;10;0
20103;3914;821;10;14;10;0
20104;3926;821;10;14;10;0
20105;3938;821;10;14;10;0
20106;86;837;10;14;10;0
20107;74;837;10;14;10;0
20108;62;837;10;14;10;0
20109;50;837;10;14;10;0
20110;38;837;10;14;10;0
20111;26;837;10;14;10;0
20113;14;837;10;14;10;0
20114;2;837;10;14;10;0
20115;4082;821;10;14;10;0
20116;98;837;10;14;10;0
20117;4070;821;10;14;10;0
20118;4046;821;10;14;10;0
20119;4034;821;10;14;10;0
20120;4022;821;10;14;10;0
20121;4010;821;10;14;10;0
20122;3998;821;10;14;10;0
20123;3986;821;10;14;10;0
20124;3974;821;10;14;10;0
20126;3962;821;10;14;10;0
20127;3950;821;10;14;10;0
20128;110;837;10;14;10;0
20129;686;837;10;14;10;0
20130;1238;837;10;14;10;0
20132;698;837;10;14;10;0
20133;1490;837;10;14;10;0
20134;1478;837;10;14;10;0
20135;1466;837;10;14;10;0
20136;1454;837;10;14;10;0
20137;1442;837;10;14;10;0
20139;1430;837;10;14;10;0
20140;1418;837;10;14;10;0
20141;1406;837;10;14;10;0
20142;1394;837;10;14;10;0
20143;1382;837;10;14;10;0
20144;1370;837;10;14;10;0
20146;1358;837;10;14;10;0
20147;1346;837;10;14;10;0
20149;1334;837;10;14;10;0
20150;1322;837;10;14;10;0
20154;1310;837;10;14;10;0
20155;1298;837;10;14;10;0
20156;1286;837;10;14;10;0
20158;1274;837;10;14;10;0
20159;1502;837;10;14;10;0
20160;1514;837;10;14;10;0
20161;1526;837;10;14;10;0
20162;1538;837;10;14;10;0
20163;1778;837;10;14;10;0
20164;1766;837;10;14;10;0
20165;1754;837;10;14;10;0
20166;1742;837;10;14;10;0
20167;1730;837;10;14;10;0
20169;1718;837;10;14;10;0
20170;1706;837;10;14;10;0
20171;1694;837;10;14;10;0
20173;1682;837;10;14;10;0
20174;1790;837;10;14;10;0
20175;1670;837;10;14;10;0
20177;1646;837;10;14;10;0
20179;1634;837;10;14;10;0
20180;1622;837;10;14;10;0
20181;1610;837;10;14;10;0
20182;1598;837;10;14;10;0
20183;1586;837;10;14;10;0
20184;1574;837;10;14;10;0
20185;1562;837;10;14;10;0
20189;1550;837;10;14;10;0
20190;1262;837;10;14;10;0
20191;1658;837;10;14;10;0
20193;1250;837;10;14;10;0
20195;1094;837;10;14;10;0
20196;926;837;10;14;10;0
20197;914;837;10;14;10;0
20200;902;837;10;14;10;0
20202;890;837;10;14;10;0
20203;878;837;10;14;10;0
20204;866;837;10;14;10;0
20205;854;837;10;14;10;0
20206;842;837;10;14;10;0
20208;830;837;10;14;10;0
20210;818;837;10;14;10;0
20211;806;837;10;14;10;0
20213;794;837;10;14;10;0
20214;782;837;10;14;10;0
20215;770;837;10;14;10;0
20217;758;837;10;14;10;0
20219;746;837;10;14;10;0
20220;734;837;10;14;10;0
20221;722;837;10;14;10;0
20223;710;837;10;14;10;0
20225;938;837;10;14;10;0
20227;950;837;10;14;10;0
20232;962;837;10;14;10;0
20233;974;837;10;14;10;0
20234;1214;837;10;14;10;0
20235;1202;837;10;14;10;0
20237;1190;837;10;14;10;0
20238;1178;837;10;14;10;0
20239;1166;837;10;14;10;0
20240;1154;837;10;14;10;0
20241;1142;837;10;14;10;0
20245;1130;837;10;14;10;0
20247;1118;837;10;14;10;0
20248;1226;837;10;14;10;0
20249;1106;837;10;14;10;0
20250;1082;837;10;14;10;0
20252;1070;837;10;14;10;0
20253;1058;837;10;14;10;0
20254;1046;837;10;14;10;0
20255;1034;837;10;14;10;0
20256;1022;837;10;14;10;0
20260;1010;837;10;14;10;0
20261;998;837;10;14;10;0
20262;986;837;10;14;10;0
20264;3662;821;10;14;10;0
20266;3650;821;10;14;10;0
20267;3638;821;10;14;10;0
20271;3074;821;10;14;10;0
20272;2198;821;10;14;10;0
20276;2186;821;10;14;10;0
20278;2174;821;10;14;10;0
20280;2162;821;10;14;10;0
20281;2150;821;10;14;10;0
20282;2138;821;10;14;10;0
20284;2126;821;10;14;10;0
20285;2114;821;10;14;10;0
20286;2102;821;10;14;10;0
20287;2090;821;10;14;10;0
20291;2078;821;10;14;10;0
20292;2066;821;10;14;10;0
20294;2054;821;10;14;10;0
20295;2042;821;10;14;10;0
20296;2030;821;10;14;10;0
20301;2018;821;10;14;10;0
20302;2006;821;10;14;10;0
20303;1994;821;10;14;10;0
20304;1982;821;10;14;10;0
20305;2210;821;10;14;10;0
20307;2222;821;10;14;10;0
20308;2234;821;10;14;10;0
20309;2246;821;10;14;10;0
20310;2486;821;10;14;10;0
20311;2474;821;10;14;10;0
20312;2462;821;10;14;10;0
20313;2450;821;10;14;10;0
20314;2438;821;10;14;10;0
20315;2426;821;10;14;10;0
20316;2414;821;10;14;10;0
20317;2402;821;10;14;10;0
20318;2390;821;10;14;10;0
20319;2498;821;10;14;10;0
20320;2378;821;10;14;10;0
20322;2354;821;10;14;10;0
20323;2342;821;10;14;10;0
20324;2330;821;10;14;10;0
20329;2318;821;10;14;10;0
20330;2306;821;10;14;10;0
20332;2294;821;10;14;10;0
20335;2282;821;10;14;10;0
20336;2270;821;10;14;10;0
20339;2258;821;10;14;10;0
20340;1970;821;10;14;10;0
20341;1958;821;10;14;10;0
20342;1946;821;10;14;10;0
20346;1670;821;10;14;10;0
20347;1646;821;10;14;10;0
20348;1634;821;10;14;10;0
20350;1622;821;10;14;10;0
20351;1610;821;10;14;10;0
20355;1598;821;10;14;10;0
20356;1586;821;10;14;10;0
20358;1574;821;10;14;10;0
20360;1562;821;10;14;10;0
20363;1550;821;10;14;10;0
20365;1538;821;10;14;10;0
20367;1526;821;10;14;10;0
20369;1514;821;10;14;10;0
20372;1502;821;10;14;10;0
20374;1490;821;10;14;10;0
20375;1478;821;10;14;10;0
20376;1466;821;10;14;10;0
20379;1454;821;10;14;10;0
20381;1442;821;10;14;10;0
20384;1430;821;10;14;10;0
20385;1658;821;10;14;10;0
20387;1682;821;10;14;10;0
20389;1934;821;10;14;10;0
20390;1694;821;10;14;10;0
20391;1922;821;10;14;10;0
20392;1910;821;10;14;10;0
20393;1898;821;10;14;10;0
20395;1886;821;10;14;10;0
20397;1874;821;10;14;10;0
20398;1862;821;10;14;10;0
20399;1850;821;10;14;10;0
20401;1838;821;10;14;10;0
20405;1826;821;10;14;10;0
20406;1814;821;10;14;10;0
20407;1802;821;10;14;10;0
20415;1790;821;10;14;10;0
20418;1778;821;10;14;10;0
20419;1766;821;10;14;10;0
20420;1754;821;10;14;10;0
20422;1742;821;10;14;10;0
20425;1730;821;10;14;10;0
20426;1718;821;10;14;10;0
20427;1706;821;10;14;10;0
20428;2366;821;10;14;10;0
20430;2510;821;10;14;10;0
20431;2522;821;10;14;10;0
20432;2534;821;10;14;10;0
20433;3326;821;10;14;10;0
20436;3314;821;10;14;10;0
20439;3302;821;10;14;10;0
20440;3290;821;10;14;10;0
20442;3278;821;10;14;10;0
20443;3266;821;10;14;10;0
20445;3254;821;10;14;10;0
20446;3242;821;10;14;10;0
20447;3230;821;10;14;10;0
20448;3218;821;10;14;10;0
20449;3206;821;10;14;10;0
20450;3194;821;10;14;10;0
20451;3182;821;10;14;10;0
20452;3170;821;10;14;10;0
20453;3158;821;10;14;10;0
20456;3146;821;10;14;10;0
20457;3134;821;10;14;10;0
20458;3122;821;10;14;10;0
20460;3110;821;10;14;10;0
20461;3338;821;10;14;10;0
20462;3350;821;10;14;10;0
20463;3362;821;10;14;10;0
20465;3374;821;10;14;10;0
20467;3614;821;10;14;10;0
20469;3602;821;10;14;10;0
20470;3590;821;10;14;10;0
20472;3578;821;10;14;10;0
20474;3566;821;10;14;10;0
20478;3554;821;10;14;10;0
20480;3542;821;10;14;10;0
20485;3530;821;10;14;10;0
20486;3518;821;10;14;10;0
20488;3626;821;10;14;10;0
20489;3506;821;10;14;10;0
20491;3482;821;10;14;10;0
20492;3470;821;10;14;10;0
20493;3458;821;10;14;10;0
20495;3446;821;10;14;10;0
20497;3434;821;10;14;10;0
20498;3422;821;10;14;10;0
20500;3410;821;10;14;10;0
20502;3398;821;10;14;10;0
20504;3386;821;10;14;10;0
20505;3098;821;10;14;10;0
20506;3494;821;10;14;10;0
20508;3086;821;10;14;10;0
20511;2930;821;10;14;10;0
20513;2762;821;10;14;10;0
20514;2750;821;10;14;10;0
20515;2738;821;10;14;10;0
20516;2726;821;10;14;10;0
20517;2714;821;10;14;10;0
20518;2702;821;10;14;10;0
20520;2690;821;10;14;10;0
20521;2678;821;10;14;10;0
20522;2666;821;10;14;10;0
20523;2654;821;10;14;10;0
20524;2642;821;10;14;10;0
20525;2630;821;10;14;10;0
20534;2618;821;10;14;10;0
20537;2606;821;10;14;10;0
20538;2594;821;10;14;10;0
20540;2582;821;10;14;10;0
20542;2570;821;10;14;10;0
20547;2558;821;10;14;10;0
20551;2546;821;10;14;10;0
20552;2774;821;10;14;10;0
20553;2786;821;10;14;10;0
20556;2798;821;10;14;10;0
20558;2810;821;10;14;10;0
20559;3050;821;10;14;10;0
20560;3038;821;10;14;10;0
20565;3026;821;10;14;10;0
20566;3014;821;10;14;10;0
20568;3002;821;10;14;10;0
20570;2990;821;10;14;10;0
20572;2978;821;10;14;10;0
20581;2966;821;10;14;10;0
20588;2954;821;10;14;10;0
20589;3062;821;10;14;10;0
20591;2942;821;10;14;10;0
20594;2918;821;10;14;10;0
20596;2906;821;10;14;10;0
20597;2894;821;10;14;10;0
20598;2882;821;10;14;10;0
20599;2870;821;10;14;10;0
20600;2858;821;10;14;10;0
20602;2846;821;10;14;10;0
20605;2834;821;10;14;10;0
20607;2822;821;10;14;10;0
20608;1022;805;10;14;10;0
20613;1010;805;10;14;10;0
20616;998;805;10;14;10;0
20620;602;789;10;14;10;0
20621;3254;773;10;14;10;0
20625;3242;773;10;14;10;0
20629;3230;773;10;14;10;0
20630;3218;773;10;14;10;0
20632;3206;773;10;14;10;0
20633;3194;773;10;14;10;0
20634;3182;773;10;14;10;0
20636;3170;773;10;14;10;0
20642;3158;773;10;14;10;0
20643;3146;773;10;14;10;0
20648;3134;773;10;14;10;0
20652;3122;773;10;14;10;0
20653;3110;773;10;14;10;0
20655;3098;773;10;14;10;0
20658;3086;773;10;14;10;0
20659;3074;773;10;14;10;0
20660;3062;773;10;14;10;0
20661;3050;773;10;14;10;0
20663;3038;773;10;14;10;0
20667;3266;773;10;14;10;0
20670;3278;773;10;14;10;0
20674;3290;773;10;14;10;0
20677;3302;773;10;14;10;0
20679;3542;773;10;14;10;0
20681;3530;773;10;14;10;0
20682;3518;773;10;14;10;0
20685;3506;773;10;14;10;0
20686;3494;773;10;14;10;0
20687;3482;773;10;14;10;0
20689;3470;773;10;14;10;0
20693;3458;773;10;14;10;0
20694;3446;773;10;14;10;0
20698;3554;773;10;14;10;0
20702;3434;773;10;14;10;0
20707;3410;773;10;14;10;0
20709;3398;773;10;14;10;0
20710;3386;773;10;14;10;0
20711;3374;773;10;14;10;0
20712;3362;773;10;14;10;0
20713;3350;773;10;14;10;0
20715;3338;773;10;14;10;0
20717;3326;773;10;14;10;0
20718;3314;773;10;14;10;0
20721;3026;773;10;14;10;0
20723;3014;773;10;14;10;0
20725;3002;773;10;14;10;0
20729;2726;773;10;14;10;0
20730;2702;773;10;14;10;0
20731;2690;773;10;14;10;0
20736;2678;773;10;14;10;0
20737;2666;773;10;14;10;0
20738;2654;773;10;14;10;0
20740;2642;773;10;14;10;0
20741;2630;773;10;14;10;0
20742;2618;773;10;14;10;0
20744;2606;773;10;14;10;0
20745;2594;773;10;14;10;0
20752;2582;773;10;14;10;0
20754;2570;773;10;14;10;0
20756;2558;773;10;14;10;0
20757;2546;773;10;14;10;0
20758;2534;773;10;14;10;0
20760;2522;773;10;14;10;0
20762;2510;773;10;14;10;0
20767;2498;773;10;14;10;0
20769;2486;773;10;14;10;0
20778;2714;773;10;14;10;0
20786;2738;773;10;14;10;0
20787;2990;773;10;14;10;0
20791;2750;773;10;14;10;0
20792;2978;773;10;14;10;0
20794;2966;773;10;14;10;0
20795;2954;773;10;14;10;0
20796;2942;773;10;14;10;0
20799;2930;773;10;14;10;0
20800;2918;773;10;14;10;0
20801;2906;773;10;14;10;0
20803;2894;773;10;14;10;0
20804;2882;773;10;14;10;0
20805;2870;773;10;14;10;0
20806;2858;773;10;14;10;0
20807;2846;773;10;14;10;0
20808;2834;773;10;14;10;0
20809;2822;773;10;14;10;0
20811;2810;773;10;14;10;0
20812;2798;773;10;14;10;0
20813;2786;773;10;14;10;0
20814;2774;773;10;14;10;0
20816;2762;773;10;14;10;0
20817;3422;773;10;14;10;0
20818;3566;773;10;14;10;0
20820;3578;773;10;14;10;0
20821;3590;773;10;14;10;0
20822;290;789;10;14;10;0
20823;278;789;10;14;10;0
20825;266;789;10;14;10;0
20826;254;789;10;14;10;0
20827;242;789;10;14;10;0
20828;230;789;10;14;10;0
20829;218;789;10;14;10;0
20830;206;789;10;14;10;0
20833;194;789;10;14;10;0
20834;182;789;10;14;10;0
20835;170;789;10;14;10;0
20837;158;789;10;14;10;0
20839;146;789;10;14;10;0
20840;134;789;10;14;10;0
20841;122;789;10;14;10;0
20842;110;789;10;14;10;0
20843;98;789;10;14;10;0
20844;86;789;10;14;10;0
20845;74;789;10;14;10;0
20846;302;789;10;14;10;0
20848;314;789;10;14;10;0
20849;326;789;10;14;10;0
20851;338;789;10;14;10;0
20852;578;789;10;14;10;0
20853;566;789;10;14;10;0
20854;554;789;10;14;10;0
20855;542;789;10;14;10;0
20856;530;789;10;14;10;0
20857;518;789;10;14;10;0
20859;506;789;10;14;10;0
20860;494;789;10;14;10;0
20861;482;789;10;14;10;0
20864;590;789;10;14;10;0
20865;470;789;10;14;10;0
20866;446;789;10;14;10;0
20869;434;789;10;14;10;0
20870;422;789;10;14;10;0
20871;410;789;10;14;10;0
20872;398;789;10;14;10;0
20873;386;789;10;14;10;0
20874;374;789;10;14;10;0
20876;362;789;10;14;10;0
20877;350;789;10;14;10;0
20879;62;789;10;14;10;0
20880;458;789;10;14;10;0
20881;50;789;10;14;10;0
20882;3986;773;10;14;10;0
20883;3818;773;10;14;10;0
20885;3806;773;10;14;10;0
20886;3794;773;10;14;10;0
20887;3782;773;10;14;10;0
20889;3770;773;10;14;10;0
20890;3758;773;10;14;10;0
20891;3746;773;10;14;10;0
20892;3734;773;10;14;10;0
20893;3722;773;10;14;10;0
20896;3710;773;10;14;10;0
20898;3698;773;10;14;10;0
20900;3686;773;10;14;10;0
20901;3674;773;10;14;10;0
20902;3662;773;10;14;10;0
20903;3650;773;10;14;10;0
20904;3638;773;10;14;10;0
20905;3626;773;10;14;10;0
20906;3614;773;10;14;10;0
20907;3602;773;10;14;10;0
20908;3830;773;10;14;10;0
20911;3842;773;10;14;10;0
20912;3854;773;10;14;10;0
20913;3866;773;10;14;10;0
20914;14;789;10;14;10;0
20915;2;789;10;14;10;0
20916;4082;773;10;14;10;0
20917;4070;773;10;14;10;0
20918;4058;773;10;14;10;0
20919;4046;773;10;14;10;0
20923;4034;773;10;14;10;0
20924;4022;773;10;14;10;0
20925;4010;773;10;14;10;0
20926;26;789;10;14;10;0
20927;3998;773;10;14;10;0
20928;3974;773;10;14;10;0
20931;3962;773;10;14;10;0
20932;3950;773;10;14;10;0
20933;3938;773;10;14;10;0
20934;3926;773;10;14;10;0
20935;3914;773;10;14;10;0
20936;3902;773;10;14;10;0
20937;3890;773;10;14;10;0
20938;3878;773;10;14;10;0
20939;2474;773;10;14;10;0
20940;38;789;10;14;10;0
20941;2462;773;10;14;10;0
20943;1886;773;10;14;10;0
20945;1010;773;10;14;10;0
20950;998;773;10;14;10;0
20955;986;773;10;14;10;0
20956;974;773;10;14;10;0
20957;962;773;10;14;10;0
20960;950;773;10;14;10;0
20961;938;773;10;14;10;0
20962;926;773;10;14;10;0
20963;914;773;10;14;10;0
20964;902;773;10;14;10;0
20966;890;773;10;14;10;0
20967;878;773;10;14;10;0
20969;866;773;10;14;10;0
20970;854;773;10;14;10;0
20971;842;773;10;14;10;0
20973;830;773;10;14;10;0
20975;818;773;10;14;10;0
20976;806;773;10;14;10;0
20977;794;773;10;14;10;0
20979;1022;773;10;14;10;0
20981;1034;773;10;14;10;0
20982;1046;773;10;14;10;0
20984;1058;773;10;14;10;0
20985;1298;773;10;14;10;0
20986;1286;773;10;14;10;0
20987;1274;773;10;14;10;0
20989;1262;773;10;14;10;0
20990;1250;773;10;14;10;0
20991;1238;773;10;14;10;0
20992;1226;773;10;14;10;0
20993;1214;773;10;14;10;0
20994;1202;773;10;14;10;0
20995;1310;773;10;14;10;0
20996;1190;773;10;14;10;0
20998;1166;773;10;14;10;0
20999;1154;773;10;14;10;0
21000;1142;773;10;14;10;0
21002;1130;773;10;14;10;0
21003;1118;773;10;14;10;0
21006;1106;773;10;14;10;0
21009;1094;773;10;14;10;0
21010;1082;773;10;14;10;0
21012;1070;773;10;14;10;0
21014;782;773;10;14;10;0
21015;770;773;10;14;10;0
21016;758;773;10;14;10;0
21017;482;773;10;14;10;0
21018;458;773;10;14;10;0
21019;446;773;10;14;10;0
21021;434;773;10;14;10;0
21024;422;773;10;14;10;0
21027;410;773;10;14;10;0
21028;398;773;10;14;10;0
21029;386;773;10;14;10;0
21031;374;773;10;14;10;0
21032;362;773;10;14;10;0
21033;350;773;10;14;10;0
21034;338;773;10;14;10;0
21035;326;773;10;14;10;0
21038;314;773;10;14;10;0
21040;302;773;10;14;10;0
21043;290;773;10;14;10;0
21046;278;773;10;14;10;0
21047;266;773;10;14;10;0
21048;254;773;10;14;10;0
21049;242;773;10;14;10;0
21050;470;773;10;14;10;0
21051;494;773;10;14;10;0
21053;746;773;10;14;10;0
21057;506;773;10;14;10;0
21058;734;773;10;14;10;0
21059;722;773;10;14;10;0
21060;710;773;10;14;10;0
21063;698;773;10;14;10;0
21065;686;773;10;14;10;0
21066;674;773;10;14;10;0
21067;662;773;10;14;10;0
21068;650;773;10;14;10;0
21069;638;773;10;14;10;0
21070;626;773;10;14;10;0
21071;614;773;10;14;10;0
21072;602;773;10;14;10;0
21073;590;773;10;14;10;0
21076;578;773;10;14;10;0
21078;566;773;10;14;10;0
21083;554;773;10;14;10;0
21084;542;773;10;14;10;0
21085;530;773;10;14;10;0
21086;518;773;10;14;10;0
21091;1178;773;10;14;10;0
21092;1322;773;10;14;10;0
21093;1334;773;10;14;10;0
21095;1346;773;10;14;10;0
21097;2138;773;10;14;10;0
21098;2126;773;10;14;10;0
21102;2114;773;10;14;10;0
21103;2102;773;10;14;10;0
21104;2090;773;10;14;10;0
21105;2078;773;10;14;10;0
21106;2066;773;10;14;10;0
21107;2054;773;10;14;10;0
21108;2042;773;10;14;10;0
21109;2030;773;10;14;10;0
21111;2018;773;10;14;10;0
21117;2006;773;10;14;10;0
21118;1994;773;10;14;10;0
21119;1982;773;10;14;10;0
21121;1970;773;10;14;10;0
21122;1958;773;10;14;10;0
21123;1946;773;10;14;10;0
21124;1934;773;10;14;10;0
21127;1922;773;10;14;10;0
21128;2150;773;10;14;10;0
21129;2162;773;10;14;10;0
21130;2174;773;10;14;10;0
21133;2186;773;10;14;10;0
21135;2426;773;10;14;10;0
21137;2414;773;10;14;10;0
21138;2402;773;10;14;10;0
21139;2390;773;10;14;10;0
21140;2378;773;10;14;10;0
21142;2366;773;10;14;10;0
21147;2354;773;10;14;10;0
21149;2342;773;10;14;10;0
21150;2330;773;10;14;10;0
21151;2438;773;10;14;10;0
21152;2318;773;10;14;10;0
21153;2294;773;10;14;10;0
21155;2282;773;10;14;10;0
21158;2270;773;10;14;10;0
21160;2258;773;10;14;10;0
21161;2246;773;10;14;10;0
21162;2234;773;10;14;10;0
21163;2222;773;10;14;10;0
21164;2210;773;10;14;10;0
21165;2198;773;10;14;10;0
21169;1910;773;10;14;10;0
21170;2306;773;10;14;10;0
21171;1898;773;10;14;10;0
21172;1742;773;10;14;10;0
21173;1574;773;10;14;10;0
21177;1562;773;10;14;10;0
21179;1550;773;10;14;10;0
21180;1538;773;10;14;10;0
21182;1526;773;10;14;10;0
21183;1514;773;10;14;10;0
21185;1502;773;10;14;10;0
21187;1490;773;10;14;10;0
21189;1478;773;10;14;10;0
21191;1466;773;10;14;10;0
21193;1454;773;10;14;10;0
21195;1442;773;10;14;10;0
21197;1430;773;10;14;10;0
21202;1418;773;10;14;10;0
21205;1406;773;10;14;10;0
21207;1394;773;10;14;10;0
21208;1382;773;10;14;10;0
21209;1370;773;10;14;10;0
21211;1358;773;10;14;10;0
21213;1586;773;10;14;10;0
21214;1598;773;10;14;10;0
21215;1610;773;10;14;10;0
21216;1622;773;10;14;10;0
21218;1862;773;10;14;10;0
21219;1850;773;10;14;10;0
21220;1838;773;10;14;10;0
21221;1826;773;10;14;10;0
21222;1814;773;10;14;10;0
21223;1802;773;10;14;10;0
21232;1790;773;10;14;10;0
21234;1778;773;10;14;10;0
21235;1766;773;10;14;10;0
21237;1874;773;10;14;10;0
21239;1754;773;10;14;10;0
21240;1730;773;10;14;10;0
21241;1718;773;10;14;10;0
21242;1706;773;10;14;10;0
21243;1694;773;10;14;10;0
21246;1682;773;10;14;10;0
21247;1670;773;10;14;10;0
21248;1658;773;10;14;10;0
21249;1646;773;10;14;10;0
21250;1634;773;10;14;10;0
21253;2450;773;10;14;10;0
21254;614;789;10;14;10;0
21256;2846;789;10;14;10;0
21259;626;789;10;14;10;0
21261;3650;789;10;14;10;0
21263;3638;789;10;14;10;0
21264;3626;789;10;14;10;0
21269;3614;789;10;14;10;0
21270;3602;789;10;14;10;0
21271;3590;789;10;14;10;0
21273;3578;789;10;14;10;0
21274;3566;789;10;14;10;0
21277;3554;789;10;14;10;0
21280;3542;789;10;14;10;0
21281;3530;789;10;14;10;0
21283;3518;789;10;14;10;0
21290;3506;789;10;14;10;0
21293;3494;789;10;14;10;0
21294;3482;789;10;14;10;0
21295;3470;789;10;14;10;0
21297;3458;789;10;14;10;0
21299;3446;789;10;14;10;0
21304;3434;789;10;14;10;0
21305;3662;789;10;14;10;0
21306;3674;789;10;14;10;0
21307;3686;789;10;14;10;0
21310;3698;789;10;14;10;0
21311;3938;789;10;14;10;0
21312;3926;789;10;14;10;0
21313;3914;789;10;14;10;0
21315;3902;789;10;14;10;0
21316;3890;789;10;14;10;0
21317;3878;789;10;14;10;0
21318;3866;789;10;14;10;0
21319;3854;789;10;14;10;0
21320;3842;789;10;14;10;0
21321;3950;789;10;14;10;0
21322;3830;789;10;14;10;0
21323;3806;789;10;14;10;0
21324;3794;789;10;14;10;0
21325;3782;789;10;14;10;0
21326;3770;789;10;14;10;0
21327;3758;789;10;14;10;0
21328;3746;789;10;14;10;0
21329;3734;789;10;14;10;0
21330;3722;789;10;14;10;0
21331;3710;789;10;14;10;0
21332;3422;789;10;14;10;0
21333;3410;789;10;14;10;0
21334;3398;789;10;14;10;0
21335;3122;789;10;14;10;0
21336;3098;789;10;14;10;0
21338;3086;789;10;14;10;0
21340;3074;789;10;14;10;0
21342;3062;789;10;14;10;0
21343;3050;789;10;14;10;0
21344;3038;789;10;14;10;0
21345;3026;789;10;14;10;0
21346;3014;789;10;14;10;0
21348;3002;789;10;14;10;0
21349;2990;789;10;14;10;0
21350;2978;789;10;14;10;0
21351;2966;789;10;14;10;0
21352;2954;789;10;14;10;0
21353;2942;789;10;14;10;0
21355;2930;789;10;14;10;0
21356;2918;789;10;14;10;0
21358;2906;789;10;14;10;0
21359;2894;789;10;14;10;0
21360;2882;789;10;14;10;0
21361;3110;789;10;14;10;0
21363;3134;789;10;14;10;0
21364;3386;789;10;14;10;0
21365;3146;789;10;14;10;0
21367;3374;789;10;14;10;0
21368;3362;789;10;14;10;0
21369;3350;789;10;14;10;0
21371;3338;789;10;14;10;0
21373;3326;789;10;14;10;0
21375;3314;789;10;14;10;0
21378;3302;789;10;14;10;0
21379;3290;789;10;14;10;0
21380;3278;789;10;14;10;0
21381;3266;789;10;14;10;0
21382;3254;789;10;14;10;0
21385;3242;789;10;14;10;0
21387;3230;789;10;14;10;0
21388;3218;789;10;14;10;0
21390;3206;789;10;14;10;0
21397;3194;789;10;14;10;0
21398;3182;789;10;14;10;0
21400;3170;789;10;14;10;0
21401;3158;789;10;14;10;0
21402;3818;789;10;14;10;0
21405;3962;789;10;14;10;0
21407;3974;789;10;14;10;0
21408;3986;789;10;14;10;0
21410;686;805;10;14;10;0
21413;674;805;10;14;10;0
21414;662;805;10;14;10;0
21416;650;805;10;14;10;0
21417;638;805;10;14;10;0
21421;626;805;10;14;10;0
21422;614;805;10;14;10;0
21424;602;805;10;14;10;0
21426;590;805;10;14;10;0
21427;578;805;10;14;10;0
21428;566;805;10;14;10;0
21430;554;805;10;14;10;0
21435;542;805;10;14;10;0
21439;530;805;10;14;10;0
21441;518;805;10;14;10;0
21442;506;805;10;14;10;0
21443;494;805;10;14;10;0
21448;482;805;10;14;10;0
21449;470;805;10;14;10;0
21450;698;805;10;14;10;0
21451;710;805;10;14;10;0
21452;722;805;10;14;10;0
21453;734;805;10;14;10;0
21454;974;805;10;14;10;0
21457;962;805;10;14;10;0
21458;950;805;10;14;10;0
21460;938;805;10;14;10;0
21461;926;805;10;14;10;0
21462;914;805;10;14;10;0
21463;902;805;10;14;10;0
21464;890;805;10;14;10;0
21465;878;805;10;14;10;0
21466;986;805;10;14;10;0
21467;866;805;10;14;10;0
21471;842;805;10;14;10;0
21472;830;805;10;14;10;0
21473;818;805;10;14;10;0
21474;806;805;10;14;10;0
21475;794;805;10;14;10;0
21476;782;805;10;14;10;0
21477;770;805;10;14;10;0
21478;758;805;10;14;10;0
21480;746;805;10;14;10;0
21481;458;805;10;14;10;0
21482;854;805;10;14;10;0
21483;446;805;10;14;10;0
21484;290;805;10;14;10;0
21485;122;805;10;14;10;0
21486;110;805;10;14;10;0
21487;98;805;10;14;10;0
21488;86;805;10;14;10;0
21489;74;805;10;14;10;0
21490;62;805;10;14;10;0
21491;50;805;10;14;10;0
21493;38;805;10;14;10;0
21494;26;805;10;14;10;0
21495;14;805;10;14;10;0
21496;2;805;10;14;10;0
21497;4082;789;10;14;10;0
21498;4070;789;10;14;10;0
21499;4058;789;10;14;10;0
21500;4046;789;10;14;10;0
21501;4034;789;10;14;10;0
21502;4022;789;10;14;10;0
21505;4010;789;10;14;10;0
21507;3998;789;10;14;10;0
21508;134;805;10;14;10;0
21510;146;805;10;14;10;0
21512;158;805;10;14;10;0
21513;170;805;10;14;10;0
21514;410;805;10;14;10;0
21515;398;805;10;14;10;0
21516;386;805;10;14;10;0
21517;374;805;10;14;10;0
21518;362;805;10;14;10;0
21519;350;805;10;14;10;0
21520;338;805;10;14;10;0
21521;326;805;10;14;10;0
21522;314;805;10;14;10;0
21523;422;805;10;14;10;0
21524;302;805;10;14;10;0
21525;278;805;10;14;10;0
21526;266;805;10;14;10;0
21527;254;805;10;14;10;0
21531;242;805;10;14;10;0
21532;230;805;10;14;10;0
21533;218;805;10;14;10;0
21534;206;805;10;14;10;0
21535;194;805;10;14;10;0
21536;182;805;10;14;10;0
21537;2870;789;10;14;10;0
21542;434;805;10;14;10;0
21543;2858;789;10;14;10;0
21544;2282;789;10;14;10;0
21545;1406;789;10;14;10;0
21546;1394;789;10;14;10;0
21547;1382;789;10;14;10;0
21548;1370;789;10;14;10;0
21549;1358;789;10;14;10;0
21550;1346;789;10;14;10;0
21551;1334;789;10;14;10;0
21553;1322;789;10;14;10;0
21555;1310;789;10;14;10;0
21556;1298;789;10;14;10;0
21557;1286;789;10;14;10;0
21558;1274;789;10;14;10;0
21560;1262;789;10;14;10;0
21561;1250;789;10;14;10;0
21563;1238;789;10;14;10;0
21564;1226;789;10;14;10;0
21565;1214;789;10;14;10;0
21566;1202;789;10;14;10;0
21567;1190;789;10;14;10;0
21568;1418;789;10;14;10;0
21570;1430;789;10;14;10;0
21571;1442;789;10;14;10;0
21574;1454;789;10;14;10;0
21576;1694;789;10;14;10;0
21577;1682;789;10;14;10;0
21578;1670;789;10;14;10;0
21579;1658;789;10;14;10;0
21582;1646;789;10;14;10;0
21584;1634;789;10;14;10;0
21585;1622;789;10;14;10;0
21587;1610;789;10;14;10;0
21588;1598;789;10;14;10;0
21589;1706;789;10;14;10;0
21591;1586;789;10;14;10;0
21592;1562;789;10;14;10;0
21593;1550;789;10;14;10;0
21595;1538;789;10;14;10;0
21596;1526;789;10;14;10;0
21599;1514;789;10;14;10;0
21600;1502;789;10;14;10;0
21602;1490;789;10;14;10;0
21603;1478;789;10;14;10;0
21604;1466;789;10;14;10;0
21606;1178;789;10;14;10;0
21608;1166;789;10;14;10;0
21610;1154;789;10;14;10;0
21614;878;789;10;14;10;0
21615;854;789;10;14;10;0
21616;842;789;10;14;10;0
21617;830;789;10;14;10;0
21618;818;789;10;14;10;0
21619;806;789;10;14;10;0
21621;794;789;10;14;10;0
21622;782;789;10;14;10;0
21623;770;789;10;14;10;0
21624;758;789;10;14;10;0
21627;746;789;10;14;10;0
21628;734;789;10;14;10;0
21629;722;789;10;14;10;0
21630;710;789;10;14;10;0
21631;698;789;10;14;10;0
21632;686;789;10;14;10;0
21633;674;789;10;14;10;0
21634;662;789;10;14;10;0
21636;650;789;10;14;10;0
21638;638;789;10;14;10;0
21639;866;789;10;14;10;0
21640;890;789;10;14;10;0
21643;1142;789;10;14;10;0
21644;902;789;10;14;10;0
21646;1130;789;10;14;10;0
21647;1118;789;10;14;10;0
21648;1106;789;10;14;10;0
21649;1094;789;10;14;10;0
21650;1082;789;10;14;10;0
21651;1070;789;10;14;10;0
21652;1058;789;10;14;10;0
21653;1046;789;10;14;10;0
21654;1034;789;10;14;10;0
21655;1022;789;10;14;10;0
21656;1010;789;10;14;10;0
21657;998;789;10;14;10;0
21658;986;789;10;14;10;0
21659;974;789;10;14;10;0
21664;962;789;10;14;10;0
21665;950;789;10;14;10;0
21666;938;789;10;14;10;0
21668;926;789;10;14;10;0
21669;914;789;10;14;10;0
21670;1574;789;10;14;10;0
21671;1718;789;10;14;10;0
21672;1730;789;10;14;10;0
21673;1742;789;10;14;10;0
21674;2534;789;10;14;10;0
21675;2522;789;10;14;10;0
21676;2510;789;10;14;10;0
21677;2498;789;10;14;10;0
21679;2486;789;10;14;10;0
21681;2474;789;10;14;10;0
21682;2462;789;10;14;10;0
21683;2450;789;10;14;10;0
21687;2438;789;10;14;10;0
21688;2426;789;10;14;10;0
21689;2414;789;10;14;10;0
21691;2402;789;10;14;10;0
21692;2390;789;10;14;10;0
21693;2378;789;10;14;10;0
21694;2366;789;10;14;10;0
21695;2354;789;10;14;10;0
21696;2342;789;10;14;10;0
21697;2330;789;10;14;10;0
21698;2318;789;10;14;10;0
21699;2546;789;10;14;10;0
21700;2558;789;10;14;10;0
21702;2570;789;10;14;10;0
21703;2582;789;10;14;10;0
21704;2822;789;10;14;10;0
21705;2810;789;10;14;10;0
21707;2798;789;10;14;10;0
21709;2786;789;10;14;10;0
21710;2774;789;10;14;10;0
21711;2762;789;10;14;10;0
21713;2750;789;10;14;10;0
21714;2738;789;10;14;10;0
21715;2726;789;10;14;10;0
21716;2834;789;10;14;10;0
21718;2714;789;10;14;10;0
21719;2690;789;10;14;10;0
21720;2678;789;10;14;10;0
21722;2666;789;10;14;10;0
21725;2654;789;10;14;10;0
21726;2642;789;10;14;10;0
21727;2630;789;10;14;10;0
21729;2618;789;10;14;10;0
21730;2606;789;10;14;10;0
21733;2594;789;10;14;10;0
21734;2306;789;10;14;10;0
21735;2702;789;10;14;10;0
21736;2294;789;10;14;10;0
21737;2138;789;10;14;10;0
21738;1970;789;10;14;10;0
21741;1958;789;10;14;10;0
21742;1946;789;10;14;10;0
21746;1934;789;10;14;10;0
21754;1922;789;10;14;10;0
21756;1910;789;10;14;10;0
21757;1898;789;10;14;10;0
21759;1886;789;10;14;10;0
21761;1874;789;10;14;10;0
21764;1862;789;10;14;10;0
21766;1850;789;10;14;10;0
21767;1838;789;10;14;10;0
21769;1826;789;10;14;10;0
21771;1814;789;10;14;10;0
21774;1802;789;10;14;10;0
21775;1790;789;10;14;10;0
21776;1778;789;10;14;10;0
21777;1766;789;10;14;10;0
21779;1754;789;10;14;10;0
21780;1982;789;10;14;10;0
21782;1994;789;10;14;10;0
21786;2006;789;10;14;10;0
21790;2018;789;10;14;10;0
21792;2258;789;10;14;10;0
21794;2246;789;10;14;10;0
21796;2234;789;10;14;10;0
21797;2222;789;10;14;10;0
21798;2210;789;10;14;10;0
21799;2198;789;10;14;10;0
21802;2186;789;10;14;10;0
21804;2174;789;10;14;10;0
21805;2162;789;10;14;10;0
21806;2270;789;10;14;10;0
21807;2150;789;10;14;10;0
21808;2126;789;10;14;10;0
21809;2114;789;10;14;10;0
21811;2102;789;10;14;10;0
21815;2090;789;10;14;10;0
21816;2078;789;10;14;10;0
21817;2066;789;10;14;10;0
21820;2054;789;10;14;10;0
21822;2042;789;10;14;10;0
21824;2030;789;10;14;10;0
21825;3926;693;10;14;10;0
21827;674;837;10;14;10;0
21828;3914;693;10;14;10;0
21829;2774;693;10;14;10;0
21830;470;613;10;14;10;0
21833;458;613;10;14;10;0
21834;446;613;10;14;10;0
21835;434;613;10;14;10;0
21836;422;613;10;14;10;0
21837;410;613;10;14;10;0
21838;398;613;10;14;10;0
21839;386;613;10;14;10;0
21840;374;613;10;14;10;0
21843;362;613;10;14;10;0
21845;350;613;10;14;10;0
21846;338;613;10;14;10;0
21847;326;613;10;14;10;0
21852;314;613;10;14;10;0
21853;302;613;10;14;10;0
21854;290;613;10;14;10;0
21855;278;613;10;14;10;0
21857;266;613;10;14;10;0
21858;254;613;10;14;10;0
21859;482;613;10;14;10;0
21860;494;613;10;14;10;0
21861;506;613;10;14;10;0
21862;518;613;10;14;10;0
21863;758;613;10;14;10;0
21865;746;613;10;14;10;0
21866;734;613;10;14;10;0
21867;722;613;10;14;10;0
21868;710;613;10;14;10;0
21870;698;613;10;14;10;0
21872;686;613;10;14;10;0
21873;674;613;10;14;10;0
21874;662;613;10;14;10;0
21877;770;613;10;14;10;0
21878;650;613;10;14;10;0
21879;626;613;10;14;10;0
21880;614;613;10;14;10;0
21881;602;613;10;14;10;0
21883;590;613;10;14;10;0
21884;578;613;10;14;10;0
21886;566;613;10;14;10;0
21888;554;613;10;14;10;0
21889;542;613;10;14;10;0
21890;530;613;10;14;10;0
21891;242;613;10;14;10;0
21892;230;613;10;14;10;0
21894;218;613;10;14;10;0
21895;4034;597;10;14;10;0
21897;4010;597;10;14;10;0
21898;3998;597;10;14;10;0
21899;3986;597;10;14;10;0
21902;3974;597;10;14;10;0
21903;3962;597;10;14;10;0
21905;3950;597;10;14;10;0
21908;3938;597;10;14;10;0
21912;3926;597;10;14;10;0
21913;3914;597;10;14;10;0
21914;3902;597;10;14;10;0
21916;3890;597;10;14;10;0
21917;3878;597;10;14;10;0
21918;3866;597;10;14;10;0
21919;3854;597;10;14;10;0
21925;3842;597;10;14;10;0
21927;3830;597;10;14;10;0
21928;3818;597;10;14;10;0
21929;3806;597;10;14;10;0
21930;3794;597;10;14;10;0
21931;4022;597;10;14;10;0
21932;4046;597;10;14;10;0
21934;206;613;10;14;10;0
21936;4058;597;10;14;10;0
21937;194;613;10;14;10;0
21938;182;613;10;14;10;0
21939;170;613;10;14;10;0
21941;158;613;10;14;10;0
21942;146;613;10;14;10;0
21943;134;613;10;14;10;0
21945;122;613;10;14;10;0
21946;110;613;10;14;10;0
21947;98;613;10;14;10;0
21948;86;613;10;14;10;0
21949;74;613;10;14;10;0
21951;62;613;10;14;10;0
21952;50;613;10;14;10;0
21956;38;613;10;14;10;0
21957;26;613;10;14;10;0
21958;14;613;10;14;10;0
21959;2;613;10;14;10;0
21961;4082;597;10;14;10;0
21964;4070;597;10;14;10;0
21965;638;613;10;14;10;0
21966;782;613;10;14;10;0
21968;794;613;10;14;10;0
21969;806;613;10;14;10;0
21970;1598;613;10;14;10;0
21971;1586;613;10;14;10;0
21972;1574;613;10;14;10;0
21974;1562;613;10;14;10;0
21975;1550;613;10;14;10;0
21978;1538;613;10;14;10;0
21980;1526;613;10;14;10;0
21981;1514;613;10;14;10;0
21983;1502;613;10;14;10;0
21985;1490;613;10;14;10;0
21987;1478;613;10;14;10;0
21988;1466;613;10;14;10;0
21989;1454;613;10;14;10;0
21990;1442;613;10;14;10;0
21991;1430;613;10;14;10;0
21992;1418;613;10;14;10;0
21993;1406;613;10;14;10;0
21996;1394;613;10;14;10;0
21998;1382;613;10;14;10;0
21999;1610;613;10;14;10;0
22000;1622;613;10;14;10;0
22001;1634;613;10;14;10;0
22002;1646;613;10;14;10;0
22005;1886;613;10;14;10;0
22006;1874;613;10;14;10;0
22007;1862;613;10;14;10;0
22009;1850;613;10;14;10;0
22011;1838;613;10;14;10;0
22013;1826;613;10;14;10;0
22014;1814;613;10;14;10;0
22016;1802;613;10;14;10;0
22017;1790;613;10;14;10;0
22018;1898;613;10;14;10;0
22021;1778;613;10;14;10;0
22022;1754;613;10;14;10;0
22024;1742;613;10;14;10;0
22025;1730;613;10;14;10;0
22028;1718;613;10;14;10;0
22029;1706;613;10;14;10;0
22030;1694;613;10;14;10;0
22031;1682;613;10;14;10;0
22032;1670;613;10;14;10;0
22035;1658;613;10;14;10;0
22036;1370;613;10;14;10;0
22038;1766;613;10;14;10;0
22039;1358;613;10;14;10;0
22040;1202;613;10;14;10;0
22042;1034;613;10;14;10;0
22043;1022;613;10;14;10;0
22044;1010;613;10;14;10;0
22045;998;613;10;14;10;0
22046;986;613;10;14;10;0
22047;974;613;10;14;10;0
22050;962;613;10;14;10;0
22051;950;613;10;14;10;0
22052;938;613;10;14;10;0
22053;926;613;10;14;10;0
22054;914;613;10;14;10;0
22055;902;613;10;14;10;0
22057;890;613;10;14;10;0
22061;878;613;10;14;10;0
22062;866;613;10;14;10;0
22063;854;613;10;14;10;0
22064;842;613;10;14;10;0
22065;830;613;10;14;10;0
22066;818;613;10;14;10;0
22068;1046;613;10;14;10;0
22070;1058;613;10;14;10;0
22072;1070;613;10;14;10;0
22073;1082;613;10;14;10;0
22075;1322;613;10;14;10;0
22079;1310;613;10;14;10;0
22080;1298;613;10;14;10;0
22081;1286;613;10;14;10;0
22082;1274;613;10;14;10;0
22083;1262;613;10;14;10;0
22089;1250;613;10;14;10;0
22092;1238;613;10;14;10;0
22094;1226;613;10;14;10;0
22095;1334;613;10;14;10;0
22096;1214;613;10;14;10;0
22098;1190;613;10;14;10;0
22099;1178;613;10;14;10;0
22100;1166;613;10;14;10;0
22103;1154;613;10;14;10;0
22104;1142;613;10;14;10;0
22105;1130;613;10;14;10;0
22106;1118;613;10;14;10;0
22107;1106;613;10;14;10;0
22108;1094;613;10;14;10;0
22109;3782;597;10;14;10;0
22112;1346;613;10;14;10;0
22114;3770;597;10;14;10;0
22116;3194;597;10;14;10;0
22117;2318;597;10;14;10;0
22120;2306;597;10;14;10;0
22121;2294;597;10;14;10;0
22122;2282;597;10;14;10;0
22123;2270;597;10;14;10;0
22124;2258;597;10;14;10;0
22127;2246;597;10;14;10;0
22129;2234;597;10;14;10;0
22132;2222;597;10;14;10;0
22134;2210;597;10;14;10;0
22136;2198;597;10;14;10;0
22137;2186;597;10;14;10;0
22138;2174;597;10;14;10;0
22140;2162;597;10;14;10;0
22144;2150;597;10;14;10;0
22148;2138;597;10;14;10;0
22149;2126;597;10;14;10;0
22150;2114;597;10;14;10;0
22151;2102;597;10;14;10;0
22153;2330;597;10;14;10;0
22154;2342;597;10;14;10;0
22158;2354;597;10;14;10;0
22159;2366;597;10;14;10;0
22160;2606;597;10;14;10;0
22163;2594;597;10;14;10;0
22164;2582;597;10;14;10;0
22165;2570;597;10;14;10;0
22169;2558;597;10;14;10;0
22171;2546;597;10;14;10;0
22175;2534;597;10;14;10;0
22176;2522;597;10;14;10;0
22177;2510;597;10;14;10;0
22178;2618;597;10;14;10;0
22179;2498;597;10;14;10;0
22180;2474;597;10;14;10;0
22181;2462;597;10;14;10;0
22182;2450;597;10;14;10;0
22184;2438;597;10;14;10;0
22189;2426;597;10;14;10;0
22190;2414;597;10;14;10;0
22191;2402;597;10;14;10;0
22193;2390;597;10;14;10;0
22195;2378;597;10;14;10;0
22196;2090;597;10;14;10;0
22198;2078;597;10;14;10;0
22199;2066;597;10;14;10;0
22201;1790;597;10;14;10;0
22204;1766;597;10;14;10;0
22207;1754;597;10;14;10;0
22208;1742;597;10;14;10;0
22209;1730;597;10;14;10;0
22210;1718;597;10;14;10;0
22211;1706;597;10;14;10;0
22216;1694;597;10;14;10;0
22217;1682;597;10;14;10;0
22218;1670;597;10;14;10;0
22220;1658;597;10;14;10;0
22221;1646;597;10;14;10;0
22222;1634;597;10;14;10;0
22225;1622;597;10;14;10;0
22226;1610;597;10;14;10;0
22227;1598;597;10;14;10;0
22228;1586;597;10;14;10;0
22230;1574;597;10;14;10;0
22231;1562;597;10;14;10;0
22232;1550;597;10;14;10;0
22234;1778;597;10;14;10;0
22235;1802;597;10;14;10;0
22237;2054;597;10;14;10;0
22238;1814;597;10;14;10;0
22239;2042;597;10;14;10;0
22240;2030;597;10;14;10;0
22241;2018;597;10;14;10;0
22242;2006;597;10;14;10;0
22243;1994;597;10;14;10;0
22244;1982;597;10;14;10;0
22245;1970;597;10;14;10;0
22247;1958;597;10;14;10;0
22250;1946;597;10;14;10;0
22251;1934;597;10;14;10;0
22252;1922;597;10;14;10;0
22253;1910;597;10;14;10;0
22254;1898;597;10;14;10;0
22256;1886;597;10;14;10;0
22257;1874;597;10;14;10;0
22258;1862;597;10;14;10;0
22259;1850;597;10;14;10;0
22260;1838;597;10;14;10;0
22261;1826;597;10;14;10;0
22264;2486;597;10;14;10;0
22265;2630;597;10;14;10;0
22266;2642;597;10;14;10;0
22269;2654;597;10;14;10;0
22270;3446;597;10;14;10;0
22271;3434;597;10;14;10;0
22272;3422;597;10;14;10;0
22275;3410;597;10;14;10;0
22276;3398;597;10;14;10;0
22278;3386;597;10;14;10;0
22279;3374;597;10;14;10;0
22280;3362;597;10;14;10;0
22281;3350;597;10;14;10;0
22283;3338;597;10;14;10;0
22285;3326;597;10;14;10;0
22286;3314;597;10;14;10;0
22287;3302;597;10;14;10;0
22290;3290;597;10;14;10;0
22291;3278;597;10;14;10;0
22294;3266;597;10;14;10;0
22296;3254;597;10;14;10;0
22300;3242;597;10;14;10;0
22303;3230;597;10;14;10;0
22306;3458;597;10;14;10;0
22307;3470;597;10;14;10;0
22310;3482;597;10;14;10;0
22311;3494;597;10;14;10;0
22312;3734;597;10;14;10;0
22313;3722;597;10;14;10;0
22314;3710;597;10;14;10;0
22316;3698;597;10;14;10;0
22317;3686;597;10;14;10;0
22318;3674;597;10;14;10;0
22319;3662;597;10;14;10;0
22320;3650;597;10;14;10;0
22323;3638;597;10;14;10;0
22327;3746;597;10;14;10;0
22328;3626;597;10;14;10;0
22329;3602;597;10;14;10;0
22330;3590;597;10;14;10;0
22331;3578;597;10;14;10;0
22332;3566;597;10;14;10;0
22334;3554;597;10;14;10;0
22336;3542;597;10;14;10;0
22338;3530;597;10;14;10;0
22339;3518;597;10;14;10;0
22343;3506;597;10;14;10;0
22346;3218;597;10;14;10;0
22348;3614;597;10;14;10;0
22349;3206;597;10;14;10;0
22350;3050;597;10;14;10;0
22351;2882;597;10;14;10;0
22352;2870;597;10;14;10;0
22353;2858;597;10;14;10;0
22356;2846;597;10;14;10;0
22359;2834;597;10;14;10;0
22362;2822;597;10;14;10;0
22363;2810;597;10;14;10;0
22364;2798;597;10;14;10;0
22365;2786;597;10;14;10;0
22366;2774;597;10;14;10;0
22367;2762;597;10;14;10;0
22368;2750;597;10;14;10;0
22369;2738;597;10;14;10;0
22372;2726;597;10;14;10;0
22374;2714;597;10;14;10;0
22376;2702;597;10;14;10;0
22377;2690;597;10;14;10;0
22378;2678;597;10;14;10;0
22381;2666;597;10;14;10;0
22383;2894;597;10;14;10;0
22384;2906;597;10;14;10;0
22387;2918;597;10;14;10;0
22389;2930;597;10;14;10;0
22391;3170;597;10;14;10;0
22396;3158;597;10;14;10;0
22398;3146;597;10;14;10;0
22399;3134;597;10;14;10;0
22402;3122;597;10;14;10;0
22403;3110;597;10;14;10;0
22404;3098;597;10;14;10;0
22408;3086;597;10;14;10;0
22409;3074;597;10;14;10;0
22411;3182;597;10;14;10;0
22412;3062;597;10;14;10;0
22418;3038;597;10;14;10;0
22419;3026;597;10;14;10;0
22420;3014;597;10;14;10;0
22426;3002;597;10;14;10;0
22427;2990;597;10;14;10;0
22432;2978;597;10;14;10;0
22434;2966;597;10;14;10;0
22435;2954;597;10;14;10;0
22436;2942;597;10;14;10;0
22438;3758;597;10;14;10;0
22439;1922;613;10;14;10;0
22442;62;629;10;14;10;0
22443;1934;613;10;14;10;0
22446;866;629;10;14;10;0
22448;854;629;10;14;10;0
22449;842;629;10;14;10;0
22451;830;629;10;14;10;0
22453;818;629;10;14;10;0
22455;806;629;10;14;10;0
22458;794;629;10;14;10;0
22459;782;629;10;14;10;0
22464;770;629;10;14;10;0
22466;758;629;10;14;10;0
22467;746;629;10;14;10;0
22470;734;629;10;14;10;0
22475;722;629;10;14;10;0
22478;710;629;10;14;10;0
22482;698;629;10;14;10;0
22483;686;629;10;14;10;0
22484;674;629;10;14;10;0
22485;662;629;10;14;10;0
22486;650;629;10;14;10;0
22487;878;629;10;14;10;0
22488;890;629;10;14;10;0
22490;902;629;10;14;10;0
22492;914;629;10;14;10;0
22494;1154;629;10;14;10;0
22495;1142;629;10;14;10;0
22496;1130;629;10;14;10;0
22497;1118;629;10;14;10;0
22499;1106;629;10;14;10;0
22500;1094;629;10;14;10;0
22503;1082;629;10;14;10;0
22506;1070;629;10;14;10;0
22509;1058;629;10;14;10;0
22511;1166;629;10;14;10;0
22514;1046;629;10;14;10;0
22516;1022;629;10;14;10;0
22519;1010;629;10;14;10;0
22520;998;629;10;14;10;0
22521;986;629;10;14;10;0
22522;974;629;10;14;10;0
22524;962;629;10;14;10;0
22525;950;629;10;14;10;0
22528;938;629;10;14;10;0
22530;926;629;10;14;10;0
22531;638;629;10;14;10;0
22533;626;629;10;14;10;0
22534;614;629;10;14;10;0
22535;338;629;10;14;10;0
22537;314;629;10;14;10;0
22538;302;629;10;14;10;0
22539;290;629;10;14;10;0
22545;278;629;10;14;10;0
22549;266;629;10;14;10;0
22553;254;629;10;14;10;0
22557;242;629;10;14;10;0
22560;230;629;10;14;10;0
22561;218;629;10;14;10;0
22564;206;629;10;14;10;0
22570;194;629;10;14;10;0
22573;182;629;10;14;10;0
22575;170;629;10;14;10;0
22576;158;629;10;14;10;0
22577;146;629;10;14;10;0
22580;134;629;10;14;10;0
22581;122;629;10;14;10;0
22586;110;629;10;14;10;0
22589;98;629;10;14;10;0
22592;326;629;10;14;10;0
22593;350;629;10;14;10;0
22596;602;629;10;14;10;0
22602;362;629;10;14;10;0
22603;590;629;10;14;10;0
22604;578;629;10;14;10;0
22605;566;629;10;14;10;0
22609;554;629;10;14;10;0
22610;542;629;10;14;10;0
22612;530;629;10;14;10;0
22615;518;629;10;14;10;0
22616;506;629;10;14;10;0
22617;494;629;10;14;10;0
22618;482;629;10;14;10;0
22622;470;629;10;14;10;0
22626;458;629;10;14;10;0
22628;446;629;10;14;10;0
22633;434;629;10;14;10;0
22635;422;629;10;14;10;0
22637;410;629;10;14;10;0
22639;398;629;10;14;10;0
22640;386;629;10;14;10;0
22641;374;629;10;14;10;0
22642;1034;629;10;14;10;0
22643;1178;629;10;14;10;0
22645;1190;629;10;14;10;0
22649;1202;629;10;14;10;0
22653;1994;629;10;14;10;0
22654;1982;629;10;14;10;0
22656;1970;629;10;14;10;0
22659;1958;629;10;14;10;0
22661;1946;629;10;14;10;0
22665;1934;629;10;14;10;0
22666;1922;629;10;14;10;0
22673;1910;629;10;14;10;0
22674;1898;629;10;14;10;0
22675;1886;629;10;14;10;0
22679;1874;629;10;14;10;0
22680;1862;629;10;14;10;0
22681;1850;629;10;14;10;0
22684;1838;629;10;14;10;0
22686;1826;629;10;14;10;0
22687;1814;629;10;14;10;0
22691;1802;629;10;14;10;0
22694;1790;629;10;14;10;0
22696;1778;629;10;14;10;0
22697;2006;629;10;14;10;0
22699;2018;629;10;14;10;0
22700;2030;629;10;14;10;0
22702;2042;629;10;14;10;0
22707;2282;629;10;14;10;0
22709;2270;629;10;14;10;0
22710;2258;629;10;14;10;0
22712;2246;629;10;14;10;0
22713;2234;629;10;14;10;0
22714;2222;629;10;14;10;0
22715;2210;629;10;14;10;0
22718;2198;629;10;14;10;0
22721;2186;629;10;14;10;0
22722;2294;629;10;14;10;0
22725;2174;629;10;14;10;0
22726;2150;629;10;14;10;0
22727;2138;629;10;14;10;0
22730;2126;629;10;14;10;0
22732;2114;629;10;14;10;0
22734;2102;629;10;14;10;0
22737;2090;629;10;14;10;0
22739;2078;629;10;14;10;0
22741;2066;629;10;14;10;0
22743;2054;629;10;14;10;0
22744;1766;629;10;14;10;0
22745;2162;629;10;14;10;0
22746;1754;629;10;14;10;0
22748;1598;629;10;14;10;0
22750;1430;629;10;14;10;0
22751;1418;629;10;14;10;0
22752;1406;629;10;14;10;0
22754;1394;629;10;14;10;0
22756;1382;629;10;14;10;0
22757;1370;629;10;14;10;0
22761;1358;629;10;14;10;0
22763;1346;629;10;14;10;0
22764;1334;629;10;14;10;0
22766;1322;629;10;14;10;0
22767;1310;629;10;14;10;0
22768;1298;629;10;14;10;0
22769;1286;629;10;14;10;0
22770;1274;629;10;14;10;0
22771;1262;629;10;14;10;0
22774;1250;629;10;14;10;0
22775;1238;629;10;14;10;0
22777;1226;629;10;14;10;0
22778;1214;629;10;14;10;0
22779;1442;629;10;14;10;0
22780;1454;629;10;14;10;0
22781;1466;629;10;14;10;0
22786;1478;629;10;14;10;0
22788;1718;629;10;14;10;0
22790;1706;629;10;14;10;0
22791;1694;629;10;14;10;0
22793;1682;629;10;14;10;0
22794;1670;629;10;14;10;0
22796;1658;629;10;14;10;0
22797;1646;629;10;14;10;0
22799;1634;629;10;14;10;0
22800;1622;629;10;14;10;0
22804;1730;629;10;14;10;0
22805;1610;629;10;14;10;0
22806;1586;629;10;14;10;0
22808;1574;629;10;14;10;0
22809;1562;629;10;14;10;0
22810;1550;629;10;14;10;0
22811;1538;629;10;14;10;0
22812;1526;629;10;14;10;0
22815;1514;629;10;14;10;0
22816;1502;629;10;14;10;0
22818;1490;629;10;14;10;0
22820;86;629;10;14;10;0
22821;1742;629;10;14;10;0
22823;74;629;10;14;10;0
22825;3590;613;10;14;10;0
22826;2714;613;10;14;10;0
22827;2702;613;10;14;10;0
22828;2690;613;10;14;10;0
22829;2678;613;10;14;10;0
22830;2666;613;10;14;10;0
22831;2654;613;10;14;10;0
22833;2642;613;10;14;10;0
22834;2630;613;10;14;10;0
22836;2618;613;10;14;10;0
22839;2606;613;10;14;10;0
22840;2594;613;10;14;10;0
22841;2582;613;10;14;10;0
22842;2570;613;10;14;10;0
22846;2558;613;10;14;10;0
22848;2546;613;10;14;10;0
22849;2534;613;10;14;10;0
22852;2522;613;10;14;10;0
22855;2510;613;10;14;10;0
22856;2498;613;10;14;10;0
22857;2726;613;10;14;10;0
22859;2738;613;10;14;10;0
22860;2750;613;10;14;10;0
22862;2762;613;10;14;10;0
22863;3002;613;10;14;10;0
22864;2990;613;10;14;10;0
22865;2978;613;10;14;10;0
22868;2966;613;10;14;10;0
22869;2954;613;10;14;10;0
22870;2942;613;10;14;10;0
22871;2930;613;10;14;10;0
22872;2918;613;10;14;10;0
22874;2906;613;10;14;10;0
22880;3014;613;10;14;10;0
22882;2894;613;10;14;10;0
22885;2870;613;10;14;10;0
22887;2858;613;10;14;10;0
22888;2846;613;10;14;10;0
22889;2834;613;10;14;10;0
22890;2822;613;10;14;10;0
22892;2810;613;10;14;10;0
22893;2798;613;10;14;10;0
22894;2786;613;10;14;10;0
22899;2774;613;10;14;10;0
22900;2486;613;10;14;10;0
22902;2474;613;10;14;10;0
22904;2462;613;10;14;10;0
22905;2186;613;10;14;10;0
22908;2162;613;10;14;10;0
22909;2150;613;10;14;10;0
22913;2138;613;10;14;10;0
22914;2126;613;10;14;10;0
22915;2114;613;10;14;10;0
22916;2102;613;10;14;10;0
22918;2090;613;10;14;10;0
22919;2078;613;10;14;10;0
22920;2066;613;10;14;10;0
22922;2054;613;10;14;10;0
22925;2042;613;10;14;10;0
22927;2030;613;10;14;10;0
22929;2018;613;10;14;10;0
22930;2006;613;10;14;10;0
22931;1994;613;10;14;10;0
22934;1982;613;10;14;10;0
22935;1970;613;10;14;10;0
22936;1958;613;10;14;10;0
22937;1946;613;10;14;10;0
22939;2174;613;10;14;10;0
22941;2198;613;10;14;10;0
22942;2450;613;10;14;10;0
22945;2210;613;10;14;10;0
22947;2438;613;10;14;10;0
22948;2426;613;10;14;10;0
22949;2414;613;10;14;10;0
22952;2402;613;10;14;10;0
22954;2390;613;10;14;10;0
22956;2378;613;10;14;10;0
22958;2366;613;10;14;10;0
22959;2354;613;10;14;10;0
22962;2342;613;10;14;10;0
22963;2330;613;10;14;10;0
22966;2318;613;10;14;10;0
22968;2306;613;10;14;10;0
22969;2294;613;10;14;10;0
22971;2282;613;10;14;10;0
22974;2270;613;10;14;10;0
22981;2258;613;10;14;10;0
22982;2246;613;10;14;10;0
22985;2234;613;10;14;10;0
22986;2222;613;10;14;10;0
22987;2882;613;10;14;10;0
22989;3026;613;10;14;10;0
22992;3038;613;10;14;10;0
22993;3050;613;10;14;10;0
22994;3842;613;10;14;10;0
22995;3830;613;10;14;10;0
22996;3818;613;10;14;10;0
22999;3806;613;10;14;10;0
23000;3794;613;10;14;10;0
23001;3782;613;10;14;10;0
23002;3770;613;10;14;10;0
23004;3758;613;10;14;10;0
23005;3746;613;10;14;10;0
23006;3734;613;10;14;10;0
23011;3722;613;10;14;10;0
23013;3710;613;10;14;10;0
23014;3698;613;10;14;10;0
23016;3686;613;10;14;10;0
23018;3674;613;10;14;10;0
23019;3662;613;10;14;10;0
23020;3650;613;10;14;10;0
23022;3638;613;10;14;10;0
23029;3626;613;10;14;10;0
23030;3854;613;10;14;10;0
23033;3866;613;10;14;10;0
23035;3878;613;10;14;10;0
23039;3890;613;10;14;10;0
23041;38;629;10;14;10;0
23043;26;629;10;14;10;0
23044;14;629;10;14;10;0
23045;2;629;10;14;10;0
23046;4082;613;10;14;10;0
23047;4070;613;10;14;10;0
23049;4058;613;10;14;10;0
23052;4046;613;10;14;10;0
23057;4034;613;10;14;10;0
23059;50;629;10;14;10;0
23064;4022;613;10;14;10;0
23066;3998;613;10;14;10;0
23067;3986;613;10;14;10;0
23068;3974;613;10;14;10;0
23071;3962;613;10;14;10;0
23072;3950;613;10;14;10;0
23075;3938;613;10;14;10;0
23077;3926;613;10;14;10;0
23081;3914;613;10;14;10;0
23082;3902;613;10;14;10;0
23087;3614;613;10;14;10;0
23089;4010;613;10;14;10;0
23091;3602;613;10;14;10;0
23092;3446;613;10;14;10;0
23093;3278;613;10;14;10;0
23094;3266;613;10;14;10;0
23100;3254;613;10;14;10;0
23104;3242;613;10;14;10;0
23105;3230;613;10;14;10;0
23110;3218;613;10;14;10;0
23113;3206;613;10;14;10;0
23114;3194;613;10;14;10;0
23125;3182;613;10;14;10;0
23130;3170;613;10;14;10;0
23138;3158;613;10;14;10;0
23142;3146;613;10;14;10;0
23143;3134;613;10;14;10;0
23146;3122;613;10;14;10;0
23148;3110;613;10;14;10;0
23149;3098;613;10;14;10;0
23156;3086;613;10;14;10;0
23157;3074;613;10;14;10;0
23158;3062;613;10;14;10;0
23159;3290;613;10;14;10;0
23162;3302;613;10;14;10;0
23167;3314;613;10;14;10;0
23172;3326;613;10;14;10;0
23186;3566;613;10;14;10;0
23191;3554;613;10;14;10;0
23194;3542;613;10;14;10;0
23195;3530;613;10;14;10;0
23196;3518;613;10;14;10;0
23198;3506;613;10;14;10;0
23200;3494;613;10;14;10;0
23207;3482;613;10;14;10;0
23210;3470;613;10;14;10;0
23212;3578;613;10;14;10;0
23217;3458;613;10;14;10;0
23218;3434;613;10;14;10;0
23219;3422;613;10;14;10;0
23226;3410;613;10;14;10;0
23228;3398;613;10;14;10;0
23229;3386;613;10;14;10;0
23230;3374;613;10;14;10;0
23231;3362;613;10;14;10;0
23233;3350;613;10;14;10;0
23234;3338;613;10;14;10;0
23240;1538;597;10;14;10;0
23241;1910;613;10;14;10;0
23243;1526;597;10;14;10;0
23244;1118;581;10;14;10;0
23248;3770;565;10;14;10;0
23252;3758;565;10;14;10;0
23254;3746;565;10;14;10;0
23255;3734;565;10;14;10;0
23256;3722;565;10;14;10;0
23258;3710;565;10;14;10;0
23265;3698;565;10;14;10;0
23267;3686;565;10;14;10;0
23270;3674;565;10;14;10;0
23273;3662;565;10;14;10;0
23282;3650;565;10;14;10;0
23285;3638;565;10;14;10;0
23290;3626;565;10;14;10;0
23291;3614;565;10;14;10;0
23299;3602;565;10;14;10;0
23301;3590;565;10;14;10;0
23304;3578;565;10;14;10;0
23305;3566;565;10;14;10;0
23307;3554;565;10;14;10;0
23308;3782;565;10;14;10;0
23311;3794;565;10;14;10;0
23318;3806;565;10;14;10;0
23319;3818;565;10;14;10;0
23323;4058;565;10;14;10;0
23325;4046;565;10;14;10;0
23329;4034;565;10;14;10;0
23330;4022;565;10;14;10;0
23332;4010;565;10;14;10;0
23338;3998;565;10;14;10;0
23340;3986;565;10;14;10;0
23344;3974;565;10;14;10;0
23346;3962;565;10;14;10;0
23348;4070;565;10;14;10;0
23350;3950;565;10;14;10;0
23351;3926;565;10;14;10;0
23352;3914;565;10;14;10;0
23358;3902;565;10;14;10;0
23359;3890;565;10;14;10;0
23360;3878;565;10;14;10;0
23363;3866;565;10;14;10;0
23365;3854;565;10;14;10;0
23371;3842;565;10;14;10;0
23372;3830;565;10;14;10;0
23373;3542;565;10;14;10;0
23376;3530;565;10;14;10;0
23377;3518;565;10;14;10;0
23378;3242;565;10;14;10;0
23379;3218;565;10;14;10;0
23380;3206;565;10;14;10;0
23381;3194;565;10;14;10;0
23382;3182;565;10;14;10;0
23383;3170;565;10;14;10;0
23384;3158;565;10;14;10;0
23385;3146;565;10;14;10;0
23386;3134;565;10;14;10;0
23387;3122;565;10;14;10;0
23388;3110;565;10;14;10;0
23389;3098;565;10;14;10;0
23391;3086;565;10;14;10;0
23394;3074;565;10;14;10;0
23395;3062;565;10;14;10;0
23396;3050;565;10;14;10;0
23397;3038;565;10;14;10;0
23398;3026;565;10;14;10;0
23401;3014;565;10;14;10;0
23402;3002;565;10;14;10;0
23403;3230;565;10;14;10;0
23405;3254;565;10;14;10;0
23408;3506;565;10;14;10;0
23409;3266;565;10;14;10;0
23411;3494;565;10;14;10;0
23413;3482;565;10;14;10;0
23416;3470;565;10;14;10;0
23418;3458;565;10;14;10;0
23419;3446;565;10;14;10;0
23421;3434;565;10;14;10;0
23423;3422;565;10;14;10;0
23424;3410;565;10;14;10;0
23425;3398;565;10;14;10;0
23426;3386;565;10;14;10;0
23427;3374;565;10;14;10;0
23429;3362;565;10;14;10;0
23431;3350;565;10;14;10;0
23432;3338;565;10;14;10;0
23433;3326;565;10;14;10;0
23435;3314;565;10;14;10;0
23436;3302;565;10;14;10;0
23437;3290;565;10;14;10;0
23439;3278;565;10;14;10;0
23443;3938;565;10;14;10;0
23445;4082;565;10;14;10;0
23447;2;581;10;14;10;0
23448;14;581;10;14;10;0
23449;806;581;10;14;10;0
23450;794;581;10;14;10;0
23451;782;581;10;14;10;0
23452;770;581;10;14;10;0
23453;758;581;10;14;10;0
23454;746;581;10;14;10;0
23455;734;581;10;14;10;0
23456;722;581;10;14;10;0
23457;710;581;10;14;10;0
23458;698;581;10;14;10;0
23459;686;581;10;14;10;0
23460;674;581;10;14;10;0
23461;662;581;10;14;10;0
23462;650;581;10;14;10;0
23466;638;581;10;14;10;0
23467;626;581;10;14;10;0
23470;614;581;10;14;10;0
23472;602;581;10;14;10;0
23475;590;581;10;14;10;0
23476;818;581;10;14;10;0
23477;830;581;10;14;10;0
23478;842;581;10;14;10;0
23480;854;581;10;14;10;0
23481;1094;581;10;14;10;0
23485;1082;581;10;14;10;0
23486;1070;581;10;14;10;0
23487;1058;581;10;14;10;0
23490;1046;581;10;14;10;0
23491;1034;581;10;14;10;0
23492;1022;581;10;14;10;0
23493;1010;581;10;14;10;0
23494;998;581;10;14;10;0
23495;1106;581;10;14;10;0
23497;986;581;10;14;10;0
23500;962;581;10;14;10;0
23501;950;581;10;14;10;0
23504;938;581;10;14;10;0
23506;926;581;10;14;10;0
23507;914;581;10;14;10;0
23508;902;581;10;14;10;0
23515;890;581;10;14;10;0
23517;878;581;10;14;10;0
23518;866;581;10;14;10;0
23519;578;581;10;14;10;0
23521;974;581;10;14;10;0
23522;566;581;10;14;10;0
23524;410;581;10;14;10;0
23525;242;581;10;14;10;0
23526;230;581;10;14;10;0
23527;218;581;10;14;10;0
23528;206;581;10;14;10;0
23529;194;581;10;14;10;0
23531;182;581;10;14;10;0
23532;170;581;10;14;10;0
23533;158;581;10;14;10;0
23534;146;581;10;14;10;0
23536;134;581;10;14;10;0
23539;122;581;10;14;10;0
23541;110;581;10;14;10;0
23542;98;581;10;14;10;0
23544;86;581;10;14;10;0
23545;74;581;10;14;10;0
23546;62;581;10;14;10;0
23547;50;581;10;14;10;0
23548;38;581;10;14;10;0
23550;26;581;10;14;10;0
23551;254;581;10;14;10;0
23553;266;581;10;14;10;0
23554;278;581;10;14;10;0
23555;290;581;10;14;10;0
23556;530;581;10;14;10;0
23557;518;581;10;14;10;0
23558;506;581;10;14;10;0
23559;494;581;10;14;10;0
23560;482;581;10;14;10;0
23561;470;581;10;14;10;0
23562;458;581;10;14;10;0
23563;446;581;10;14;10;0
23565;434;581;10;14;10;0
23566;542;581;10;14;10;0
23567;422;581;10;14;10;0
23568;398;581;10;14;10;0
23569;386;581;10;14;10;0
23571;374;581;10;14;10;0
23572;362;581;10;14;10;0
23573;350;581;10;14;10;0
23574;338;581;10;14;10;0
23576;326;581;10;14;10;0
23577;314;581;10;14;10;0
23578;302;581;10;14;10;0
23579;2990;565;10;14;10;0
23581;554;581;10;14;10;0
23582;2978;565;10;14;10;0
23584;2402;565;10;14;10;0
23586;1526;565;10;14;10;0
23588;1514;565;10;14;10;0
23591;1502;565;10;14;10;0
23592;1490;565;10;14;10;0
23594;1478;565;10;14;10;0
23596;1466;565;10;14;10;0
23597;1454;565;10;14;10;0
23601;1442;565;10;14;10;0
23604;1430;565;10;14;10;0
23606;1418;565;10;14;10;0
23607;1406;565;10;14;10;0
23608;1394;565;10;14;10;0
23609;1382;565;10;14;10;0
23610;1370;565;10;14;10;0
23611;1358;565;10;14;10;0
23612;1346;565;10;14;10;0
23613;1334;565;10;14;10;0
23614;1322;565;10;14;10;0
23615;1310;565;10;14;10;0
23616;1538;565;10;14;10;0
23617;1550;565;10;14;10;0
23618;1562;565;10;14;10;0
23620;1574;565;10;14;10;0
23621;1814;565;10;14;10;0
23622;1802;565;10;14;10;0
23623;1790;565;10;14;10;0
23624;1778;565;10;14;10;0
23625;1766;565;10;14;10;0
23626;1754;565;10;14;10;0
23627;1742;565;10;14;10;0
23628;1730;565;10;14;10;0
23629;1718;565;10;14;10;0
23630;1826;565;10;14;10;0
23631;1706;565;10;14;10;0
23632;1682;565;10;14;10;0
23633;1670;565;10;14;10;0
23635;1658;565;10;14;10;0
23637;1646;565;10;14;10;0
23640;1634;565;10;14;10;0
23641;1622;565;10;14;10;0
23643;1610;565;10;14;10;0
23644;1598;565;10;14;10;0
23645;1586;565;10;14;10;0
23646;1298;565;10;14;10;0
23648;1286;565;10;14;10;0
23649;1274;565;10;14;10;0
23650;998;565;10;14;10;0
23651;974;565;10;14;10;0
23652;962;565;10;14;10;0
23653;950;565;10;14;10;0
23656;938;565;10;14;10;0
23660;926;565;10;14;10;0
23661;914;565;10;14;10;0
23662;902;565;10;14;10;0
23663;890;565;10;14;10;0
23665;878;565;10;14;10;0
23670;866;565;10;14;10;0
23673;854;565;10;14;10;0
23679;842;565;10;14;10;0
23680;830;565;10;14;10;0
23681;818;565;10;14;10;0
23682;806;565;10;14;10;0
23692;794;565;10;14;10;0
23696;782;565;10;14;10;0
23697;770;565;10;14;10;0
23700;758;565;10;14;10;0
23702;986;565;10;14;10;0
23703;1010;565;10;14;10;0
23704;1262;565;10;14;10;0
23705;1022;565;10;14;10;0
23706;1250;565;10;14;10;0
23707;1238;565;10;14;10;0
23712;1226;565;10;14;10;0
23713;1214;565;10;14;10;0
23714;1202;565;10;14;10;0
23720;1190;565;10;14;10;0
23721;1178;565;10;14;10;0
23723;1166;565;10;14;10;0
23724;1154;565;10;14;10;0
23725;1142;565;10;14;10;0
23729;1130;565;10;14;10;0
23731;1118;565;10;14;10;0
23734;1106;565;10;14;10;0
23735;1094;565;10;14;10;0
23736;1082;565;10;14;10;0
23739;1070;565;10;14;10;0
23740;1058;565;10;14;10;0
23741;1046;565;10;14;10;0
23742;1034;565;10;14;10;0
23743;1694;565;10;14;10;0
23745;1838;565;10;14;10;0
23749;1850;565;10;14;10;0
23751;1862;565;10;14;10;0
23755;2654;565;10;14;10;0
23762;2642;565;10;14;10;0
23769;2630;565;10;14;10;0
23776;2618;565;10;14;10;0
23777;2606;565;10;14;10;0
23782;2594;565;10;14;10;0
23784;2582;565;10;14;10;0
23785;2570;565;10;14;10;0
23786;2558;565;10;14;10;0
23788;2546;565;10;14;10;0
23789;2534;565;10;14;10;0
23791;2522;565;10;14;10;0
23792;2510;565;10;14;10;0
23796;2498;565;10;14;10;0
23798;2486;565;10;14;10;0
23802;2474;565;10;14;10;0
23803;2462;565;10;14;10;0
23805;2450;565;10;14;10;0
23807;2438;565;10;14;10;0
23809;2666;565;10;14;10;0
23810;2678;565;10;14;10;0
23814;2690;565;10;14;10;0
23815;2702;565;10;14;10;0
23819;2942;565;10;14;10;0
23820;2930;565;10;14;10;0
23821;2918;565;10;14;10;0
23822;2906;565;10;14;10;0
23825;2894;565;10;14;10;0
23828;2882;565;10;14;10;0
23829;2870;565;10;14;10;0
23830;2858;565;10;14;10;0
23831;2846;565;10;14;10;0
23832;2954;565;10;14;10;0
23833;2834;565;10;14;10;0
23834;2810;565;10;14;10;0
23835;2798;565;10;14;10;0
23838;2786;565;10;14;10;0
23839;2774;565;10;14;10;0
23840;2762;565;10;14;10;0
23842;2750;565;10;14;10;0
23844;2738;565;10;14;10;0
23847;2726;565;10;14;10;0
23849;2714;565;10;14;10;0
23853;2426;565;10;14;10;0
23854;2822;565;10;14;10;0
23860;2414;565;10;14;10;0
23869;2258;565;10;14;10;0
23876;2090;565;10;14;10;0
23879;2078;565;10;14;10;0
23882;2066;565;10;14;10;0
23883;2054;565;10;14;10;0
23884;2042;565;10;14;10;0
23886;2030;565;10;14;10;0
23888;2018;565;10;14;10;0
23890;2006;565;10;14;10;0
23891;1994;565;10;14;10;0
23897;1982;565;10;14;10;0
23900;1970;565;10;14;10;0
23901;1958;565;10;14;10;0
23913;1946;565;10;14;10;0
23916;1934;565;10;14;10;0
23919;1922;565;10;14;10;0
23923;1910;565;10;14;10;0
23924;1898;565;10;14;10;0
23925;1886;565;10;14;10;0
23926;1874;565;10;14;10;0
23938;2102;565;10;14;10;0
23940;2114;565;10;14;10;0
23943;2126;565;10;14;10;0
23947;2138;565;10;14;10;0
23948;2378;565;10;14;10;0
23952;2366;565;10;14;10;0
23956;2354;565;10;14;10;0
23959;2342;565;10;14;10;0
23961;2330;565;10;14;10;0
23965;2318;565;10;14;10;0
23968;2306;565;10;14;10;0
23970;2294;565;10;14;10;0
23980;2282;565;10;14;10;0
23982;2390;565;10;14;10;0
23991;2270;565;10;14;10;0
23992;2246;565;10;14;10;0
23994;2234;565;10;14;10;0
23996;2222;565;10;14;10;0
23997;2210;565;10;14;10;0
24005;2198;565;10;14;10;0
24009;2186;565;10;14;10;0
24011;2174;565;10;14;10;0
24012;2162;565;10;14;10;0
24013;2150;565;10;14;10;0
24018;2966;565;10;14;10;0
24019;1130;581;10;14;10;0
24020;3362;581;10;14;10;0
24022;1142;581;10;14;10;0
24027;74;597;10;14;10;0
24029;62;597;10;14;10;0
24030;50;597;10;14;10;0
24033;38;597;10;14;10;0
24034;26;597;10;14;10;0
24035;14;597;10;14;10;0
24037;2;597;10;14;10;0
24038;4082;581;10;14;10;0
24039;4070;581;10;14;10;0
24040;4058;581;10;14;10;0
24041;4046;581;10;14;10;0
24043;4034;581;10;14;10;0
24046;4022;581;10;14;10;0
24049;4010;581;10;14;10;0
24050;3998;581;10;14;10;0
24051;3986;581;10;14;10;0
24052;3974;581;10;14;10;0
24053;3962;581;10;14;10;0
24055;3950;581;10;14;10;0
24059;86;597;10;14;10;0
24061;98;597;10;14;10;0
24062;110;597;10;14;10;0
24063;122;597;10;14;10;0
24065;362;597;10;14;10;0
24066;350;597;10;14;10;0
24067;338;597;10;14;10;0
24069;326;597;10;14;10;0
24070;314;597;10;14;10;0
24072;302;597;10;14;10;0
24074;290;597;10;14;10;0
24075;278;597;10;14;10;0
24076;266;597;10;14;10;0
24079;374;597;10;14;10;0
24080;254;597;10;14;10;0
24081;230;597;10;14;10;0
24084;218;597;10;14;10;0
24085;206;597;10;14;10;0
24086;194;597;10;14;10;0
24088;182;597;10;14;10;0
24089;170;597;10;14;10;0
24090;158;597;10;14;10;0
24091;146;597;10;14;10;0
24092;134;597;10;14;10;0
24093;3938;581;10;14;10;0
24095;3926;581;10;14;10;0
24101;3914;581;10;14;10;0
24102;3638;581;10;14;10;0
24103;3614;581;10;14;10;0
24107;3602;581;10;14;10;0
24109;3590;581;10;14;10;0
24110;3578;581;10;14;10;0
24111;3566;581;10;14;10;0
24112;3554;581;10;14;10;0
24115;3542;581;10;14;10;0
24118;3530;581;10;14;10;0
24119;3518;581;10;14;10;0
24120;3506;581;10;14;10;0
24123;3494;581;10;14;10;0
24124;3482;581;10;14;10;0
24125;3470;581;10;14;10;0
24128;3458;581;10;14;10;0
24130;3446;581;10;14;10;0
24131;3434;581;10;14;10;0
24132;3422;581;10;14;10;0
24133;3410;581;10;14;10;0
24135;3398;581;10;14;10;0
24140;3626;581;10;14;10;0
24142;3650;581;10;14;10;0
24148;3902;581;10;14;10;0
24149;3662;581;10;14;10;0
24151;3890;581;10;14;10;0
24155;3878;581;10;14;10;0
24159;3866;581;10;14;10;0
24161;3854;581;10;14;10;0
24162;3842;581;10;14;10;0
24163;3830;581;10;14;10;0
24164;3818;581;10;14;10;0
24170;3806;581;10;14;10;0
24171;3794;581;10;14;10;0
24178;3782;581;10;14;10;0
24179;3770;581;10;14;10;0
24180;3758;581;10;14;10;0
24181;3746;581;10;14;10;0
24182;3734;581;10;14;10;0
24184;3722;581;10;14;10;0
24185;3710;581;10;14;10;0
24186;3698;581;10;14;10;0
24187;3686;581;10;14;10;0
24188;3674;581;10;14;10;0
24189;242;597;10;14;10;0
24190;386;597;10;14;10;0
24191;398;597;10;14;10;0
24193;410;597;10;14;10;0
24195;1202;597;10;14;10;0
24196;1190;597;10;14;10;0
24198;1178;597;10;14;10;0
24199;1166;597;10;14;10;0
24202;1154;597;10;14;10;0
24207;1142;597;10;14;10;0
24208;1130;597;10;14;10;0
24210;1118;597;10;14;10;0
24211;1106;597;10;14;10;0
24212;1094;597;10;14;10;0
24213;1082;597;10;14;10;0
24214;1070;597;10;14;10;0
24215;1058;597;10;14;10;0
24217;1046;597;10;14;10;0
24218;1034;597;10;14;10;0
24220;1022;597;10;14;10;0
24221;1010;597;10;14;10;0
24222;998;597;10;14;10;0
24223;986;597;10;14;10;0
24224;1214;597;10;14;10;0
24230;1226;597;10;14;10;0
24231;1238;597;10;14;10;0
24235;1250;597;10;14;10;0
24237;1490;597;10;14;10;0
24244;1478;597;10;14;10;0
24245;1466;597;10;14;10;0
24246;1454;597;10;14;10;0
24247;1442;597;10;14;10;0
24248;1430;597;10;14;10;0
24249;1418;597;10;14;10;0
24254;1406;597;10;14;10;0
24257;1394;597;10;14;10;0
24258;1502;597;10;14;10;0
24259;1382;597;10;14;10;0
24260;1358;597;10;14;10;0
24264;1346;597;10;14;10;0
24265;1334;597;10;14;10;0
24266;1322;597;10;14;10;0
24269;1310;597;10;14;10;0
24271;1298;597;10;14;10;0
24272;1286;597;10;14;10;0
24275;1274;597;10;14;10;0
24276;1262;597;10;14;10;0
24278;974;597;10;14;10;0
24282;1370;597;10;14;10;0
24283;962;597;10;14;10;0
24285;806;597;10;14;10;0
24287;638;597;10;14;10;0
24288;626;597;10;14;10;0
24289;614;597;10;14;10;0
24290;602;597;10;14;10;0
24291;590;597;10;14;10;0
24296;578;597;10;14;10;0
24297;566;597;10;14;10;0
24300;554;597;10;14;10;0
24304;542;597;10;14;10;0
24305;530;597;10;14;10;0
24307;518;597;10;14;10;0
24308;506;597;10;14;10;0
24310;494;597;10;14;10;0
24311;482;597;10;14;10;0
24312;470;597;10;14;10;0
24314;458;597;10;14;10;0
24315;446;597;10;14;10;0
24316;434;597;10;14;10;0
24318;422;597;10;14;10;0
24319;650;597;10;14;10;0
24320;662;597;10;14;10;0
24321;674;597;10;14;10;0
24322;686;597;10;14;10;0
24323;926;597;10;14;10;0
24324;914;597;10;14;10;0
24327;902;597;10;14;10;0
24328;890;597;10;14;10;0
24329;878;597;10;14;10;0
24330;866;597;10;14;10;0
24331;854;597;10;14;10;0
24332;842;597;10;14;10;0
24333;830;597;10;14;10;0
24335;938;597;10;14;10;0
24336;818;597;10;14;10;0
24337;794;597;10;14;10;0
24338;782;597;10;14;10;0
24339;770;597;10;14;10;0
24340;758;597;10;14;10;0
24341;746;597;10;14;10;0
24342;734;597;10;14;10;0
24343;722;597;10;14;10;0
24344;710;597;10;14;10;0
24347;698;597;10;14;10;0
24351;3386;581;10;14;10;0
24352;950;597;10;14;10;0
24357;3374;581;10;14;10;0
24358;2798;581;10;14;10;0
24359;1922;581;10;14;10;0
24361;1910;581;10;14;10;0
24365;1898;581;10;14;10;0
24367;1886;581;10;14;10;0
24369;1874;581;10;14;10;0
24373;1862;581;10;14;10;0
24375;1850;581;10;14;10;0
24376;1838;581;10;14;10;0
24377;1826;581;10;14;10;0
24378;1814;581;10;14;10;0
24380;1802;581;10;14;10;0
24382;1790;581;10;14;10;0
24384;1778;581;10;14;10;0
24385;1766;581;10;14;10;0
24390;1754;581;10;14;10;0
24392;1742;581;10;14;10;0
24394;1730;581;10;14;10;0
24396;1718;581;10;14;10;0
24398;1706;581;10;14;10;0
24400;1934;581;10;14;10;0
24401;1946;581;10;14;10;0
24402;1958;581;10;14;10;0
24403;1970;581;10;14;10;0
24405;2210;581;10;14;10;0
24406;2198;581;10;14;10;0
24407;2186;581;10;14;10;0
24408;2174;581;10;14;10;0
24409;2162;581;10;14;10;0
24412;2150;581;10;14;10;0
24413;2138;581;10;14;10;0
24417;2126;581;10;14;10;0
24418;2114;581;10;14;10;0
24419;2222;581;10;14;10;0
24420;2102;581;10;14;10;0
24421;2078;581;10;14;10;0
24422;2066;581;10;14;10;0
24423;2054;581;10;14;10;0
24425;2042;581;10;14;10;0
24426;2030;581;10;14;10;0
24427;2018;581;10;14;10;0
24428;2006;581;10;14;10;0
24429;1994;581;10;14;10;0
24432;1982;581;10;14;10;0
24433;1694;581;10;14;10;0
24435;1682;581;10;14;10;0
24438;1670;581;10;14;10;0
24439;1394;581;10;14;10;0
24441;1370;581;10;14;10;0
24443;1358;581;10;14;10;0
24444;1346;581;10;14;10;0
24447;1334;581;10;14;10;0
24448;1322;581;10;14;10;0
24449;1310;581;10;14;10;0
24450;1298;581;10;14;10;0
24451;1286;581;10;14;10;0
24452;1274;581;10;14;10;0
24453;1262;581;10;14;10;0
24455;1250;581;10;14;10;0
24456;1238;581;10;14;10;0
24457;1226;581;10;14;10;0
24458;1214;581;10;14;10;0
24459;1202;581;10;14;10;0
24460;1190;581;10;14;10;0
24464;1178;581;10;14;10;0
24465;1166;581;10;14;10;0
24466;1154;581;10;14;10;0
24467;1382;581;10;14;10;0
24469;1406;581;10;14;10;0
24471;1658;581;10;14;10;0
24472;1418;581;10;14;10;0
24473;1646;581;10;14;10;0
24475;1634;581;10;14;10;0
24476;1622;581;10;14;10;0
24478;1610;581;10;14;10;0
24480;1598;581;10;14;10;0
24481;1586;581;10;14;10;0
24488;1574;581;10;14;10;0
24489;1562;581;10;14;10;0
24490;1550;581;10;14;10;0
24491;1538;581;10;14;10;0
24492;1526;581;10;14;10;0
24493;1514;581;10;14;10;0
24494;1502;581;10;14;10;0
24499;1490;581;10;14;10;0
24500;1478;581;10;14;10;0
24501;1466;581;10;14;10;0
24503;1454;581;10;14;10;0
24505;1442;581;10;14;10;0
24508;1430;581;10;14;10;0
24509;2090;581;10;14;10;0
24515;2234;581;10;14;10;0
24516;2246;581;10;14;10;0
24517;2258;581;10;14;10;0
24518;3050;581;10;14;10;0
24522;3038;581;10;14;10;0
24524;3026;581;10;14;10;0
24525;3014;581;10;14;10;0
24528;3002;581;10;14;10;0
24529;2990;581;10;14;10;0
24530;2978;581;10;14;10;0
24534;2966;581;10;14;10;0
24535;2954;581;10;14;10;0
24536;2942;581;10;14;10;0
24537;2930;581;10;14;10;0
24540;2918;581;10;14;10;0
24541;2906;581;10;14;10;0
24543;2894;581;10;14;10;0
24544;2882;581;10;14;10;0
24545;2870;581;10;14;10;0
24548;2858;581;10;14;10;0
24551;2846;581;10;14;10;0
24554;2834;581;10;14;10;0
24555;3062;581;10;14;10;0
24558;3074;581;10;14;10;0
24560;3086;581;10;14;10;0
24561;3098;581;10;14;10;0
24565;3338;581;10;14;10;0
24568;3326;581;10;14;10;0
24571;3314;581;10;14;10;0
24572;3302;581;10;14;10;0
24573;3290;581;10;14;10;0
24574;3278;581;10;14;10;0
24575;3266;581;10;14;10;0
24576;3254;581;10;14;10;0
24577;3242;581;10;14;10;0
24578;3350;581;10;14;10;0
24581;3230;581;10;14;10;0
24590;3206;581;10;14;10;0
24591;3194;581;10;14;10;0
24592;3182;581;10;14;10;0
24594;3170;581;10;14;10;0
24596;3158;581;10;14;10;0
24597;3146;581;10;14;10;0
24598;3134;581;10;14;10;0
24601;3122;581;10;14;10;0
24603;3110;581;10;14;10;0
24604;2822;581;10;14;10;0
24605;3218;581;10;14;10;0
24608;2810;581;10;14;10;0
24609;2654;581;10;14;10;0
24613;2486;581;10;14;10;0
24614;2474;581;10;14;10;0
24615;2462;581;10;14;10;0
24616;2450;581;10;14;10;0
24617;2438;581;10;14;10;0
24618;2426;581;10;14;10;0
24619;2414;581;10;14;10;0
24622;2402;581;10;14;10;0
24623;2390;581;10;14;10;0
24625;2378;581;10;14;10;0
24629;2366;581;10;14;10;0
24634;2354;581;10;14;10;0
24635;2342;581;10;14;10;0
24636;2330;581;10;14;10;0
24638;2318;581;10;14;10;0
24641;2306;581;10;14;10;0
24642;2294;581;10;14;10;0
24643;2282;581;10;14;10;0
24646;2270;581;10;14;10;0
24650;2498;581;10;14;10;0
24651;2510;581;10;14;10;0
24653;2522;581;10;14;10;0
24656;2534;581;10;14;10;0
24658;2774;581;10;14;10;0
24660;2762;581;10;14;10;0
24661;2750;581;10;14;10;0
24665;2738;581;10;14;10;0
24666;2726;581;10;14;10;0
24671;2714;581;10;14;10;0
24672;2702;581;10;14;10;0
24674;2690;581;10;14;10;0
24675;2678;581;10;14;10;0
24676;2786;581;10;14;10;0
24677;2666;581;10;14;10;0
24679;2642;581;10;14;10;0
24680;2630;581;10;14;10;0
24681;2618;581;10;14;10;0
24682;2606;581;10;14;10;0
24683;2594;581;10;14;10;0
24684;2582;581;10;14;10;0
24685;2570;581;10;14;10;0
24687;2558;581;10;14;10;0
24688;2546;581;10;14;10;0
24691;1514;597;10;14;10;0
24693;2306;629;10;14;10;0
24694;2318;629;10;14;10;0
24695;2330;629;10;14;10;0
24696;2054;677;10;14;10;0
24697;2042;677;10;14;10;0
24699;2030;677;10;14;10;0
24700;2018;677;10;14;10;0
24701;2006;677;10;14;10;0
24703;1994;677;10;14;10;0
24705;1982;677;10;14;10;0
24707;1970;677;10;14;10;0
24708;1958;677;10;14;10;0
24709;1946;677;10;14;10;0
24713;1934;677;10;14;10;0
24715;1922;677;10;14;10;0
24716;1910;677;10;14;10;0
24717;1898;677;10;14;10;0
24721;1886;677;10;14;10;0
24722;1874;677;10;14;10;0
24724;1862;677;10;14;10;0
24726;1850;677;10;14;10;0
24727;1838;677;10;14;10;0
24730;2066;677;10;14;10;0
24731;2078;677;10;14;10;0
24733;2090;677;10;14;10;0
24735;2102;677;10;14;10;0
24736;2342;677;10;14;10;0
24739;2330;677;10;14;10;0
24742;2318;677;10;14;10;0
24743;2306;677;10;14;10;0
24744;2294;677;10;14;10;0
24745;2282;677;10;14;10;0
24746;2270;677;10;14;10;0
24748;2258;677;10;14;10;0
24751;2246;677;10;14;10;0
24753;2354;677;10;14;10;0
24754;2234;677;10;14;10;0
24755;2210;677;10;14;10;0
24756;2198;677;10;14;10;0
24757;2186;677;10;14;10;0
24758;2174;677;10;14;10;0
24760;2162;677;10;14;10;0
24763;2150;677;10;14;10;0
24764;2138;677;10;14;10;0
24765;2126;677;10;14;10;0
24773;2114;677;10;14;10;0
24774;1826;677;10;14;10;0
24775;1814;677;10;14;10;0
24778;1802;677;10;14;10;0
24779;1526;677;10;14;10;0
24785;1502;677;10;14;10;0
24787;1490;677;10;14;10;0
24789;1478;677;10;14;10;0
24791;1466;677;10;14;10;0
24792;1454;677;10;14;10;0
24794;1442;677;10;14;10;0
24796;1430;677;10;14;10;0
24797;1418;677;10;14;10;0
24799;1406;677;10;14;10;0
24800;1394;677;10;14;10;0
24801;1382;677;10;14;10;0
24803;1370;677;10;14;10;0
24806;1358;677;10;14;10;0
24807;1346;677;10;14;10;0
24808;1334;677;10;14;10;0
24809;1322;677;10;14;10;0
24811;1310;677;10;14;10;0
24812;1298;677;10;14;10;0
24813;1286;677;10;14;10;0
24814;1514;677;10;14;10;0
24815;1538;677;10;14;10;0
24816;1790;677;10;14;10;0
24817;1550;677;10;14;10;0
24819;1778;677;10;14;10;0
24820;1766;677;10;14;10;0
24822;1754;677;10;14;10;0
24823;1742;677;10;14;10;0
24825;1730;677;10;14;10;0
24826;1718;677;10;14;10;0
24827;1706;677;10;14;10;0
24832;1694;677;10;14;10;0
24833;1682;677;10;14;10;0
24835;1670;677;10;14;10;0
24838;1658;677;10;14;10;0
24840;1646;677;10;14;10;0
24841;1634;677;10;14;10;0
24845;1622;677;10;14;10;0
24846;1610;677;10;14;10;0
24847;1598;677;10;14;10;0
24850;1586;677;10;14;10;0
24851;1574;677;10;14;10;0
24852;1562;677;10;14;10;0
24853;2222;677;10;14;10;0
24858;2366;677;10;14;10;0
24859;2378;677;10;14;10;0
24860;2390;677;10;14;10;0
24863;3182;677;10;14;10;0
24864;3170;677;10;14;10;0
24865;3158;677;10;14;10;0
24867;3146;677;10;14;10;0
24868;3134;677;10;14;10;0
24870;3122;677;10;14;10;0
24871;3110;677;10;14;10;0
24872;3098;677;10;14;10;0
24875;3086;677;10;14;10;0
24876;3074;677;10;14;10;0
24884;3062;677;10;14;10;0
24887;3050;677;10;14;10;0
24892;3038;677;10;14;10;0
24893;3026;677;10;14;10;0
24894;3014;677;10;14;10;0
24895;3002;677;10;14;10;0
24898;2990;677;10;14;10;0
24900;2978;677;10;14;10;0
24903;2966;677;10;14;10;0
24904;3194;677;10;14;10;0
24906;3206;677;10;14;10;0
24907;3218;677;10;14;10;0
24908;3230;677;10;14;10;0
24909;3470;677;10;14;10;0
24910;3458;677;10;14;10;0
24913;3446;677;10;14;10;0
24915;3434;677;10;14;10;0
24917;3422;677;10;14;10;0
24920;3410;677;10;14;10;0
24921;3398;677;10;14;10;0
24922;3386;677;10;14;10;0
24925;3374;677;10;14;10;0
24927;3482;677;10;14;10;0
24930;3362;677;10;14;10;0
24931;3338;677;10;14;10;0
24932;3326;677;10;14;10;0
24933;3314;677;10;14;10;0
24935;3302;677;10;14;10;0
24936;3290;677;10;14;10;0
24938;3278;677;10;14;10;0
24939;3266;677;10;14;10;0
24942;3254;677;10;14;10;0
24943;3242;677;10;14;10;0
24944;2954;677;10;14;10;0
24945;3350;677;10;14;10;0
24947;2942;677;10;14;10;0
24948;2786;677;10;14;10;0
24949;2618;677;10;14;10;0
24950;2606;677;10;14;10;0
24951;2594;677;10;14;10;0
24956;2582;677;10;14;10;0
24958;2570;677;10;14;10;0
24962;2558;677;10;14;10;0
24967;2546;677;10;14;10;0
24970;2534;677;10;14;10;0
24971;2522;677;10;14;10;0
24974;2510;677;10;14;10;0
24976;2498;677;10;14;10;0
24977;2486;677;10;14;10;0
24980;2474;677;10;14;10;0
24982;2462;677;10;14;10;0
24985;2450;677;10;14;10;0
24986;2438;677;10;14;10;0
24996;2426;677;10;14;10;0
24999;2414;677;10;14;10;0
25000;2402;677;10;14;10;0
25001;2630;677;10;14;10;0
25003;2642;677;10;14;10;0
25004;2654;677;10;14;10;0
25006;2666;677;10;14;10;0
25010;2906;677;10;14;10;0
25014;2894;677;10;14;10;0
25018;2882;677;10;14;10;0
25022;2870;677;10;14;10;0
25026;2858;677;10;14;10;0
25027;2846;677;10;14;10;0
25030;2834;677;10;14;10;0
25031;2822;677;10;14;10;0
25032;2810;677;10;14;10;0
25033;2918;677;10;14;10;0
25034;2798;677;10;14;10;0
25035;2774;677;10;14;10;0
25036;2762;677;10;14;10;0
25037;2750;677;10;14;10;0
25040;2738;677;10;14;10;0
25041;2726;677;10;14;10;0
25042;2714;677;10;14;10;0
25044;2702;677;10;14;10;0
25054;2690;677;10;14;10;0
25055;2678;677;10;14;10;0
25059;1274;677;10;14;10;0
25062;2930;677;10;14;10;0
25064;1262;677;10;14;10;0
25074;686;677;10;14;10;0
25076;3902;661;10;14;10;0
25077;3890;661;10;14;10;0
25078;3878;661;10;14;10;0
25079;3866;661;10;14;10;0
25080;3854;661;10;14;10;0
25081;3842;661;10;14;10;0
25082;3830;661;10;14;10;0
25084;3818;661;10;14;10;0
25085;3806;661;10;14;10;0
25086;3794;661;10;14;10;0
25087;3782;661;10;14;10;0
25088;3770;661;10;14;10;0
25093;3758;661;10;14;10;0
25094;3746;661;10;14;10;0
25095;3734;661;10;14;10;0
25096;3722;661;10;14;10;0
25097;3710;661;10;14;10;0
25098;3698;661;10;14;10;0
25100;3686;661;10;14;10;0
25101;3914;661;10;14;10;0
25102;3926;661;10;14;10;0
25103;3938;661;10;14;10;0
25104;3950;661;10;14;10;0
25105;98;677;10;14;10;0
25106;86;677;10;14;10;0
25108;74;677;10;14;10;0
25109;62;677;10;14;10;0
25110;50;677;10;14;10;0
25111;38;677;10;14;10;0
25112;26;677;10;14;10;0
25113;14;677;10;14;10;0
25114;2;677;10;14;10;0
25115;110;677;10;14;10;0
25117;4082;661;10;14;10;0
25118;4058;661;10;14;10;0
25119;4046;661;10;14;10;0
25121;4034;661;10;14;10;0
25122;4022;661;10;14;10;0
25125;4010;661;10;14;10;0
25126;3998;661;10;14;10;0
25128;3986;661;10;14;10;0
25129;3974;661;10;14;10;0
25130;3962;661;10;14;10;0
25134;3674;661;10;14;10;0
25135;3662;661;10;14;10;0
25136;3650;661;10;14;10;0
25137;3374;661;10;14;10;0
25138;3350;661;10;14;10;0
25139;3338;661;10;14;10;0
25140;3326;661;10;14;10;0
25142;3314;661;10;14;10;0
25143;3302;661;10;14;10;0
25144;3290;661;10;14;10;0
25147;3278;661;10;14;10;0
25149;3266;661;10;14;10;0
25150;3254;661;10;14;10;0
25151;3242;661;10;14;10;0
25152;3230;661;10;14;10;0
25153;3218;661;10;14;10;0
25155;3206;661;10;14;10;0
25159;3194;661;10;14;10;0
25160;3182;661;10;14;10;0
25161;3170;661;10;14;10;0
25163;3158;661;10;14;10;0
25164;3146;661;10;14;10;0
25165;3134;661;10;14;10;0
25166;3362;661;10;14;10;0
25169;3386;661;10;14;10;0
25170;3638;661;10;14;10;0
25171;3398;661;10;14;10;0
25172;3626;661;10;14;10;0
25173;3614;661;10;14;10;0
25176;3602;661;10;14;10;0
25177;3590;661;10;14;10;0
25178;3578;661;10;14;10;0
25179;3566;661;10;14;10;0
25182;3554;661;10;14;10;0
25184;3542;661;10;14;10;0
25185;3530;661;10;14;10;0
25187;3518;661;10;14;10;0
25189;3506;661;10;14;10;0
25190;3494;661;10;14;10;0
25191;3482;661;10;14;10;0
25192;3470;661;10;14;10;0
25193;3458;661;10;14;10;0
25195;3446;661;10;14;10;0
25196;3434;661;10;14;10;0
25197;3422;661;10;14;10;0
25198;3410;661;10;14;10;0
25199;4070;661;10;14;10;0
25200;122;677;10;14;10;0
25201;134;677;10;14;10;0
25203;146;677;10;14;10;0
25206;938;677;10;14;10;0
25209;926;677;10;14;10;0
25210;914;677;10;14;10;0
25212;902;677;10;14;10;0
25213;890;677;10;14;10;0
25214;878;677;10;14;10;0
25215;866;677;10;14;10;0
25216;854;677;10;14;10;0
25218;842;677;10;14;10;0
25219;830;677;10;14;10;0
25220;818;677;10;14;10;0
25222;806;677;10;14;10;0
25225;794;677;10;14;10;0
25226;782;677;10;14;10;0
25228;770;677;10;14;10;0
25233;758;677;10;14;10;0
25234;746;677;10;14;10;0
25235;734;677;10;14;10;0
25236;722;677;10;14;10;0
25237;950;677;10;14;10;0
25238;962;677;10;14;10;0
25239;974;677;10;14;10;0
25240;986;677;10;14;10;0
25242;1226;677;10;14;10;0
25243;1214;677;10;14;10;0
25244;1202;677;10;14;10;0
25246;1190;677;10;14;10;0
25248;1178;677;10;14;10;0
25249;1166;677;10;14;10;0
25250;1154;677;10;14;10;0
25252;1142;677;10;14;10;0
25253;1130;677;10;14;10;0
25254;1238;677;10;14;10;0
25255;1118;677;10;14;10;0
25256;1094;677;10;14;10;0
25259;1082;677;10;14;10;0
25260;1070;677;10;14;10;0
25263;1058;677;10;14;10;0
25265;1046;677;10;14;10;0
25266;1034;677;10;14;10;0
25269;1022;677;10;14;10;0
25273;1010;677;10;14;10;0
25274;998;677;10;14;10;0
25275;710;677;10;14;10;0
25276;1106;677;10;14;10;0
25277;698;677;10;14;10;0
25279;542;677;10;14;10;0
25282;374;677;10;14;10;0
25283;362;677;10;14;10;0
25284;350;677;10;14;10;0
25285;338;677;10;14;10;0
25286;326;677;10;14;10;0
25287;314;677;10;14;10;0
25288;302;677;10;14;10;0
25289;290;677;10;14;10;0
25290;278;677;10;14;10;0
25291;266;677;10;14;10;0
25292;254;677;10;14;10;0
25293;242;677;10;14;10;0
25294;230;677;10;14;10;0
25295;218;677;10;14;10;0
25296;206;677;10;14;10;0
25297;194;677;10;14;10;0
25298;182;677;10;14;10;0
25299;170;677;10;14;10;0
25300;158;677;10;14;10;0
25302;386;677;10;14;10;0
25303;398;677;10;14;10;0
25304;410;677;10;14;10;0
25305;422;677;10;14;10;0
25306;662;677;10;14;10;0
25307;650;677;10;14;10;0
25308;638;677;10;14;10;0
25309;626;677;10;14;10;0
25311;614;677;10;14;10;0
25312;602;677;10;14;10;0
25313;590;677;10;14;10;0
25314;578;677;10;14;10;0
25315;566;677;10;14;10;0
25317;674;677;10;14;10;0
25318;554;677;10;14;10;0
25319;530;677;10;14;10;0
25320;518;677;10;14;10;0
25321;506;677;10;14;10;0
25324;494;677;10;14;10;0
25325;482;677;10;14;10;0
25326;470;677;10;14;10;0
25327;458;677;10;14;10;0
25329;446;677;10;14;10;0
25331;434;677;10;14;10;0
25332;1250;677;10;14;10;0
25333;3494;677;10;14;10;0
25334;3506;677;10;14;10;0
25335;3518;677;10;14;10;0
25340;2462;693;10;14;10;0
25341;2450;693;10;14;10;0
25342;2438;693;10;14;10;0
25343;2426;693;10;14;10;0
25344;2414;693;10;14;10;0
25345;2402;693;10;14;10;0
25346;2390;693;10;14;10;0
25351;2378;693;10;14;10;0
25352;2366;693;10;14;10;0
25353;2354;693;10;14;10;0
25356;2342;693;10;14;10;0
25357;2330;693;10;14;10;0
25358;2318;693;10;14;10;0
25361;2306;693;10;14;10;0
25366;2294;693;10;14;10;0
25369;2282;693;10;14;10;0
25370;2270;693;10;14;10;0
25371;2258;693;10;14;10;0
25373;2246;693;10;14;10;0
25374;2474;693;10;14;10;0
25375;2486;693;10;14;10;0
25376;2498;693;10;14;10;0
25377;2510;693;10;14;10;0
25379;2750;693;10;14;10;0
25380;2738;693;10;14;10;0
25381;2726;693;10;14;10;0
25383;2714;693;10;14;10;0
25384;2702;693;10;14;10;0
25386;2690;693;10;14;10;0
25387;2678;693;10;14;10;0
25389;2666;693;10;14;10;0
25391;2654;693;10;14;10;0
25394;2762;693;10;14;10;0
25397;2642;693;10;14;10;0
25401;2618;693;10;14;10;0
25402;2606;693;10;14;10;0
25405;2594;693;10;14;10;0
25406;2582;693;10;14;10;0
25407;2570;693;10;14;10;0
25410;2558;693;10;14;10;0
25413;2546;693;10;14;10;0
25414;2534;693;10;14;10;0
25417;2522;693;10;14;10;0
25419;2234;693;10;14;10;0
25420;2630;693;10;14;10;0
25421;2222;693;10;14;10;0
25422;2066;693;10;14;10;0
25423;1898;693;10;14;10;0
25424;1886;693;10;14;10;0
25429;1874;693;10;14;10;0
25431;1862;693;10;14;10;0
25434;1850;693;10;14;10;0
25436;1838;693;10;14;10;0
25438;1826;693;10;14;10;0
25439;1814;693;10;14;10;0
25441;1802;693;10;14;10;0
25442;1790;693;10;14;10;0
25443;1778;693;10;14;10;0
25447;1766;693;10;14;10;0
25448;1754;693;10;14;10;0
25449;1742;693;10;14;10;0
25451;1730;693;10;14;10;0
25453;1718;693;10;14;10;0
25454;1706;693;10;14;10;0
25455;1694;693;10;14;10;0
25457;1682;693;10;14;10;0
25458;1910;693;10;14;10;0
25462;1922;693;10;14;10;0
25463;1934;693;10;14;10;0
25466;1946;693;10;14;10;0
25467;2186;693;10;14;10;0
25469;2174;693;10;14;10;0
25472;2162;693;10;14;10;0
25474;2150;693;10;14;10;0
25475;2138;693;10;14;10;0
25476;2126;693;10;14;10;0
25479;2114;693;10;14;10;0
25480;2102;693;10;14;10;0
25481;2090;693;10;14;10;0
25484;2198;693;10;14;10;0
25486;2078;693;10;14;10;0
25487;2054;693;10;14;10;0
25488;2042;693;10;14;10;0
25490;2030;693;10;14;10;0
25494;2018;693;10;14;10;0
25496;2006;693;10;14;10;0
25497;1994;693;10;14;10;0
25499;1982;693;10;14;10;0
25503;1970;693;10;14;10;0
25504;1958;693;10;14;10;0
25505;2210;693;10;14;10;0
25506;2786;693;10;14;10;0
25507;3338;693;10;14;10;0
25509;2798;693;10;14;10;0
25511;3590;693;10;14;10;0
25512;3578;693;10;14;10;0
25513;3566;693;10;14;10;0
25514;3554;693;10;14;10;0
25515;3542;693;10;14;10;0
25516;3530;693;10;14;10;0
25518;3518;693;10;14;10;0
25520;3506;693;10;14;10;0
25522;3494;693;10;14;10;0
25523;3482;693;10;14;10;0
25524;3470;693;10;14;10;0
25525;3458;693;10;14;10;0
25527;3446;693;10;14;10;0
25528;3434;693;10;14;10;0
25529;3422;693;10;14;10;0
25530;3410;693;10;14;10;0
25531;3398;693;10;14;10;0
25534;3386;693;10;14;10;0
25536;3374;693;10;14;10;0
25539;3602;693;10;14;10;0
25540;3614;693;10;14;10;0
25542;3626;693;10;14;10;0
25544;3638;693;10;14;10;0
25545;3878;693;10;14;10;0
25549;3866;693;10;14;10;0
25551;3854;693;10;14;10;0
25552;3842;693;10;14;10;0
25554;3830;693;10;14;10;0
25558;3818;693;10;14;10;0
25562;3806;693;10;14;10;0
25563;3794;693;10;14;10;0
25566;3782;693;10;14;10;0
25568;3890;693;10;14;10;0
25569;3770;693;10;14;10;0
25571;3746;693;10;14;10;0
25572;3734;693;10;14;10;0
25574;3722;693;10;14;10;0
25577;3710;693;10;14;10;0
25578;3698;693;10;14;10;0
25580;3686;693;10;14;10;0
25581;3674;693;10;14;10;0
25582;3662;693;10;14;10;0
25586;3650;693;10;14;10;0
25588;3362;693;10;14;10;0
25589;3758;693;10;14;10;0
25590;3350;693;10;14;10;0
25592;3194;693;10;14;10;0
25593;3026;693;10;14;10;0
25594;3014;693;10;14;10;0
25595;3002;693;10;14;10;0
25596;2990;693;10;14;10;0
25597;2978;693;10;14;10;0
25598;2966;693;10;14;10;0
25600;2954;693;10;14;10;0
25601;2942;693;10;14;10;0
25602;2930;693;10;14;10;0
25605;2918;693;10;14;10;0
25606;2906;693;10;14;10;0
25607;2894;693;10;14;10;0
25613;2882;693;10;14;10;0
25615;2870;693;10;14;10;0
25616;2858;693;10;14;10;0
25619;2846;693;10;14;10;0
25620;2834;693;10;14;10;0
25622;2822;693;10;14;10;0
25623;2810;693;10;14;10;0
25625;3038;693;10;14;10;0
25628;3050;693;10;14;10;0
25629;3062;693;10;14;10;0
25630;3074;693;10;14;10;0
25633;3314;693;10;14;10;0
25635;3302;693;10;14;10;0
25637;3290;693;10;14;10;0
25638;3278;693;10;14;10;0
25639;3266;693;10;14;10;0
25640;3254;693;10;14;10;0
25642;3242;693;10;14;10;0
25644;3230;693;10;14;10;0
25645;3218;693;10;14;10;0
25650;3326;693;10;14;10;0
25652;3206;693;10;14;10;0
25653;3182;693;10;14;10;0
25654;3170;693;10;14;10;0
25658;3158;693;10;14;10;0
25661;3146;693;10;14;10;0
25662;3134;693;10;14;10;0
25664;3122;693;10;14;10;0
25665;3110;693;10;14;10;0
25666;3098;693;10;14;10;0
25667;3086;693;10;14;10;0
25668;1670;693;10;14;10;0
25670;1658;693;10;14;10;0
25671;1646;693;10;14;10;0
25672;1082;693;10;14;10;0
25674;206;693;10;14;10;0
25678;194;693;10;14;10;0
25681;182;693;10;14;10;0
25682;170;693;10;14;10;0
25684;158;693;10;14;10;0
25688;146;693;10;14;10;0
25689;134;693;10;14;10;0
25692;122;693;10;14;10;0
25694;110;693;10;14;10;0
25695;98;693;10;14;10;0
25703;86;693;10;14;10;0
25705;74;693;10;14;10;0
25709;62;693;10;14;10;0
25711;50;693;10;14;10;0
25712;38;693;10;14;10;0
25713;26;693;10;14;10;0
25715;14;693;10;14;10;0
25717;2;693;10;14;10;0
25718;4082;677;10;14;10;0
25719;218;693;10;14;10;0
25720;230;693;10;14;10;0
25721;242;693;10;14;10;0
25722;254;693;10;14;10;0
25723;494;693;10;14;10;0
25730;482;693;10;14;10;0
25731;470;693;10;14;10;0
25733;458;693;10;14;10;0
25735;446;693;10;14;10;0
25736;434;693;10;14;10;0
25741;422;693;10;14;10;0
25744;410;693;10;14;10;0
25745;398;693;10;14;10;0
25746;506;693;10;14;10;0
25747;386;693;10;14;10;0
25749;362;693;10;14;10;0
25750;350;693;10;14;10;0
25752;338;693;10;14;10;0
25753;326;693;10;14;10;0
25754;314;693;10;14;10;0
25758;302;693;10;14;10;0
25759;290;693;10;14;10;0
25762;278;693;10;14;10;0
25763;266;693;10;14;10;0
25764;4070;677;10;14;10;0
25765;4058;677;10;14;10;0
25769;4046;677;10;14;10;0
25771;3770;677;10;14;10;0
25772;3746;677;10;14;10;0
25773;3734;677;10;14;10;0
25774;3722;677;10;14;10;0
25776;3710;677;10;14;10;0
25778;3698;677;10;14;10;0
25779;3686;677;10;14;10;0
25780;3674;677;10;14;10;0
25781;3662;677;10;14;10;0
25784;3650;677;10;14;10;0
25785;3638;677;10;14;10;0
25786;3626;677;10;14;10;0
25787;3614;677;10;14;10;0
25788;3602;677;10;14;10;0
25790;3590;677;10;14;10;0
25791;3578;677;10;14;10;0
25792;3566;677;10;14;10;0
25793;3554;677;10;14;10;0
25794;3542;677;10;14;10;0
25796;3530;677;10;14;10;0
25797;3758;677;10;14;10;0
25799;3782;677;10;14;10;0
25802;4034;677;10;14;10;0
25803;3794;677;10;14;10;0
25805;4022;677;10;14;10;0
25806;4010;677;10;14;10;0
25808;3998;677;10;14;10;0
25810;3986;677;10;14;10;0
25812;3974;677;10;14;10;0
25813;3962;677;10;14;10;0
25815;3950;677;10;14;10;0
25816;3938;677;10;14;10;0
25818;3926;677;10;14;10;0
25821;3914;677;10;14;10;0
25822;3902;677;10;14;10;0
25824;3890;677;10;14;10;0
25825;3878;677;10;14;10;0
25826;3866;677;10;14;10;0
25827;3854;677;10;14;10;0
25828;3842;677;10;14;10;0
25830;3830;677;10;14;10;0
25831;3818;677;10;14;10;0
25836;3806;677;10;14;10;0
25837;374;693;10;14;10;0
25839;518;693;10;14;10;0
25840;530;693;10;14;10;0
25841;542;693;10;14;10;0
25842;1334;693;10;14;10;0
25844;1322;693;10;14;10;0
25846;1310;693;10;14;10;0
25847;1298;693;10;14;10;0
25848;1286;693;10;14;10;0
25850;1274;693;10;14;10;0
25851;1262;693;10;14;10;0
25852;1250;693;10;14;10;0
25853;1238;693;10;14;10;0
25854;1226;693;10;14;10;0
25856;1214;693;10;14;10;0
25861;1202;693;10;14;10;0
25862;1190;693;10;14;10;0
25865;1178;693;10;14;10;0
25871;1166;693;10;14;10;0
25873;1154;693;10;14;10;0
25874;1142;693;10;14;10;0
25876;1130;693;10;14;10;0
25878;1118;693;10;14;10;0
25880;1346;693;10;14;10;0
25881;1358;693;10;14;10;0
25884;1370;693;10;14;10;0
25885;1382;693;10;14;10;0
25886;1622;693;10;14;10;0
25890;1610;693;10;14;10;0
25891;1598;693;10;14;10;0
25892;1586;693;10;14;10;0
25893;1574;693;10;14;10;0
25898;1562;693;10;14;10;0
25899;1550;693;10;14;10;0
25900;1538;693;10;14;10;0
25903;1526;693;10;14;10;0
25904;1634;693;10;14;10;0
25908;1514;693;10;14;10;0
25909;1490;693;10;14;10;0
25910;1478;693;10;14;10;0
25911;1466;693;10;14;10;0
25912;1454;693;10;14;10;0
25913;1442;693;10;14;10;0
25914;1430;693;10;14;10;0
25915;1418;693;10;14;10;0
25918;1406;693;10;14;10;0
25919;1394;693;10;14;10;0
25925;1106;693;10;14;10;0
25928;1502;693;10;14;10;0
25929;1094;693;10;14;10;0
25932;938;693;10;14;10;0
25933;770;693;10;14;10;0
25934;758;693;10;14;10;0
25935;746;693;10;14;10;0
25937;734;693;10;14;10;0
25940;722;693;10;14;10;0
25941;710;693;10;14;10;0
25942;698;693;10;14;10;0
25943;686;693;10;14;10;0
25944;674;693;10;14;10;0
25945;662;693;10;14;10;0
25947;650;693;10;14;10;0
25949;638;693;10;14;10;0
25950;626;693;10;14;10;0
25954;614;693;10;14;10;0
25955;602;693;10;14;10;0
25958;590;693;10;14;10;0
25960;578;693;10;14;10;0
25964;566;693;10;14;10;0
25968;554;693;10;14;10;0
25970;782;693;10;14;10;0
25972;794;693;10;14;10;0
25973;806;693;10;14;10;0
25975;818;693;10;14;10;0
25976;1058;693;10;14;10;0
25986;1046;693;10;14;10;0
25987;1034;693;10;14;10;0
25991;1022;693;10;14;10;0
25992;1010;693;10;14;10;0
25993;998;693;10;14;10;0
25995;986;693;10;14;10;0
25996;974;693;10;14;10;0
25998;962;693;10;14;10;0
26000;1070;693;10;14;10;0
26001;950;693;10;14;10;0
26003;926;693;10;14;10;0
26005;914;693;10;14;10;0
26007;902;693;10;14;10;0
26009;890;693;10;14;10;0
26011;878;693;10;14;10;0
26012;866;693;10;14;10;0
26015;854;693;10;14;10;0
26017;842;693;10;14;10;0
26020;830;693;10;14;10;0
26021;3122;661;10;14;10;0
26023;3110;661;10;14;10;0
26025;3098;661;10;14;10;0
26027;2702;645;10;14;10;0
26028;1262;645;10;14;10;0
26029;1250;645;10;14;10;0
26031;1238;645;10;14;10;0
26032;1226;645;10;14;10;0
26034;1214;645;10;14;10;0
26039;1202;645;10;14;10;0
26041;1190;645;10;14;10;0
26044;1178;645;10;14;10;0
26045;1166;645;10;14;10;0
26049;1154;645;10;14;10;0
26050;1142;645;10;14;10;0
26051;1130;645;10;14;10;0
26052;1118;645;10;14;10;0
26053;1106;645;10;14;10;0
26054;1094;645;10;14;10;0
26059;1082;645;10;14;10;0
26060;1070;645;10;14;10;0
26062;1058;645;10;14;10;0
26063;1046;645;10;14;10;0
26066;1274;645;10;14;10;0
26070;1286;645;10;14;10;0
26071;1298;645;10;14;10;0
26073;1310;645;10;14;10;0
26075;1550;645;10;14;10;0
26080;1538;645;10;14;10;0
26081;1526;645;10;14;10;0
26082;1514;645;10;14;10;0
26085;1502;645;10;14;10;0
26086;1490;645;10;14;10;0
26087;1478;645;10;14;10;0
26088;1466;645;10;14;10;0
26089;1454;645;10;14;10;0
26092;1562;645;10;14;10;0
26093;1442;645;10;14;10;0
26094;1418;645;10;14;10;0
26095;1406;645;10;14;10;0
26096;1394;645;10;14;10;0
26097;1382;645;10;14;10;0
26098;1370;645;10;14;10;0
26099;1358;645;10;14;10;0
26101;1346;645;10;14;10;0
26102;1334;645;10;14;10;0
26103;1322;645;10;14;10;0
26105;1034;645;10;14;10;0
26106;1022;645;10;14;10;0
26107;1010;645;10;14;10;0
26108;734;645;10;14;10;0
26111;710;645;10;14;10;0
26112;698;645;10;14;10;0
26114;686;645;10;14;10;0
26115;674;645;10;14;10;0
26118;662;645;10;14;10;0
26119;650;645;10;14;10;0
26121;638;645;10;14;10;0
26122;626;645;10;14;10;0
26124;614;645;10;14;10;0
26125;602;645;10;14;10;0
26126;590;645;10;14;10;0
26127;578;645;10;14;10;0
26131;566;645;10;14;10;0
26132;554;645;10;14;10;0
26133;542;645;10;14;10;0
26137;530;645;10;14;10;0
26140;518;645;10;14;10;0
26141;506;645;10;14;10;0
26143;494;645;10;14;10;0
26144;722;645;10;14;10;0
26148;746;645;10;14;10;0
26149;998;645;10;14;10;0
26151;758;645;10;14;10;0
26152;986;645;10;14;10;0
26155;974;645;10;14;10;0
26157;962;645;10;14;10;0
26159;950;645;10;14;10;0
26160;938;645;10;14;10;0
26161;926;645;10;14;10;0
26164;914;645;10;14;10;0
26165;902;645;10;14;10;0
26166;890;645;10;14;10;0
26172;878;645;10;14;10;0
26174;866;645;10;14;10;0
26175;854;645;10;14;10;0
26177;842;645;10;14;10;0
26178;830;645;10;14;10;0
26179;818;645;10;14;10;0
26180;806;645;10;14;10;0
26181;794;645;10;14;10;0
26184;782;645;10;14;10;0
26185;770;645;10;14;10;0
26187;1430;645;10;14;10;0
26188;1574;645;10;14;10;0
26191;1586;645;10;14;10;0
26194;1598;645;10;14;10;0
26195;2390;645;10;14;10;0
26196;2378;645;10;14;10;0
26197;2366;645;10;14;10;0
26198;2354;645;10;14;10;0
26199;2342;645;10;14;10;0
26201;2330;645;10;14;10;0
26202;2318;645;10;14;10;0
26205;2306;645;10;14;10;0
26206;2294;645;10;14;10;0
26207;2282;645;10;14;10;0
26209;2270;645;10;14;10;0
26210;2258;645;10;14;10;0
26212;2246;645;10;14;10;0
26214;2234;645;10;14;10;0
26215;2222;645;10;14;10;0
26216;2210;645;10;14;10;0
26217;2198;645;10;14;10;0
26222;2186;645;10;14;10;0
26223;2174;645;10;14;10;0
26224;2402;645;10;14;10;0
26228;2414;645;10;14;10;0
26230;2426;645;10;14;10;0
26231;2438;645;10;14;10;0
26234;2678;645;10;14;10;0
26238;2666;645;10;14;10;0
26241;2654;645;10;14;10;0
26242;2642;645;10;14;10;0
26243;2630;645;10;14;10;0
26244;2618;645;10;14;10;0
26247;2606;645;10;14;10;0
26248;2594;645;10;14;10;0
26249;2582;645;10;14;10;0
26252;2690;645;10;14;10;0
26253;2570;645;10;14;10;0
26254;2546;645;10;14;10;0
26256;2534;645;10;14;10;0
26257;2522;645;10;14;10;0
26262;2510;645;10;14;10;0
26263;2498;645;10;14;10;0
26264;2486;645;10;14;10;0
26269;2474;645;10;14;10;0
26271;2462;645;10;14;10;0
26274;2450;645;10;14;10;0
26278;2162;645;10;14;10;0
26279;2558;645;10;14;10;0
26280;2150;645;10;14;10;0
26282;1994;645;10;14;10;0
26283;1826;645;10;14;10;0
26286;1814;645;10;14;10;0
26289;1802;645;10;14;10;0
26292;1790;645;10;14;10;0
26296;1778;645;10;14;10;0
26297;1766;645;10;14;10;0
26300;1754;645;10;14;10;0
26302;1742;645;10;14;10;0
26305;1730;645;10;14;10;0
26308;1718;645;10;14;10;0
26310;1706;645;10;14;10;0
26311;1694;645;10;14;10;0
26313;1682;645;10;14;10;0
26326;1670;645;10;14;10;0
26329;1658;645;10;14;10;0
26330;1646;645;10;14;10;0
26332;1634;645;10;14;10;0
26333;1622;645;10;14;10;0
26336;1610;645;10;14;10;0
26339;1838;645;10;14;10;0
26342;1850;645;10;14;10;0
26345;1862;645;10;14;10;0
26348;1874;645;10;14;10;0
26352;2114;645;10;14;10;0
26353;2102;645;10;14;10;0
26354;2090;645;10;14;10;0
26355;2078;645;10;14;10;0
26356;2066;645;10;14;10;0
26357;2054;645;10;14;10;0
26359;2042;645;10;14;10;0
26360;2030;645;10;14;10;0
26361;2018;645;10;14;10;0
26362;2126;645;10;14;10;0
26364;2006;645;10;14;10;0
26365;1982;645;10;14;10;0
26366;1970;645;10;14;10;0
26367;1958;645;10;14;10;0
26368;1946;645;10;14;10;0
26371;1934;645;10;14;10;0
26376;1922;645;10;14;10;0
26377;1910;645;10;14;10;0
26378;1898;645;10;14;10;0
26379;1886;645;10;14;10;0
26381;482;645;10;14;10;0
26383;2138;645;10;14;10;0
26384;470;645;10;14;10;0
26385;3986;629;10;14;10;0
26388;3110;629;10;14;10;0
26389;3098;629;10;14;10;0
26390;3086;629;10;14;10;0
26391;3074;629;10;14;10;0
26395;3062;629;10;14;10;0
26397;3050;629;10;14;10;0
26398;3038;629;10;14;10;0
26399;3026;629;10;14;10;0
26405;3014;629;10;14;10;0
26406;3002;629;10;14;10;0
26407;2990;629;10;14;10;0
26408;2978;629;10;14;10;0
26410;2966;629;10;14;10;0
26411;2954;629;10;14;10;0
26412;2942;629;10;14;10;0
26413;2930;629;10;14;10;0
26414;2918;629;10;14;10;0
26415;2906;629;10;14;10;0
26417;2894;629;10;14;10;0
26420;3122;629;10;14;10;0
26421;3134;629;10;14;10;0
26422;3146;629;10;14;10;0
26423;3158;629;10;14;10;0
26424;3398;629;10;14;10;0
26426;3386;629;10;14;10;0
26429;3374;629;10;14;10;0
26431;3362;629;10;14;10;0
26432;3350;629;10;14;10;0
26433;3338;629;10;14;10;0
26434;3326;629;10;14;10;0
26435;3314;629;10;14;10;0
26438;3302;629;10;14;10;0
26440;3410;629;10;14;10;0
26441;3290;629;10;14;10;0
26443;3266;629;10;14;10;0
26446;3254;629;10;14;10;0
26447;3242;629;10;14;10;0
26448;3230;629;10;14;10;0
26449;3218;629;10;14;10;0
26451;3206;629;10;14;10;0
26453;3194;629;10;14;10;0
26454;3182;629;10;14;10;0
26455;3170;629;10;14;10;0
26457;2882;629;10;14;10;0
26460;2870;629;10;14;10;0
26462;2858;629;10;14;10;0
26463;2582;629;10;14;10;0
26464;2558;629;10;14;10;0
26465;2546;629;10;14;10;0
26466;2534;629;10;14;10;0
26467;2522;629;10;14;10;0
26468;2510;629;10;14;10;0
26469;2498;629;10;14;10;0
26471;2486;629;10;14;10;0
26472;2474;629;10;14;10;0
26474;2462;629;10;14;10;0
26477;2450;629;10;14;10;0
26478;2438;629;10;14;10;0
26479;2426;629;10;14;10;0
26480;2414;629;10;14;10;0
26481;2402;629;10;14;10;0
26482;2390;629;10;14;10;0
26483;2378;629;10;14;10;0
26485;2366;629;10;14;10;0
26487;2354;629;10;14;10;0
26491;2342;629;10;14;10;0
26492;2570;629;10;14;10;0
26494;2594;629;10;14;10;0
26495;2846;629;10;14;10;0
26497;2606;629;10;14;10;0
26500;2834;629;10;14;10;0
26501;2822;629;10;14;10;0
26503;2810;629;10;14;10;0
26505;2798;629;10;14;10;0
26507;2786;629;10;14;10;0
26508;2774;629;10;14;10;0
26511;2762;629;10;14;10;0
26512;2750;629;10;14;10;0
26514;2738;629;10;14;10;0
26515;2726;629;10;14;10;0
26517;2714;629;10;14;10;0
26519;2702;629;10;14;10;0
26520;2690;629;10;14;10;0
26522;2678;629;10;14;10;0
26524;2666;629;10;14;10;0
26525;2654;629;10;14;10;0
26526;2642;629;10;14;10;0
26528;2630;629;10;14;10;0
26529;2618;629;10;14;10;0
26530;3278;629;10;14;10;0
26531;3422;629;10;14;10;0
26534;3434;629;10;14;10;0
26537;3446;629;10;14;10;0
26538;146;645;10;14;10;0
26539;134;645;10;14;10;0
26543;122;645;10;14;10;0
26544;110;645;10;14;10;0
26545;98;645;10;14;10;0
26547;86;645;10;14;10;0
26548;74;645;10;14;10;0
26550;62;645;10;14;10;0
26551;50;645;10;14;10;0
26552;38;645;10;14;10;0
26553;26;645;10;14;10;0
26558;14;645;10;14;10;0
26561;2;645;10;14;10;0
26564;4082;629;10;14;10;0
26566;4070;629;10;14;10;0
26570;4058;629;10;14;10;0
26574;4046;629;10;14;10;0
26575;4034;629;10;14;10;0
26576;4022;629;10;14;10;0
26577;158;645;10;14;10;0
26578;170;645;10;14;10;0
26579;182;645;10;14;10;0
26580;194;645;10;14;10;0
26584;434;645;10;14;10;0
26585;422;645;10;14;10;0
26586;410;645;10;14;10;0
26588;398;645;10;14;10;0
26589;386;645;10;14;10;0
26590;374;645;10;14;10;0
26592;362;645;10;14;10;0
26594;350;645;10;14;10;0
26596;338;645;10;14;10;0
26597;446;645;10;14;10;0
26599;326;645;10;14;10;0
26601;302;645;10;14;10;0
26604;290;645;10;14;10;0
26606;278;645;10;14;10;0
26607;266;645;10;14;10;0
26608;254;645;10;14;10;0
26609;242;645;10;14;10;0
26611;230;645;10;14;10;0
26612;218;645;10;14;10;0
26613;206;645;10;14;10;0
26618;4010;629;10;14;10;0
26619;314;645;10;14;10;0
26621;3998;629;10;14;10;0
26622;3842;629;10;14;10;0
26623;3674;629;10;14;10;0
26626;3662;629;10;14;10;0
26627;3650;629;10;14;10;0
26628;3638;629;10;14;10;0
26629;3626;629;10;14;10;0
26631;3614;629;10;14;10;0
26632;3602;629;10;14;10;0
26633;3590;629;10;14;10;0
26635;3578;629;10;14;10;0
26639;3566;629;10;14;10;0
26641;3554;629;10;14;10;0
26643;3542;629;10;14;10;0
26646;3530;629;10;14;10;0
26647;3518;629;10;14;10;0
26648;3506;629;10;14;10;0
26654;3494;629;10;14;10;0
26657;3482;629;10;14;10;0
26658;3470;629;10;14;10;0
26665;3458;629;10;14;10;0
26666;3686;629;10;14;10;0
26667;3698;629;10;14;10;0
26674;3710;629;10;14;10;0
26675;3722;629;10;14;10;0
26676;3962;629;10;14;10;0
26679;3950;629;10;14;10;0
26680;3938;629;10;14;10;0
26681;3926;629;10;14;10;0
26684;3914;629;10;14;10;0
26685;3902;629;10;14;10;0
26688;3890;629;10;14;10;0
26689;3878;629;10;14;10;0
26690;3866;629;10;14;10;0
26691;3974;629;10;14;10;0
26692;3854;629;10;14;10;0
26693;3830;629;10;14;10;0
26694;3818;629;10;14;10;0
26696;3806;629;10;14;10;0
26697;3794;629;10;14;10;0
26700;3782;629;10;14;10;0
26701;3770;629;10;14;10;0
26702;3758;629;10;14;10;0
26704;3746;629;10;14;10;0
26705;3734;629;10;14;10;0
26707;458;645;10;14;10;0
26708;2714;645;10;14;10;0
26709;854;661;10;14;10;0
26713;2726;645;10;14;10;0
26716;1658;661;10;14;10;0
26717;1646;661;10;14;10;0
26719;1634;661;10;14;10;0
26722;1622;661;10;14;10;0
26723;1610;661;10;14;10;0
26725;1598;661;10;14;10;0
26726;1586;661;10;14;10;0
26727;1574;661;10;14;10;0
26728;1562;661;10;14;10;0
26729;1550;661;10;14;10;0
26740;1538;661;10;14;10;0
26742;1526;661;10;14;10;0
26743;1514;661;10;14;10;0
26745;1502;661;10;14;10;0
26750;1490;661;10;14;10;0
26751;1478;661;10;14;10;0
26753;1466;661;10;14;10;0
26754;1454;661;10;14;10;0
26755;1442;661;10;14;10;0
26757;1670;661;10;14;10;0
26758;1682;661;10;14;10;0
26759;1694;661;10;14;10;0
26765;1706;661;10;14;10;0
26767;1946;661;10;14;10;0
26771;1934;661;10;14;10;0
26772;1922;661;10;14;10;0
26775;1910;661;10;14;10;0
26776;1898;661;10;14;10;0
26779;1886;661;10;14;10;0
26781;1874;661;10;14;10;0
26783;1862;661;10;14;10;0
26784;1850;661;10;14;10;0
26785;1958;661;10;14;10;0
26786;1838;661;10;14;10;0
26790;1814;661;10;14;10;0
26791;1802;661;10;14;10;0
26792;1790;661;10;14;10;0
26793;1778;661;10;14;10;0
26797;1766;661;10;14;10;0
26799;1754;661;10;14;10;0
26800;1742;661;10;14;10;0
26801;1730;661;10;14;10;0
26802;1718;661;10;14;10;0
26803;1430;661;10;14;10;0
26805;1418;661;10;14;10;0
26806;1406;661;10;14;10;0
26809;1130;661;10;14;10;0
26810;1106;661;10;14;10;0
26812;1094;661;10;14;10;0
26814;1082;661;10;14;10;0
26816;1070;661;10;14;10;0
26820;1058;661;10;14;10;0
26822;1046;661;10;14;10;0
26825;1034;661;10;14;10;0
26826;1022;661;10;14;10;0
26827;1010;661;10;14;10;0
26829;998;661;10;14;10;0
26834;986;661;10;14;10;0
26836;974;661;10;14;10;0
26837;962;661;10;14;10;0
26838;950;661;10;14;10;0
26839;938;661;10;14;10;0
26840;926;661;10;14;10;0
26842;914;661;10;14;10;0
26847;902;661;10;14;10;0
26848;890;661;10;14;10;0
26849;1118;661;10;14;10;0
26851;1142;661;10;14;10;0
26855;1394;661;10;14;10;0
26856;1154;661;10;14;10;0
26858;1382;661;10;14;10;0
26862;1370;661;10;14;10;0
26863;1358;661;10;14;10;0
26865;1346;661;10;14;10;0
26866;1334;661;10;14;10;0
26869;1322;661;10;14;10;0
26870;1310;661;10;14;10;0
26873;1298;661;10;14;10;0
26874;1286;661;10;14;10;0
26875;1274;661;10;14;10;0
26876;1262;661;10;14;10;0
26880;1250;661;10;14;10;0
26881;1238;661;10;14;10;0
26884;1226;661;10;14;10;0
26885;1214;661;10;14;10;0
26887;1202;661;10;14;10;0
26888;1190;661;10;14;10;0
26891;1178;661;10;14;10;0
26892;1166;661;10;14;10;0
26893;1826;661;10;14;10;0
26894;1970;661;10;14;10;0
26895;1982;661;10;14;10;0
26898;1994;661;10;14;10;0
26905;2786;661;10;14;10;0
26906;2774;661;10;14;10;0
26907;2762;661;10;14;10;0
26908;2750;661;10;14;10;0
26911;2738;661;10;14;10;0
26913;2726;661;10;14;10;0
26914;2714;661;10;14;10;0
26915;2702;661;10;14;10;0
26917;2690;661;10;14;10;0
26918;2678;661;10;14;10;0
26920;2666;661;10;14;10;0
26922;2654;661;10;14;10;0
26925;2642;661;10;14;10;0
26928;2630;661;10;14;10;0
26932;2618;661;10;14;10;0
26934;2606;661;10;14;10;0
26937;2594;661;10;14;10;0
26941;2582;661;10;14;10;0
26943;2570;661;10;14;10;0
26946;2798;661;10;14;10;0
26954;2810;661;10;14;10;0
26963;2822;661;10;14;10;0
26964;2834;661;10;14;10;0
26965;3074;661;10;14;10;0
26969;3062;661;10;14;10;0
26970;3050;661;10;14;10;0
26971;3038;661;10;14;10;0
26972;3026;661;10;14;10;0
26973;3014;661;10;14;10;0
26974;3002;661;10;14;10;0
26975;2990;661;10;14;10;0
26976;2978;661;10;14;10;0
26977;3086;661;10;14;10;0
26978;2966;661;10;14;10;0
26979;2942;661;10;14;10;0
26982;2930;661;10;14;10;0
26984;2918;661;10;14;10;0
26986;2906;661;10;14;10;0
26987;2894;661;10;14;10;0
26988;2882;661;10;14;10;0
26989;2870;661;10;14;10;0
26990;2858;661;10;14;10;0
26991;2846;661;10;14;10;0
26993;2558;661;10;14;10;0
26995;2954;661;10;14;10;0
26996;2546;661;10;14;10;0
26997;2390;661;10;14;10;0
26999;2222;661;10;14;10;0
27000;2210;661;10;14;10;0
27001;2198;661;10;14;10;0
27004;2186;661;10;14;10;0
27005;2174;661;10;14;10;0
27006;2162;661;10;14;10;0
27009;2150;661;10;14;10;0
27010;2138;661;10;14;10;0
27012;2126;661;10;14;10;0
27014;2114;661;10;14;10;0
27016;2102;661;10;14;10;0
27017;2090;661;10;14;10;0
27018;2078;661;10;14;10;0
27022;2066;661;10;14;10;0
27025;2054;661;10;14;10;0
27028;2042;661;10;14;10;0
27029;2030;661;10;14;10;0
27030;2018;661;10;14;10;0
27035;2006;661;10;14;10;0
27036;2234;661;10;14;10;0
27040;2246;661;10;14;10;0
27043;2258;661;10;14;10;0
27046;2270;661;10;14;10;0
27047;2510;661;10;14;10;0
27048;2498;661;10;14;10;0
27051;2486;661;10;14;10;0
27053;2474;661;10;14;10;0
27054;2462;661;10;14;10;0
27057;2450;661;10;14;10;0
27058;2438;661;10;14;10;0
27060;2426;661;10;14;10;0
27063;2414;661;10;14;10;0
27067;2522;661;10;14;10;0
27070;2402;661;10;14;10;0
27071;2378;661;10;14;10;0
27073;2366;661;10;14;10;0
27075;2354;661;10;14;10;0
27079;2342;661;10;14;10;0
27082;2330;661;10;14;10;0
27083;2318;661;10;14;10;0
27084;2306;661;10;14;10;0
27085;2294;661;10;14;10;0
27086;2282;661;10;14;10;0
27088;878;661;10;14;10;0
27091;2534;661;10;14;10;0
27093;866;661;10;14;10;0
27096;290;661;10;14;10;0
27097;3506;645;10;14;10;0
27099;3494;645;10;14;10;0
27101;3482;645;10;14;10;0
27102;3470;645;10;14;10;0
27103;3458;645;10;14;10;0
27108;3446;645;10;14;10;0
27111;3434;645;10;14;10;0
27112;3422;645;10;14;10;0
27114;3410;645;10;14;10;0
27115;3398;645;10;14;10;0
27117;3386;645;10;14;10;0
27122;3374;645;10;14;10;0
27123;3362;645;10;14;10;0
27129;3350;645;10;14;10;0
27130;3338;645;10;14;10;0
27131;3326;645;10;14;10;0
27133;3314;645;10;14;10;0
27135;3302;645;10;14;10;0
27137;3290;645;10;14;10;0
27138;3518;645;10;14;10;0
27141;3530;645;10;14;10;0
27146;3542;645;10;14;10;0
27147;3554;645;10;14;10;0
27148;3794;645;10;14;10;0
27153;3782;645;10;14;10;0
27154;3770;645;10;14;10;0
27155;3758;645;10;14;10;0
27156;3746;645;10;14;10;0
27159;3734;645;10;14;10;0
27161;3722;645;10;14;10;0
27163;3710;645;10;14;10;0
27166;3698;645;10;14;10;0
27167;3806;645;10;14;10;0
27169;3686;645;10;14;10;0
27170;3662;645;10;14;10;0
27171;3650;645;10;14;10;0
27177;3638;645;10;14;10;0
27178;3626;645;10;14;10;0
27179;3614;645;10;14;10;0
27182;3602;645;10;14;10;0
27185;3590;645;10;14;10;0
27189;3578;645;10;14;10;0
27190;3566;645;10;14;10;0
27192;3278;645;10;14;10;0
27193;3266;645;10;14;10;0
27194;3254;645;10;14;10;0
27197;2978;645;10;14;10;0
27198;2954;645;10;14;10;0
27204;2942;645;10;14;10;0
27207;2930;645;10;14;10;0
27208;2918;645;10;14;10;0
27211;2906;645;10;14;10;0
27224;2894;645;10;14;10;0
27225;2882;645;10;14;10;0
27227;2870;645;10;14;10;0
27230;2858;645;10;14;10;0
27231;2846;645;10;14;10;0
27233;2834;645;10;14;10;0
27234;2822;645;10;14;10;0
27237;2810;645;10;14;10;0
27238;2798;645;10;14;10;0
27243;2786;645;10;14;10;0
27249;2774;645;10;14;10;0
27250;2762;645;10;14;10;0
27256;2750;645;10;14;10;0
27257;2738;645;10;14;10;0
27262;2966;645;10;14;10;0
27263;2990;645;10;14;10;0
27264;3242;645;10;14;10;0
27268;3002;645;10;14;10;0
27277;3230;645;10;14;10;0
27278;3218;645;10;14;10;0
27280;3206;645;10;14;10;0
27281;3194;645;10;14;10;0
27284;3182;645;10;14;10;0
27287;3170;645;10;14;10;0
27292;3158;645;10;14;10;0
27296;3146;645;10;14;10;0
27298;3134;645;10;14;10;0
27299;3122;645;10;14;10;0
27301;3110;645;10;14;10;0
27304;3098;645;10;14;10;0
27305;3086;645;10;14;10;0
27306;3074;645;10;14;10;0
27308;3062;645;10;14;10;0
27310;3050;645;10;14;10;0
27311;3038;645;10;14;10;0
27315;3026;645;10;14;10;0
27317;3014;645;10;14;10;0
27320;3674;645;10;14;10;0
27323;3818;645;10;14;10;0
27329;3830;645;10;14;10;0
27330;3842;645;10;14;10;0
27331;542;661;10;14;10;0
27334;530;661;10;14;10;0
27336;518;661;10;14;10;0
27345;506;661;10;14;10;0
27347;494;661;10;14;10;0
27354;482;661;10;14;10;0
27355;470;661;10;14;10;0
27357;458;661;10;14;10;0
27358;446;661;10;14;10;0
27359;434;661;10;14;10;0
27365;422;661;10;14;10;0
27367;410;661;10;14;10;0
27368;398;661;10;14;10;0
27370;386;661;10;14;10;0
27371;374;661;10;14;10;0
27372;362;661;10;14;10;0
27377;350;661;10;14;10;0
27379;338;661;10;14;10;0
27384;326;661;10;14;10;0
27386;554;661;10;14;10;0
27387;566;661;10;14;10;0
27396;578;661;10;14;10;0
27397;590;661;10;14;10;0
27401;830;661;10;14;10;0
27402;818;661;10;14;10;0
27408;806;661;10;14;10;0
27410;794;661;10;14;10;0
27414;782;661;10;14;10;0
27415;770;661;10;14;10;0
27421;758;661;10;14;10;0
27422;746;661;10;14;10;0
27423;734;661;10;14;10;0
27424;842;661;10;14;10;0
27425;722;661;10;14;10;0
27426;698;661;10;14;10;0
27427;686;661;10;14;10;0
27428;674;661;10;14;10;0
27431;662;661;10;14;10;0
27442;650;661;10;14;10;0
27447;638;661;10;14;10;0
27448;626;661;10;14;10;0
27449;614;661;10;14;10;0
27450;602;661;10;14;10;0
27453;314;661;10;14;10;0
27454;710;661;10;14;10;0
27459;302;661;10;14;10;0
27462;146;661;10;14;10;0
27463;4070;645;10;14;10;0
27465;4058;645;10;14;10;0
27468;4046;645;10;14;10;0
27470;4034;645;10;14;10;0
27472;4022;645;10;14;10;0
27475;4010;645;10;14;10;0
27476;3998;645;10;14;10;0
27480;3986;645;10;14;10;0
27481;3974;645;10;14;10;0
27483;3962;645;10;14;10;0
27484;3950;645;10;14;10;0
27487;3938;645;10;14;10;0
27489;3926;645;10;14;10;0
27490;3914;645;10;14;10;0
27491;3902;645;10;14;10;0
27492;3890;645;10;14;10;0
27493;3878;645;10;14;10;0
27494;3866;645;10;14;10;0
27495;3854;645;10;14;10;0
27497;4082;645;10;14;10;0
27498;2;661;10;14;10;0
27503;14;661;10;14;10;0
27506;26;661;10;14;10;0
27507;266;661;10;14;10;0
27508;254;661;10;14;10;0
27511;242;661;10;14;10;0
27512;230;661;10;14;10;0
27513;218;661;10;14;10;0
27515;206;661;10;14;10;0
27516;194;661;10;14;10;0
27519;182;661;10;14;10;0
27520;170;661;10;14;10;0
27521;278;661;10;14;10;0
27522;158;661;10;14;10;0
27523;134;661;10;14;10;0
27524;122;661;10;14;10;0
27526;110;661;10;14;10;0
27527;98;661;10;14;10;0
27529;86;661;10;14;10;0
27530;74;661;10;14;10;0
27531;62;661;10;14;10;0
27533;50;661;10;14;10;0
27538;38;661;10;14;10;0
27539;3902;693;10;14;10;0
27541;1802;837;10;14;10;0
27542;1814;837;10;14;10;0
27544;1826;837;10;14;10;0
27547;638;1029;10;14;10;0
27550;626;1029;10;14;10;0
27553;614;1029;10;14;10;0
27556;602;1029;10;14;10;0
27562;590;1029;10;14;10;0
27563;578;1029;10;14;10;0
27565;566;1029;10;14;10;0
27566;554;1029;10;14;10;0
27567;542;1029;10;14;10;0
27569;530;1029;10;14;10;0
27570;518;1029;10;14;10;0
27571;506;1029;10;14;10;0
27572;494;1029;10;14;10;0
27573;482;1029;10;14;10;0
27575;470;1029;10;14;10;0
27578;458;1029;10;14;10;0
27579;446;1029;10;14;10;0
27580;434;1029;10;14;10;0
27583;422;1029;10;14;10;0
27584;650;1029;10;14;10;0
27585;662;1029;10;14;10;0
27586;674;1029;10;14;10;0
27589;686;1029;10;14;10;0
27590;926;1029;10;14;10;0
27595;914;1029;10;14;10;0
27597;902;1029;10;14;10;0
27598;890;1029;10;14;10;0
27599;878;1029;10;14;10;0
27600;866;1029;10;14;10;0
27602;854;1029;10;14;10;0
27603;842;1029;10;14;10;0
27604;830;1029;10;14;10;0
27605;938;1029;10;14;10;0
27606;818;1029;10;14;10;0
27607;794;1029;10;14;10;0
27608;782;1029;10;14;10;0
27609;770;1029;10;14;10;0
27610;758;1029;10;14;10;0
27611;746;1029;10;14;10;0
27615;734;1029;10;14;10;0
27617;722;1029;10;14;10;0
27627;710;1029;10;14;10;0
27628;698;1029;10;14;10;0
27631;410;1029;10;14;10;0
27635;398;1029;10;14;10;0
27645;386;1029;10;14;10;0
27653;110;1029;10;14;10;0
27656;86;1029;10;14;10;0
27658;74;1029;10;14;10;0
27661;62;1029;10;14;10;0
27663;50;1029;10;14;10;0
27664;38;1029;10;14;10;0
27665;26;1029;10;14;10;0
27667;14;1029;10;14;10;0
27668;2;1029;10;14;10;0
27669;4082;1013;10;14;10;0
27670;4070;1013;10;14;10;0
27671;4058;1013;10;14;10;0
27672;4046;1013;10;14;10;0
27673;4034;1013;10;14;10;0
27674;4022;1013;10;14;10;0
27675;4010;1013;10;14;10;0
27679;3998;1013;10;14;10;0
27681;3986;1013;10;14;10;0
27682;3974;1013;10;14;10;0
27683;3962;1013;10;14;10;0
27684;98;1029;10;14;10;0
27686;122;1029;10;14;10;0
27687;374;1029;10;14;10;0
27688;134;1029;10;14;10;0
27690;362;1029;10;14;10;0
27691;350;1029;10;14;10;0
27692;338;1029;10;14;10;0
27694;326;1029;10;14;10;0
27695;314;1029;10;14;10;0
27696;302;1029;10;14;10;0
27698;290;1029;10;14;10;0
27699;278;1029;10;14;10;0
27700;266;1029;10;14;10;0
27701;254;1029;10;14;10;0
27702;242;1029;10;14;10;0
27703;230;1029;10;14;10;0
27704;218;1029;10;14;10;0
27705;206;1029;10;14;10;0
27710;194;1029;10;14;10;0
27712;182;1029;10;14;10;0
27713;170;1029;10;14;10;0
27714;158;1029;10;14;10;0
27718;146;1029;10;14;10;0
27719;806;1029;10;14;10;0
27721;950;1029;10;14;10;0
27722;962;1029;10;14;10;0
27725;974;1029;10;14;10;0
27726;1766;1029;10;14;10;0
27727;1754;1029;10;14;10;0
27728;1742;1029;10;14;10;0
27733;1730;1029;10;14;10;0
27735;1718;1029;10;14;10;0
27737;1706;1029;10;14;10;0
27738;1694;1029;10;14;10;0
27739;1682;1029;10;14;10;0
27740;1670;1029;10;14;10;0
27741;1658;1029;10;14;10;0
27742;1646;1029;10;14;10;0
27743;1634;1029;10;14;10;0
27744;1622;1029;10;14;10;0
27745;1610;1029;10;14;10;0
27746;1598;1029;10;14;10;0
27748;1586;1029;10;14;10;0
27752;1574;1029;10;14;10;0
27753;1562;1029;10;14;10;0
27754;1550;1029;10;14;10;0
27755;1778;1029;10;14;10;0
27760;1790;1029;10;14;10;0
27762;1802;1029;10;14;10;0
27763;1814;1029;10;14;10;0
27764;2054;1029;10;14;10;0
27766;2042;1029;10;14;10;0
27769;2030;1029;10;14;10;0
27770;2018;1029;10;14;10;0
27773;2006;1029;10;14;10;0
27774;1994;1029;10;14;10;0
27777;1982;1029;10;14;10;0
27778;1970;1029;10;14;10;0
27779;1958;1029;10;14;10;0
27780;2066;1029;10;14;10;0
27781;1946;1029;10;14;10;0
27782;1922;1029;10;14;10;0
27784;1910;1029;10;14;10;0
27785;1898;1029;10;14;10;0
27788;1886;1029;10;14;10;0
27789;1874;1029;10;14;10;0
27791;1862;1029;10;14;10;0
27792;1850;1029;10;14;10;0
27793;1838;1029;10;14;10;0
27794;1826;1029;10;14;10;0
27795;1538;1029;10;14;10;0
27796;1934;1029;10;14;10;0
27798;1526;1029;10;14;10;0
27800;1370;1029;10;14;10;0
27801;1202;1029;10;14;10;0
27802;1190;1029;10;14;10;0
27803;1178;1029;10;14;10;0
27805;1166;1029;10;14;10;0
27807;1154;1029;10;14;10;0
27809;1142;1029;10;14;10;0
27810;1130;1029;10;14;10;0
27812;1118;1029;10;14;10;0
27813;1106;1029;10;14;10;0
27814;1094;1029;10;14;10;0
27815;1082;1029;10;14;10;0
27817;1070;1029;10;14;10;0
27818;1058;1029;10;14;10;0
27819;1046;1029;10;14;10;0
27820;1034;1029;10;14;10;0
27821;1022;1029;10;14;10;0
27822;1010;1029;10;14;10;0
27825;998;1029;10;14;10;0
27827;986;1029;10;14;10;0
27831;1214;1029;10;14;10;0
27832;1226;1029;10;14;10;0
27833;1238;1029;10;14;10;0
27834;1250;1029;10;14;10;0
27835;1490;1029;10;14;10;0
27836;1478;1029;10;14;10;0
27837;1466;1029;10;14;10;0
27838;1454;1029;10;14;10;0
27839;1442;1029;10;14;10;0
27841;1430;1029;10;14;10;0
27842;1418;1029;10;14;10;0
27844;1406;1029;10;14;10;0
27845;1394;1029;10;14;10;0
27849;1502;1029;10;14;10;0
27850;1382;1029;10;14;10;0
27852;1358;1029;10;14;10;0
27853;1346;1029;10;14;10;0
27859;1334;1029;10;14;10;0
27861;1322;1029;10;14;10;0
27862;1310;1029;10;14;10;0
27863;1298;1029;10;14;10;0
27865;1286;1029;10;14;10;0
27867;1274;1029;10;14;10;0
27868;1262;1029;10;14;10;0
27869;3950;1013;10;14;10;0
27870;1514;1029;10;14;10;0
27872;3938;1013;10;14;10;0
27873;3362;1013;10;14;10;0
27874;2486;1013;10;14;10;0
27875;2474;1013;10;14;10;0
27877;2462;1013;10;14;10;0
27880;2450;1013;10;14;10;0
27882;2438;1013;10;14;10;0
27886;2426;1013;10;14;10;0
27887;2414;1013;10;14;10;0
27888;2402;1013;10;14;10;0
27889;2390;1013;10;14;10;0
27891;2378;1013;10;14;10;0
27893;2366;1013;10;14;10;0
27896;2354;1013;10;14;10;0
27897;2342;1013;10;14;10;0
27899;2330;1013;10;14;10;0
27900;2318;1013;10;14;10;0
27901;2306;1013;10;14;10;0
27902;2294;1013;10;14;10;0
27905;2282;1013;10;14;10;0
27908;2270;1013;10;14;10;0
27915;2498;1013;10;14;10;0
27916;2510;1013;10;14;10;0
27918;2522;1013;10;14;10;0
27920;2534;1013;10;14;10;0
27922;2774;1013;10;14;10;0
27927;2762;1013;10;14;10;0
27929;2750;1013;10;14;10;0
27931;2738;1013;10;14;10;0
27934;2726;1013;10;14;10;0
27935;2714;1013;10;14;10;0
27938;2702;1013;10;14;10;0
27941;2690;1013;10;14;10;0
27943;2678;1013;10;14;10;0
27944;2786;1013;10;14;10;0
27945;2666;1013;10;14;10;0
27946;2642;1013;10;14;10;0
27947;2630;1013;10;14;10;0
27950;2618;1013;10;14;10;0
27953;2606;1013;10;14;10;0
27954;2594;1013;10;14;10;0
27955;2582;1013;10;14;10;0
27957;2570;1013;10;14;10;0
27958;2558;1013;10;14;10;0
27960;2546;1013;10;14;10;0
27961;2258;1013;10;14;10;0
27962;2246;1013;10;14;10;0
27963;2234;1013;10;14;10;0
27964;1958;1013;10;14;10;0
27965;1934;1013;10;14;10;0
27966;1922;1013;10;14;10;0
27969;1910;1013;10;14;10;0
27971;1898;1013;10;14;10;0
27972;1886;1013;10;14;10;0
27973;1874;1013;10;14;10;0
27974;1862;1013;10;14;10;0
27975;1850;1013;10;14;10;0
27978;1838;1013;10;14;10;0
27979;1826;1013;10;14;10;0
27982;1814;1013;10;14;10;0
27983;1802;1013;10;14;10;0
27985;1790;1013;10;14;10;0
27986;1778;1013;10;14;10;0
27987;1766;1013;10;14;10;0
27988;1754;1013;10;14;10;0
27993;1742;1013;10;14;10;0
27994;1730;1013;10;14;10;0
27996;1718;1013;10;14;10;0
27998;1946;1013;10;14;10;0
28003;1970;1013;10;14;10;0
28004;2222;1013;10;14;10;0
28005;1982;1013;10;14;10;0
28006;2210;1013;10;14;10;0
28009;2198;1013;10;14;10;0
28010;2186;1013;10;14;10;0
28012;2174;1013;10;14;10;0
28013;2162;1013;10;14;10;0
28014;2150;1013;10;14;10;0
28015;2138;1013;10;14;10;0
28020;2126;1013;10;14;10;0
28023;2114;1013;10;14;10;0
28024;2102;1013;10;14;10;0
28025;2090;1013;10;14;10;0
28034;2078;1013;10;14;10;0
28037;2066;1013;10;14;10;0
28039;2054;1013;10;14;10;0
28040;2042;1013;10;14;10;0
28041;2030;1013;10;14;10;0
28042;2018;1013;10;14;10;0
28044;2006;1013;10;14;10;0
28046;1994;1013;10;14;10;0
28051;2654;1013;10;14;10;0
28052;2798;1013;10;14;10;0
28053;2810;1013;10;14;10;0
28056;2822;1013;10;14;10;0
28057;3614;1013;10;14;10;0
28059;3602;1013;10;14;10;0
28060;3590;1013;10;14;10;0
28061;3578;1013;10;14;10;0
28063;3566;1013;10;14;10;0
28065;3554;1013;10;14;10;0
28067;3542;1013;10;14;10;0
28068;3530;1013;10;14;10;0
28070;3518;1013;10;14;10;0
28071;3506;1013;10;14;10;0
28072;3494;1013;10;14;10;0
28073;3482;1013;10;14;10;0
28074;3470;1013;10;14;10;0
28078;3458;1013;10;14;10;0
28079;3446;1013;10;14;10;0
28081;3434;1013;10;14;10;0
28082;3422;1013;10;14;10;0
28084;3410;1013;10;14;10;0
28085;3398;1013;10;14;10;0
28087;3626;1013;10;14;10;0
28088;3638;1013;10;14;10;0
28092;3650;1013;10;14;10;0
28095;3662;1013;10;14;10;0
28096;3902;1013;10;14;10;0
28098;3890;1013;10;14;10;0
28100;3878;1013;10;14;10;0
28101;3866;1013;10;14;10;0
28102;3854;1013;10;14;10;0
28103;3842;1013;10;14;10;0
28107;3830;1013;10;14;10;0
28108;3818;1013;10;14;10;0
28109;3806;1013;10;14;10;0
28113;3914;1013;10;14;10;0
28114;3794;1013;10;14;10;0
28117;3770;1013;10;14;10;0
28118;3758;1013;10;14;10;0
28120;3746;1013;10;14;10;0
28121;3734;1013;10;14;10;0
28122;3722;1013;10;14;10;0
28126;3710;1013;10;14;10;0
28129;3698;1013;10;14;10;0
28132;3686;1013;10;14;10;0
28133;3674;1013;10;14;10;0
28134;3386;1013;10;14;10;0
28136;3782;1013;10;14;10;0
28137;3374;1013;10;14;10;0
28138;3218;1013;10;14;10;0
28139;3050;1013;10;14;10;0
28140;3038;1013;10;14;10;0
28142;3026;1013;10;14;10;0
28143;3014;1013;10;14;10;0
28145;3002;1013;10;14;10;0
28147;2990;1013;10;14;10;0
28149;2978;1013;10;14;10;0
28151;2966;1013;10;14;10;0
28152;2954;1013;10;14;10;0
28153;2942;1013;10;14;10;0
28154;2930;1013;10;14;10;0
28155;2918;1013;10;14;10;0
28156;2906;1013;10;14;10;0
28165;2894;1013;10;14;10;0
28167;2882;1013;10;14;10;0
28168;2870;1013;10;14;10;0
28169;2858;1013;10;14;10;0
28170;2846;1013;10;14;10;0
28171;2834;1013;10;14;10;0
28173;3062;1013;10;14;10;0
28174;3074;1013;10;14;10;0
28175;3086;1013;10;14;10;0
28176;3098;1013;10;14;10;0
28179;3338;1013;10;14;10;0
28180;3326;1013;10;14;10;0
28181;3314;1013;10;14;10;0
28183;3302;1013;10;14;10;0
28185;3290;1013;10;14;10;0
28186;3278;1013;10;14;10;0
28187;3266;1013;10;14;10;0
28189;3254;1013;10;14;10;0
28191;3242;1013;10;14;10;0
28192;3350;1013;10;14;10;0
28193;3230;1013;10;14;10;0
28195;3206;1013;10;14;10;0
28196;3194;1013;10;14;10;0
28197;3182;1013;10;14;10;0
28198;3170;1013;10;14;10;0
28201;3158;1013;10;14;10;0
28203;3146;1013;10;14;10;0
28204;3134;1013;10;14;10;0
28205;3122;1013;10;14;10;0
28206;3110;1013;10;14;10;0
28207;3926;1013;10;14;10;0
28210;2078;1029;10;14;10;0
28212;2090;1029;10;14;10;0
28216;2102;1029;10;14;10;0
28218;1046;1045;10;14;10;0
28220;1034;1045;10;14;10;0
28222;1022;1045;10;14;10;0
28227;1010;1045;10;14;10;0
28228;998;1045;10;14;10;0
28233;986;1045;10;14;10;0
28234;974;1045;10;14;10;0
28237;962;1045;10;14;10;0
28238;950;1045;10;14;10;0
28244;938;1045;10;14;10;0
28246;926;1045;10;14;10;0
28248;914;1045;10;14;10;0
28251;902;1045;10;14;10;0
28255;890;1045;10;14;10;0
28257;878;1045;10;14;10;0
28259;866;1045;10;14;10;0
28263;854;1045;10;14;10;0
28265;842;1045;10;14;10;0
28267;830;1045;10;14;10;0
28270;1058;1045;10;14;10;0
28271;1070;1045;10;14;10;0
28274;1082;1045;10;14;10;0
28275;1094;1045;10;14;10;0
28278;1334;1045;10;14;10;0
28280;1322;1045;10;14;10;0
28281;1310;1045;10;14;10;0
28286;1298;1045;10;14;10;0
28287;1286;1045;10;14;10;0
28288;1274;1045;10;14;10;0
28290;1262;1045;10;14;10;0
28291;1250;1045;10;14;10;0
28293;1238;1045;10;14;10;0
28297;1346;1045;10;14;10;0
28300;1226;1045;10;14;10;0
28303;1202;1045;10;14;10;0
28304;1190;1045;10;14;10;0
28310;1178;1045;10;14;10;0
28312;1166;1045;10;14;10;0
28316;1154;1045;10;14;10;0
28317;1142;1045;10;14;10;0
28319;1130;1045;10;14;10;0
28322;1118;1045;10;14;10;0
28325;1106;1045;10;14;10;0
28327;818;1045;10;14;10;0
28330;1214;1045;10;14;10;0
28331;806;1045;10;14;10;0
28335;650;1045;10;14;10;0
28337;482;1045;10;14;10;0
28338;470;1045;10;14;10;0
28340;458;1045;10;14;10;0
28342;446;1045;10;14;10;0
28343;434;1045;10;14;10;0
28346;422;1045;10;14;10;0
28348;410;1045;10;14;10;0
28349;398;1045;10;14;10;0
28353;386;1045;10;14;10;0
28354;374;1045;10;14;10;0
28356;362;1045;10;14;10;0
28357;350;1045;10;14;10;0
28359;338;1045;10;14;10;0
28361;326;1045;10;14;10;0
28363;314;1045;10;14;10;0
28364;302;1045;10;14;10;0
28366;290;1045;10;14;10;0
28367;278;1045;10;14;10;0
28369;266;1045;10;14;10;0
28370;494;1045;10;14;10;0
28371;506;1045;10;14;10;0
28372;518;1045;10;14;10;0
28373;530;1045;10;14;10;0
28376;770;1045;10;14;10;0
28377;758;1045;10;14;10;0
28378;746;1045;10;14;10;0
28381;734;1045;10;14;10;0
28382;722;1045;10;14;10;0
28385;710;1045;10;14;10;0
28388;698;1045;10;14;10;0
28389;686;1045;10;14;10;0
28390;674;1045;10;14;10;0
28392;782;1045;10;14;10;0
28393;662;1045;10;14;10;0
28396;638;1045;10;14;10;0
28399;626;1045;10;14;10;0
28402;614;1045;10;14;10;0
28404;602;1045;10;14;10;0
28407;590;1045;10;14;10;0
28408;578;1045;10;14;10;0
28409;566;1045;10;14;10;0
28414;554;1045;10;14;10;0
28415;542;1045;10;14;10;0
28417;794;1045;10;14;10;0
28418;1370;1045;10;14;10;0
28422;1922;1045;10;14;10;0
28425;1382;1045;10;14;10;0
28431;2174;1045;10;14;10;0
28433;2162;1045;10;14;10;0
28435;2150;1045;10;14;10;0
28436;2138;1045;10;14;10;0
28437;2126;1045;10;14;10;0
28442;2114;1045;10;14;10;0
28448;2102;1045;10;14;10;0
28450;2090;1045;10;14;10;0
28451;2078;1045;10;14;10;0
28453;2066;1045;10;14;10;0
28455;2054;1045;10;14;10;0
28457;2042;1045;10;14;10;0
28458;2030;1045;10;14;10;0
28459;2018;1045;10;14;10;0
28460;2006;1045;10;14;10;0
28461;1994;1045;10;14;10;0
28463;1982;1045;10;14;10;0
28465;1970;1045;10;14;10;0
28466;1958;1045;10;14;10;0
28467;2186;1045;10;14;10;0
28472;2198;1045;10;14;10;0
28478;2210;1045;10;14;10;0
28479;2222;1045;10;14;10;0
28481;2462;1045;10;14;10;0
28484;2450;1045;10;14;10;0
28485;2438;1045;10;14;10;0
28486;2426;1045;10;14;10;0
28487;2414;1045;10;14;10;0
28493;2402;1045;10;14;10;0
28497;2390;1045;10;14;10;0
28498;2378;1045;10;14;10;0
28500;2366;1045;10;14;10;0
28504;2474;1045;10;14;10;0
28507;2354;1045;10;14;10;0
28508;2330;1045;10;14;10;0
28510;2318;1045;10;14;10;0
28511;2306;1045;10;14;10;0
28512;2294;1045;10;14;10;0
28514;2282;1045;10;14;10;0
28516;2270;1045;10;14;10;0
28518;2258;1045;10;14;10;0
28519;2246;1045;10;14;10;0
28525;2234;1045;10;14;10;0
28526;1946;1045;10;14;10;0
28527;2342;1045;10;14;10;0
28528;1934;1045;10;14;10;0
28530;1778;1045;10;14;10;0
28532;1610;1045;10;14;10;0
28536;1598;1045;10;14;10;0
28538;1586;1045;10;14;10;0
28540;1574;1045;10;14;10;0
28542;1562;1045;10;14;10;0
28544;1550;1045;10;14;10;0
28545;1538;1045;10;14;10;0
28546;1526;1045;10;14;10;0
28548;1514;1045;10;14;10;0
28550;1502;1045;10;14;10;0
28551;1490;1045;10;14;10;0
28552;1478;1045;10;14;10;0
28557;1466;1045;10;14;10;0
28558;1454;1045;10;14;10;0
28560;1442;1045;10;14;10;0
28561;1430;1045;10;14;10;0
28564;1418;1045;10;14;10;0
28567;1406;1045;10;14;10;0
28572;1394;1045;10;14;10;0
28576;1622;1045;10;14;10;0
28577;1634;1045;10;14;10;0
28579;1646;1045;10;14;10;0
28580;1658;1045;10;14;10;0
28582;1898;1045;10;14;10;0
28583;1886;1045;10;14;10;0
28586;1874;1045;10;14;10;0
28593;1862;1045;10;14;10;0
28595;1850;1045;10;14;10;0
28596;1838;1045;10;14;10;0
28598;1826;1045;10;14;10;0
28601;1814;1045;10;14;10;0
28608;1802;1045;10;14;10;0
28609;1910;1045;10;14;10;0
28610;1790;1045;10;14;10;0
28611;1766;1045;10;14;10;0
28614;1754;1045;10;14;10;0
28625;1742;1045;10;14;10;0
28626;1730;1045;10;14;10;0
28628;1718;1045;10;14;10;0
28629;1706;1045;10;14;10;0
28632;1694;1045;10;14;10;0
28635;1682;1045;10;14;10;0
28638;1670;1045;10;14;10;0
28639;254;1045;10;14;10;0
28640;242;1045;10;14;10;0
28641;230;1045;10;14;10;0
28644;3758;1029;10;14;10;0
28648;2882;1029;10;14;10;0
28649;2870;1029;10;14;10;0
28651;2858;1029;10;14;10;0
28652;2846;1029;10;14;10;0
28654;2834;1029;10;14;10;0
28655;2822;1029;10;14;10;0
28656;2810;1029;10;14;10;0
28657;2798;1029;10;14;10;0
28659;2786;1029;10;14;10;0
28662;2774;1029;10;14;10;0
28666;2762;1029;10;14;10;0
28670;2750;1029;10;14;10;0
28673;2738;1029;10;14;10;0
28674;2726;1029;10;14;10;0
28677;2714;1029;10;14;10;0
28678;2702;1029;10;14;10;0
28681;2690;1029;10;14;10;0
28683;2678;1029;10;14;10;0
28687;2666;1029;10;14;10;0
28689;2894;1029;10;14;10;0
28693;2906;1029;10;14;10;0
28696;2918;1029;10;14;10;0
28698;2930;1029;10;14;10;0
28699;3170;1029;10;14;10;0
28701;3158;1029;10;14;10;0
28702;3146;1029;10;14;10;0
28703;3134;1029;10;14;10;0
28704;3122;1029;10;14;10;0
28705;3110;1029;10;14;10;0
28707;3098;1029;10;14;10;0
28710;3086;1029;10;14;10;0
28711;3074;1029;10;14;10;0
28712;3182;1029;10;14;10;0
28716;3062;1029;10;14;10;0
28720;3038;1029;10;14;10;0
28722;3026;1029;10;14;10;0
28726;3014;1029;10;14;10;0
28734;3002;1029;10;14;10;0
28739;2990;1029;10;14;10;0
28742;2978;1029;10;14;10;0
28748;2966;1029;10;14;10;0
28753;2954;1029;10;14;10;0
28756;2942;1029;10;14;10;0
28757;2654;1029;10;14;10;0
28760;2642;1029;10;14;10;0
28765;2630;1029;10;14;10;0
28766;2354;1029;10;14;10;0
28768;2330;1029;10;14;10;0
28771;2318;1029;10;14;10;0
28772;2306;1029;10;14;10;0
28773;2294;1029;10;14;10;0
28775;2282;1029;10;14;10;0
28777;2270;1029;10;14;10;0
28779;2258;1029;10;14;10;0
28781;2246;1029;10;14;10;0
28783;2234;1029;10;14;10;0
28784;2222;1029;10;14;10;0
28789;2210;1029;10;14;10;0
28790;2198;1029;10;14;10;0
28792;2186;1029;10;14;10;0
28796;2174;1029;10;14;10;0
28797;2162;1029;10;14;10;0
28798;2150;1029;10;14;10;0
28799;2138;1029;10;14;10;0
28805;2126;1029;10;14;10;0
28806;2114;1029;10;14;10;0
28809;2342;1029;10;14;10;0
28810;2366;1029;10;14;10;0
28814;2618;1029;10;14;10;0
28818;2378;1029;10;14;10;0
28820;2606;1029;10;14;10;0
28821;2594;1029;10;14;10;0
28822;2582;1029;10;14;10;0
28824;2570;1029;10;14;10;0
28825;2558;1029;10;14;10;0
28828;2546;1029;10;14;10;0
28829;2534;1029;10;14;10;0
28835;2522;1029;10;14;10;0
28836;2510;1029;10;14;10;0
28843;2498;1029;10;14;10;0
28844;2486;1029;10;14;10;0
28845;2474;1029;10;14;10;0
28846;2462;1029;10;14;10;0
28847;2450;1029;10;14;10;0
28849;2438;1029;10;14;10;0
28851;2426;1029;10;14;10;0
28855;2414;1029;10;14;10;0
28856;2402;1029;10;14;10;0
28857;2390;1029;10;14;10;0
28858;3050;1029;10;14;10;0
28860;3194;1029;10;14;10;0
28861;3206;1029;10;14;10;0
28864;3218;1029;10;14;10;0
28865;4010;1029;10;14;10;0
28866;3998;1029;10;14;10;0
28867;3986;1029;10;14;10;0
28871;3974;1029;10;14;10;0
28872;3962;1029;10;14;10;0
28874;3950;1029;10;14;10;0
28875;3938;1029;10;14;10;0
28879;3926;1029;10;14;10;0
28884;3914;1029;10;14;10;0
28888;3902;1029;10;14;10;0
28889;3890;1029;10;14;10;0
28890;3878;1029;10;14;10;0
28891;3866;1029;10;14;10;0
28892;3854;1029;10;14;10;0
28893;3842;1029;10;14;10;0
28895;3830;1029;10;14;10;0
28900;3818;1029;10;14;10;0
28902;3806;1029;10;14;10;0
28903;3794;1029;10;14;10;0
28905;4022;1029;10;14;10;0
28907;4034;1029;10;14;10;0
28908;4046;1029;10;14;10;0
28909;4058;1029;10;14;10;0
28911;206;1045;10;14;10;0
28913;194;1045;10;14;10;0
28915;182;1045;10;14;10;0
28916;170;1045;10;14;10;0
28919;158;1045;10;14;10;0
28921;146;1045;10;14;10;0
28925;134;1045;10;14;10;0
28932;122;1045;10;14;10;0
28937;110;1045;10;14;10;0
28938;218;1045;10;14;10;0
28940;98;1045;10;14;10;0
28944;74;1045;10;14;10;0
28948;62;1045;10;14;10;0
28949;50;1045;10;14;10;0
28951;38;1045;10;14;10;0
28952;26;1045;10;14;10;0
28953;14;1045;10;14;10;0
28954;2;1045;10;14;10;0
28956;4082;1029;10;14;10;0
28960;4070;1029;10;14;10;0
28961;3782;1029;10;14;10;0
28962;86;1045;10;14;10;0
28966;3770;1029;10;14;10;0
28975;3614;1029;10;14;10;0
28976;3446;1029;10;14;10;0
28977;3434;1029;10;14;10;0
28982;3422;1029;10;14;10;0
28988;3410;1029;10;14;10;0
28991;3398;1029;10;14;10;0
28992;3386;1029;10;14;10;0
28995;3374;1029;10;14;10;0
28997;3362;1029;10;14;10;0
28998;3350;1029;10;14;10;0
28999;3338;1029;10;14;10;0
29001;3326;1029;10;14;10;0
29002;3314;1029;10;14;10;0
29004;3302;1029;10;14;10;0
29006;3290;1029;10;14;10;0
29007;3278;1029;10;14;10;0
29008;3266;1029;10;14;10;0
29009;3254;1029;10;14;10;0
29010;3242;1029;10;14;10;0
29013;3230;1029;10;14;10;0
29014;3458;1029;10;14;10;0
29017;3470;1029;10;14;10;0
29018;3482;1029;10;14;10;0
29020;3494;1029;10;14;10;0
29022;3734;1029;10;14;10;0
29026;3722;1029;10;14;10;0
29028;3710;1029;10;14;10;0
29029;3698;1029;10;14;10;0
29030;3686;1029;10;14;10;0
29031;3674;1029;10;14;10;0
29032;3662;1029;10;14;10;0
29033;3650;1029;10;14;10;0
29036;3638;1029;10;14;10;0
29038;3746;1029;10;14;10;0
29042;3626;1029;10;14;10;0
29047;3602;1029;10;14;10;0
29048;3590;1029;10;14;10;0
29053;3578;1029;10;14;10;0
29060;3566;1029;10;14;10;0
29064;3554;1029;10;14;10;0
29066;3542;1029;10;14;10;0
29071;3530;1029;10;14;10;0
29074;3518;1029;10;14;10;0
29076;3506;1029;10;14;10;0
29077;1706;1013;10;14;10;0
29079;1694;1013;10;14;10;0
29081;1682;1013;10;14;10;0
29087;1286;997;10;14;10;0
29088;3938;981;10;14;10;0
29096;3926;981;10;14;10;0
29100;3914;981;10;14;10;0
29105;3902;981;10;14;10;0
29109;3890;981;10;14;10;0
29113;3878;981;10;14;10;0
29118;3866;981;10;14;10;0
29121;3854;981;10;14;10;0
29123;3842;981;10;14;10;0
29124;3830;981;10;14;10;0
29128;3818;981;10;14;10;0
29129;3806;981;10;14;10;0
29130;3794;981;10;14;10;0
29134;3782;981;10;14;10;0
29136;3770;981;10;14;10;0
29138;3758;981;10;14;10;0
29140;3746;981;10;14;10;0
29141;3734;981;10;14;10;0
29143;3722;981;10;14;10;0
29145;3950;981;10;14;10;0
29146;3962;981;10;14;10;0
29148;3974;981;10;14;10;0
29151;3986;981;10;14;10;0
29152;134;997;10;14;10;0
29157;122;997;10;14;10;0
29158;110;997;10;14;10;0
29159;98;997;10;14;10;0
29164;86;997;10;14;10;0
29165;74;997;10;14;10;0
29166;62;997;10;14;10;0
29172;50;997;10;14;10;0
29173;38;997;10;14;10;0
29174;146;997;10;14;10;0
29176;26;997;10;14;10;0
29177;2;997;10;14;10;0
29179;4082;981;10;14;10;0
29180;4070;981;10;14;10;0
29182;4058;981;10;14;10;0
29183;4046;981;10;14;10;0
29190;4034;981;10;14;10;0
29191;4022;981;10;14;10;0
29196;4010;981;10;14;10;0
29197;3998;981;10;14;10;0
29200;3710;981;10;14;10;0
29211;3698;981;10;14;10;0
29213;3686;981;10;14;10;0
29224;3410;981;10;14;10;0
29226;3386;981;10;14;10;0
29228;3374;981;10;14;10;0
29229;3362;981;10;14;10;0
29232;3350;981;10;14;10;0
29233;3338;981;10;14;10;0
29234;3326;981;10;14;10;0
29237;3314;981;10;14;10;0
29238;3302;981;10;14;10;0
29239;3290;981;10;14;10;0
29240;3278;981;10;14;10;0
29241;3266;981;10;14;10;0
29242;3254;981;10;14;10;0
29243;3242;981;10;14;10;0
29244;3230;981;10;14;10;0
29245;3218;981;10;14;10;0
29246;3206;981;10;14;10;0
29247;3194;981;10;14;10;0
29248;3182;981;10;14;10;0
29254;3170;981;10;14;10;0
29255;3398;981;10;14;10;0
29256;3422;981;10;14;10;0
29259;3674;981;10;14;10;0
29260;3434;981;10;14;10;0
29261;3662;981;10;14;10;0
29266;3650;981;10;14;10;0
29270;3638;981;10;14;10;0
29272;3626;981;10;14;10;0
29273;3614;981;10;14;10;0
29275;3602;981;10;14;10;0
29277;3590;981;10;14;10;0
29279;3578;981;10;14;10;0
29280;3566;981;10;14;10;0
29281;3554;981;10;14;10;0
29282;3542;981;10;14;10;0
29284;3530;981;10;14;10;0
29286;3518;981;10;14;10;0
29287;3506;981;10;14;10;0
29289;3494;981;10;14;10;0
29295;3482;981;10;14;10;0
29298;3470;981;10;14;10;0
29300;3458;981;10;14;10;0
29301;3446;981;10;14;10;0
29305;14;997;10;14;10;0
29306;158;997;10;14;10;0
29307;170;997;10;14;10;0
29309;182;997;10;14;10;0
29310;974;997;10;14;10;0
29312;962;997;10;14;10;0
29313;950;997;10;14;10;0
29314;938;997;10;14;10;0
29316;926;997;10;14;10;0
29319;914;997;10;14;10;0
29322;902;997;10;14;10;0
29325;890;997;10;14;10;0
29330;878;997;10;14;10;0
29334;866;997;10;14;10;0
29339;854;997;10;14;10;0
29343;842;997;10;14;10;0
29344;830;997;10;14;10;0
29345;818;997;10;14;10;0
29346;806;997;10;14;10;0
29351;794;997;10;14;10;0
29356;782;997;10;14;10;0
29359;770;997;10;14;10;0
29360;758;997;10;14;10;0
29362;986;997;10;14;10;0
29366;998;997;10;14;10;0
29367;1010;997;10;14;10;0
29369;1022;997;10;14;10;0
29373;1262;997;10;14;10;0
29376;1250;997;10;14;10;0
29377;1238;997;10;14;10;0
29378;1226;997;10;14;10;0
29379;1214;997;10;14;10;0
29380;1202;997;10;14;10;0
29382;1190;997;10;14;10;0
29384;1178;997;10;14;10;0
29390;1166;997;10;14;10;0
29392;1274;997;10;14;10;0
29394;1154;997;10;14;10;0
29398;1130;997;10;14;10;0
29399;1118;997;10;14;10;0
29401;1106;997;10;14;10;0
29402;1094;997;10;14;10;0
29403;1082;997;10;14;10;0
29405;1070;997;10;14;10;0
29406;1058;997;10;14;10;0
29408;1046;997;10;14;10;0
29409;1034;997;10;14;10;0
29410;746;997;10;14;10;0
29417;1142;997;10;14;10;0
29420;734;997;10;14;10;0
29421;578;997;10;14;10;0
29422;410;997;10;14;10;0
29424;398;997;10;14;10;0
29425;386;997;10;14;10;0
29426;374;997;10;14;10;0
29427;362;997;10;14;10;0
29431;350;997;10;14;10;0
29432;338;997;10;14;10;0
29433;326;997;10;14;10;0
29434;314;997;10;14;10;0
29436;302;997;10;14;10;0
29437;290;997;10;14;10;0
29441;278;997;10;14;10;0
29450;266;997;10;14;10;0
29454;254;997;10;14;10;0
29459;242;997;10;14;10;0
29462;230;997;10;14;10;0
29463;218;997;10;14;10;0
29465;206;997;10;14;10;0
29467;194;997;10;14;10;0
29468;422;997;10;14;10;0
29469;434;997;10;14;10;0
29470;446;997;10;14;10;0
29471;458;997;10;14;10;0
29473;698;997;10;14;10;0
29474;686;997;10;14;10;0
29477;674;997;10;14;10;0
29481;662;997;10;14;10;0
29482;650;997;10;14;10;0
29483;638;997;10;14;10;0
29484;626;997;10;14;10;0
29486;614;997;10;14;10;0
29487;602;997;10;14;10;0
29492;710;997;10;14;10;0
29494;590;997;10;14;10;0
29495;566;997;10;14;10;0
29499;554;997;10;14;10;0
29500;542;997;10;14;10;0
29502;530;997;10;14;10;0
29503;518;997;10;14;10;0
29505;506;997;10;14;10;0
29507;494;997;10;14;10;0
29508;482;997;10;14;10;0
29509;470;997;10;14;10;0
29511;3158;981;10;14;10;0
29517;722;997;10;14;10;0
29518;3146;981;10;14;10;0
29519;2570;981;10;14;10;0
29520;1694;981;10;14;10;0
29522;1682;981;10;14;10;0
29527;1670;981;10;14;10;0
29536;1658;981;10;14;10;0
29538;1646;981;10;14;10;0
29539;1634;981;10;14;10;0
29544;1622;981;10;14;10;0
29546;1610;981;10;14;10;0
29549;1598;981;10;14;10;0
29551;1586;981;10;14;10;0
29552;1574;981;10;14;10;0
29554;1562;981;10;14;10;0
29556;1550;981;10;14;10;0
29557;1538;981;10;14;10;0
29559;1526;981;10;14;10;0
29560;1514;981;10;14;10;0
29562;1502;981;10;14;10;0
29563;1490;981;10;14;10;0
29564;1478;981;10;14;10;0
29566;1706;981;10;14;10;0
29568;1718;981;10;14;10;0
29572;1730;981;10;14;10;0
29574;1742;981;10;14;10;0
29575;1982;981;10;14;10;0
29577;1970;981;10;14;10;0
29578;1958;981;10;14;10;0
29579;1946;981;10;14;10;0
29589;1934;981;10;14;10;0
29590;1922;981;10;14;10;0
29592;1910;981;10;14;10;0
29595;1898;981;10;14;10;0
29599;1886;981;10;14;10;0
29600;1994;981;10;14;10;0
29602;1874;981;10;14;10;0
29605;1850;981;10;14;10;0
29608;1838;981;10;14;10;0
29609;1826;981;10;14;10;0
29611;1814;981;10;14;10;0
29615;1802;981;10;14;10;0
29616;1790;981;10;14;10;0
29618;1778;981;10;14;10;0
29619;1766;981;10;14;10;0
29623;1754;981;10;14;10;0
29627;1466;981;10;14;10;0
29632;1454;981;10;14;10;0
29634;1442;981;10;14;10;0
29637;1166;981;10;14;10;0
29640;1142;981;10;14;10;0
29641;1130;981;10;14;10;0
29642;1118;981;10;14;10;0
29645;1106;981;10;14;10;0
29646;1094;981;10;14;10;0
29647;1082;981;10;14;10;0
29648;1070;981;10;14;10;0
29649;1058;981;10;14;10;0
29657;1046;981;10;14;10;0
29661;1034;981;10;14;10;0
29662;1022;981;10;14;10;0
29664;1010;981;10;14;10;0
29665;998;981;10;14;10;0
29667;986;981;10;14;10;0
29669;974;981;10;14;10;0
29673;962;981;10;14;10;0
29674;950;981;10;14;10;0
29677;938;981;10;14;10;0
29678;926;981;10;14;10;0
29680;1154;981;10;14;10;0
29681;1178;981;10;14;10;0
29685;1430;981;10;14;10;0
29688;1190;981;10;14;10;0
29690;1418;981;10;14;10;0
29693;1406;981;10;14;10;0
29694;1394;981;10;14;10;0
29697;1382;981;10;14;10;0
29699;1370;981;10;14;10;0
29700;1358;981;10;14;10;0
29701;1346;981;10;14;10;0
29702;1334;981;10;14;10;0
29703;1322;981;10;14;10;0
29705;1310;981;10;14;10;0
29706;1298;981;10;14;10;0
29709;1286;981;10;14;10;0
29712;1274;981;10;14;10;0
29722;1262;981;10;14;10;0
29723;1250;981;10;14;10;0
29729;1238;981;10;14;10;0
29730;1226;981;10;14;10;0
29732;1214;981;10;14;10;0
29733;1202;981;10;14;10;0
29734;1862;981;10;14;10;0
29736;2006;981;10;14;10;0
29738;2018;981;10;14;10;0
29740;2030;981;10;14;10;0
29741;2822;981;10;14;10;0
29742;2810;981;10;14;10;0
29743;2798;981;10;14;10;0
29744;2786;981;10;14;10;0
29746;2774;981;10;14;10;0
29747;2762;981;10;14;10;0
29748;2750;981;10;14;10;0
29749;2738;981;10;14;10;0
29750;2726;981;10;14;10;0
29754;2714;981;10;14;10;0
29756;2702;981;10;14;10;0
29759;2690;981;10;14;10;0
29760;2678;981;10;14;10;0
29761;2666;981;10;14;10;0
29764;2654;981;10;14;10;0
29771;2642;981;10;14;10;0
29781;2630;981;10;14;10;0
29783;2618;981;10;14;10;0
29785;2606;981;10;14;10;0
29786;2834;981;10;14;10;0
29787;2846;981;10;14;10;0
29788;2858;981;10;14;10;0
29790;2870;981;10;14;10;0
29791;3110;981;10;14;10;0
29792;3098;981;10;14;10;0
29794;3086;981;10;14;10;0
29795;3074;981;10;14;10;0
29796;3062;981;10;14;10;0
29801;3050;981;10;14;10;0
29802;3038;981;10;14;10;0
29805;3026;981;10;14;10;0
29806;3014;981;10;14;10;0
29807;3122;981;10;14;10;0
29808;3002;981;10;14;10;0
29809;2978;981;10;14;10;0
29810;2966;981;10;14;10;0
29811;2954;981;10;14;10;0
29814;2942;981;10;14;10;0
29822;2930;981;10;14;10;0
29824;2918;981;10;14;10;0
29825;2906;981;10;14;10;0
29827;2894;981;10;14;10;0
29831;2882;981;10;14;10;0
29833;2594;981;10;14;10;0
29834;2990;981;10;14;10;0
29835;2582;981;10;14;10;0
29840;2426;981;10;14;10;0
29848;2258;981;10;14;10;0
29852;2246;981;10;14;10;0
29854;2234;981;10;14;10;0
29855;2222;981;10;14;10;0
29856;2210;981;10;14;10;0
29858;2198;981;10;14;10;0
29859;2186;981;10;14;10;0
29862;2174;981;10;14;10;0
29863;2162;981;10;14;10;0
29864;2150;981;10;14;10;0
29865;2138;981;10;14;10;0
29866;2126;981;10;14;10;0
29872;2114;981;10;14;10;0
29873;2102;981;10;14;10;0
29880;2090;981;10;14;10;0
29882;2078;981;10;14;10;0
29885;2066;981;10;14;10;0
29887;2054;981;10;14;10;0
29896;2042;981;10;14;10;0
29898;2270;981;10;14;10;0
29899;2282;981;10;14;10;0
29903;2294;981;10;14;10;0
29908;2306;981;10;14;10;0
29910;2546;981;10;14;10;0
29914;2534;981;10;14;10;0
29916;2522;981;10;14;10;0
29918;2510;981;10;14;10;0
29920;2498;981;10;14;10;0
29922;2486;981;10;14;10;0
29923;2474;981;10;14;10;0
29924;2462;981;10;14;10;0
29926;2450;981;10;14;10;0
29927;2558;981;10;14;10;0
29929;2438;981;10;14;10;0
29934;2414;981;10;14;10;0
29935;2402;981;10;14;10;0
29936;2390;981;10;14;10;0
29937;2378;981;10;14;10;0
29938;2366;981;10;14;10;0
29940;2354;981;10;14;10;0
29942;2342;981;10;14;10;0
29943;2330;981;10;14;10;0
29944;2318;981;10;14;10;0
29955;3134;981;10;14;10;0
29956;1298;997;10;14;10;0
29957;3530;997;10;14;10;0
29964;1310;997;10;14;10;0
29965;242;1013;10;14;10;0
29966;230;1013;10;14;10;0
29969;218;1013;10;14;10;0
29971;206;1013;10;14;10;0
29973;194;1013;10;14;10;0
29976;182;1013;10;14;10;0
29978;170;1013;10;14;10;0
29980;158;1013;10;14;10;0
29982;146;1013;10;14;10;0
29983;134;1013;10;14;10;0
29985;122;1013;10;14;10;0
29986;110;1013;10;14;10;0
29987;98;1013;10;14;10;0
29989;86;1013;10;14;10;0
29990;74;1013;10;14;10;0
29992;62;1013;10;14;10;0
29993;50;1013;10;14;10;0
29995;38;1013;10;14;10;0
29996;26;1013;10;14;10;0
29997;254;1013;10;14;10;0
29999;266;1013;10;14;10;0
30000;278;1013;10;14;10;0
30001;290;1013;10;14;10;0
30002;530;1013;10;14;10;0
30003;518;1013;10;14;10;0
30004;506;1013;10;14;10;0
30005;494;1013;10;14;10;0
30007;482;1013;10;14;10;0
30008;470;1013;10;14;10;0
30010;458;1013;10;14;10;0
30011;446;1013;10;14;10;0
30012;434;1013;10;14;10;0
30013;542;1013;10;14;10;0
30014;422;1013;10;14;10;0
30016;398;1013;10;14;10;0
30020;386;1013;10;14;10;0
30021;374;1013;10;14;10;0
30022;362;1013;10;14;10;0
30023;350;1013;10;14;10;0
30025;338;1013;10;14;10;0
30026;326;1013;10;14;10;0
30027;314;1013;10;14;10;0
30028;302;1013;10;14;10;0
30029;14;1013;10;14;10;0
30030;2;1013;10;14;10;0
30031;4082;997;10;14;10;0
30033;3806;997;10;14;10;0
30036;3782;997;10;14;10;0
30041;3770;997;10;14;10;0
30042;3758;997;10;14;10;0
30043;3746;997;10;14;10;0
30044;3734;997;10;14;10;0
30045;3722;997;10;14;10;0
30048;3710;997;10;14;10;0
30050;3698;997;10;14;10;0
30052;3686;997;10;14;10;0
30053;3674;997;10;14;10;0
30054;3662;997;10;14;10;0
30055;3650;997;10;14;10;0
30057;3638;997;10;14;10;0
30058;3626;997;10;14;10;0
30059;3614;997;10;14;10;0
30060;3602;997;10;14;10;0
30061;3590;997;10;14;10;0
30063;3578;997;10;14;10;0
30064;3566;997;10;14;10;0
30066;3794;997;10;14;10;0
30067;3818;997;10;14;10;0
30068;4070;997;10;14;10;0
30070;3830;997;10;14;10;0
30071;4058;997;10;14;10;0
30072;4046;997;10;14;10;0
30074;4034;997;10;14;10;0
30078;4022;997;10;14;10;0
30079;4010;997;10;14;10;0
30082;3998;997;10;14;10;0
30086;3986;997;10;14;10;0
30087;3974;997;10;14;10;0
30089;3962;997;10;14;10;0
30090;3950;997;10;14;10;0
30091;3938;997;10;14;10;0
30094;3926;997;10;14;10;0
30095;3914;997;10;14;10;0
30097;3902;997;10;14;10;0
30098;3890;997;10;14;10;0
30100;3878;997;10;14;10;0
30102;3866;997;10;14;10;0
30103;3854;997;10;14;10;0
30105;3842;997;10;14;10;0
30106;410;1013;10;14;10;0
30109;554;1013;10;14;10;0
30111;566;1013;10;14;10;0
30113;578;1013;10;14;10;0
30114;1370;1013;10;14;10;0
30115;1358;1013;10;14;10;0
30116;1346;1013;10;14;10;0
30117;1334;1013;10;14;10;0
30122;1322;1013;10;14;10;0
30123;1310;1013;10;14;10;0
30126;1298;1013;10;14;10;0
30127;1286;1013;10;14;10;0
30129;1274;1013;10;14;10;0
30130;1262;1013;10;14;10;0
30131;1250;1013;10;14;10;0
30132;1238;1013;10;14;10;0
30133;1226;1013;10;14;10;0
30136;1214;1013;10;14;10;0
30137;1202;1013;10;14;10;0
30139;1190;1013;10;14;10;0
30140;1178;1013;10;14;10;0
30141;1166;1013;10;14;10;0
30142;1154;1013;10;14;10;0
30144;1382;1013;10;14;10;0
30146;1394;1013;10;14;10;0
30147;1406;1013;10;14;10;0
30149;1418;1013;10;14;10;0
30151;1658;1013;10;14;10;0
30152;1646;1013;10;14;10;0
30153;1634;1013;10;14;10;0
30154;1622;1013;10;14;10;0
30157;1610;1013;10;14;10;0
30162;1598;1013;10;14;10;0
30164;1586;1013;10;14;10;0
30165;1574;1013;10;14;10;0
30168;1562;1013;10;14;10;0
30169;1670;1013;10;14;10;0
30171;1550;1013;10;14;10;0
30174;1526;1013;10;14;10;0
30176;1514;1013;10;14;10;0
30178;1502;1013;10;14;10;0
30179;1490;1013;10;14;10;0
30180;1478;1013;10;14;10;0
30183;1466;1013;10;14;10;0
30184;1454;1013;10;14;10;0
30185;1442;1013;10;14;10;0
30186;1430;1013;10;14;10;0
30187;1142;1013;10;14;10;0
30192;1538;1013;10;14;10;0
30193;1130;1013;10;14;10;0
30194;974;1013;10;14;10;0
30195;806;1013;10;14;10;0
30196;794;1013;10;14;10;0
30201;782;1013;10;14;10;0
30202;770;1013;10;14;10;0
30204;758;1013;10;14;10;0
30206;746;1013;10;14;10;0
30207;734;1013;10;14;10;0
30208;722;1013;10;14;10;0
30209;710;1013;10;14;10;0
30217;698;1013;10;14;10;0
30219;686;1013;10;14;10;0
30221;674;1013;10;14;10;0
30224;662;1013;10;14;10;0
30227;650;1013;10;14;10;0
30230;638;1013;10;14;10;0
30233;626;1013;10;14;10;0
30236;614;1013;10;14;10;0
30238;602;1013;10;14;10;0
30239;590;1013;10;14;10;0
30240;818;1013;10;14;10;0
30241;830;1013;10;14;10;0
30242;842;1013;10;14;10;0
30244;854;1013;10;14;10;0
30246;1094;1013;10;14;10;0
30247;1082;1013;10;14;10;0
30249;1070;1013;10;14;10;0
30250;1058;1013;10;14;10;0
30251;1046;1013;10;14;10;0
30254;1034;1013;10;14;10;0
30256;1022;1013;10;14;10;0
30260;1010;1013;10;14;10;0
30264;998;1013;10;14;10;0
30266;1106;1013;10;14;10;0
30267;986;1013;10;14;10;0
30268;962;1013;10;14;10;0
30270;950;1013;10;14;10;0
30272;938;1013;10;14;10;0
30274;926;1013;10;14;10;0
30278;914;1013;10;14;10;0
30279;902;1013;10;14;10;0
30280;890;1013;10;14;10;0
30284;878;1013;10;14;10;0
30286;866;1013;10;14;10;0
30290;3554;997;10;14;10;0
30294;1118;1013;10;14;10;0
30296;3542;997;10;14;10;0
30300;2966;997;10;14;10;0
30302;2090;997;10;14;10;0
30303;2078;997;10;14;10;0
30305;2066;997;10;14;10;0
30306;2054;997;10;14;10;0
30307;2042;997;10;14;10;0
30308;2030;997;10;14;10;0
30309;2018;997;10;14;10;0
30310;2006;997;10;14;10;0
30311;1994;997;10;14;10;0
30312;1982;997;10;14;10;0
30313;1970;997;10;14;10;0
30314;1958;997;10;14;10;0
30315;1946;997;10;14;10;0
30316;1934;997;10;14;10;0
30318;1922;997;10;14;10;0
30320;1910;997;10;14;10;0
30321;1898;997;10;14;10;0
30322;1886;997;10;14;10;0
30326;1874;997;10;14;10;0
30328;2102;997;10;14;10;0
30329;2114;997;10;14;10;0
30330;2126;997;10;14;10;0
30331;2138;997;10;14;10;0
30332;2378;997;10;14;10;0
30333;2366;997;10;14;10;0
30334;2354;997;10;14;10;0
30336;2342;997;10;14;10;0
30337;2330;997;10;14;10;0
30338;2318;997;10;14;10;0
30339;2306;997;10;14;10;0
30340;2294;997;10;14;10;0
30342;2282;997;10;14;10;0
30343;2390;997;10;14;10;0
30344;2270;997;10;14;10;0
30347;2246;997;10;14;10;0
30350;2234;997;10;14;10;0
30352;2222;997;10;14;10;0
30353;2210;997;10;14;10;0
30355;2198;997;10;14;10;0
30358;2186;997;10;14;10;0
30361;2174;997;10;14;10;0
30362;2162;997;10;14;10;0
30363;2150;997;10;14;10;0
30366;1862;997;10;14;10;0
30372;1850;997;10;14;10;0
30382;1838;997;10;14;10;0
30384;1562;997;10;14;10;0
30385;1538;997;10;14;10;0
30388;1526;997;10;14;10;0
30391;1514;997;10;14;10;0
30392;1502;997;10;14;10;0
30393;1490;997;10;14;10;0
30394;1478;997;10;14;10;0
30399;1466;997;10;14;10;0
30402;1454;997;10;14;10;0
30403;1442;997;10;14;10;0
30405;1430;997;10;14;10;0
30406;1418;997;10;14;10;0
30408;1406;997;10;14;10;0
30410;1394;997;10;14;10;0
30413;1382;997;10;14;10;0
30414;1370;997;10;14;10;0
30415;1358;997;10;14;10;0
30416;1346;997;10;14;10;0
30417;1334;997;10;14;10;0
30418;1322;997;10;14;10;0
30420;1550;997;10;14;10;0
30422;1574;997;10;14;10;0
30423;1826;997;10;14;10;0
30424;1586;997;10;14;10;0
30427;1814;997;10;14;10;0
30428;1802;997;10;14;10;0
30430;1790;997;10;14;10;0
30431;1778;997;10;14;10;0
30433;1766;997;10;14;10;0
30435;1754;997;10;14;10;0
30436;1742;997;10;14;10;0
30437;1730;997;10;14;10;0
30439;1718;997;10;14;10;0
30442;1706;997;10;14;10;0
30444;1694;997;10;14;10;0
30446;1682;997;10;14;10;0
30447;1670;997;10;14;10;0
30449;1658;997;10;14;10;0
30450;1646;997;10;14;10;0
30452;1634;997;10;14;10;0
30455;1622;997;10;14;10;0
30456;1610;997;10;14;10;0
30457;1598;997;10;14;10;0
30458;2258;997;10;14;10;0
30459;2402;997;10;14;10;0
30460;2414;997;10;14;10;0
30462;2426;997;10;14;10;0
30464;3218;997;10;14;10;0
30465;3206;997;10;14;10;0
30468;3194;997;10;14;10;0
30471;3182;997;10;14;10;0
30472;3170;997;10;14;10;0
30473;3158;997;10;14;10;0
30475;3146;997;10;14;10;0
30476;3134;997;10;14;10;0
30489;3122;997;10;14;10;0
30490;3110;997;10;14;10;0
30491;3098;997;10;14;10;0
30493;3086;997;10;14;10;0
30494;3074;997;10;14;10;0
30495;3062;997;10;14;10;0
30496;3050;997;10;14;10;0
30500;3038;997;10;14;10;0
30501;3026;997;10;14;10;0
30502;3014;997;10;14;10;0
30504;3002;997;10;14;10;0
30505;3230;997;10;14;10;0
30509;3242;997;10;14;10;0
30511;3254;997;10;14;10;0
30518;3266;997;10;14;10;0
30519;3506;997;10;14;10;0
30520;3494;997;10;14;10;0
30522;3482;997;10;14;10;0
30524;3470;997;10;14;10;0
30526;3458;997;10;14;10;0
30528;3446;997;10;14;10;0
30529;3434;997;10;14;10;0
30534;3422;997;10;14;10;0
30535;3410;997;10;14;10;0
30543;3518;997;10;14;10;0
30544;3398;997;10;14;10;0
30545;3374;997;10;14;10;0
30554;3362;997;10;14;10;0
30555;3350;997;10;14;10;0
30556;3338;997;10;14;10;0
30558;3326;997;10;14;10;0
30561;3314;997;10;14;10;0
30562;3302;997;10;14;10;0
30563;3290;997;10;14;10;0
30565;3278;997;10;14;10;0
30566;2990;997;10;14;10;0
30568;3386;997;10;14;10;0
30569;2978;997;10;14;10;0
30570;2822;997;10;14;10;0
30571;2654;997;10;14;10;0
30572;2642;997;10;14;10;0
30573;2630;997;10;14;10;0
30578;2618;997;10;14;10;0
30585;2606;997;10;14;10;0
30589;2594;997;10;14;10;0
30590;2582;997;10;14;10;0
30591;2570;997;10;14;10;0
30596;2558;997;10;14;10;0
30597;2546;997;10;14;10;0
30599;2534;997;10;14;10;0
30601;2522;997;10;14;10;0
30603;2510;997;10;14;10;0
30604;2498;997;10;14;10;0
30605;2486;997;10;14;10;0
30606;2474;997;10;14;10;0
30609;2462;997;10;14;10;0
30610;2450;997;10;14;10;0
30611;2438;997;10;14;10;0
30612;2666;997;10;14;10;0
30622;2678;997;10;14;10;0
30623;2690;997;10;14;10;0
30624;2702;997;10;14;10;0
30629;2942;997;10;14;10;0
30631;2930;997;10;14;10;0
30633;2918;997;10;14;10;0
30634;2906;997;10;14;10;0
30636;2894;997;10;14;10;0
30637;2882;997;10;14;10;0
30640;2870;997;10;14;10;0
30643;2858;997;10;14;10;0
30646;2846;997;10;14;10;0
30649;2954;997;10;14;10;0
30651;2834;997;10;14;10;0
30652;2810;997;10;14;10;0
30653;2798;997;10;14;10;0
30655;2786;997;10;14;10;0
30663;2774;997;10;14;10;0
30667;2762;997;10;14;10;0
30669;2750;997;10;14;10;0
30675;2738;997;10;14;10;0
30678;2726;997;10;14;10;0
30679;2714;997;10;14;10;0
30682;1358;1045;10;14;10;0
30683;2498;1045;10;14;10;0
30684;2954;1109;10;14;10;0
30690;2510;1045;10;14;10;0
30691;2234;1093;10;14;10;0
30693;2222;1093;10;14;10;0
30695;2210;1093;10;14;10;0
30697;2198;1093;10;14;10;0
30699;2186;1093;10;14;10;0
30700;2174;1093;10;14;10;0
30701;2162;1093;10;14;10;0
30702;2150;1093;10;14;10;0
30703;2138;1093;10;14;10;0
30707;2126;1093;10;14;10;0
30710;2114;1093;10;14;10;0
30712;2102;1093;10;14;10;0
30715;2090;1093;10;14;10;0
30716;2078;1093;10;14;10;0
30717;2066;1093;10;14;10;0
30718;2054;1093;10;14;10;0
30719;2042;1093;10;14;10;0
30721;2030;1093;10;14;10;0
30722;2018;1093;10;14;10;0
30728;2246;1093;10;14;10;0
30732;2258;1093;10;14;10;0
30733;2270;1093;10;14;10;0
30738;2282;1093;10;14;10;0
30740;2522;1093;10;14;10;0
30741;2510;1093;10;14;10;0
30742;2498;1093;10;14;10;0
30743;2486;1093;10;14;10;0
30745;2474;1093;10;14;10;0
30746;2462;1093;10;14;10;0
30749;2450;1093;10;14;10;0
30751;2438;1093;10;14;10;0
30752;2426;1093;10;14;10;0
30755;2534;1093;10;14;10;0
30757;2414;1093;10;14;10;0
30758;2390;1093;10;14;10;0
30759;2378;1093;10;14;10;0
30765;2366;1093;10;14;10;0
30768;2354;1093;10;14;10;0
30769;2342;1093;10;14;10;0
30770;2330;1093;10;14;10;0
30772;2318;1093;10;14;10;0
30773;2306;1093;10;14;10;0
30775;2294;1093;10;14;10;0
30776;2006;1093;10;14;10;0
30778;1994;1093;10;14;10;0
30782;1982;1093;10;14;10;0
30783;1706;1093;10;14;10;0
30784;1682;1093;10;14;10;0
30787;1670;1093;10;14;10;0
30789;1658;1093;10;14;10;0
30796;1646;1093;10;14;10;0
30798;1634;1093;10;14;10;0
30800;1622;1093;10;14;10;0
30801;1610;1093;10;14;10;0
30802;1598;1093;10;14;10;0
30803;1586;1093;10;14;10;0
30805;1574;1093;10;14;10;0
30813;1562;1093;10;14;10;0
30820;1550;1093;10;14;10;0
30822;1538;1093;10;14;10;0
30827;1526;1093;10;14;10;0
30828;1514;1093;10;14;10;0
30830;1502;1093;10;14;10;0
30831;1490;1093;10;14;10;0
30834;1478;1093;10;14;10;0
30836;1466;1093;10;14;10;0
30839;1694;1093;10;14;10;0
30844;1718;1093;10;14;10;0
30847;1970;1093;10;14;10;0
30849;1730;1093;10;14;10;0
30854;1958;1093;10;14;10;0
30855;1946;1093;10;14;10;0
30857;1934;1093;10;14;10;0
30860;1922;1093;10;14;10;0
30861;1910;1093;10;14;10;0
30862;1898;1093;10;14;10;0
30865;1886;1093;10;14;10;0
30867;1874;1093;10;14;10;0
30869;1862;1093;10;14;10;0
30870;1850;1093;10;14;10;0
30871;1838;1093;10;14;10;0
30872;1826;1093;10;14;10;0
30874;1814;1093;10;14;10;0
30875;1802;1093;10;14;10;0
30876;1790;1093;10;14;10;0
30879;1778;1093;10;14;10;0
30880;1766;1093;10;14;10;0
30883;1754;1093;10;14;10;0
30887;1742;1093;10;14;10;0
30889;2402;1093;10;14;10;0
30890;2546;1093;10;14;10;0
30895;2558;1093;10;14;10;0
30896;2570;1093;10;14;10;0
30897;3362;1093;10;14;10;0
30898;3350;1093;10;14;10;0
30899;3338;1093;10;14;10;0
30900;3326;1093;10;14;10;0
30901;3314;1093;10;14;10;0
30906;3302;1093;10;14;10;0
30908;3290;1093;10;14;10;0
30910;3278;1093;10;14;10;0
30913;3266;1093;10;14;10;0
30917;3254;1093;10;14;10;0
30918;3242;1093;10;14;10;0
30922;3230;1093;10;14;10;0
30923;3218;1093;10;14;10;0
30928;3206;1093;10;14;10;0
30929;3194;1093;10;14;10;0
30932;3182;1093;10;14;10;0
30933;3170;1093;10;14;10;0
30936;3158;1093;10;14;10;0
30937;3146;1093;10;14;10;0
30938;3374;1093;10;14;10;0
30940;3386;1093;10;14;10;0
30945;3398;1093;10;14;10;0
30951;3410;1093;10;14;10;0
30952;3650;1093;10;14;10;0
30956;3638;1093;10;14;10;0
30959;3626;1093;10;14;10;0
30964;3614;1093;10;14;10;0
30967;3602;1093;10;14;10;0
30970;3590;1093;10;14;10;0
30971;3578;1093;10;14;10;0
30973;3566;1093;10;14;10;0
30977;3554;1093;10;14;10;0
30983;3662;1093;10;14;10;0
30990;3542;1093;10;14;10;0
30992;3518;1093;10;14;10;0
30993;3506;1093;10;14;10;0
30994;3494;1093;10;14;10;0
31001;3482;1093;10;14;10;0
31009;3470;1093;10;14;10;0
31012;3458;1093;10;14;10;0
31014;3446;1093;10;14;10;0
31018;3434;1093;10;14;10;0
31019;3422;1093;10;14;10;0
31020;3134;1093;10;14;10;0
31025;3530;1093;10;14;10;0
31027;3122;1093;10;14;10;0
31028;2966;1093;10;14;10;0
31034;2798;1093;10;14;10;0
31036;2786;1093;10;14;10;0
31037;2774;1093;10;14;10;0
31038;2762;1093;10;14;10;0
31040;2750;1093;10;14;10;0
31041;2738;1093;10;14;10;0
31042;2726;1093;10;14;10;0
31045;2714;1093;10;14;10;0
31046;2702;1093;10;14;10;0
31047;2690;1093;10;14;10;0
31048;2678;1093;10;14;10;0
31049;2666;1093;10;14;10;0
31054;2654;1093;10;14;10;0
31056;2642;1093;10;14;10;0
31059;2630;1093;10;14;10;0
31061;2618;1093;10;14;10;0
31062;2606;1093;10;14;10;0
31063;2594;1093;10;14;10;0
31066;2582;1093;10;14;10;0
31067;2810;1093;10;14;10;0
31068;2822;1093;10;14;10;0
31069;2834;1093;10;14;10;0
31070;2846;1093;10;14;10;0
31071;3086;1093;10;14;10;0
31072;3074;1093;10;14;10;0
31074;3062;1093;10;14;10;0
31077;3050;1093;10;14;10;0
31080;3038;1093;10;14;10;0
31085;3026;1093;10;14;10;0
31087;3014;1093;10;14;10;0
31095;3002;1093;10;14;10;0
31096;2990;1093;10;14;10;0
31098;3098;1093;10;14;10;0
31100;2978;1093;10;14;10;0
31103;2954;1093;10;14;10;0
31104;2942;1093;10;14;10;0
31105;2930;1093;10;14;10;0
31108;2918;1093;10;14;10;0
31109;2906;1093;10;14;10;0
31114;2894;1093;10;14;10;0
31117;2882;1093;10;14;10;0
31118;2870;1093;10;14;10;0
31119;2858;1093;10;14;10;0
31124;1454;1093;10;14;10;0
31125;3110;1093;10;14;10;0
31130;1442;1093;10;14;10;0
31131;866;1093;10;14;10;0
31133;4082;1077;10;14;10;0
31137;4070;1077;10;14;10;0
31140;4058;1077;10;14;10;0
31142;4046;1077;10;14;10;0
31143;4034;1077;10;14;10;0
31146;4022;1077;10;14;10;0
31150;4010;1077;10;14;10;0
31152;3998;1077;10;14;10;0
31153;3986;1077;10;14;10;0
31155;3974;1077;10;14;10;0
31161;3962;1077;10;14;10;0
31162;3950;1077;10;14;10;0
31163;3938;1077;10;14;10;0
31165;3926;1077;10;14;10;0
31166;3914;1077;10;14;10;0
31167;3902;1077;10;14;10;0
31168;3890;1077;10;14;10;0
31169;3878;1077;10;14;10;0
31171;3866;1077;10;14;10;0
31174;2;1093;10;14;10;0
31176;14;1093;10;14;10;0
31177;26;1093;10;14;10;0
31178;38;1093;10;14;10;0
31179;278;1093;10;14;10;0
31181;266;1093;10;14;10;0
31185;254;1093;10;14;10;0
31186;242;1093;10;14;10;0
31189;230;1093;10;14;10;0
31192;218;1093;10;14;10;0
31197;206;1093;10;14;10;0
31199;194;1093;10;14;10;0
31201;182;1093;10;14;10;0
31203;290;1093;10;14;10;0
31204;170;1093;10;14;10;0
31206;146;1093;10;14;10;0
31207;134;1093;10;14;10;0
31209;122;1093;10;14;10;0
31211;110;1093;10;14;10;0
31212;98;1093;10;14;10;0
31213;86;1093;10;14;10;0
31215;74;1093;10;14;10;0
31216;62;1093;10;14;10;0
31224;50;1093;10;14;10;0
31227;3854;1077;10;14;10;0
31229;3842;1077;10;14;10;0
31232;3830;1077;10;14;10;0
31234;3554;1077;10;14;10;0
31235;3530;1077;10;14;10;0
31236;3518;1077;10;14;10;0
31237;3506;1077;10;14;10;0
31240;3494;1077;10;14;10;0
31241;3482;1077;10;14;10;0
31243;3470;1077;10;14;10;0
31245;3458;1077;10;14;10;0
31246;3446;1077;10;14;10;0
31252;3434;1077;10;14;10;0
31255;3422;1077;10;14;10;0
31256;3410;1077;10;14;10;0
31257;3398;1077;10;14;10;0
31258;3386;1077;10;14;10;0
31260;3374;1077;10;14;10;0
31262;3362;1077;10;14;10;0
31263;3350;1077;10;14;10;0
31264;3338;1077;10;14;10;0
31267;3326;1077;10;14;10;0
31278;3314;1077;10;14;10;0
31281;3542;1077;10;14;10;0
31282;3566;1077;10;14;10;0
31283;3818;1077;10;14;10;0
31287;3578;1077;10;14;10;0
31289;3806;1077;10;14;10;0
31291;3794;1077;10;14;10;0
31292;3782;1077;10;14;10;0
31293;3770;1077;10;14;10;0
31294;3758;1077;10;14;10;0
31295;3746;1077;10;14;10;0
31296;3734;1077;10;14;10;0
31298;3722;1077;10;14;10;0
31299;3710;1077;10;14;10;0
31302;3698;1077;10;14;10;0
31303;3686;1077;10;14;10;0
31305;3674;1077;10;14;10;0
31307;3662;1077;10;14;10;0
31308;3650;1077;10;14;10;0
31309;3638;1077;10;14;10;0
31310;3626;1077;10;14;10;0
31311;3614;1077;10;14;10;0
31312;3602;1077;10;14;10;0
31313;3590;1077;10;14;10;0
31319;158;1093;10;14;10;0
31328;302;1093;10;14;10;0
31329;314;1093;10;14;10;0
31330;326;1093;10;14;10;0
31331;1118;1093;10;14;10;0
31336;1106;1093;10;14;10;0
31337;1094;1093;10;14;10;0
31338;1082;1093;10;14;10;0
31339;1070;1093;10;14;10;0
31344;1058;1093;10;14;10;0
31348;1046;1093;10;14;10;0
31350;1034;1093;10;14;10;0
31351;1022;1093;10;14;10;0
31353;1010;1093;10;14;10;0
31354;998;1093;10;14;10;0
31357;986;1093;10;14;10;0
31359;974;1093;10;14;10;0
31361;962;1093;10;14;10;0
31363;950;1093;10;14;10;0
31364;938;1093;10;14;10;0
31368;926;1093;10;14;10;0
31373;914;1093;10;14;10;0
31377;902;1093;10;14;10;0
31378;1130;1093;10;14;10;0
31379;1142;1093;10;14;10;0
31381;1154;1093;10;14;10;0
31382;1166;1093;10;14;10;0
31383;1406;1093;10;14;10;0
31384;1394;1093;10;14;10;0
31388;1382;1093;10;14;10;0
31389;1370;1093;10;14;10;0
31391;1358;1093;10;14;10;0
31392;1346;1093;10;14;10;0
31395;1334;1093;10;14;10;0
31397;1322;1093;10;14;10;0
31398;1310;1093;10;14;10;0
31401;1418;1093;10;14;10;0
31402;1298;1093;10;14;10;0
31406;1274;1093;10;14;10;0
31407;1262;1093;10;14;10;0
31408;1250;1093;10;14;10;0
31411;1238;1093;10;14;10;0
31414;1226;1093;10;14;10;0
31416;1214;1093;10;14;10;0
31418;1202;1093;10;14;10;0
31419;1190;1093;10;14;10;0
31423;1178;1093;10;14;10;0
31427;890;1093;10;14;10;0
31428;1286;1093;10;14;10;0
31429;878;1093;10;14;10;0
31431;722;1093;10;14;10;0
31432;554;1093;10;14;10;0
31434;542;1093;10;14;10;0
31435;530;1093;10;14;10;0
31437;518;1093;10;14;10;0
31439;506;1093;10;14;10;0
31441;494;1093;10;14;10;0
31442;482;1093;10;14;10;0
31443;470;1093;10;14;10;0
31444;458;1093;10;14;10;0
31445;446;1093;10;14;10;0
31446;434;1093;10;14;10;0
31449;422;1093;10;14;10;0
31450;410;1093;10;14;10;0
31452;398;1093;10;14;10;0
31453;386;1093;10;14;10;0
31454;374;1093;10;14;10;0
31455;362;1093;10;14;10;0
31456;350;1093;10;14;10;0
31457;338;1093;10;14;10;0
31458;566;1093;10;14;10;0
31459;578;1093;10;14;10;0
31461;590;1093;10;14;10;0
31462;602;1093;10;14;10;0
31466;842;1093;10;14;10;0
31469;830;1093;10;14;10;0
31471;818;1093;10;14;10;0
31472;806;1093;10;14;10;0
31478;794;1093;10;14;10;0
31480;782;1093;10;14;10;0
31481;770;1093;10;14;10;0
31482;758;1093;10;14;10;0
31485;746;1093;10;14;10;0
31487;854;1093;10;14;10;0
31490;734;1093;10;14;10;0
31491;710;1093;10;14;10;0
31492;698;1093;10;14;10;0
31494;686;1093;10;14;10;0
31496;674;1093;10;14;10;0
31498;662;1093;10;14;10;0
31499;650;1093;10;14;10;0
31503;638;1093;10;14;10;0
31505;626;1093;10;14;10;0
31508;614;1093;10;14;10;0
31512;1430;1093;10;14;10;0
31513;3674;1093;10;14;10;0
31515;3686;1093;10;14;10;0
31518;3698;1093;10;14;10;0
31520;2642;1109;10;14;10;0
31524;2630;1109;10;14;10;0
31525;2618;1109;10;14;10;0
31526;2606;1109;10;14;10;0
31528;2594;1109;10;14;10;0
31530;2582;1109;10;14;10;0
31531;2570;1109;10;14;10;0
31532;2558;1109;10;14;10;0
31533;2546;1109;10;14;10;0
31534;2534;1109;10;14;10;0
31539;2522;1109;10;14;10;0
31541;2510;1109;10;14;10;0
31542;2498;1109;10;14;10;0
31545;2486;1109;10;14;10;0
31546;2474;1109;10;14;10;0
31548;2462;1109;10;14;10;0
31557;2450;1109;10;14;10;0
31558;2438;1109;10;14;10;0
31560;2426;1109;10;14;10;0
31561;2654;1109;10;14;10;0
31562;2666;1109;10;14;10;0
31563;2678;1109;10;14;10;0
31564;2690;1109;10;14;10;0
31565;2930;1109;10;14;10;0
31567;2918;1109;10;14;10;0
31568;2906;1109;10;14;10;0
31569;2894;1109;10;14;10;0
31570;2882;1109;10;14;10;0
31572;2870;1109;10;14;10;0
31574;2858;1109;10;14;10;0
31578;2846;1109;10;14;10;0
31579;2834;1109;10;14;10;0
31580;2942;1109;10;14;10;0
31581;2822;1109;10;14;10;0
31584;2798;1109;10;14;10;0
31589;2786;1109;10;14;10;0
31590;2774;1109;10;14;10;0
31591;2762;1109;10;14;10;0
31596;2750;1109;10;14;10;0
31598;2738;1109;10;14;10;0
31599;2726;1109;10;14;10;0
31600;2714;1109;10;14;10;0
31601;2702;1109;10;14;10;0
31602;2414;1109;10;14;10;0
31603;2810;1109;10;14;10;0
31604;2402;1109;10;14;10;0
31605;2246;1109;10;14;10;0
31607;2078;1109;10;14;10;0
31609;2066;1109;10;14;10;0
31610;2054;1109;10;14;10;0
31611;2042;1109;10;14;10;0
31614;2030;1109;10;14;10;0
31616;2018;1109;10;14;10;0
31620;2006;1109;10;14;10;0
31622;1994;1109;10;14;10;0
31623;1982;1109;10;14;10;0
31627;1970;1109;10;14;10;0
31629;1958;1109;10;14;10;0
31630;1946;1109;10;14;10;0
31631;1934;1109;10;14;10;0
31632;1922;1109;10;14;10;0
31634;1910;1109;10;14;10;0
31636;1898;1109;10;14;10;0
31637;1886;1109;10;14;10;0
31639;1874;1109;10;14;10;0
31640;1862;1109;10;14;10;0
31641;2090;1109;10;14;10;0
31642;2102;1109;10;14;10;0
31644;2114;1109;10;14;10;0
31645;2126;1109;10;14;10;0
31647;2366;1109;10;14;10;0
31648;2354;1109;10;14;10;0
31649;2342;1109;10;14;10;0
31654;2330;1109;10;14;10;0
31657;2318;1109;10;14;10;0
31658;2306;1109;10;14;10;0
31659;2294;1109;10;14;10;0
31660;2282;1109;10;14;10;0
31661;2270;1109;10;14;10;0
31665;2378;1109;10;14;10;0
31668;2258;1109;10;14;10;0
31672;2234;1109;10;14;10;0
31680;2222;1109;10;14;10;0
31681;2210;1109;10;14;10;0
31684;2198;1109;10;14;10;0
31686;2186;1109;10;14;10;0
31687;2174;1109;10;14;10;0
31689;2162;1109;10;14;10;0
31691;2150;1109;10;14;10;0
31692;2138;1109;10;14;10;0
31695;2390;1109;10;14;10;0
31697;2966;1109;10;14;10;0
31699;3518;1109;10;14;10;0
31705;2978;1109;10;14;10;0
31707;3770;1109;10;14;10;0
31709;3758;1109;10;14;10;0
31712;3746;1109;10;14;10;0
31713;3734;1109;10;14;10;0
31716;3722;1109;10;14;10;0
31717;3710;1109;10;14;10;0
31718;3698;1109;10;14;10;0
31721;3686;1109;10;14;10;0
31722;3674;1109;10;14;10;0
31725;3662;1109;10;14;10;0
31726;3650;1109;10;14;10;0
31729;3638;1109;10;14;10;0
31731;3626;1109;10;14;10;0
31734;3614;1109;10;14;10;0
31735;3602;1109;10;14;10;0
31742;3590;1109;10;14;10;0
31744;3578;1109;10;14;10;0
31751;3566;1109;10;14;10;0
31755;3554;1109;10;14;10;0
31756;3782;1109;10;14;10;0
31757;3794;1109;10;14;10;0
31761;3806;1109;10;14;10;0
31762;3818;1109;10;14;10;0
31763;4058;1109;10;14;10;0
31764;4046;1109;10;14;10;0
31767;4034;1109;10;14;10;0
31774;4022;1109;10;14;10;0
31775;4010;1109;10;14;10;0
31777;3998;1109;10;14;10;0
31779;3986;1109;10;14;10;0
31783;3974;1109;10;14;10;0
31786;3962;1109;10;14;10;0
31787;4070;1109;10;14;10;0
31792;3950;1109;10;14;10;0
31799;3926;1109;10;14;10;0
31800;3914;1109;10;14;10;0
31805;3902;1109;10;14;10;0
31806;3890;1109;10;14;10;0
31807;3878;1109;10;14;10;0
31808;3866;1109;10;14;10;0
31809;3854;1109;10;14;10;0
31811;3842;1109;10;14;10;0
31820;3830;1109;10;14;10;0
31821;3542;1109;10;14;10;0
31823;3938;1109;10;14;10;0
31824;3530;1109;10;14;10;0
31827;3374;1109;10;14;10;0
31828;3206;1109;10;14;10;0
31830;3194;1109;10;14;10;0
31831;3182;1109;10;14;10;0
31832;3170;1109;10;14;10;0
31833;3158;1109;10;14;10;0
31836;3146;1109;10;14;10;0
31839;3134;1109;10;14;10;0
31840;3122;1109;10;14;10;0
31843;3110;1109;10;14;10;0
31844;3098;1109;10;14;10;0
31845;3086;1109;10;14;10;0
31852;3074;1109;10;14;10;0
31854;3062;1109;10;14;10;0
31858;3050;1109;10;14;10;0
31859;3038;1109;10;14;10;0
31861;3026;1109;10;14;10;0
31864;3014;1109;10;14;10;0
31867;3002;1109;10;14;10;0
31869;2990;1109;10;14;10;0
31870;3218;1109;10;14;10;0
31873;3230;1109;10;14;10;0
31874;3242;1109;10;14;10;0
31875;3254;1109;10;14;10;0
31876;3494;1109;10;14;10;0
31881;3482;1109;10;14;10;0
31883;3470;1109;10;14;10;0
31885;3458;1109;10;14;10;0
31888;3446;1109;10;14;10;0
31889;3434;1109;10;14;10;0
31890;3422;1109;10;14;10;0
31893;3410;1109;10;14;10;0
31895;3398;1109;10;14;10;0
31896;3506;1109;10;14;10;0
31899;3386;1109;10;14;10;0
31901;3362;1109;10;14;10;0
31903;3350;1109;10;14;10;0
31905;3338;1109;10;14;10;0
31906;3326;1109;10;14;10;0
31908;3314;1109;10;14;10;0
31909;3302;1109;10;14;10;0
31911;3290;1109;10;14;10;0
31912;3278;1109;10;14;10;0
31914;3266;1109;10;14;10;0
31915;1850;1109;10;14;10;0
31917;1838;1109;10;14;10;0
31918;1826;1109;10;14;10;0
31921;1262;1109;10;14;10;0
31922;386;1109;10;14;10;0
31923;374;1109;10;14;10;0
31924;362;1109;10;14;10;0
31925;350;1109;10;14;10;0
31929;338;1109;10;14;10;0
31930;326;1109;10;14;10;0
31932;314;1109;10;14;10;0
31933;302;1109;10;14;10;0
31934;290;1109;10;14;10;0
31935;278;1109;10;14;10;0
31936;266;1109;10;14;10;0
31938;254;1109;10;14;10;0
31941;242;1109;10;14;10;0
31944;230;1109;10;14;10;0
31945;218;1109;10;14;10;0
31946;206;1109;10;14;10;0
31948;194;1109;10;14;10;0
31949;182;1109;10;14;10;0
31950;170;1109;10;14;10;0
31954;398;1109;10;14;10;0
31957;410;1109;10;14;10;0
31958;422;1109;10;14;10;0
31959;434;1109;10;14;10;0
31960;674;1109;10;14;10;0
31961;662;1109;10;14;10;0
31964;650;1109;10;14;10;0
31965;638;1109;10;14;10;0
31966;626;1109;10;14;10;0
31967;614;1109;10;14;10;0
31968;602;1109;10;14;10;0
31970;590;1109;10;14;10;0
31975;578;1109;10;14;10;0
31980;686;1109;10;14;10;0
31981;566;1109;10;14;10;0
31983;542;1109;10;14;10;0
31984;530;1109;10;14;10;0
31986;518;1109;10;14;10;0
31988;506;1109;10;14;10;0
31990;494;1109;10;14;10;0
31992;482;1109;10;14;10;0
31994;470;1109;10;14;10;0
31995;458;1109;10;14;10;0
31998;446;1109;10;14;10;0
32000;158;1109;10;14;10;0
32002;146;1109;10;14;10;0
32004;134;1109;10;14;10;0
32005;3950;1093;10;14;10;0
32006;3926;1093;10;14;10;0
32007;3914;1093;10;14;10;0
32008;3902;1093;10;14;10;0
32009;3890;1093;10;14;10;0
32010;3878;1093;10;14;10;0
32011;3866;1093;10;14;10;0
32013;3854;1093;10;14;10;0
32016;3842;1093;10;14;10;0
32019;3830;1093;10;14;10;0
32020;3818;1093;10;14;10;0
32021;3806;1093;10;14;10;0
32023;3794;1093;10;14;10;0
32024;3782;1093;10;14;10;0
32025;3770;1093;10;14;10;0
32026;3758;1093;10;14;10;0
32027;3746;1093;10;14;10;0
32028;3734;1093;10;14;10;0
32032;3722;1093;10;14;10;0
32033;3710;1093;10;14;10;0
32034;3938;1093;10;14;10;0
32037;3962;1093;10;14;10;0
32039;122;1109;10;14;10;0
32043;3974;1093;10;14;10;0
32044;110;1109;10;14;10;0
32046;98;1109;10;14;10;0
32047;86;1109;10;14;10;0
32048;74;1109;10;14;10;0
32049;62;1109;10;14;10;0
32050;50;1109;10;14;10;0
32051;38;1109;10;14;10;0
32053;26;1109;10;14;10;0
32057;14;1109;10;14;10;0
32058;2;1109;10;14;10;0
32060;4082;1093;10;14;10;0
32063;4070;1093;10;14;10;0
32064;4058;1093;10;14;10;0
32066;4046;1093;10;14;10;0
32067;4034;1093;10;14;10;0
32068;4022;1093;10;14;10;0
32069;4010;1093;10;14;10;0
32070;3998;1093;10;14;10;0
32075;3986;1093;10;14;10;0
32076;554;1109;10;14;10;0
32078;698;1109;10;14;10;0
32079;710;1109;10;14;10;0
32080;722;1109;10;14;10;0
32085;1514;1109;10;14;10;0
32086;1502;1109;10;14;10;0
32090;1490;1109;10;14;10;0
32091;1478;1109;10;14;10;0
32092;1466;1109;10;14;10;0
32093;1454;1109;10;14;10;0
32094;1442;1109;10;14;10;0
32097;1430;1109;10;14;10;0
32098;1418;1109;10;14;10;0
32099;1406;1109;10;14;10;0
32102;1394;1109;10;14;10;0
32104;1382;1109;10;14;10;0
32110;1370;1109;10;14;10;0
32112;1358;1109;10;14;10;0
32113;1346;1109;10;14;10;0
32114;1334;1109;10;14;10;0
32115;1322;1109;10;14;10;0
32117;1310;1109;10;14;10;0
32118;1298;1109;10;14;10;0
32121;1526;1109;10;14;10;0
32122;1538;1109;10;14;10;0
32125;1550;1109;10;14;10;0
32129;1562;1109;10;14;10;0
32137;1802;1109;10;14;10;0
32143;1790;1109;10;14;10;0
32145;1778;1109;10;14;10;0
32147;1766;1109;10;14;10;0
32152;1754;1109;10;14;10;0
32153;1742;1109;10;14;10;0
32154;1730;1109;10;14;10;0
32155;1718;1109;10;14;10;0
32156;1706;1109;10;14;10;0
32158;1814;1109;10;14;10;0
32159;1694;1109;10;14;10;0
32160;1670;1109;10;14;10;0
32162;1658;1109;10;14;10;0
32163;1646;1109;10;14;10;0
32166;1634;1109;10;14;10;0
32170;1622;1109;10;14;10;0
32171;1610;1109;10;14;10;0
32172;1598;1109;10;14;10;0
32173;1586;1109;10;14;10;0
32174;1574;1109;10;14;10;0
32175;1286;1109;10;14;10;0
32176;1682;1109;10;14;10;0
32177;1274;1109;10;14;10;0
32178;1118;1109;10;14;10;0
32179;950;1109;10;14;10;0
32180;938;1109;10;14;10;0
32181;926;1109;10;14;10;0
32184;914;1109;10;14;10;0
32186;902;1109;10;14;10;0
32187;890;1109;10;14;10;0
32189;878;1109;10;14;10;0
32190;866;1109;10;14;10;0
32191;854;1109;10;14;10;0
32193;842;1109;10;14;10;0
32196;830;1109;10;14;10;0
32199;818;1109;10;14;10;0
32202;806;1109;10;14;10;0
32203;794;1109;10;14;10;0
32205;782;1109;10;14;10;0
32207;770;1109;10;14;10;0
32209;758;1109;10;14;10;0
32210;746;1109;10;14;10;0
32213;734;1109;10;14;10;0
32216;962;1109;10;14;10;0
32217;974;1109;10;14;10;0
32218;986;1109;10;14;10;0
32220;998;1109;10;14;10;0
32221;1238;1109;10;14;10;0
32222;1226;1109;10;14;10;0
32224;1214;1109;10;14;10;0
32225;1202;1109;10;14;10;0
32227;1190;1109;10;14;10;0
32228;1178;1109;10;14;10;0
32232;1166;1109;10;14;10;0
32233;1154;1109;10;14;10;0
32236;1142;1109;10;14;10;0
32239;1250;1109;10;14;10;0
32241;1130;1109;10;14;10;0
32242;1106;1109;10;14;10;0
32244;1094;1109;10;14;10;0
32249;1082;1109;10;14;10;0
32251;1070;1109;10;14;10;0
32257;1058;1109;10;14;10;0
32260;1046;1109;10;14;10;0
32261;1034;1109;10;14;10;0
32264;1022;1109;10;14;10;0
32265;1010;1109;10;14;10;0
32266;3302;1077;10;14;10;0
32267;3290;1077;10;14;10;0
32272;3278;1077;10;14;10;0
32273;2882;1061;10;14;10;0
32274;1442;1061;10;14;10;0
32277;1430;1061;10;14;10;0
32283;1418;1061;10;14;10;0
32285;1406;1061;10;14;10;0
32286;1394;1061;10;14;10;0
32287;1382;1061;10;14;10;0
32289;1370;1061;10;14;10;0
32290;1358;1061;10;14;10;0
32291;1346;1061;10;14;10;0
32294;1334;1061;10;14;10;0
32295;1322;1061;10;14;10;0
32299;1310;1061;10;14;10;0
32301;1298;1061;10;14;10;0
32302;1286;1061;10;14;10;0
32303;1274;1061;10;14;10;0
32305;1262;1061;10;14;10;0
32306;1250;1061;10;14;10;0
32307;1238;1061;10;14;10;0
32308;1226;1061;10;14;10;0
32309;1454;1061;10;14;10;0
32311;1466;1061;10;14;10;0
32313;1478;1061;10;14;10;0
32314;1490;1061;10;14;10;0
32315;1730;1061;10;14;10;0
32317;1718;1061;10;14;10;0
32318;1706;1061;10;14;10;0
32319;1694;1061;10;14;10;0
32321;1682;1061;10;14;10;0
32323;1670;1061;10;14;10;0
32325;1658;1061;10;14;10;0
32326;1646;1061;10;14;10;0
32327;1634;1061;10;14;10;0
32328;1742;1061;10;14;10;0
32330;1622;1061;10;14;10;0
32331;1598;1061;10;14;10;0
32333;1586;1061;10;14;10;0
32337;1574;1061;10;14;10;0
32338;1562;1061;10;14;10;0
32340;1550;1061;10;14;10;0
32341;1538;1061;10;14;10;0
32342;1526;1061;10;14;10;0
32345;1514;1061;10;14;10;0
32346;1502;1061;10;14;10;0
32349;1214;1061;10;14;10;0
32350;1202;1061;10;14;10;0
32353;1190;1061;10;14;10;0
32358;914;1061;10;14;10;0
32359;890;1061;10;14;10;0
32361;878;1061;10;14;10;0
32362;866;1061;10;14;10;0
32363;854;1061;10;14;10;0
32365;842;1061;10;14;10;0
32366;830;1061;10;14;10;0
32368;818;1061;10;14;10;0
32371;806;1061;10;14;10;0
32377;794;1061;10;14;10;0
32379;782;1061;10;14;10;0
32380;770;1061;10;14;10;0
32381;758;1061;10;14;10;0
32382;746;1061;10;14;10;0
32383;734;1061;10;14;10;0
32386;722;1061;10;14;10;0
32387;710;1061;10;14;10;0
32391;698;1061;10;14;10;0
32392;686;1061;10;14;10;0
32393;674;1061;10;14;10;0
32396;902;1061;10;14;10;0
32397;926;1061;10;14;10;0
32398;1178;1061;10;14;10;0
32399;938;1061;10;14;10;0
32400;1166;1061;10;14;10;0
32402;1154;1061;10;14;10;0
32403;1142;1061;10;14;10;0
32404;1130;1061;10;14;10;0
32406;1118;1061;10;14;10;0
32408;1106;1061;10;14;10;0
32411;1094;1061;10;14;10;0
32412;1082;1061;10;14;10;0
32416;1070;1061;10;14;10;0
32418;1058;1061;10;14;10;0
32420;1046;1061;10;14;10;0
32422;1034;1061;10;14;10;0
32423;1022;1061;10;14;10;0
32424;1010;1061;10;14;10;0
32425;998;1061;10;14;10;0
32426;986;1061;10;14;10;0
32427;974;1061;10;14;10;0
32428;962;1061;10;14;10;0
32429;950;1061;10;14;10;0
32431;1610;1061;10;14;10;0
32433;1754;1061;10;14;10;0
32434;1766;1061;10;14;10;0
32435;1778;1061;10;14;10;0
32437;2570;1061;10;14;10;0
32438;2558;1061;10;14;10;0
32439;2546;1061;10;14;10;0
32440;2534;1061;10;14;10;0
32441;2522;1061;10;14;10;0
32442;2510;1061;10;14;10;0
32443;2498;1061;10;14;10;0
32445;2486;1061;10;14;10;0
32447;2474;1061;10;14;10;0
32451;2462;1061;10;14;10;0
32452;2450;1061;10;14;10;0
32453;2438;1061;10;14;10;0
32454;2426;1061;10;14;10;0
32455;2414;1061;10;14;10;0
32456;2402;1061;10;14;10;0
32457;2390;1061;10;14;10;0
32458;2378;1061;10;14;10;0
32460;2366;1061;10;14;10;0
32461;2354;1061;10;14;10;0
32462;2582;1061;10;14;10;0
32463;2594;1061;10;14;10;0
32465;2606;1061;10;14;10;0
32466;2618;1061;10;14;10;0
32467;2858;1061;10;14;10;0
32468;2846;1061;10;14;10;0
32469;2834;1061;10;14;10;0
32472;2822;1061;10;14;10;0
32473;2810;1061;10;14;10;0
32474;2798;1061;10;14;10;0
32476;2786;1061;10;14;10;0
32477;2774;1061;10;14;10;0
32478;2762;1061;10;14;10;0
32479;2870;1061;10;14;10;0
32480;2750;1061;10;14;10;0
32482;2726;1061;10;14;10;0
32483;2714;1061;10;14;10;0
32485;2702;1061;10;14;10;0
32486;2690;1061;10;14;10;0
32487;2678;1061;10;14;10;0
32489;2666;1061;10;14;10;0
32490;2654;1061;10;14;10;0
32491;2642;1061;10;14;10;0
32493;2630;1061;10;14;10;0
32494;2342;1061;10;14;10;0
32495;2738;1061;10;14;10;0
32496;2330;1061;10;14;10;0
32499;2174;1061;10;14;10;0
32500;2006;1061;10;14;10;0
32501;1994;1061;10;14;10;0
32503;1982;1061;10;14;10;0
32504;1970;1061;10;14;10;0
32508;1958;1061;10;14;10;0
32509;1946;1061;10;14;10;0
32511;1934;1061;10;14;10;0
32512;1922;1061;10;14;10;0
32515;1910;1061;10;14;10;0
32516;1898;1061;10;14;10;0
32517;1886;1061;10;14;10;0
32518;1874;1061;10;14;10;0
32519;1862;1061;10;14;10;0
32520;1850;1061;10;14;10;0
32521;1838;1061;10;14;10;0
32526;1826;1061;10;14;10;0
32527;1814;1061;10;14;10;0
32531;1802;1061;10;14;10;0
32532;1790;1061;10;14;10;0
32533;2018;1061;10;14;10;0
32534;2030;1061;10;14;10;0
32536;2042;1061;10;14;10;0
32537;2054;1061;10;14;10;0
32538;2294;1061;10;14;10;0
32541;2282;1061;10;14;10;0
32544;2270;1061;10;14;10;0
32545;2258;1061;10;14;10;0
32548;2246;1061;10;14;10;0
32550;2234;1061;10;14;10;0
32552;2222;1061;10;14;10;0
32553;2210;1061;10;14;10;0
32554;2198;1061;10;14;10;0
32555;2306;1061;10;14;10;0
32556;2186;1061;10;14;10;0
32557;2162;1061;10;14;10;0
32558;2150;1061;10;14;10;0
32560;2138;1061;10;14;10;0
32564;2126;1061;10;14;10;0
32566;2114;1061;10;14;10;0
32568;2102;1061;10;14;10;0
32570;2090;1061;10;14;10;0
32573;2078;1061;10;14;10;0
32580;2066;1061;10;14;10;0
32581;662;1061;10;14;10;0
32584;2318;1061;10;14;10;0
32588;650;1061;10;14;10;0
32589;74;1061;10;14;10;0
32590;3290;1045;10;14;10;0
32591;3278;1045;10;14;10;0
32592;3266;1045;10;14;10;0
32593;3254;1045;10;14;10;0
32596;3242;1045;10;14;10;0
32597;3230;1045;10;14;10;0
32599;3218;1045;10;14;10;0
32600;3206;1045;10;14;10;0
32602;3194;1045;10;14;10;0
32607;3182;1045;10;14;10;0
32608;3170;1045;10;14;10;0
32609;3158;1045;10;14;10;0
32610;3146;1045;10;14;10;0
32611;3134;1045;10;14;10;0
32615;3122;1045;10;14;10;0
32616;3110;1045;10;14;10;0
32617;3098;1045;10;14;10;0
32618;3086;1045;10;14;10;0
32619;3074;1045;10;14;10;0
32622;3302;1045;10;14;10;0
32624;3314;1045;10;14;10;0
32626;3326;1045;10;14;10;0
32629;3338;1045;10;14;10;0
32631;3578;1045;10;14;10;0
32632;3566;1045;10;14;10;0
32633;3554;1045;10;14;10;0
32641;3542;1045;10;14;10;0
32642;3530;1045;10;14;10;0
32643;3518;1045;10;14;10;0
32645;3506;1045;10;14;10;0
32646;3494;1045;10;14;10;0
32647;3482;1045;10;14;10;0
32648;3590;1045;10;14;10;0
32650;3470;1045;10;14;10;0
32651;3446;1045;10;14;10;0
32652;3434;1045;10;14;10;0
32654;3422;1045;10;14;10;0
32660;3410;1045;10;14;10;0
32663;3398;1045;10;14;10;0
32666;3386;1045;10;14;10;0
32669;3374;1045;10;14;10;0
32670;3362;1045;10;14;10;0
32673;3350;1045;10;14;10;0
32675;3062;1045;10;14;10;0
32676;3050;1045;10;14;10;0
32677;3038;1045;10;14;10;0
32679;2762;1045;10;14;10;0
32680;2738;1045;10;14;10;0
32681;2726;1045;10;14;10;0
32686;2714;1045;10;14;10;0
32687;2702;1045;10;14;10;0
32688;2690;1045;10;14;10;0
32690;2678;1045;10;14;10;0
32694;2666;1045;10;14;10;0
32696;2654;1045;10;14;10;0
32697;2642;1045;10;14;10;0
32700;2630;1045;10;14;10;0
32701;2618;1045;10;14;10;0
32703;2606;1045;10;14;10;0
32705;2594;1045;10;14;10;0
32709;2582;1045;10;14;10;0
32710;2570;1045;10;14;10;0
32714;2558;1045;10;14;10;0
32716;2546;1045;10;14;10;0
32718;2534;1045;10;14;10;0
32722;2522;1045;10;14;10;0
32724;2750;1045;10;14;10;0
32725;2774;1045;10;14;10;0
32728;3026;1045;10;14;10;0
32735;2786;1045;10;14;10;0
32736;3014;1045;10;14;10;0
32737;3002;1045;10;14;10;0
32741;2990;1045;10;14;10;0
32742;2978;1045;10;14;10;0
32745;2966;1045;10;14;10;0
32747;2954;1045;10;14;10;0
32748;2942;1045;10;14;10;0
32750;2930;1045;10;14;10;0
32752;2918;1045;10;14;10;0
32753;2906;1045;10;14;10;0
32755;2894;1045;10;14;10;0
32761;2882;1045;10;14;10;0
32762;2870;1045;10;14;10;0
32763;2858;1045;10;14;10;0
32764;2846;1045;10;14;10;0
32768;2834;1045;10;14;10;0
32769;2822;1045;10;14;10;0
32771;2810;1045;10;14;10;0
32772;2798;1045;10;14;10;0
32773;3458;1045;10;14;10;0
32774;3602;1045;10;14;10;0
32779;3614;1045;10;14;10;0
32780;3626;1045;10;14;10;0
32781;326;1061;10;14;10;0
32784;314;1061;10;14;10;0
32785;302;1061;10;14;10;0
32786;290;1061;10;14;10;0
32788;278;1061;10;14;10;0
32789;266;1061;10;14;10;0
32790;254;1061;10;14;10;0
32791;242;1061;10;14;10;0
32792;230;1061;10;14;10;0
32793;218;1061;10;14;10;0
32796;206;1061;10;14;10;0
32800;194;1061;10;14;10;0
32801;182;1061;10;14;10;0
32802;170;1061;10;14;10;0
32805;158;1061;10;14;10;0
32806;146;1061;10;14;10;0
32807;134;1061;10;14;10;0
32808;122;1061;10;14;10;0
32809;110;1061;10;14;10;0
32810;338;1061;10;14;10;0
32819;350;1061;10;14;10;0
32822;362;1061;10;14;10;0
32823;374;1061;10;14;10;0
32824;614;1061;10;14;10;0
32827;602;1061;10;14;10;0
32829;590;1061;10;14;10;0
32831;578;1061;10;14;10;0
32834;566;1061;10;14;10;0
32835;554;1061;10;14;10;0
32838;542;1061;10;14;10;0
32842;530;1061;10;14;10;0
32843;518;1061;10;14;10;0
32844;626;1061;10;14;10;0
32845;506;1061;10;14;10;0
32850;482;1061;10;14;10;0
32852;470;1061;10;14;10;0
32854;458;1061;10;14;10;0
32856;446;1061;10;14;10;0
32858;434;1061;10;14;10;0
32862;422;1061;10;14;10;0
32863;410;1061;10;14;10;0
32865;398;1061;10;14;10;0
32866;386;1061;10;14;10;0
32872;98;1061;10;14;10;0
32874;494;1061;10;14;10;0
32879;86;1061;10;14;10;0
32880;4022;1045;10;14;10;0
32881;3854;1045;10;14;10;0
32882;3842;1045;10;14;10;0
32883;3830;1045;10;14;10;0
32884;3818;1045;10;14;10;0
32885;3806;1045;10;14;10;0
32886;3794;1045;10;14;10;0
32887;3782;1045;10;14;10;0
32889;3770;1045;10;14;10;0
32893;3758;1045;10;14;10;0
32894;3746;1045;10;14;10;0
32895;3734;1045;10;14;10;0
32899;3722;1045;10;14;10;0
32900;3710;1045;10;14;10;0
32901;3698;1045;10;14;10;0
32902;3686;1045;10;14;10;0
32903;3674;1045;10;14;10;0
32905;3662;1045;10;14;10;0
32907;3650;1045;10;14;10;0
32908;3638;1045;10;14;10;0
32911;3866;1045;10;14;10;0
32915;3878;1045;10;14;10;0
32916;3890;1045;10;14;10;0
32917;3902;1045;10;14;10;0
32918;50;1061;10;14;10;0
32920;38;1061;10;14;10;0
32922;26;1061;10;14;10;0
32923;14;1061;10;14;10;0
32925;2;1061;10;14;10;0
32928;4082;1045;10;14;10;0
32929;4070;1045;10;14;10;0
32930;4058;1045;10;14;10;0
32932;4046;1045;10;14;10;0
32933;62;1061;10;14;10;0
32937;4034;1045;10;14;10;0
32938;4010;1045;10;14;10;0
32939;3998;1045;10;14;10;0
32940;3986;1045;10;14;10;0
32941;3974;1045;10;14;10;0
32942;3962;1045;10;14;10;0
32943;3950;1045;10;14;10;0
32945;3938;1045;10;14;10;0
32946;3926;1045;10;14;10;0
32948;3914;1045;10;14;10;0
32950;638;1061;10;14;10;0
32954;2894;1061;10;14;10;0
32957;1034;1077;10;14;10;0
32958;2906;1061;10;14;10;0
32959;1838;1077;10;14;10;0
32960;1826;1077;10;14;10;0
32961;1814;1077;10;14;10;0
32963;1802;1077;10;14;10;0
32964;1790;1077;10;14;10;0
32966;1778;1077;10;14;10;0
32972;1766;1077;10;14;10;0
32974;1754;1077;10;14;10;0
32977;1742;1077;10;14;10;0
32982;1730;1077;10;14;10;0
32983;1718;1077;10;14;10;0
32985;1706;1077;10;14;10;0
32986;1694;1077;10;14;10;0
32987;1682;1077;10;14;10;0
32988;1670;1077;10;14;10;0
32989;1658;1077;10;14;10;0
32990;1646;1077;10;14;10;0
32993;1634;1077;10;14;10;0
32996;1622;1077;10;14;10;0
32997;1850;1077;10;14;10;0
32999;1862;1077;10;14;10;0
33005;1874;1077;10;14;10;0
33007;1886;1077;10;14;10;0
33008;2126;1077;10;14;10;0
33009;2114;1077;10;14;10;0
33011;2102;1077;10;14;10;0
33012;2090;1077;10;14;10;0
33014;2078;1077;10;14;10;0
33016;2066;1077;10;14;10;0
33018;2054;1077;10;14;10;0
33020;2042;1077;10;14;10;0
33021;2030;1077;10;14;10;0
33023;2138;1077;10;14;10;0
33026;2018;1077;10;14;10;0
33029;1994;1077;10;14;10;0
33030;1982;1077;10;14;10;0
33031;1970;1077;10;14;10;0
33032;1958;1077;10;14;10;0
33033;1946;1077;10;14;10;0
33034;1934;1077;10;14;10;0
33037;1922;1077;10;14;10;0
33038;1910;1077;10;14;10;0
33039;1898;1077;10;14;10;0
33040;1610;1077;10;14;10;0
33041;1598;1077;10;14;10;0
33043;1586;1077;10;14;10;0
33044;1310;1077;10;14;10;0
33046;1286;1077;10;14;10;0
33047;1274;1077;10;14;10;0
33048;1262;1077;10;14;10;0
33050;1250;1077;10;14;10;0
33051;1238;1077;10;14;10;0
33053;1226;1077;10;14;10;0
33058;1214;1077;10;14;10;0
33059;1202;1077;10;14;10;0
33060;1190;1077;10;14;10;0
33062;1178;1077;10;14;10;0
33065;1166;1077;10;14;10;0
33067;1154;1077;10;14;10;0
33071;1142;1077;10;14;10;0
33072;1130;1077;10;14;10;0
33073;1118;1077;10;14;10;0
33075;1106;1077;10;14;10;0
33078;1094;1077;10;14;10;0
33079;1082;1077;10;14;10;0
33080;1070;1077;10;14;10;0
33081;1298;1077;10;14;10;0
33086;1322;1077;10;14;10;0
33090;1574;1077;10;14;10;0
33094;1334;1077;10;14;10;0
33096;1562;1077;10;14;10;0
33098;1550;1077;10;14;10;0
33099;1538;1077;10;14;10;0
33100;1526;1077;10;14;10;0
33102;1514;1077;10;14;10;0
33104;1502;1077;10;14;10;0
33105;1490;1077;10;14;10;0
33107;1478;1077;10;14;10;0
33108;1466;1077;10;14;10;0
33109;1454;1077;10;14;10;0
33113;1442;1077;10;14;10;0
33114;1430;1077;10;14;10;0
33119;1418;1077;10;14;10;0
33125;1406;1077;10;14;10;0
33126;1394;1077;10;14;10;0
33129;1382;1077;10;14;10;0
33131;1370;1077;10;14;10;0
33133;1358;1077;10;14;10;0
33134;1346;1077;10;14;10;0
33136;2006;1077;10;14;10;0
33137;2150;1077;10;14;10;0
33139;2162;1077;10;14;10;0
33140;2174;1077;10;14;10;0
33144;2966;1077;10;14;10;0
33145;2954;1077;10;14;10;0
33146;2942;1077;10;14;10;0
33147;2930;1077;10;14;10;0
33148;2918;1077;10;14;10;0
33150;2906;1077;10;14;10;0
33151;2894;1077;10;14;10;0
33152;2882;1077;10;14;10;0
33154;2870;1077;10;14;10;0
33155;2858;1077;10;14;10;0
33160;2846;1077;10;14;10;0
33162;2834;1077;10;14;10;0
33163;2822;1077;10;14;10;0
33166;2810;1077;10;14;10;0
33167;2798;1077;10;14;10;0
33171;2786;1077;10;14;10;0
33173;2774;1077;10;14;10;0
33176;2762;1077;10;14;10;0
33178;2750;1077;10;14;10;0
33179;2978;1077;10;14;10;0
33180;2990;1077;10;14;10;0
33181;3002;1077;10;14;10;0
33182;3014;1077;10;14;10;0
33184;3254;1077;10;14;10;0
33187;3242;1077;10;14;10;0
33188;3230;1077;10;14;10;0
33189;3218;1077;10;14;10;0
33192;3206;1077;10;14;10;0
33193;3194;1077;10;14;10;0
33200;3182;1077;10;14;10;0
33203;3170;1077;10;14;10;0
33205;3158;1077;10;14;10;0
33206;3266;1077;10;14;10;0
33208;3146;1077;10;14;10;0
33210;3122;1077;10;14;10;0
33211;3110;1077;10;14;10;0
33213;3098;1077;10;14;10;0
33214;3086;1077;10;14;10;0
33215;3074;1077;10;14;10;0
33216;3062;1077;10;14;10;0
33218;3050;1077;10;14;10;0
33219;3038;1077;10;14;10;0
33222;3026;1077;10;14;10;0
33224;2738;1077;10;14;10;0
33225;3134;1077;10;14;10;0
33226;2726;1077;10;14;10;0
33229;2570;1077;10;14;10;0
33231;2402;1077;10;14;10;0
33233;2390;1077;10;14;10;0
33235;2378;1077;10;14;10;0
33240;2366;1077;10;14;10;0
33241;2354;1077;10;14;10;0
33242;2342;1077;10;14;10;0
33247;2330;1077;10;14;10;0
33248;2318;1077;10;14;10;0
33250;2306;1077;10;14;10;0
33251;2294;1077;10;14;10;0
33253;2282;1077;10;14;10;0
33255;2270;1077;10;14;10;0
33256;2258;1077;10;14;10;0
33258;2246;1077;10;14;10;0
33260;2234;1077;10;14;10;0
33261;2222;1077;10;14;10;0
33267;2210;1077;10;14;10;0
33268;2198;1077;10;14;10;0
33274;2186;1077;10;14;10;0
33275;2414;1077;10;14;10;0
33276;2426;1077;10;14;10;0
33278;2438;1077;10;14;10;0
33280;2450;1077;10;14;10;0
33281;2690;1077;10;14;10;0
33282;2678;1077;10;14;10;0
33284;2666;1077;10;14;10;0
33285;2654;1077;10;14;10;0
33286;2642;1077;10;14;10;0
33287;2630;1077;10;14;10;0
33288;2618;1077;10;14;10;0
33289;2606;1077;10;14;10;0
33290;2594;1077;10;14;10;0
33292;2702;1077;10;14;10;0
33293;2582;1077;10;14;10;0
33294;2558;1077;10;14;10;0
33296;2546;1077;10;14;10;0
33298;2534;1077;10;14;10;0
33300;2522;1077;10;14;10;0
33302;2510;1077;10;14;10;0
33303;2498;1077;10;14;10;0
33304;2486;1077;10;14;10;0
33307;2474;1077;10;14;10;0
33308;2462;1077;10;14;10;0
33310;1058;1077;10;14;10;0
33311;2714;1077;10;14;10;0
33314;1046;1077;10;14;10;0
33315;470;1077;10;14;10;0
33318;3686;1061;10;14;10;0
33320;3674;1061;10;14;10;0
33321;3662;1061;10;14;10;0
33322;3650;1061;10;14;10;0
33323;3638;1061;10;14;10;0
33324;3626;1061;10;14;10;0
33326;3614;1061;10;14;10;0
33328;3602;1061;10;14;10;0
33329;3590;1061;10;14;10;0
33331;3578;1061;10;14;10;0
33333;3566;1061;10;14;10;0
33334;3554;1061;10;14;10;0
33335;3542;1061;10;14;10;0
33336;3530;1061;10;14;10;0
33337;3518;1061;10;14;10;0
33338;3506;1061;10;14;10;0
33344;3494;1061;10;14;10;0
33351;3482;1061;10;14;10;0
33353;3470;1061;10;14;10;0
33355;3698;1061;10;14;10;0
33359;3710;1061;10;14;10;0
33368;3722;1061;10;14;10;0
33369;3734;1061;10;14;10;0
33370;3974;1061;10;14;10;0
33373;3962;1061;10;14;10;0
33375;3950;1061;10;14;10;0
33378;3938;1061;10;14;10;0
33380;3926;1061;10;14;10;0
33382;3914;1061;10;14;10;0
33384;3902;1061;10;14;10;0
33386;3890;1061;10;14;10;0
33387;3878;1061;10;14;10;0
33390;3986;1061;10;14;10;0
33391;3866;1061;10;14;10;0
33392;3842;1061;10;14;10;0
33393;3830;1061;10;14;10;0
33394;3818;1061;10;14;10;0
33395;3806;1061;10;14;10;0
33398;3794;1061;10;14;10;0
33399;3782;1061;10;14;10;0
33400;3770;1061;10;14;10;0
33401;3758;1061;10;14;10;0
33402;3746;1061;10;14;10;0
33406;3458;1061;10;14;10;0
33410;3446;1061;10;14;10;0
33411;3434;1061;10;14;10;0
33418;3158;1061;10;14;10;0
33419;3134;1061;10;14;10;0
33421;3122;1061;10;14;10;0
33422;3110;1061;10;14;10;0
33426;3098;1061;10;14;10;0
33431;3086;1061;10;14;10;0
33433;3074;1061;10;14;10;0
33436;3062;1061;10;14;10;0
33437;3050;1061;10;14;10;0
33439;3038;1061;10;14;10;0
33440;3026;1061;10;14;10;0
33441;3014;1061;10;14;10;0
33443;3002;1061;10;14;10;0
33445;2990;1061;10;14;10;0
33446;2978;1061;10;14;10;0
33447;2966;1061;10;14;10;0
33449;2954;1061;10;14;10;0
33450;2942;1061;10;14;10;0
33451;2930;1061;10;14;10;0
33452;2918;1061;10;14;10;0
33453;3146;1061;10;14;10;0
33454;3170;1061;10;14;10;0
33455;3422;1061;10;14;10;0
33456;3182;1061;10;14;10;0
33457;3410;1061;10;14;10;0
33459;3398;1061;10;14;10;0
33461;3386;1061;10;14;10;0
33463;3374;1061;10;14;10;0
33464;3362;1061;10;14;10;0
33465;3350;1061;10;14;10;0
33467;3338;1061;10;14;10;0
33469;3326;1061;10;14;10;0
33470;3314;1061;10;14;10;0
33477;3302;1061;10;14;10;0
33479;3290;1061;10;14;10;0
33480;3278;1061;10;14;10;0
33483;3266;1061;10;14;10;0
33485;3254;1061;10;14;10;0
33486;3242;1061;10;14;10;0
33487;3230;1061;10;14;10;0
33489;3218;1061;10;14;10;0
33490;3206;1061;10;14;10;0
33491;3194;1061;10;14;10;0
33492;3854;1061;10;14;10;0
33493;3998;1061;10;14;10;0
33494;4010;1061;10;14;10;0
33495;4022;1061;10;14;10;0
33496;722;1077;10;14;10;0
33497;710;1077;10;14;10;0
33499;698;1077;10;14;10;0
33500;686;1077;10;14;10;0
33502;674;1077;10;14;10;0
33503;662;1077;10;14;10;0
33505;650;1077;10;14;10;0
33507;638;1077;10;14;10;0
33509;626;1077;10;14;10;0
33510;614;1077;10;14;10;0
33511;602;1077;10;14;10;0
33515;590;1077;10;14;10;0
33519;578;1077;10;14;10;0
33521;566;1077;10;14;10;0
33523;554;1077;10;14;10;0
33524;542;1077;10;14;10;0
33527;530;1077;10;14;10;0
33529;518;1077;10;14;10;0
33530;506;1077;10;14;10;0
33531;734;1077;10;14;10;0
33537;746;1077;10;14;10;0
33538;758;1077;10;14;10;0
33539;770;1077;10;14;10;0
33540;1010;1077;10;14;10;0
33541;998;1077;10;14;10;0
33542;986;1077;10;14;10;0
33545;974;1077;10;14;10;0
33548;962;1077;10;14;10;0
33549;950;1077;10;14;10;0
33550;938;1077;10;14;10;0
33553;926;1077;10;14;10;0
33556;914;1077;10;14;10;0
33557;1022;1077;10;14;10;0
33558;902;1077;10;14;10;0
33559;878;1077;10;14;10;0
33560;866;1077;10;14;10;0
33563;854;1077;10;14;10;0
33564;842;1077;10;14;10;0
33566;830;1077;10;14;10;0
33571;818;1077;10;14;10;0
33575;806;1077;10;14;10;0
33576;794;1077;10;14;10;0
33579;782;1077;10;14;10;0
33580;494;1077;10;14;10;0
33581;890;1077;10;14;10;0
33583;482;1077;10;14;10;0
33585;326;1077;10;14;10;0
33586;158;1077;10;14;10;0
33588;146;1077;10;14;10;0
33589;134;1077;10;14;10;0
33590;122;1077;10;14;10;0
33592;110;1077;10;14;10;0
33593;98;1077;10;14;10;0
33594;86;1077;10;14;10;0
33596;74;1077;10;14;10;0
33600;62;1077;10;14;10;0
33603;50;1077;10;14;10;0
33605;38;1077;10;14;10;0
33606;26;1077;10;14;10;0
33607;14;1077;10;14;10;0
33609;2;1077;10;14;10;0
33610;4082;1061;10;14;10;0
33614;4070;1061;10;14;10;0
33615;4058;1061;10;14;10;0
33616;4046;1061;10;14;10;0
33618;4034;1061;10;14;10;0
33620;170;1077;10;14;10;0
33622;182;1077;10;14;10;0
33623;194;1077;10;14;10;0
33624;206;1077;10;14;10;0
33626;446;1077;10;14;10;0
33627;434;1077;10;14;10;0
33630;422;1077;10;14;10;0
33631;410;1077;10;14;10;0
33632;398;1077;10;14;10;0
33633;386;1077;10;14;10;0
33635;374;1077;10;14;10;0
33636;362;1077;10;14;10;0
33639;350;1077;10;14;10;0
33642;458;1077;10;14;10;0
33643;338;1077;10;14;10;0
33644;314;1077;10;14;10;0
33647;302;1077;10;14;10;0
33650;290;1077;10;14;10;0
33651;278;1077;10;14;10;0
33653;266;1077;10;14;10;0
33655;254;1077;10;14;10;0
33656;242;1077;10;14;10;0
33658;230;1077;10;14;10;0
33659;218;1077;10;14;10;0
33660;914;981;10;14;10;0
33661;902;981;10;14;10;0
33668;890;981;10;14;10;0
33669;3854;965;10;14;10;0
33670;1550;885;10;14;10;0
33671;1538;885;10;14;10;0
33673;1526;885;10;14;10;0
33674;1514;885;10;14;10;0
33678;1502;885;10;14;10;0
33682;1490;885;10;14;10;0
33683;1478;885;10;14;10;0
33685;1466;885;10;14;10;0
33686;1454;885;10;14;10;0
33688;1442;885;10;14;10;0
33690;1430;885;10;14;10;0
33691;1418;885;10;14;10;0
33692;1406;885;10;14;10;0
33694;1394;885;10;14;10;0
33695;1382;885;10;14;10;0
33696;1370;885;10;14;10;0
33698;1358;885;10;14;10;0
33703;1346;885;10;14;10;0
33704;1334;885;10;14;10;0
33705;1562;885;10;14;10;0
33706;1574;885;10;14;10;0
33707;1586;885;10;14;10;0
33713;1598;885;10;14;10;0
33714;1838;885;10;14;10;0
33717;1826;885;10;14;10;0
33719;1814;885;10;14;10;0
33721;1802;885;10;14;10;0
33722;1790;885;10;14;10;0
33725;1778;885;10;14;10;0
33727;1766;885;10;14;10;0
33728;1754;885;10;14;10;0
33729;1742;885;10;14;10;0
33733;1850;885;10;14;10;0
33735;1730;885;10;14;10;0
33736;1706;885;10;14;10;0
33737;1694;885;10;14;10;0
33738;1682;885;10;14;10;0
33740;1670;885;10;14;10;0
33742;1658;885;10;14;10;0
33743;1646;885;10;14;10;0
33745;1634;885;10;14;10;0
33747;1622;885;10;14;10;0
33748;1610;885;10;14;10;0
33750;1322;885;10;14;10;0
33752;1310;885;10;14;10;0
33756;1298;885;10;14;10;0
33759;1022;885;10;14;10;0
33760;998;885;10;14;10;0
33761;986;885;10;14;10;0
33769;974;885;10;14;10;0
33770;962;885;10;14;10;0
33771;950;885;10;14;10;0
33775;938;885;10;14;10;0
33776;926;885;10;14;10;0
33777;914;885;10;14;10;0
33778;902;885;10;14;10;0
33780;890;885;10;14;10;0
33783;878;885;10;14;10;0
33784;866;885;10;14;10;0
33787;854;885;10;14;10;0
33789;842;885;10;14;10;0
33793;830;885;10;14;10;0
33795;818;885;10;14;10;0
33796;806;885;10;14;10;0
33799;794;885;10;14;10;0
33802;782;885;10;14;10;0
33803;1010;885;10;14;10;0
33804;1034;885;10;14;10;0
33805;1286;885;10;14;10;0
33806;1046;885;10;14;10;0
33807;1274;885;10;14;10;0
33811;1262;885;10;14;10;0
33819;1250;885;10;14;10;0
33821;1238;885;10;14;10;0
33824;1226;885;10;14;10;0
33826;1214;885;10;14;10;0
33827;1202;885;10;14;10;0
33828;1190;885;10;14;10;0
33829;1178;885;10;14;10;0
33830;1166;885;10;14;10;0
33831;1154;885;10;14;10;0
33832;1142;885;10;14;10;0
33833;1130;885;10;14;10;0
33834;1118;885;10;14;10;0
33836;1106;885;10;14;10;0
33841;1094;885;10;14;10;0
33845;1082;885;10;14;10;0
33848;1070;885;10;14;10;0
33851;1058;885;10;14;10;0
33852;1718;885;10;14;10;0
33853;1862;885;10;14;10;0
33862;1874;885;10;14;10;0
33863;1886;885;10;14;10;0
33865;2678;885;10;14;10;0
33870;2666;885;10;14;10;0
33874;2654;885;10;14;10;0
33878;2642;885;10;14;10;0
33879;2630;885;10;14;10;0
33881;2618;885;10;14;10;0
33882;2606;885;10;14;10;0
33883;2594;885;10;14;10;0
33889;2582;885;10;14;10;0
33890;2570;885;10;14;10;0
33891;2558;885;10;14;10;0
33894;2546;885;10;14;10;0
33895;2534;885;10;14;10;0
33897;2522;885;10;14;10;0
33899;2510;885;10;14;10;0
33900;2498;885;10;14;10;0
33901;2486;885;10;14;10;0
33902;2474;885;10;14;10;0
33903;2462;885;10;14;10;0
33905;2690;885;10;14;10;0
33907;2702;885;10;14;10;0
33909;2714;885;10;14;10;0
33910;2726;885;10;14;10;0
33911;2966;885;10;14;10;0
33912;2954;885;10;14;10;0
33913;2942;885;10;14;10;0
33914;2930;885;10;14;10;0
33922;2918;885;10;14;10;0
33924;2906;885;10;14;10;0
33931;2894;885;10;14;10;0
33933;2882;885;10;14;10;0
33936;2870;885;10;14;10;0
33938;2978;885;10;14;10;0
33940;2858;885;10;14;10;0
33943;2834;885;10;14;10;0
33945;2822;885;10;14;10;0
33948;2810;885;10;14;10;0
33949;2798;885;10;14;10;0
33950;2786;885;10;14;10;0
33951;2774;885;10;14;10;0
33953;2762;885;10;14;10;0
33960;2750;885;10;14;10;0
33965;2738;885;10;14;10;0
33967;2450;885;10;14;10;0
33970;2846;885;10;14;10;0
33972;2438;885;10;14;10;0
33976;2282;885;10;14;10;0
33977;2114;885;10;14;10;0
33979;2102;885;10;14;10;0
33980;2090;885;10;14;10;0
33982;2078;885;10;14;10;0
33983;2066;885;10;14;10;0
33984;2054;885;10;14;10;0
33985;2042;885;10;14;10;0
33988;2030;885;10;14;10;0
33990;2018;885;10;14;10;0
33991;2006;885;10;14;10;0
33993;1994;885;10;14;10;0
33994;1982;885;10;14;10;0
33995;1970;885;10;14;10;0
33997;1958;885;10;14;10;0
34000;1946;885;10;14;10;0
34001;1934;885;10;14;10;0
34003;1922;885;10;14;10;0
34006;1910;885;10;14;10;0
34009;1898;885;10;14;10;0
34010;2126;885;10;14;10;0
34013;2138;885;10;14;10;0
34015;2150;885;10;14;10;0
34022;2162;885;10;14;10;0
34026;2402;885;10;14;10;0
34028;2390;885;10;14;10;0
34030;2378;885;10;14;10;0
34031;2366;885;10;14;10;0
34032;2354;885;10;14;10;0
34035;2342;885;10;14;10;0
34036;2330;885;10;14;10;0
34039;2318;885;10;14;10;0
34044;2306;885;10;14;10;0
34045;2414;885;10;14;10;0
34047;2294;885;10;14;10;0
34048;2270;885;10;14;10;0
34054;2258;885;10;14;10;0
34065;2246;885;10;14;10;0
34067;2234;885;10;14;10;0
34068;2222;885;10;14;10;0
34069;2210;885;10;14;10;0
34071;2198;885;10;14;10;0
34072;2186;885;10;14;10;0
34074;2174;885;10;14;10;0
34078;770;885;10;14;10;0
34079;2426;885;10;14;10;0
34081;758;885;10;14;10;0
34083;182;885;10;14;10;0
34085;3398;869;10;14;10;0
34086;3386;869;10;14;10;0
34091;3374;869;10;14;10;0
34092;3362;869;10;14;10;0
34093;3350;869;10;14;10;0
34100;3338;869;10;14;10;0
34101;3326;869;10;14;10;0
34103;3314;869;10;14;10;0
34104;3302;869;10;14;10;0
34106;3290;869;10;14;10;0
34107;3278;869;10;14;10;0
34108;3266;869;10;14;10;0
34109;3254;869;10;14;10;0
34112;3242;869;10;14;10;0
34113;3230;869;10;14;10;0
34115;3218;869;10;14;10;0
34120;3206;869;10;14;10;0
34121;3194;869;10;14;10;0
34122;3182;869;10;14;10;0
34123;3410;869;10;14;10;0
34126;3422;869;10;14;10;0
34130;3434;869;10;14;10;0
34133;3446;869;10;14;10;0
34135;3686;869;10;14;10;0
34136;3674;869;10;14;10;0
34137;3662;869;10;14;10;0
34138;3650;869;10;14;10;0
34142;3638;869;10;14;10;0
34147;3626;869;10;14;10;0
34148;3614;869;10;14;10;0
34152;3602;869;10;14;10;0
34153;3590;869;10;14;10;0
34154;3698;869;10;14;10;0
34157;3578;869;10;14;10;0
34162;3554;869;10;14;10;0
34164;3542;869;10;14;10;0
34167;3530;869;10;14;10;0
34169;3518;869;10;14;10;0
34174;3506;869;10;14;10;0
34176;3494;869;10;14;10;0
34177;3482;869;10;14;10;0
34180;3470;869;10;14;10;0
34181;3458;869;10;14;10;0
34183;3170;869;10;14;10;0
34184;3158;869;10;14;10;0
34186;3146;869;10;14;10;0
34188;2870;869;10;14;10;0
34191;2846;869;10;14;10;0
34192;2834;869;10;14;10;0
34193;2822;869;10;14;10;0
34196;2810;869;10;14;10;0
34199;2798;869;10;14;10;0
34201;2786;869;10;14;10;0
34203;2774;869;10;14;10;0
34204;2762;869;10;14;10;0
34212;2750;869;10;14;10;0
34214;2738;869;10;14;10;0
34216;2726;869;10;14;10;0
34217;2714;869;10;14;10;0
34218;2702;869;10;14;10;0
34219;2690;869;10;14;10;0
34220;2678;869;10;14;10;0
34222;2666;869;10;14;10;0
34223;2654;869;10;14;10;0
34224;2642;869;10;14;10;0
34228;2630;869;10;14;10;0
34230;2858;869;10;14;10;0
34232;2882;869;10;14;10;0
34233;3134;869;10;14;10;0
34234;2894;869;10;14;10;0
34238;3122;869;10;14;10;0
34241;3110;869;10;14;10;0
34249;3098;869;10;14;10;0
34253;3086;869;10;14;10;0
34255;3074;869;10;14;10;0
34256;3062;869;10;14;10;0
34259;3050;869;10;14;10;0
34261;3038;869;10;14;10;0
34268;3026;869;10;14;10;0
34269;3014;869;10;14;10;0
34276;3002;869;10;14;10;0
34277;2990;869;10;14;10;0
34278;2978;869;10;14;10;0
34280;2966;869;10;14;10;0
34281;2954;869;10;14;10;0
34282;2942;869;10;14;10;0
34292;2930;869;10;14;10;0
34295;2918;869;10;14;10;0
34297;2906;869;10;14;10;0
34298;3566;869;10;14;10;0
34299;3710;869;10;14;10;0
34302;3722;869;10;14;10;0
34303;3734;869;10;14;10;0
34306;434;885;10;14;10;0
34308;422;885;10;14;10;0
34309;410;885;10;14;10;0
34310;398;885;10;14;10;0
34311;386;885;10;14;10;0
34314;374;885;10;14;10;0
34315;362;885;10;14;10;0
34321;350;885;10;14;10;0
34323;338;885;10;14;10;0
34326;326;885;10;14;10;0
34327;314;885;10;14;10;0
34330;302;885;10;14;10;0
34334;290;885;10;14;10;0
34337;278;885;10;14;10;0
34338;266;885;10;14;10;0
34342;254;885;10;14;10;0
34347;242;885;10;14;10;0
34349;230;885;10;14;10;0
34351;218;885;10;14;10;0
34352;446;885;10;14;10;0
34360;458;885;10;14;10;0
34365;470;885;10;14;10;0
34367;482;885;10;14;10;0
34374;722;885;10;14;10;0
34378;710;885;10;14;10;0
34381;698;885;10;14;10;0
34382;686;885;10;14;10;0
34383;674;885;10;14;10;0
34384;662;885;10;14;10;0
34385;650;885;10;14;10;0
34388;638;885;10;14;10;0
34389;626;885;10;14;10;0
34394;734;885;10;14;10;0
34395;614;885;10;14;10;0
34396;590;885;10;14;10;0
34398;578;885;10;14;10;0
34399;566;885;10;14;10;0
34402;554;885;10;14;10;0
34407;542;885;10;14;10;0
34411;530;885;10;14;10;0
34412;518;885;10;14;10;0
34415;506;885;10;14;10;0
34417;494;885;10;14;10;0
34425;206;885;10;14;10;0
34426;602;885;10;14;10;0
34427;194;885;10;14;10;0
34429;38;885;10;14;10;0
34430;3962;869;10;14;10;0
34432;3950;869;10;14;10;0
34433;3938;869;10;14;10;0
34434;3926;869;10;14;10;0
34442;3914;869;10;14;10;0
34443;3902;869;10;14;10;0
34444;3890;869;10;14;10;0
34451;3878;869;10;14;10;0
34453;3866;869;10;14;10;0
34457;3854;869;10;14;10;0
34460;3842;869;10;14;10;0
34467;3830;869;10;14;10;0
34468;3818;869;10;14;10;0
34471;3806;869;10;14;10;0
34473;3794;869;10;14;10;0
34474;3782;869;10;14;10;0
34475;3770;869;10;14;10;0
34479;3758;869;10;14;10;0
34480;3746;869;10;14;10;0
34481;3974;869;10;14;10;0
34484;3986;869;10;14;10;0
34485;3998;869;10;14;10;0
34486;4010;869;10;14;10;0
34490;158;885;10;14;10;0
34496;146;885;10;14;10;0
34500;134;885;10;14;10;0
34502;122;885;10;14;10;0
34503;110;885;10;14;10;0
34505;98;885;10;14;10;0
34506;86;885;10;14;10;0
34507;74;885;10;14;10;0
34509;62;885;10;14;10;0
34510;170;885;10;14;10;0
34512;50;885;10;14;10;0
34516;26;885;10;14;10;0
34520;14;885;10;14;10;0
34521;2;885;10;14;10;0
34523;4082;869;10;14;10;0
34526;4070;869;10;14;10;0
34527;4058;869;10;14;10;0
34532;4046;869;10;14;10;0
34537;4034;869;10;14;10;0
34540;4022;869;10;14;10;0
34541;746;885;10;14;10;0
34542;3002;885;10;14;10;0
34543;1142;901;10;14;10;0
34544;3014;885;10;14;10;0
34552;1946;901;10;14;10;0
34553;1934;901;10;14;10;0
34554;1922;901;10;14;10;0
34555;1910;901;10;14;10;0
34558;1898;901;10;14;10;0
34560;1886;901;10;14;10;0
34562;1874;901;10;14;10;0
34563;1862;901;10;14;10;0
34566;1850;901;10;14;10;0
34567;1838;901;10;14;10;0
34568;1826;901;10;14;10;0
34569;1814;901;10;14;10;0
34570;1802;901;10;14;10;0
34571;1790;901;10;14;10;0
34573;1778;901;10;14;10;0
34577;1766;901;10;14;10;0
34578;1754;901;10;14;10;0
34579;1742;901;10;14;10;0
34581;1730;901;10;14;10;0
34583;1958;901;10;14;10;0
34584;1970;901;10;14;10;0
34586;1982;901;10;14;10;0
34588;1994;901;10;14;10;0
34590;2234;901;10;14;10;0
34593;2222;901;10;14;10;0
34594;2210;901;10;14;10;0
34595;2198;901;10;14;10;0
34597;2186;901;10;14;10;0
34601;2174;901;10;14;10;0
34606;2162;901;10;14;10;0
34609;2150;901;10;14;10;0
34612;2138;901;10;14;10;0
34615;2246;901;10;14;10;0
34619;2126;901;10;14;10;0
34622;2102;901;10;14;10;0
34623;2090;901;10;14;10;0
34631;2078;901;10;14;10;0
34632;2066;901;10;14;10;0
34633;2054;901;10;14;10;0
34635;2042;901;10;14;10;0
34636;2030;901;10;14;10;0
34638;2018;901;10;14;10;0
34643;2006;901;10;14;10;0
34645;1718;901;10;14;10;0
34647;1706;901;10;14;10;0
34649;1694;901;10;14;10;0
34655;1418;901;10;14;10;0
34656;1394;901;10;14;10;0
34659;1382;901;10;14;10;0
34660;1370;901;10;14;10;0
34662;1358;901;10;14;10;0
34664;1346;901;10;14;10;0
34666;1334;901;10;14;10;0
34670;1322;901;10;14;10;0
34672;1310;901;10;14;10;0
34676;1298;901;10;14;10;0
34678;1286;901;10;14;10;0
34680;1274;901;10;14;10;0
34681;1262;901;10;14;10;0
34683;1250;901;10;14;10;0
34684;1238;901;10;14;10;0
34685;1226;901;10;14;10;0
34686;1214;901;10;14;10;0
34687;1202;901;10;14;10;0
34690;1190;901;10;14;10;0
34691;1178;901;10;14;10;0
34692;1406;901;10;14;10;0
34693;1430;901;10;14;10;0
34694;1682;901;10;14;10;0
34696;1442;901;10;14;10;0
34701;1670;901;10;14;10;0
34702;1658;901;10;14;10;0
34707;1646;901;10;14;10;0
34711;1634;901;10;14;10;0
34718;1622;901;10;14;10;0
34719;1610;901;10;14;10;0
34722;1598;901;10;14;10;0
34723;1586;901;10;14;10;0
34728;1574;901;10;14;10;0
34731;1562;901;10;14;10;0
34733;1550;901;10;14;10;0
34735;1538;901;10;14;10;0
34739;1526;901;10;14;10;0
34746;1514;901;10;14;10;0
34747;1502;901;10;14;10;0
34749;1490;901;10;14;10;0
34752;1478;901;10;14;10;0
34756;1466;901;10;14;10;0
34758;1454;901;10;14;10;0
34759;2114;901;10;14;10;0
34760;2258;901;10;14;10;0
34762;2270;901;10;14;10;0
34763;2282;901;10;14;10;0
34766;3074;901;10;14;10;0
34768;3062;901;10;14;10;0
34769;3050;901;10;14;10;0
34770;3038;901;10;14;10;0
34779;3026;901;10;14;10;0
34784;3014;901;10;14;10;0
34791;3002;901;10;14;10;0
34794;2990;901;10;14;10;0
34796;2978;901;10;14;10;0
34799;2966;901;10;14;10;0
34802;2954;901;10;14;10;0
34803;2942;901;10;14;10;0
34806;2930;901;10;14;10;0
34807;2918;901;10;14;10;0
34809;2906;901;10;14;10;0
34811;2894;901;10;14;10;0
34814;2882;901;10;14;10;0
34819;2870;901;10;14;10;0
34820;2858;901;10;14;10;0
34821;3086;901;10;14;10;0
34827;3098;901;10;14;10;0
34829;3110;901;10;14;10;0
34830;3122;901;10;14;10;0
34831;3362;901;10;14;10;0
34833;3350;901;10;14;10;0
34836;3338;901;10;14;10;0
34837;3326;901;10;14;10;0
34838;3314;901;10;14;10;0
34847;3302;901;10;14;10;0
34849;3290;901;10;14;10;0
34850;3278;901;10;14;10;0
34851;3266;901;10;14;10;0
34855;3374;901;10;14;10;0
34865;3254;901;10;14;10;0
34866;3230;901;10;14;10;0
34869;3218;901;10;14;10;0
34870;3206;901;10;14;10;0
34873;3194;901;10;14;10;0
34875;3182;901;10;14;10;0
34876;3170;901;10;14;10;0
34880;3158;901;10;14;10;0
34882;3146;901;10;14;10;0
34884;3134;901;10;14;10;0
34885;2846;901;10;14;10;0
34886;3242;901;10;14;10;0
34890;2834;901;10;14;10;0
34892;2678;901;10;14;10;0
34893;2510;901;10;14;10;0
34898;2498;901;10;14;10;0
34899;2486;901;10;14;10;0
34900;2474;901;10;14;10;0
34901;2462;901;10;14;10;0
34902;2450;901;10;14;10;0
34903;2438;901;10;14;10;0
34905;2426;901;10;14;10;0
34906;2414;901;10;14;10;0
34907;2402;901;10;14;10;0
34909;2390;901;10;14;10;0
34910;2378;901;10;14;10;0
34913;2366;901;10;14;10;0
34914;2354;901;10;14;10;0
34915;2342;901;10;14;10;0
34917;2330;901;10;14;10;0
34920;2318;901;10;14;10;0
34921;2306;901;10;14;10;0
34923;2294;901;10;14;10;0
34924;2522;901;10;14;10;0
34928;2534;901;10;14;10;0
34930;2546;901;10;14;10;0
34933;2558;901;10;14;10;0
34935;2798;901;10;14;10;0
34937;2786;901;10;14;10;0
34941;2774;901;10;14;10;0
34942;2762;901;10;14;10;0
34943;2750;901;10;14;10;0
34945;2738;901;10;14;10;0
34946;2726;901;10;14;10;0
34948;2714;901;10;14;10;0
34949;2702;901;10;14;10;0
34952;2810;901;10;14;10;0
34955;2690;901;10;14;10;0
34957;2666;901;10;14;10;0
34962;2654;901;10;14;10;0
34963;2642;901;10;14;10;0
34966;2630;901;10;14;10;0
34967;2618;901;10;14;10;0
34969;2606;901;10;14;10;0
34972;2594;901;10;14;10;0
34974;2582;901;10;14;10;0
34978;2570;901;10;14;10;0
34980;1166;901;10;14;10;0
34986;2822;901;10;14;10;0
34987;1154;901;10;14;10;0
34989;578;901;10;14;10;0
34990;3794;885;10;14;10;0
34992;3782;885;10;14;10;0
34993;3770;885;10;14;10;0
34996;3758;885;10;14;10;0
34997;3746;885;10;14;10;0
34999;3734;885;10;14;10;0
35007;3722;885;10;14;10;0
35009;3710;885;10;14;10;0
35010;3698;885;10;14;10;0
35011;3686;885;10;14;10;0
35012;3674;885;10;14;10;0
35013;3662;885;10;14;10;0
35014;3650;885;10;14;10;0
35015;3638;885;10;14;10;0
35018;3626;885;10;14;10;0
35022;3614;885;10;14;10;0
35023;3602;885;10;14;10;0
35026;3590;885;10;14;10;0
35028;3578;885;10;14;10;0
35029;3806;885;10;14;10;0
35032;3818;885;10;14;10;0
35033;3830;885;10;14;10;0
35036;3842;885;10;14;10;0
35037;4082;885;10;14;10;0
35039;4070;885;10;14;10;0
35041;4058;885;10;14;10;0
35042;4046;885;10;14;10;0
35044;4034;885;10;14;10;0
35045;4022;885;10;14;10;0
35048;4010;885;10;14;10;0
35055;3998;885;10;14;10;0
35056;3986;885;10;14;10;0
35057;2;901;10;14;10;0
35058;3974;885;10;14;10;0
35059;3950;885;10;14;10;0
35060;3938;885;10;14;10;0
35064;3926;885;10;14;10;0
35065;3914;885;10;14;10;0
35068;3902;885;10;14;10;0
35069;3890;885;10;14;10;0
35070;3878;885;10;14;10;0
35072;3866;885;10;14;10;0
35074;3854;885;10;14;10;0
35076;3566;885;10;14;10;0
35079;3554;885;10;14;10;0
35082;3542;885;10;14;10;0
35084;3266;885;10;14;10;0
35088;3242;885;10;14;10;0
35090;3230;885;10;14;10;0
35091;3218;885;10;14;10;0
35092;3206;885;10;14;10;0
35093;3194;885;10;14;10;0
35096;3182;885;10;14;10;0
35097;3170;885;10;14;10;0
35098;3158;885;10;14;10;0
35101;3146;885;10;14;10;0
35102;3134;885;10;14;10;0
35103;3122;885;10;14;10;0
35105;3110;885;10;14;10;0
35109;3098;885;10;14;10;0
35114;3086;885;10;14;10;0
35115;3074;885;10;14;10;0
35122;3062;885;10;14;10;0
35124;3050;885;10;14;10;0
35125;3038;885;10;14;10;0
35126;3026;885;10;14;10;0
35128;3254;885;10;14;10;0
35131;3278;885;10;14;10;0
35133;3530;885;10;14;10;0
35137;3290;885;10;14;10;0
35139;3518;885;10;14;10;0
35140;3506;885;10;14;10;0
35148;3494;885;10;14;10;0
35149;3482;885;10;14;10;0
35158;3470;885;10;14;10;0
35166;3458;885;10;14;10;0
35167;3446;885;10;14;10;0
35168;3434;885;10;14;10;0
35172;3422;885;10;14;10;0
35174;3410;885;10;14;10;0
35178;3398;885;10;14;10;0
35180;3386;885;10;14;10;0
35181;3374;885;10;14;10;0
35183;3362;885;10;14;10;0
35186;3350;885;10;14;10;0
35188;3338;885;10;14;10;0
35191;3326;885;10;14;10;0
35198;3314;885;10;14;10;0
35199;3302;885;10;14;10;0
35201;3962;885;10;14;10;0
35203;14;901;10;14;10;0
35205;26;901;10;14;10;0
35206;38;901;10;14;10;0
35207;830;901;10;14;10;0
35208;818;901;10;14;10;0
35210;806;901;10;14;10;0
35211;794;901;10;14;10;0
35215;782;901;10;14;10;0
35219;770;901;10;14;10;0
35222;758;901;10;14;10;0
35223;746;901;10;14;10;0
35224;734;901;10;14;10;0
35226;722;901;10;14;10;0
35228;710;901;10;14;10;0
35233;698;901;10;14;10;0
35236;686;901;10;14;10;0
35238;674;901;10;14;10;0
35239;662;901;10;14;10;0
35241;650;901;10;14;10;0
35242;638;901;10;14;10;0
35244;626;901;10;14;10;0
35247;614;901;10;14;10;0
35250;842;901;10;14;10;0
35251;854;901;10;14;10;0
35255;866;901;10;14;10;0
35258;878;901;10;14;10;0
35261;1118;901;10;14;10;0
35263;1106;901;10;14;10;0
35264;1094;901;10;14;10;0
35265;1082;901;10;14;10;0
35266;1070;901;10;14;10;0
35268;1058;901;10;14;10;0
35269;1046;901;10;14;10;0
35270;1034;901;10;14;10;0
35272;1022;901;10;14;10;0
35273;1130;901;10;14;10;0
35274;1010;901;10;14;10;0
35276;986;901;10;14;10;0
35278;974;901;10;14;10;0
35281;962;901;10;14;10;0
35282;950;901;10;14;10;0
35284;938;901;10;14;10;0
35290;926;901;10;14;10;0
35292;914;901;10;14;10;0
35293;902;901;10;14;10;0
35299;890;901;10;14;10;0
35301;602;901;10;14;10;0
35302;998;901;10;14;10;0
35303;590;901;10;14;10;0
35309;434;901;10;14;10;0
35316;266;901;10;14;10;0
35320;254;901;10;14;10;0
35324;242;901;10;14;10;0
35328;230;901;10;14;10;0
35329;218;901;10;14;10;0
35330;206;901;10;14;10;0
35331;194;901;10;14;10;0
35335;182;901;10;14;10;0
35336;170;901;10;14;10;0
35337;158;901;10;14;10;0
35338;146;901;10;14;10;0
35340;134;901;10;14;10;0
35342;122;901;10;14;10;0
35343;110;901;10;14;10;0
35344;98;901;10;14;10;0
35345;86;901;10;14;10;0
35347;74;901;10;14;10;0
35349;62;901;10;14;10;0
35350;50;901;10;14;10;0
35351;278;901;10;14;10;0
35352;290;901;10;14;10;0
35355;302;901;10;14;10;0
35357;314;901;10;14;10;0
35359;554;901;10;14;10;0
35362;542;901;10;14;10;0
35363;530;901;10;14;10;0
35365;518;901;10;14;10;0
35367;506;901;10;14;10;0
35370;494;901;10;14;10;0
35373;482;901;10;14;10;0
35377;470;901;10;14;10;0
35379;458;901;10;14;10;0
35380;566;901;10;14;10;0
35382;446;901;10;14;10;0
35386;422;901;10;14;10;0
35387;410;901;10;14;10;0
35388;398;901;10;14;10;0
35389;386;901;10;14;10;0
35390;374;901;10;14;10;0
35393;362;901;10;14;10;0
35398;350;901;10;14;10;0
35400;338;901;10;14;10;0
35406;326;901;10;14;10;0
35408;2618;869;10;14;10;0
35409;2990;885;10;14;10;0
35410;2606;869;10;14;10;0
35412;2198;853;10;14;10;0
35413;758;853;10;14;10;0
35414;746;853;10;14;10;0
35416;734;853;10;14;10;0
35419;722;853;10;14;10;0
35421;710;853;10;14;10;0
35422;698;853;10;14;10;0
35424;686;853;10;14;10;0
35425;674;853;10;14;10;0
35426;662;853;10;14;10;0
35427;650;853;10;14;10;0
35430;638;853;10;14;10;0
35432;626;853;10;14;10;0
35433;614;853;10;14;10;0
35435;602;853;10;14;10;0
35436;590;853;10;14;10;0
35437;578;853;10;14;10;0
35438;566;853;10;14;10;0
35440;554;853;10;14;10;0
35441;542;853;10;14;10;0
35442;770;853;10;14;10;0
35443;782;853;10;14;10;0
35449;794;853;10;14;10;0
35451;806;853;10;14;10;0
35452;1046;853;10;14;10;0
35458;1034;853;10;14;10;0
35460;1022;853;10;14;10;0
35461;1010;853;10;14;10;0
35462;998;853;10;14;10;0
35463;986;853;10;14;10;0
35465;974;853;10;14;10;0
35466;962;853;10;14;10;0
35468;950;853;10;14;10;0
35469;1058;853;10;14;10;0
35473;938;853;10;14;10;0
35474;914;853;10;14;10;0
35475;902;853;10;14;10;0
35476;890;853;10;14;10;0
35477;878;853;10;14;10;0
35480;866;853;10;14;10;0
35482;854;853;10;14;10;0
35486;842;853;10;14;10;0
35488;830;853;10;14;10;0
35489;818;853;10;14;10;0
35491;530;853;10;14;10;0
35492;518;853;10;14;10;0
35493;506;853;10;14;10;0
35494;230;853;10;14;10;0
35495;206;853;10;14;10;0
35496;194;853;10;14;10;0
35498;182;853;10;14;10;0
35500;170;853;10;14;10;0
35501;158;853;10;14;10;0
35504;146;853;10;14;10;0
35506;134;853;10;14;10;0
35510;122;853;10;14;10;0
35513;110;853;10;14;10;0
35516;98;853;10;14;10;0
35519;86;853;10;14;10;0
35522;74;853;10;14;10;0
35524;62;853;10;14;10;0
35526;50;853;10;14;10;0
35527;38;853;10;14;10;0
35529;26;853;10;14;10;0
35531;14;853;10;14;10;0
35532;2;853;10;14;10;0
35533;4082;837;10;14;10;0
35535;218;853;10;14;10;0
35538;242;853;10;14;10;0
35542;494;853;10;14;10;0
35543;254;853;10;14;10;0
35546;482;853;10;14;10;0
35547;470;853;10;14;10;0
35548;458;853;10;14;10;0
35550;446;853;10;14;10;0
35552;434;853;10;14;10;0
35553;422;853;10;14;10;0
35554;410;853;10;14;10;0
35556;398;853;10;14;10;0
35558;386;853;10;14;10;0
35559;374;853;10;14;10;0
35562;362;853;10;14;10;0
35563;350;853;10;14;10;0
35565;338;853;10;14;10;0
35566;326;853;10;14;10;0
35569;314;853;10;14;10;0
35571;302;853;10;14;10;0
35572;290;853;10;14;10;0
35574;278;853;10;14;10;0
35575;266;853;10;14;10;0
35576;926;853;10;14;10;0
35578;1070;853;10;14;10;0
35580;1082;853;10;14;10;0
35582;1094;853;10;14;10;0
35584;1886;853;10;14;10;0
35585;1874;853;10;14;10;0
35586;1862;853;10;14;10;0
35588;1850;853;10;14;10;0
35589;1838;853;10;14;10;0
35591;1826;853;10;14;10;0
35594;1814;853;10;14;10;0
35596;1802;853;10;14;10;0
35598;1790;853;10;14;10;0
35600;1778;853;10;14;10;0
35604;1766;853;10;14;10;0
35606;1754;853;10;14;10;0
35607;1742;853;10;14;10;0
35609;1730;853;10;14;10;0
35610;1718;853;10;14;10;0
35611;1706;853;10;14;10;0
35613;1694;853;10;14;10;0
35616;1682;853;10;14;10;0
35617;1670;853;10;14;10;0
35618;1898;853;10;14;10;0
35622;1910;853;10;14;10;0
35624;1922;853;10;14;10;0
35627;1934;853;10;14;10;0
35628;2174;853;10;14;10;0
35630;2162;853;10;14;10;0
35635;2150;853;10;14;10;0
35641;2138;853;10;14;10;0
35646;2126;853;10;14;10;0
35649;2114;853;10;14;10;0
35654;2102;853;10;14;10;0
35657;2090;853;10;14;10;0
35658;2078;853;10;14;10;0
35660;2186;853;10;14;10;0
35662;2066;853;10;14;10;0
35663;2042;853;10;14;10;0
35670;2030;853;10;14;10;0
35672;2018;853;10;14;10;0
35673;2006;853;10;14;10;0
35674;1994;853;10;14;10;0
35675;1982;853;10;14;10;0
35676;1970;853;10;14;10;0
35679;1958;853;10;14;10;0
35680;1946;853;10;14;10;0
35686;1658;853;10;14;10;0
35690;2054;853;10;14;10;0
35691;1646;853;10;14;10;0
35692;1490;853;10;14;10;0
35693;1322;853;10;14;10;0
35695;1310;853;10;14;10;0
35696;1298;853;10;14;10;0
35697;1286;853;10;14;10;0
35698;1274;853;10;14;10;0
35700;1262;853;10;14;10;0
35703;1250;853;10;14;10;0
35709;1238;853;10;14;10;0
35711;1226;853;10;14;10;0
35712;1214;853;10;14;10;0
35715;1202;853;10;14;10;0
35722;1190;853;10;14;10;0
35724;1178;853;10;14;10;0
35726;1166;853;10;14;10;0
35728;1154;853;10;14;10;0
35730;1142;853;10;14;10;0
35731;1130;853;10;14;10;0
35733;1118;853;10;14;10;0
35734;1106;853;10;14;10;0
35737;1334;853;10;14;10;0
35738;1346;853;10;14;10;0
35740;1358;853;10;14;10;0
35742;1370;853;10;14;10;0
35744;1610;853;10;14;10;0
35745;1598;853;10;14;10;0
35746;1586;853;10;14;10;0
35747;1574;853;10;14;10;0
35748;1562;853;10;14;10;0
35749;1550;853;10;14;10;0
35751;1538;853;10;14;10;0
35752;1526;853;10;14;10;0
35753;1514;853;10;14;10;0
35754;1622;853;10;14;10;0
35755;1502;853;10;14;10;0
35757;1478;853;10;14;10;0
35758;1466;853;10;14;10;0
35759;1454;853;10;14;10;0
35760;1442;853;10;14;10;0
35762;1430;853;10;14;10;0
35763;1418;853;10;14;10;0
35766;1406;853;10;14;10;0
35768;1394;853;10;14;10;0
35769;1382;853;10;14;10;0
35770;4070;837;10;14;10;0
35772;1634;853;10;14;10;0
35773;4058;837;10;14;10;0
35774;3482;837;10;14;10;0
35775;2606;837;10;14;10;0
35776;2594;837;10;14;10;0
35777;2582;837;10;14;10;0
35779;2570;837;10;14;10;0
35780;2558;837;10;14;10;0
35781;2546;837;10;14;10;0
35782;2534;837;10;14;10;0
35784;2522;837;10;14;10;0
35785;2510;837;10;14;10;0
35786;2498;837;10;14;10;0
35787;2486;837;10;14;10;0
35788;2474;837;10;14;10;0
35789;2462;837;10;14;10;0
35791;2450;837;10;14;10;0
35793;2438;837;10;14;10;0
35795;2426;837;10;14;10;0
35797;2414;837;10;14;10;0
35799;2402;837;10;14;10;0
35800;2390;837;10;14;10;0
35801;2618;837;10;14;10;0
35802;2630;837;10;14;10;0
35803;2642;837;10;14;10;0
35805;2654;837;10;14;10;0
35806;2894;837;10;14;10;0
35807;2882;837;10;14;10;0
35808;2870;837;10;14;10;0
35809;2858;837;10;14;10;0
35810;2846;837;10;14;10;0
35811;2834;837;10;14;10;0
35812;2822;837;10;14;10;0
35813;2810;837;10;14;10;0
35814;2798;837;10;14;10;0
35815;2906;837;10;14;10;0
35819;2786;837;10;14;10;0
35820;2762;837;10;14;10;0
35821;2750;837;10;14;10;0
35822;2738;837;10;14;10;0
35823;2726;837;10;14;10;0
35824;2714;837;10;14;10;0
35825;2702;837;10;14;10;0
35826;2690;837;10;14;10;0
35827;2678;837;10;14;10;0
35828;2666;837;10;14;10;0
35829;2378;837;10;14;10;0
35830;2366;837;10;14;10;0
35831;2354;837;10;14;10;0
35832;2078;837;10;14;10;0
35834;2054;837;10;14;10;0
35835;2042;837;10;14;10;0
35836;2030;837;10;14;10;0
35837;2018;837;10;14;10;0
35838;2006;837;10;14;10;0
35839;1994;837;10;14;10;0
35840;1982;837;10;14;10;0
35841;1970;837;10;14;10;0
35842;1958;837;10;14;10;0
35843;1946;837;10;14;10;0
35844;1934;837;10;14;10;0
35845;1922;837;10;14;10;0
35846;1910;837;10;14;10;0
35848;1898;837;10;14;10;0
35850;1886;837;10;14;10;0
35851;1874;837;10;14;10;0
35853;1862;837;10;14;10;0
35854;1850;837;10;14;10;0
35855;1838;837;10;14;10;0
35856;2066;837;10;14;10;0
35857;2090;837;10;14;10;0
35858;2342;837;10;14;10;0
35859;2102;837;10;14;10;0
35860;2330;837;10;14;10;0
35861;2318;837;10;14;10;0
35863;2306;837;10;14;10;0
35866;2294;837;10;14;10;0
35868;2282;837;10;14;10;0
35872;2270;837;10;14;10;0
35873;2258;837;10;14;10;0
35874;2246;837;10;14;10;0
35875;2234;837;10;14;10;0
35876;2222;837;10;14;10;0
35878;2210;837;10;14;10;0
35879;2198;837;10;14;10;0
35880;2186;837;10;14;10;0
35881;2174;837;10;14;10;0
35884;2162;837;10;14;10;0
35885;2150;837;10;14;10;0
35888;2138;837;10;14;10;0
35889;2126;837;10;14;10;0
35890;2114;837;10;14;10;0
35892;2774;837;10;14;10;0
35894;2918;837;10;14;10;0
35895;2930;837;10;14;10;0
35896;2942;837;10;14;10;0
35898;3734;837;10;14;10;0
35903;3722;837;10;14;10;0
35905;3710;837;10;14;10;0
35910;3698;837;10;14;10;0
35912;3686;837;10;14;10;0
35913;3674;837;10;14;10;0
35914;3662;837;10;14;10;0
35915;3650;837;10;14;10;0
35916;3638;837;10;14;10;0
35918;3626;837;10;14;10;0
35920;3614;837;10;14;10;0
35924;3602;837;10;14;10;0
35925;3590;837;10;14;10;0
35930;3578;837;10;14;10;0
35937;3566;837;10;14;10;0
35938;3554;837;10;14;10;0
35946;3542;837;10;14;10;0
35947;3530;837;10;14;10;0
35948;3518;837;10;14;10;0
35949;3746;837;10;14;10;0
35955;3758;837;10;14;10;0
35960;3770;837;10;14;10;0
35961;3782;837;10;14;10;0
35962;4022;837;10;14;10;0
35964;4010;837;10;14;10;0
35970;3998;837;10;14;10;0
35973;3986;837;10;14;10;0
35977;3974;837;10;14;10;0
35978;3962;837;10;14;10;0
35980;3950;837;10;14;10;0
35981;3938;837;10;14;10;0
35982;3926;837;10;14;10;0
35987;4034;837;10;14;10;0
35988;3914;837;10;14;10;0
35992;3890;837;10;14;10;0
35997;3878;837;10;14;10;0
35998;3866;837;10;14;10;0
36000;3854;837;10;14;10;0
36001;3842;837;10;14;10;0
36002;3830;837;10;14;10;0
36003;3818;837;10;14;10;0
36007;3806;837;10;14;10;0
36008;3794;837;10;14;10;0
36009;3506;837;10;14;10;0
36010;3902;837;10;14;10;0
36011;3494;837;10;14;10;0
36012;3338;837;10;14;10;0
36013;3170;837;10;14;10;0
36014;3158;837;10;14;10;0
36015;3146;837;10;14;10;0
36016;3134;837;10;14;10;0
36018;3122;837;10;14;10;0
36019;3110;837;10;14;10;0
36020;3098;837;10;14;10;0
36022;3086;837;10;14;10;0
36023;3074;837;10;14;10;0
36024;3062;837;10;14;10;0
36027;3050;837;10;14;10;0
36028;3038;837;10;14;10;0
36029;3026;837;10;14;10;0
36031;3014;837;10;14;10;0
36032;3002;837;10;14;10;0
36033;2990;837;10;14;10;0
36034;2978;837;10;14;10;0
36035;2966;837;10;14;10;0
36036;2954;837;10;14;10;0
36037;3182;837;10;14;10;0
36039;3194;837;10;14;10;0
36040;3206;837;10;14;10;0
36042;3218;837;10;14;10;0
36045;3458;837;10;14;10;0
36046;3446;837;10;14;10;0
36049;3434;837;10;14;10;0
36050;3422;837;10;14;10;0
36051;3410;837;10;14;10;0
36058;3398;837;10;14;10;0
36059;3386;837;10;14;10;0
36060;3374;837;10;14;10;0
36062;3362;837;10;14;10;0
36064;3470;837;10;14;10;0
36065;3350;837;10;14;10;0
36066;3326;837;10;14;10;0
36067;3314;837;10;14;10;0
36068;3302;837;10;14;10;0
36070;3290;837;10;14;10;0
36074;3278;837;10;14;10;0
36076;3266;837;10;14;10;0
36077;3254;837;10;14;10;0
36084;3242;837;10;14;10;0
36088;3230;837;10;14;10;0
36090;4046;837;10;14;10;0
36091;2210;853;10;14;10;0
36092;350;869;10;14;10;0
36093;2222;853;10;14;10;0
36100;1154;869;10;14;10;0
36101;1142;869;10;14;10;0
36103;1130;869;10;14;10;0
36104;1118;869;10;14;10;0
36106;1106;869;10;14;10;0
36107;1094;869;10;14;10;0
36109;1082;869;10;14;10;0
36111;1070;869;10;14;10;0
36112;1058;869;10;14;10;0
36113;1046;869;10;14;10;0
36115;1034;869;10;14;10;0
36116;1022;869;10;14;10;0
36118;1010;869;10;14;10;0
36119;998;869;10;14;10;0
36123;986;869;10;14;10;0
36124;974;869;10;14;10;0
36125;962;869;10;14;10;0
36126;950;869;10;14;10;0
36127;938;869;10;14;10;0
36129;1166;869;10;14;10;0
36130;1178;869;10;14;10;0
36131;1190;869;10;14;10;0
36132;1202;869;10;14;10;0
36133;1442;869;10;14;10;0
36134;1430;869;10;14;10;0
36135;1418;869;10;14;10;0
36136;1406;869;10;14;10;0
36137;1394;869;10;14;10;0
36138;1382;869;10;14;10;0
36139;1370;869;10;14;10;0
36140;1358;869;10;14;10;0
36141;1346;869;10;14;10;0
36142;1454;869;10;14;10;0
36143;1334;869;10;14;10;0
36144;1310;869;10;14;10;0
36145;1298;869;10;14;10;0
36148;1286;869;10;14;10;0
36149;1274;869;10;14;10;0
36151;1262;869;10;14;10;0
36152;1250;869;10;14;10;0
36153;1238;869;10;14;10;0
36154;1226;869;10;14;10;0
36155;1214;869;10;14;10;0
36156;926;869;10;14;10;0
36158;914;869;10;14;10;0
36159;902;869;10;14;10;0
36161;626;869;10;14;10;0
36162;602;869;10;14;10;0
36163;590;869;10;14;10;0
36164;578;869;10;14;10;0
36170;566;869;10;14;10;0
36171;554;869;10;14;10;0
36172;542;869;10;14;10;0
36174;530;869;10;14;10;0
36175;518;869;10;14;10;0
36176;506;869;10;14;10;0
36180;494;869;10;14;10;0
36182;482;869;10;14;10;0
36184;470;869;10;14;10;0
36186;458;869;10;14;10;0
36187;446;869;10;14;10;0
36188;434;869;10;14;10;0
36189;422;869;10;14;10;0
36190;410;869;10;14;10;0
36192;398;869;10;14;10;0
36193;386;869;10;14;10;0
36194;614;869;10;14;10;0
36195;638;869;10;14;10;0
36196;890;869;10;14;10;0
36198;650;869;10;14;10;0
36199;878;869;10;14;10;0
36203;866;869;10;14;10;0
36205;854;869;10;14;10;0
36208;842;869;10;14;10;0
36209;830;869;10;14;10;0
36211;818;869;10;14;10;0
36212;806;869;10;14;10;0
36213;794;869;10;14;10;0
36214;782;869;10;14;10;0
36215;770;869;10;14;10;0
36225;758;869;10;14;10;0
36228;746;869;10;14;10;0
36229;734;869;10;14;10;0
36234;722;869;10;14;10;0
36235;710;869;10;14;10;0
36244;698;869;10;14;10;0
36245;686;869;10;14;10;0
36246;674;869;10;14;10;0
36249;662;869;10;14;10;0
36255;1322;869;10;14;10;0
36259;1466;869;10;14;10;0
36264;1478;869;10;14;10;0
36271;1490;869;10;14;10;0
36275;2282;869;10;14;10;0
36276;2270;869;10;14;10;0
36280;2258;869;10;14;10;0
36282;2246;869;10;14;10;0
36286;2234;869;10;14;10;0
36287;2222;869;10;14;10;0
36290;2210;869;10;14;10;0
36291;2198;869;10;14;10;0
36292;2186;869;10;14;10;0
36294;2174;869;10;14;10;0
36299;2162;869;10;14;10;0
36300;2150;869;10;14;10;0
36302;2138;869;10;14;10;0
36303;2126;869;10;14;10;0
36305;2114;869;10;14;10;0
36308;2102;869;10;14;10;0
36310;2090;869;10;14;10;0
36311;2078;869;10;14;10;0
36314;2066;869;10;14;10;0
36315;2294;869;10;14;10;0
36317;2306;869;10;14;10;0
36319;2318;869;10;14;10;0
36321;2330;869;10;14;10;0
36323;2570;869;10;14;10;0
36324;2558;869;10;14;10;0
36326;2546;869;10;14;10;0
36328;2534;869;10;14;10;0
36329;2522;869;10;14;10;0
36330;2510;869;10;14;10;0
36331;2498;869;10;14;10;0
36335;2486;869;10;14;10;0
36339;2474;869;10;14;10;0
36341;2582;869;10;14;10;0
36342;2462;869;10;14;10;0
36343;2438;869;10;14;10;0
36345;2426;869;10;14;10;0
36346;2414;869;10;14;10;0
36347;2402;869;10;14;10;0
36348;2390;869;10;14;10;0
36351;2378;869;10;14;10;0
36357;2366;869;10;14;10;0
36360;2354;869;10;14;10;0
36361;2342;869;10;14;10;0
36362;2054;869;10;14;10;0
36364;2450;869;10;14;10;0
36366;2042;869;10;14;10;0
36367;1886;869;10;14;10;0
36368;1718;869;10;14;10;0
36371;1706;869;10;14;10;0
36380;1694;869;10;14;10;0
36381;1682;869;10;14;10;0
36382;1670;869;10;14;10;0
36383;1658;869;10;14;10;0
36385;1646;869;10;14;10;0
36386;1634;869;10;14;10;0
36392;1622;869;10;14;10;0
36393;1610;869;10;14;10;0
36394;1598;869;10;14;10;0
36395;1586;869;10;14;10;0
36397;1574;869;10;14;10;0
36398;1562;869;10;14;10;0
36399;1550;869;10;14;10;0
36400;1538;869;10;14;10;0
36401;1526;869;10;14;10;0
36404;1514;869;10;14;10;0
36405;1502;869;10;14;10;0
36409;1730;869;10;14;10;0
36412;1742;869;10;14;10;0
36413;1754;869;10;14;10;0
36416;1766;869;10;14;10;0
36418;2006;869;10;14;10;0
36420;1994;869;10;14;10;0
36423;1982;869;10;14;10;0
36424;1970;869;10;14;10;0
36425;1958;869;10;14;10;0
36426;1946;869;10;14;10;0
36427;1934;869;10;14;10;0
36428;1922;869;10;14;10;0
36432;1910;869;10;14;10;0
36433;2018;869;10;14;10;0
36434;1898;869;10;14;10;0
36435;1874;869;10;14;10;0
36436;1862;869;10;14;10;0
36437;1850;869;10;14;10;0
36441;1838;869;10;14;10;0
36442;1826;869;10;14;10;0
36447;1814;869;10;14;10;0
36448;1802;869;10;14;10;0
36451;1790;869;10;14;10;0
36452;1778;869;10;14;10;0
36454;374;869;10;14;10;0
36455;2030;869;10;14;10;0
36457;362;869;10;14;10;0
36460;3878;853;10;14;10;0
36461;3002;853;10;14;10;0
36464;2990;853;10;14;10;0
36466;2978;853;10;14;10;0
36468;2966;853;10;14;10;0
36470;2954;853;10;14;10;0
36474;2942;853;10;14;10;0
36475;2930;853;10;14;10;0
36476;2918;853;10;14;10;0
36478;2906;853;10;14;10;0
36479;2894;853;10;14;10;0
36480;2882;853;10;14;10;0
36481;2870;853;10;14;10;0
36482;2858;853;10;14;10;0
36484;2846;853;10;14;10;0
36485;2834;853;10;14;10;0
36487;2822;853;10;14;10;0
36489;2810;853;10;14;10;0
36490;2798;853;10;14;10;0
36491;2786;853;10;14;10;0
36493;3014;853;10;14;10;0
36495;3026;853;10;14;10;0
36497;3038;853;10;14;10;0
36499;3050;853;10;14;10;0
36500;3290;853;10;14;10;0
36501;3278;853;10;14;10;0
36505;3266;853;10;14;10;0
36508;3254;853;10;14;10;0
36509;3242;853;10;14;10;0
36510;3230;853;10;14;10;0
36513;3218;853;10;14;10;0
36517;3206;853;10;14;10;0
36522;3194;853;10;14;10;0
36523;3302;853;10;14;10;0
36524;3182;853;10;14;10;0
36525;3158;853;10;14;10;0
36527;3146;853;10;14;10;0
36528;3134;853;10;14;10;0
36529;3122;853;10;14;10;0
36530;3110;853;10;14;10;0
36538;3098;853;10;14;10;0
36540;3086;853;10;14;10;0
36542;3074;853;10;14;10;0
36544;3062;853;10;14;10;0
36545;2774;853;10;14;10;0
36549;2762;853;10;14;10;0
36550;2750;853;10;14;10;0
36552;2474;853;10;14;10;0
36554;2450;853;10;14;10;0
36555;2438;853;10;14;10;0
36556;2426;853;10;14;10;0
36557;2414;853;10;14;10;0
36559;2402;853;10;14;10;0
36562;2390;853;10;14;10;0
36564;2378;853;10;14;10;0
36566;2366;853;10;14;10;0
36570;2354;853;10;14;10;0
36571;2342;853;10;14;10;0
36575;2330;853;10;14;10;0
36578;2318;853;10;14;10;0
36579;2306;853;10;14;10;0
36584;2294;853;10;14;10;0
36587;2282;853;10;14;10;0
36594;2270;853;10;14;10;0
36600;2258;853;10;14;10;0
36601;2246;853;10;14;10;0
36603;2234;853;10;14;10;0
36604;2462;853;10;14;10;0
36605;2486;853;10;14;10;0
36606;2738;853;10;14;10;0
36611;2498;853;10;14;10;0
36612;2726;853;10;14;10;0
36613;2714;853;10;14;10;0
36617;2702;853;10;14;10;0
36618;2690;853;10;14;10;0
36619;2678;853;10;14;10;0
36620;2666;853;10;14;10;0
36626;2654;853;10;14;10;0
36627;2642;853;10;14;10;0
36628;2630;853;10;14;10;0
36629;2618;853;10;14;10;0
36633;2606;853;10;14;10;0
36635;2594;853;10;14;10;0
36636;2582;853;10;14;10;0
36637;2570;853;10;14;10;0
36638;2558;853;10;14;10;0
36639;2546;853;10;14;10;0
36645;2534;853;10;14;10;0
36646;2522;853;10;14;10;0
36649;2510;853;10;14;10;0
36650;3170;853;10;14;10;0
36653;3314;853;10;14;10;0
36655;3326;853;10;14;10;0
36659;3338;853;10;14;10;0
36662;38;869;10;14;10;0
36664;26;869;10;14;10;0
36665;14;869;10;14;10;0
36667;2;869;10;14;10;0
36670;4082;853;10;14;10;0
36671;4070;853;10;14;10;0
36672;4058;853;10;14;10;0
36674;4046;853;10;14;10;0
36676;4034;853;10;14;10;0
36677;4022;853;10;14;10;0
36678;4010;853;10;14;10;0
36681;3998;853;10;14;10;0
36684;3986;853;10;14;10;0
36685;3974;853;10;14;10;0
36686;3962;853;10;14;10;0
36692;3950;853;10;14;10;0
36695;3938;853;10;14;10;0
36700;3926;853;10;14;10;0
36703;3914;853;10;14;10;0
36705;50;869;10;14;10;0
36706;62;869;10;14;10;0
36707;74;869;10;14;10;0
36708;86;869;10;14;10;0
36710;326;869;10;14;10;0
36711;314;869;10;14;10;0
36712;302;869;10;14;10;0
36713;290;869;10;14;10;0
36716;278;869;10;14;10;0
36717;266;869;10;14;10;0
36718;254;869;10;14;10;0
36719;242;869;10;14;10;0
36720;230;869;10;14;10;0
36721;338;869;10;14;10;0
36723;218;869;10;14;10;0
36724;194;869;10;14;10;0
36725;182;869;10;14;10;0
36731;170;869;10;14;10;0
36732;158;869;10;14;10;0
36733;146;869;10;14;10;0
36735;134;869;10;14;10;0
36739;122;869;10;14;10;0
36740;110;869;10;14;10;0
36741;98;869;10;14;10;0
36742;3902;853;10;14;10;0
36743;206;869;10;14;10;0
36744;3890;853;10;14;10;0
36745;3734;853;10;14;10;0
36746;3566;853;10;14;10;0
36747;3554;853;10;14;10;0
36749;3542;853;10;14;10;0
36750;3530;853;10;14;10;0
36751;3518;853;10;14;10;0
36752;3506;853;10;14;10;0
36753;3494;853;10;14;10;0
36755;3482;853;10;14;10;0
36757;3470;853;10;14;10;0
36758;3458;853;10;14;10;0
36759;3446;853;10;14;10;0
36760;3434;853;10;14;10;0
36761;3422;853;10;14;10;0
36763;3410;853;10;14;10;0
36764;3398;853;10;14;10;0
36766;3386;853;10;14;10;0
36767;3374;853;10;14;10;0
36770;3362;853;10;14;10;0
36771;3350;853;10;14;10;0
36774;3578;853;10;14;10;0
36775;3590;853;10;14;10;0
36776;3602;853;10;14;10;0
36777;3614;853;10;14;10;0
36779;3854;853;10;14;10;0
36781;3842;853;10;14;10;0
36782;3830;853;10;14;10;0
36783;3818;853;10;14;10;0
36784;3806;853;10;14;10;0
36785;3794;853;10;14;10;0
36786;3782;853;10;14;10;0
36789;3770;853;10;14;10;0
36790;3758;853;10;14;10;0
36791;3866;853;10;14;10;0
36793;3746;853;10;14;10;0
36794;3722;853;10;14;10;0
36795;3710;853;10;14;10;0
36796;3698;853;10;14;10;0
36797;3686;853;10;14;10;0
36798;3674;853;10;14;10;0
36799;3662;853;10;14;10;0
36801;3650;853;10;14;10;0
36802;3638;853;10;14;10;0
36804;3626;853;10;14;10;0
36805;2594;869;10;14;10;0
36806;3386;901;10;14;10;0
36807;3398;901;10;14;10;0
36808;3410;901;10;14;10;0
36811;3134;949;10;14;10;0
36812;3122;949;10;14;10;0
36814;3110;949;10;14;10;0
36816;3098;949;10;14;10;0
36817;3086;949;10;14;10;0
36819;3074;949;10;14;10;0
36820;3062;949;10;14;10;0
36824;3050;949;10;14;10;0
36825;3038;949;10;14;10;0
36826;3026;949;10;14;10;0
36827;3014;949;10;14;10;0
36828;3002;949;10;14;10;0
36829;2990;949;10;14;10;0
36830;2978;949;10;14;10;0
36831;2966;949;10;14;10;0
36834;2954;949;10;14;10;0
36835;2942;949;10;14;10;0
36836;2930;949;10;14;10;0
36837;2918;949;10;14;10;0
36838;3146;949;10;14;10;0
36840;3158;949;10;14;10;0
36841;3170;949;10;14;10;0
36842;3182;949;10;14;10;0
36843;3422;949;10;14;10;0
36845;3410;949;10;14;10;0
36847;3398;949;10;14;10;0
36848;3386;949;10;14;10;0
36851;3374;949;10;14;10;0
36852;3362;949;10;14;10;0
36853;3350;949;10;14;10;0
36855;3338;949;10;14;10;0
36856;3326;949;10;14;10;0
36857;3434;949;10;14;10;0
36858;3314;949;10;14;10;0
36861;3290;949;10;14;10;0
36864;3278;949;10;14;10;0
36865;3266;949;10;14;10;0
36866;3254;949;10;14;10;0
36867;3242;949;10;14;10;0
36868;3230;949;10;14;10;0
36869;3218;949;10;14;10;0
36870;3206;949;10;14;10;0
36872;3194;949;10;14;10;0
36873;2906;949;10;14;10;0
36874;2894;949;10;14;10;0
36875;2882;949;10;14;10;0
36877;2606;949;10;14;10;0
36878;2582;949;10;14;10;0
36879;2570;949;10;14;10;0
36880;2558;949;10;14;10;0
36881;2546;949;10;14;10;0
36882;2534;949;10;14;10;0
36883;2522;949;10;14;10;0
36884;2510;949;10;14;10;0
36885;2498;949;10;14;10;0
36886;2486;949;10;14;10;0
36887;2474;949;10;14;10;0
36889;2462;949;10;14;10;0
36890;2450;949;10;14;10;0
36891;2438;949;10;14;10;0
36893;2426;949;10;14;10;0
36894;2414;949;10;14;10;0
36895;2402;949;10;14;10;0
36896;2390;949;10;14;10;0
36897;2378;949;10;14;10;0
36898;2366;949;10;14;10;0
36899;2594;949;10;14;10;0
36903;2618;949;10;14;10;0
36910;2870;949;10;14;10;0
36911;2630;949;10;14;10;0
36913;2858;949;10;14;10;0
36914;2846;949;10;14;10;0
36917;2834;949;10;14;10;0
36918;2822;949;10;14;10;0
36920;2810;949;10;14;10;0
36921;2798;949;10;14;10;0
36923;2786;949;10;14;10;0
36924;2774;949;10;14;10;0
36926;2762;949;10;14;10;0
36929;2750;949;10;14;10;0
36930;2738;949;10;14;10;0
36933;2726;949;10;14;10;0
36935;2714;949;10;14;10;0
36937;2702;949;10;14;10;0
36938;2690;949;10;14;10;0
36939;2678;949;10;14;10;0
36941;2666;949;10;14;10;0
36942;2654;949;10;14;10;0
36943;2642;949;10;14;10;0
36944;3302;949;10;14;10;0
36945;3446;949;10;14;10;0
36946;3458;949;10;14;10;0
36947;3470;949;10;14;10;0
36948;170;965;10;14;10;0
36949;158;965;10;14;10;0
36950;146;965;10;14;10;0
36951;134;965;10;14;10;0
36952;122;965;10;14;10;0
36953;110;965;10;14;10;0
36955;98;965;10;14;10;0
36956;86;965;10;14;10;0
36957;74;965;10;14;10;0
36958;62;965;10;14;10;0
36960;50;965;10;14;10;0
36961;38;965;10;14;10;0
36962;26;965;10;14;10;0
36963;14;965;10;14;10;0
36965;2;965;10;14;10;0
36968;4082;949;10;14;10;0
36969;4070;949;10;14;10;0
36970;4058;949;10;14;10;0
36973;4046;949;10;14;10;0
36974;182;965;10;14;10;0
36975;194;965;10;14;10;0
36978;206;965;10;14;10;0
36980;218;965;10;14;10;0
36981;458;965;10;14;10;0
36982;446;965;10;14;10;0
36983;434;965;10;14;10;0
36984;422;965;10;14;10;0
36986;410;965;10;14;10;0
36988;398;965;10;14;10;0
36989;386;965;10;14;10;0
36991;374;965;10;14;10;0
36992;362;965;10;14;10;0
36993;470;965;10;14;10;0
36994;350;965;10;14;10;0
36995;326;965;10;14;10;0
36996;314;965;10;14;10;0
36999;302;965;10;14;10;0
37000;290;965;10;14;10;0
37001;278;965;10;14;10;0
37002;266;965;10;14;10;0
37003;254;965;10;14;10;0
37007;242;965;10;14;10;0
37008;230;965;10;14;10;0
37009;4034;949;10;14;10;0
37011;338;965;10;14;10;0
37013;4022;949;10;14;10;0
37017;3866;949;10;14;10;0
37019;3698;949;10;14;10;0
37021;3686;949;10;14;10;0
37026;3674;949;10;14;10;0
37027;3662;949;10;14;10;0
37030;3650;949;10;14;10;0
37032;3638;949;10;14;10;0
37034;3626;949;10;14;10;0
37038;3614;949;10;14;10;0
37039;3602;949;10;14;10;0
37040;3590;949;10;14;10;0
37041;3578;949;10;14;10;0
37043;3566;949;10;14;10;0
37044;3554;949;10;14;10;0
37045;3542;949;10;14;10;0
37046;3530;949;10;14;10;0
37048;3518;949;10;14;10;0
37049;3506;949;10;14;10;0
37051;3494;949;10;14;10;0
37057;3482;949;10;14;10;0
37059;3710;949;10;14;10;0
37060;3722;949;10;14;10;0
37061;3734;949;10;14;10;0
37063;3746;949;10;14;10;0
37066;3986;949;10;14;10;0
37070;3974;949;10;14;10;0
37073;3962;949;10;14;10;0
37079;3950;949;10;14;10;0
37081;3938;949;10;14;10;0
37082;3926;949;10;14;10;0
37083;3914;949;10;14;10;0
37084;3902;949;10;14;10;0
37085;3890;949;10;14;10;0
37086;3998;949;10;14;10;0
37087;3878;949;10;14;10;0
37089;3854;949;10;14;10;0
37090;3842;949;10;14;10;0
37092;3830;949;10;14;10;0
37094;3818;949;10;14;10;0
37095;3806;949;10;14;10;0
37096;3794;949;10;14;10;0
37100;3782;949;10;14;10;0
37101;3770;949;10;14;10;0
37103;3758;949;10;14;10;0
37108;2354;949;10;14;10;0
37109;4010;949;10;14;10;0
37111;2342;949;10;14;10;0
37112;1766;949;10;14;10;0
37117;890;949;10;14;10;0
37118;878;949;10;14;10;0
37122;866;949;10;14;10;0
37129;854;949;10;14;10;0
37138;842;949;10;14;10;0
37140;830;949;10;14;10;0
37141;818;949;10;14;10;0
37143;806;949;10;14;10;0
37144;794;949;10;14;10;0
37145;782;949;10;14;10;0
37150;770;949;10;14;10;0
37154;758;949;10;14;10;0
37159;746;949;10;14;10;0
37165;734;949;10;14;10;0
37167;722;949;10;14;10;0
37168;710;949;10;14;10;0
37169;698;949;10;14;10;0
37170;686;949;10;14;10;0
37172;674;949;10;14;10;0
37177;902;949;10;14;10;0
37178;914;949;10;14;10;0
37190;926;949;10;14;10;0
37192;938;949;10;14;10;0
37193;1178;949;10;14;10;0
37194;1166;949;10;14;10;0
37195;1154;949;10;14;10;0
37196;1142;949;10;14;10;0
37197;1130;949;10;14;10;0
37198;1118;949;10;14;10;0
37199;1106;949;10;14;10;0
37200;1094;949;10;14;10;0
37202;1082;949;10;14;10;0
37204;1190;949;10;14;10;0
37206;1070;949;10;14;10;0
37207;1046;949;10;14;10;0
37208;1034;949;10;14;10;0
37210;1022;949;10;14;10;0
37212;1010;949;10;14;10;0
37213;998;949;10;14;10;0
37214;986;949;10;14;10;0
37217;974;949;10;14;10;0
37218;962;949;10;14;10;0
37219;950;949;10;14;10;0
37221;662;949;10;14;10;0
37222;650;949;10;14;10;0
37225;638;949;10;14;10;0
37226;362;949;10;14;10;0
37228;338;949;10;14;10;0
37230;326;949;10;14;10;0
37231;314;949;10;14;10;0
37233;302;949;10;14;10;0
37234;290;949;10;14;10;0
37235;278;949;10;14;10;0
37236;266;949;10;14;10;0
37237;254;949;10;14;10;0
37238;242;949;10;14;10;0
37239;230;949;10;14;10;0
37240;218;949;10;14;10;0
37247;206;949;10;14;10;0
37250;194;949;10;14;10;0
37251;182;949;10;14;10;0
37255;170;949;10;14;10;0
37257;158;949;10;14;10;0
37259;146;949;10;14;10;0
37261;134;949;10;14;10;0
37262;122;949;10;14;10;0
37264;350;949;10;14;10;0
37266;374;949;10;14;10;0
37270;626;949;10;14;10;0
37271;386;949;10;14;10;0
37274;614;949;10;14;10;0
37275;602;949;10;14;10;0
37276;590;949;10;14;10;0
37278;578;949;10;14;10;0
37282;566;949;10;14;10;0
37283;554;949;10;14;10;0
37284;542;949;10;14;10;0
37290;530;949;10;14;10;0
37291;518;949;10;14;10;0
37292;506;949;10;14;10;0
37294;494;949;10;14;10;0
37295;482;949;10;14;10;0
37297;470;949;10;14;10;0
37300;458;949;10;14;10;0
37301;446;949;10;14;10;0
37304;434;949;10;14;10;0
37306;422;949;10;14;10;0
37312;410;949;10;14;10;0
37313;398;949;10;14;10;0
37317;1058;949;10;14;10;0
37318;1202;949;10;14;10;0
37319;1214;949;10;14;10;0
37320;1226;949;10;14;10;0
37321;2018;949;10;14;10;0
37322;2006;949;10;14;10;0
37323;1994;949;10;14;10;0
37324;1982;949;10;14;10;0
37325;1970;949;10;14;10;0
37326;1958;949;10;14;10;0
37327;1946;949;10;14;10;0
37328;1934;949;10;14;10;0
37329;1922;949;10;14;10;0
37331;1910;949;10;14;10;0
37332;1898;949;10;14;10;0
37333;1886;949;10;14;10;0
37334;1874;949;10;14;10;0
37335;1862;949;10;14;10;0
37336;1850;949;10;14;10;0
37337;1838;949;10;14;10;0
37339;1826;949;10;14;10;0
37340;1814;949;10;14;10;0
37341;1802;949;10;14;10;0
37343;2030;949;10;14;10;0
37345;2042;949;10;14;10;0
37347;2054;949;10;14;10;0
37348;2066;949;10;14;10;0
37350;2306;949;10;14;10;0
37351;2294;949;10;14;10;0
37353;2282;949;10;14;10;0
37357;2270;949;10;14;10;0
37365;2258;949;10;14;10;0
37366;2246;949;10;14;10;0
37367;2234;949;10;14;10;0
37369;2222;949;10;14;10;0
37370;2210;949;10;14;10;0
37372;2318;949;10;14;10;0
37375;2198;949;10;14;10;0
37376;2174;949;10;14;10;0
37377;2162;949;10;14;10;0
37380;2150;949;10;14;10;0
37383;2138;949;10;14;10;0
37384;2126;949;10;14;10;0
37385;2114;949;10;14;10;0
37386;2102;949;10;14;10;0
37389;2090;949;10;14;10;0
37390;2078;949;10;14;10;0
37392;1790;949;10;14;10;0
37393;2186;949;10;14;10;0
37396;1778;949;10;14;10;0
37397;1622;949;10;14;10;0
37404;1454;949;10;14;10;0
37406;1442;949;10;14;10;0
37411;1430;949;10;14;10;0
37413;1418;949;10;14;10;0
37414;1406;949;10;14;10;0
37415;1394;949;10;14;10;0
37417;1382;949;10;14;10;0
37418;1370;949;10;14;10;0
37420;1358;949;10;14;10;0
37422;1346;949;10;14;10;0
37424;1334;949;10;14;10;0
37428;1322;949;10;14;10;0
37431;1310;949;10;14;10;0
37432;1298;949;10;14;10;0
37433;1286;949;10;14;10;0
37434;1274;949;10;14;10;0
37437;1262;949;10;14;10;0
37438;1250;949;10;14;10;0
37439;1238;949;10;14;10;0
37440;1466;949;10;14;10;0
37444;1478;949;10;14;10;0
37445;1490;949;10;14;10;0
37446;1502;949;10;14;10;0
37448;1742;949;10;14;10;0
37449;1730;949;10;14;10;0
37451;1718;949;10;14;10;0
37453;1706;949;10;14;10;0
37456;1694;949;10;14;10;0
37457;1682;949;10;14;10;0
37461;1670;949;10;14;10;0
37463;1658;949;10;14;10;0
37465;1646;949;10;14;10;0
37466;1754;949;10;14;10;0
37467;1634;949;10;14;10;0
37469;1610;949;10;14;10;0
37470;1598;949;10;14;10;0
37474;1586;949;10;14;10;0
37476;1574;949;10;14;10;0
37478;1562;949;10;14;10;0
37480;1550;949;10;14;10;0
37484;1538;949;10;14;10;0
37485;1526;949;10;14;10;0
37489;1514;949;10;14;10;0
37490;2330;949;10;14;10;0
37491;482;965;10;14;10;0
37492;494;965;10;14;10;0
37496;506;965;10;14;10;0
37498;3542;965;10;14;10;0
37499;3530;965;10;14;10;0
37500;3518;965;10;14;10;0
37502;3506;965;10;14;10;0
37503;3494;965;10;14;10;0
37504;3482;965;10;14;10;0
37507;3470;965;10;14;10;0
37509;3458;965;10;14;10;0
37514;3446;965;10;14;10;0
37518;3434;965;10;14;10;0
37521;3422;965;10;14;10;0
37523;3410;965;10;14;10;0
37525;3398;965;10;14;10;0
37526;3386;965;10;14;10;0
37528;3374;965;10;14;10;0
37530;3362;965;10;14;10;0
37531;3350;965;10;14;10;0
37532;3338;965;10;14;10;0
37536;3326;965;10;14;10;0
37539;3554;965;10;14;10;0
37541;3566;965;10;14;10;0
37542;3578;965;10;14;10;0
37543;3590;965;10;14;10;0
37544;3830;965;10;14;10;0
37545;3818;965;10;14;10;0
37546;3806;965;10;14;10;0
37547;3794;965;10;14;10;0
37548;3782;965;10;14;10;0
37549;3770;965;10;14;10;0
37550;3758;965;10;14;10;0
37554;3746;965;10;14;10;0
37555;3734;965;10;14;10;0
37558;3842;965;10;14;10;0
37559;3722;965;10;14;10;0
37561;3698;965;10;14;10;0
37563;3686;965;10;14;10;0
37564;3674;965;10;14;10;0
37569;3662;965;10;14;10;0
37570;3650;965;10;14;10;0
37571;3638;965;10;14;10;0
37573;3626;965;10;14;10;0
37574;3614;965;10;14;10;0
37575;3602;965;10;14;10;0
37577;3314;965;10;14;10;0
37580;3710;965;10;14;10;0
37583;3302;965;10;14;10;0
37584;3146;965;10;14;10;0
37586;2978;965;10;14;10;0
37589;2966;965;10;14;10;0
37593;2954;965;10;14;10;0
37604;2942;965;10;14;10;0
37606;2930;965;10;14;10;0
37608;2918;965;10;14;10;0
37609;2906;965;10;14;10;0
37610;2894;965;10;14;10;0
37613;2882;965;10;14;10;0
37615;2870;965;10;14;10;0
37616;2858;965;10;14;10;0
37617;2846;965;10;14;10;0
37618;2834;965;10;14;10;0
37619;2822;965;10;14;10;0
37624;2810;965;10;14;10;0
37626;2798;965;10;14;10;0
37628;2786;965;10;14;10;0
37632;2774;965;10;14;10;0
37634;2762;965;10;14;10;0
37636;2990;965;10;14;10;0
37638;3002;965;10;14;10;0
37647;3014;965;10;14;10;0
37648;3026;965;10;14;10;0
37650;3266;965;10;14;10;0
37653;3254;965;10;14;10;0
37656;3242;965;10;14;10;0
37657;3230;965;10;14;10;0
37658;3218;965;10;14;10;0
37659;3206;965;10;14;10;0
37662;3194;965;10;14;10;0
37664;3182;965;10;14;10;0
37665;3170;965;10;14;10;0
37666;3278;965;10;14;10;0
37667;3158;965;10;14;10;0
37668;3134;965;10;14;10;0
37670;3122;965;10;14;10;0
37671;3110;965;10;14;10;0
37672;3098;965;10;14;10;0
37673;3086;965;10;14;10;0
37675;3074;965;10;14;10;0
37676;3062;965;10;14;10;0
37678;3050;965;10;14;10;0
37679;3038;965;10;14;10;0
37682;3290;965;10;14;10;0
37683;3866;965;10;14;10;0
37685;326;981;10;14;10;0
37686;3878;965;10;14;10;0
37688;578;981;10;14;10;0
37690;566;981;10;14;10;0
37691;554;981;10;14;10;0
37692;542;981;10;14;10;0
37694;530;981;10;14;10;0
37697;518;981;10;14;10;0
37700;506;981;10;14;10;0
37701;494;981;10;14;10;0
37702;482;981;10;14;10;0
37703;470;981;10;14;10;0
37704;458;981;10;14;10;0
37706;446;981;10;14;10;0
37707;434;981;10;14;10;0
37709;422;981;10;14;10;0
37716;410;981;10;14;10;0
37718;398;981;10;14;10;0
37720;386;981;10;14;10;0
37721;374;981;10;14;10;0
37722;362;981;10;14;10;0
37723;590;981;10;14;10;0
37724;602;981;10;14;10;0
37728;614;981;10;14;10;0
37733;626;981;10;14;10;0
37737;866;981;10;14;10;0
37740;854;981;10;14;10;0
37742;842;981;10;14;10;0
37744;830;981;10;14;10;0
37749;818;981;10;14;10;0
37750;806;981;10;14;10;0
37754;794;981;10;14;10;0
37756;782;981;10;14;10;0
37758;770;981;10;14;10;0
37762;878;981;10;14;10;0
37765;758;981;10;14;10;0
37770;734;981;10;14;10;0
37772;722;981;10;14;10;0
37775;710;981;10;14;10;0
37780;698;981;10;14;10;0
37782;686;981;10;14;10;0
37783;674;981;10;14;10;0
37784;662;981;10;14;10;0
37786;650;981;10;14;10;0
37789;638;981;10;14;10;0
37793;350;981;10;14;10;0
37794;746;981;10;14;10;0
37796;338;981;10;14;10;0
37798;182;981;10;14;10;0
37799;14;981;10;14;10;0
37801;2;981;10;14;10;0
37804;4082;965;10;14;10;0
37805;4070;965;10;14;10;0
37806;4058;965;10;14;10;0
37807;4046;965;10;14;10;0
37808;4034;965;10;14;10;0
37811;4022;965;10;14;10;0
37813;4010;965;10;14;10;0
37814;3998;965;10;14;10;0
37815;3986;965;10;14;10;0
37817;3974;965;10;14;10;0
37827;3962;965;10;14;10;0
37828;3950;965;10;14;10;0
37832;3938;965;10;14;10;0
37836;3926;965;10;14;10;0
37837;3914;965;10;14;10;0
37840;3902;965;10;14;10;0
37841;3890;965;10;14;10;0
37846;26;981;10;14;10;0
37847;38;981;10;14;10;0
37848;50;981;10;14;10;0
37852;62;981;10;14;10;0
37853;302;981;10;14;10;0
37854;290;981;10;14;10;0
37855;278;981;10;14;10;0
37857;266;981;10;14;10;0
37858;254;981;10;14;10;0
37860;242;981;10;14;10;0
37861;230;981;10;14;10;0
37864;218;981;10;14;10;0
37877;206;981;10;14;10;0
37879;314;981;10;14;10;0
37881;194;981;10;14;10;0
37885;170;981;10;14;10;0
37891;158;981;10;14;10;0
37895;146;981;10;14;10;0
37903;134;981;10;14;10;0
37904;122;981;10;14;10;0
37906;110;981;10;14;10;0
37907;98;981;10;14;10;0
37908;86;981;10;14;10;0
37912;74;981;10;14;10;0
37913;2750;965;10;14;10;0
37914;2738;965;10;14;10;0
37920;2726;965;10;14;10;0
37921;2162;965;10;14;10;0
37924;1286;965;10;14;10;0
37927;1274;965;10;14;10;0
37928;1262;965;10;14;10;0
37931;1250;965;10;14;10;0
37934;1238;965;10;14;10;0
37938;1226;965;10;14;10;0
37939;1214;965;10;14;10;0
37941;1202;965;10;14;10;0
37942;1190;965;10;14;10;0
37944;1178;965;10;14;10;0
37946;1166;965;10;14;10;0
37949;1154;965;10;14;10;0
37951;1142;965;10;14;10;0
37952;1130;965;10;14;10;0
37953;1118;965;10;14;10;0
37956;1106;965;10;14;10;0
37962;1094;965;10;14;10;0
37964;1082;965;10;14;10;0
37969;1070;965;10;14;10;0
37970;1298;965;10;14;10;0
37971;1310;965;10;14;10;0
37978;1322;965;10;14;10;0
37979;1334;965;10;14;10;0
37982;1574;965;10;14;10;0
37984;1562;965;10;14;10;0
37986;1550;965;10;14;10;0
37987;1538;965;10;14;10;0
37988;1526;965;10;14;10;0
37994;1514;965;10;14;10;0
37995;1502;965;10;14;10;0
37997;1490;965;10;14;10;0
38000;1478;965;10;14;10;0
38002;1586;965;10;14;10;0
38005;1466;965;10;14;10;0
38007;1442;965;10;14;10;0
38012;1430;965;10;14;10;0
38013;1418;965;10;14;10;0
38014;1406;965;10;14;10;0
38015;1394;965;10;14;10;0
38017;1382;965;10;14;10;0
38021;1370;965;10;14;10;0
38024;1358;965;10;14;10;0
38025;1346;965;10;14;10;0
38026;1058;965;10;14;10;0
38028;1046;965;10;14;10;0
38029;1034;965;10;14;10;0
38030;758;965;10;14;10;0
38034;734;965;10;14;10;0
38035;722;965;10;14;10;0
38039;710;965;10;14;10;0
38041;698;965;10;14;10;0
38043;686;965;10;14;10;0
38045;674;965;10;14;10;0
38046;662;965;10;14;10;0
38047;650;965;10;14;10;0
38048;638;965;10;14;10;0
38049;626;965;10;14;10;0
38050;614;965;10;14;10;0
38051;602;965;10;14;10;0
38053;590;965;10;14;10;0
38054;578;965;10;14;10;0
38055;566;965;10;14;10;0
38056;554;965;10;14;10;0
38057;542;965;10;14;10;0
38062;530;965;10;14;10;0
38063;518;965;10;14;10;0
38065;746;965;10;14;10;0
38067;770;965;10;14;10;0
38068;1022;965;10;14;10;0
38069;782;965;10;14;10;0
38075;1010;965;10;14;10;0
38078;998;965;10;14;10;0
38079;986;965;10;14;10;0
38080;974;965;10;14;10;0
38081;962;965;10;14;10;0
38082;950;965;10;14;10;0
38083;938;965;10;14;10;0
38085;926;965;10;14;10;0
38086;914;965;10;14;10;0
38091;902;965;10;14;10;0
38094;890;965;10;14;10;0
38096;878;965;10;14;10;0
38101;866;965;10;14;10;0
38102;854;965;10;14;10;0
38107;842;965;10;14;10;0
38108;830;965;10;14;10;0
38109;818;965;10;14;10;0
38112;806;965;10;14;10;0
38113;794;965;10;14;10;0
38115;1454;965;10;14;10;0
38116;1598;965;10;14;10;0
38119;1610;965;10;14;10;0
38122;1622;965;10;14;10;0
38124;2414;965;10;14;10;0
38125;2402;965;10;14;10;0
38126;2390;965;10;14;10;0
38128;2378;965;10;14;10;0
38129;2366;965;10;14;10;0
38130;2354;965;10;14;10;0
38131;2342;965;10;14;10;0
38133;2330;965;10;14;10;0
38134;2318;965;10;14;10;0
38135;2306;965;10;14;10;0
38136;2294;965;10;14;10;0
38138;2282;965;10;14;10;0
38139;2270;965;10;14;10;0
38142;2258;965;10;14;10;0
38143;2246;965;10;14;10;0
38144;2234;965;10;14;10;0
38145;2222;965;10;14;10;0
38146;2210;965;10;14;10;0
38148;2198;965;10;14;10;0
38149;2426;965;10;14;10;0
38152;2438;965;10;14;10;0
38153;2450;965;10;14;10;0
38154;2462;965;10;14;10;0
38155;2702;965;10;14;10;0
38156;2690;965;10;14;10;0
38160;2678;965;10;14;10;0
38161;2666;965;10;14;10;0
38162;2654;965;10;14;10;0
38163;2642;965;10;14;10;0
38165;2630;965;10;14;10;0
38167;2618;965;10;14;10;0
38169;2606;965;10;14;10;0
38170;2714;965;10;14;10;0
38177;2594;965;10;14;10;0
38178;2570;965;10;14;10;0
38179;2558;965;10;14;10;0
38180;2546;965;10;14;10;0
38181;2534;965;10;14;10;0
38182;2522;965;10;14;10;0
38184;2510;965;10;14;10;0
38186;2498;965;10;14;10;0
38189;2486;965;10;14;10;0
38190;2474;965;10;14;10;0
38191;2186;965;10;14;10;0
38192;2582;965;10;14;10;0
38194;2174;965;10;14;10;0
38197;2018;965;10;14;10;0
38198;1850;965;10;14;10;0
38200;1838;965;10;14;10;0
38201;1826;965;10;14;10;0
38202;1814;965;10;14;10;0
38203;1802;965;10;14;10;0
38208;1790;965;10;14;10;0
38209;1778;965;10;14;10;0
38210;1766;965;10;14;10;0
38212;1754;965;10;14;10;0
38215;1742;965;10;14;10;0
38218;1730;965;10;14;10;0
38220;1718;965;10;14;10;0
38221;1706;965;10;14;10;0
38224;1694;965;10;14;10;0
38225;1682;965;10;14;10;0
38230;1670;965;10;14;10;0
38236;1658;965;10;14;10;0
38243;1646;965;10;14;10;0
38253;1634;965;10;14;10;0
38255;1862;965;10;14;10;0
38256;1874;965;10;14;10;0
38259;1886;965;10;14;10;0
38262;1898;965;10;14;10;0
38263;2138;965;10;14;10;0
38271;2126;965;10;14;10;0
38272;2114;965;10;14;10;0
38274;2102;965;10;14;10;0
38275;2090;965;10;14;10;0
38278;2078;965;10;14;10;0
38279;2066;965;10;14;10;0
38280;2054;965;10;14;10;0
38281;2042;965;10;14;10;0
38282;2150;965;10;14;10;0
38283;2030;965;10;14;10;0
38286;2006;965;10;14;10;0
38287;1994;965;10;14;10;0
38289;1982;965;10;14;10;0
38290;1970;965;10;14;10;0
38291;1958;965;10;14;10;0
38292;1946;965;10;14;10;0
38294;1934;965;10;14;10;0
38296;1922;965;10;14;10;0
38297;1910;965;10;14;10;0
38304;110;949;10;14;10;0
38305;98;949;10;14;10;0
38306;86;949;10;14;10;0
38307;3782;917;10;14;10;0
38308;2342;917;10;14;10;0
38309;2330;917;10;14;10;0
38311;2318;917;10;14;10;0
38312;2306;917;10;14;10;0
38313;2294;917;10;14;10;0
38314;2282;917;10;14;10;0
38315;2270;917;10;14;10;0
38316;2258;917;10;14;10;0
38317;2246;917;10;14;10;0
38321;2234;917;10;14;10;0
38322;2222;917;10;14;10;0
38329;2210;917;10;14;10;0
38330;2198;917;10;14;10;0
38331;2186;917;10;14;10;0
38332;2174;917;10;14;10;0
38334;2162;917;10;14;10;0
38339;2150;917;10;14;10;0
38342;2138;917;10;14;10;0
38343;2126;917;10;14;10;0
38344;2354;917;10;14;10;0
38345;2366;917;10;14;10;0
38346;2378;917;10;14;10;0
38347;2390;917;10;14;10;0
38348;2630;917;10;14;10;0
38349;2618;917;10;14;10;0
38352;2606;917;10;14;10;0
38356;2594;917;10;14;10;0
38357;2582;917;10;14;10;0
38358;2570;917;10;14;10;0
38360;2558;917;10;14;10;0
38364;2546;917;10;14;10;0
38366;2534;917;10;14;10;0
38369;2642;917;10;14;10;0
38370;2522;917;10;14;10;0
38373;2498;917;10;14;10;0
38376;2486;917;10;14;10;0
38377;2474;917;10;14;10;0
38378;2462;917;10;14;10;0
38379;2450;917;10;14;10;0
38380;2438;917;10;14;10;0
38381;2426;917;10;14;10;0
38382;2414;917;10;14;10;0
38383;2402;917;10;14;10;0
38384;2114;917;10;14;10;0
38386;2102;917;10;14;10;0
38388;2090;917;10;14;10;0
38389;1814;917;10;14;10;0
38391;1790;917;10;14;10;0
38392;1778;917;10;14;10;0
38393;1766;917;10;14;10;0
38394;1754;917;10;14;10;0
38395;1742;917;10;14;10;0
38397;1730;917;10;14;10;0
38398;1718;917;10;14;10;0
38400;1706;917;10;14;10;0
38401;1694;917;10;14;10;0
38402;1682;917;10;14;10;0
38405;1670;917;10;14;10;0
38408;1658;917;10;14;10;0
38409;1646;917;10;14;10;0
38412;1634;917;10;14;10;0
38414;1622;917;10;14;10;0
38416;1610;917;10;14;10;0
38417;1598;917;10;14;10;0
38420;1586;917;10;14;10;0
38422;1574;917;10;14;10;0
38425;1802;917;10;14;10;0
38428;1826;917;10;14;10;0
38431;2078;917;10;14;10;0
38433;1838;917;10;14;10;0
38434;2066;917;10;14;10;0
38440;2054;917;10;14;10;0
38442;2042;917;10;14;10;0
38444;2030;917;10;14;10;0
38446;2018;917;10;14;10;0
38447;2006;917;10;14;10;0
38449;1994;917;10;14;10;0
38450;1982;917;10;14;10;0
38451;1970;917;10;14;10;0
38452;1958;917;10;14;10;0
38453;1946;917;10;14;10;0
38454;1934;917;10;14;10;0
38459;1922;917;10;14;10;0
38463;1910;917;10;14;10;0
38464;1898;917;10;14;10;0
38466;1886;917;10;14;10;0
38468;1874;917;10;14;10;0
38469;1862;917;10;14;10;0
38470;1850;917;10;14;10;0
38471;2510;917;10;14;10;0
38472;2654;917;10;14;10;0
38475;2666;917;10;14;10;0
38476;2678;917;10;14;10;0
38477;3470;917;10;14;10;0
38479;3458;917;10;14;10;0
38480;3446;917;10;14;10;0
38484;3434;917;10;14;10;0
38485;3422;917;10;14;10;0
38488;3410;917;10;14;10;0
38491;3398;917;10;14;10;0
38492;3386;917;10;14;10;0
38493;3374;917;10;14;10;0
38494;3362;917;10;14;10;0
38495;3350;917;10;14;10;0
38496;3338;917;10;14;10;0
38497;3326;917;10;14;10;0
38498;3314;917;10;14;10;0
38499;3302;917;10;14;10;0
38500;3290;917;10;14;10;0
38501;3278;917;10;14;10;0
38502;3266;917;10;14;10;0
38503;3254;917;10;14;10;0
38504;3482;917;10;14;10;0
38505;3494;917;10;14;10;0
38506;3506;917;10;14;10;0
38508;3518;917;10;14;10;0
38512;3758;917;10;14;10;0
38514;3746;917;10;14;10;0
38515;3734;917;10;14;10;0
38516;3722;917;10;14;10;0
38517;3710;917;10;14;10;0
38518;3698;917;10;14;10;0
38519;3686;917;10;14;10;0
38520;3674;917;10;14;10;0
38522;3662;917;10;14;10;0
38525;3770;917;10;14;10;0
38530;3650;917;10;14;10;0
38532;3626;917;10;14;10;0
38533;3614;917;10;14;10;0
38534;3602;917;10;14;10;0
38536;3590;917;10;14;10;0
38538;3578;917;10;14;10;0
38539;3566;917;10;14;10;0
38541;3554;917;10;14;10;0
38542;3542;917;10;14;10;0
38543;3530;917;10;14;10;0
38544;3242;917;10;14;10;0
38548;3638;917;10;14;10;0
38549;3230;917;10;14;10;0
38551;3074;917;10;14;10;0
38552;2906;917;10;14;10;0
38553;2894;917;10;14;10;0
38555;2882;917;10;14;10;0
38556;2870;917;10;14;10;0
38560;2858;917;10;14;10;0
38563;2846;917;10;14;10;0
38567;2834;917;10;14;10;0
38568;2822;917;10;14;10;0
38570;2810;917;10;14;10;0
38576;2798;917;10;14;10;0
38577;2786;917;10;14;10;0
38578;2774;917;10;14;10;0
38580;2762;917;10;14;10;0
38582;2750;917;10;14;10;0
38583;2738;917;10;14;10;0
38584;2726;917;10;14;10;0
38585;2714;917;10;14;10;0
38587;2702;917;10;14;10;0
38588;2690;917;10;14;10;0
38589;2918;917;10;14;10;0
38590;2930;917;10;14;10;0
38592;2942;917;10;14;10;0
38593;2954;917;10;14;10;0
38595;3194;917;10;14;10;0
38596;3182;917;10;14;10;0
38597;3170;917;10;14;10;0
38598;3158;917;10;14;10;0
38599;3146;917;10;14;10;0
38601;3134;917;10;14;10;0
38602;3122;917;10;14;10;0
38603;3110;917;10;14;10;0
38604;3098;917;10;14;10;0
38605;3206;917;10;14;10;0
38606;3086;917;10;14;10;0
38607;3062;917;10;14;10;0
38609;3050;917;10;14;10;0
38610;3038;917;10;14;10;0
38613;3026;917;10;14;10;0
38614;3014;917;10;14;10;0
38617;3002;917;10;14;10;0
38619;2990;917;10;14;10;0
38620;2978;917;10;14;10;0
38622;2966;917;10;14;10;0
38626;1562;917;10;14;10;0
38627;3218;917;10;14;10;0
38632;1550;917;10;14;10;0
38633;974;917;10;14;10;0
38634;98;917;10;14;10;0
38635;86;917;10;14;10;0
38639;74;917;10;14;10;0
38640;62;917;10;14;10;0
38642;50;917;10;14;10;0
38643;38;917;10;14;10;0
38646;26;917;10;14;10;0
38647;14;917;10;14;10;0
38649;2;917;10;14;10;0
38651;4082;901;10;14;10;0
38654;4070;901;10;14;10;0
38656;4058;901;10;14;10;0
38658;4046;901;10;14;10;0
38660;4034;901;10;14;10;0
38662;4022;901;10;14;10;0
38663;4010;901;10;14;10;0
38664;3998;901;10;14;10;0
38665;3986;901;10;14;10;0
38666;3974;901;10;14;10;0
38669;110;917;10;14;10;0
38670;122;917;10;14;10;0
38671;134;917;10;14;10;0
38673;146;917;10;14;10;0
38675;386;917;10;14;10;0
38678;374;917;10;14;10;0
38681;362;917;10;14;10;0
38684;350;917;10;14;10;0
38685;338;917;10;14;10;0
38686;326;917;10;14;10;0
38692;314;917;10;14;10;0
38694;302;917;10;14;10;0
38695;290;917;10;14;10;0
38696;398;917;10;14;10;0
38698;278;917;10;14;10;0
38701;254;917;10;14;10;0
38704;242;917;10;14;10;0
38706;230;917;10;14;10;0
38712;218;917;10;14;10;0
38713;206;917;10;14;10;0
38717;194;917;10;14;10;0
38718;182;917;10;14;10;0
38721;170;917;10;14;10;0
38722;158;917;10;14;10;0
38724;3962;901;10;14;10;0
38726;3950;901;10;14;10;0
38728;3938;901;10;14;10;0
38729;3662;901;10;14;10;0
38737;3638;901;10;14;10;0
38738;3626;901;10;14;10;0
38739;3614;901;10;14;10;0
38742;3602;901;10;14;10;0
38745;3590;901;10;14;10;0
38746;3578;901;10;14;10;0
38747;3566;901;10;14;10;0
38748;3554;901;10;14;10;0
38750;3542;901;10;14;10;0
38752;3530;901;10;14;10;0
38753;3518;901;10;14;10;0
38754;3506;901;10;14;10;0
38756;3494;901;10;14;10;0
38757;3482;901;10;14;10;0
38758;3470;901;10;14;10;0
38760;3458;901;10;14;10;0
38761;3446;901;10;14;10;0
38763;3434;901;10;14;10;0
38765;3422;901;10;14;10;0
38769;3650;901;10;14;10;0
38771;3674;901;10;14;10;0
38772;3926;901;10;14;10;0
38774;3686;901;10;14;10;0
38777;3914;901;10;14;10;0
38778;3902;901;10;14;10;0
38780;3890;901;10;14;10;0
38785;3878;901;10;14;10;0
38788;3866;901;10;14;10;0
38789;3854;901;10;14;10;0
38790;3842;901;10;14;10;0
38795;3830;901;10;14;10;0
38797;3818;901;10;14;10;0
38799;3806;901;10;14;10;0
38800;3794;901;10;14;10;0
38801;3782;901;10;14;10;0
38805;3770;901;10;14;10;0
38808;3758;901;10;14;10;0
38812;3746;901;10;14;10;0
38816;3734;901;10;14;10;0
38819;3722;901;10;14;10;0
38822;3710;901;10;14;10;0
38824;3698;901;10;14;10;0
38827;266;917;10;14;10;0
38828;410;917;10;14;10;0
38829;422;917;10;14;10;0
38834;434;917;10;14;10;0
38835;1226;917;10;14;10;0
38836;1214;917;10;14;10;0
38849;1202;917;10;14;10;0
38851;1190;917;10;14;10;0
38854;1178;917;10;14;10;0
38856;1166;917;10;14;10;0
38857;1154;917;10;14;10;0
38859;1142;917;10;14;10;0
38860;1130;917;10;14;10;0
38867;1118;917;10;14;10;0
38873;1106;917;10;14;10;0
38876;1094;917;10;14;10;0
38878;1082;917;10;14;10;0
38881;1070;917;10;14;10;0
38886;1058;917;10;14;10;0
38887;1046;917;10;14;10;0
38889;1034;917;10;14;10;0
38890;1022;917;10;14;10;0
38891;1010;917;10;14;10;0
38892;1238;917;10;14;10;0
38893;1250;917;10;14;10;0
38894;1262;917;10;14;10;0
38897;1274;917;10;14;10;0
38898;1514;917;10;14;10;0
38899;1502;917;10;14;10;0
38901;1490;917;10;14;10;0
38902;1478;917;10;14;10;0
38905;1466;917;10;14;10;0
38907;1454;917;10;14;10;0
38910;1442;917;10;14;10;0
38911;1430;917;10;14;10;0
38913;1418;917;10;14;10;0
38914;1526;917;10;14;10;0
38915;1406;917;10;14;10;0
38917;1382;917;10;14;10;0
38918;1370;917;10;14;10;0
38919;1358;917;10;14;10;0
38920;1346;917;10;14;10;0
38922;1334;917;10;14;10;0
38924;1322;917;10;14;10;0
38926;1310;917;10;14;10;0
38927;1298;917;10;14;10;0
38928;1286;917;10;14;10;0
38929;998;917;10;14;10;0
38930;1394;917;10;14;10;0
38931;986;917;10;14;10;0
38935;830;917;10;14;10;0
38936;662;917;10;14;10;0
38938;650;917;10;14;10;0
38940;638;917;10;14;10;0
38945;626;917;10;14;10;0
38948;614;917;10;14;10;0
38955;602;917;10;14;10;0
38956;590;917;10;14;10;0
38957;578;917;10;14;10;0
38960;566;917;10;14;10;0
38964;554;917;10;14;10;0
38967;542;917;10;14;10;0
38968;530;917;10;14;10;0
38969;518;917;10;14;10;0
38971;506;917;10;14;10;0
38972;494;917;10;14;10;0
38973;482;917;10;14;10;0
38982;470;917;10;14;10;0
38987;458;917;10;14;10;0
38988;446;917;10;14;10;0
38989;674;917;10;14;10;0
38990;686;917;10;14;10;0
38991;698;917;10;14;10;0
38995;710;917;10;14;10;0
38996;950;917;10;14;10;0
38997;938;917;10;14;10;0
38999;926;917;10;14;10;0
39000;914;917;10;14;10;0
39001;902;917;10;14;10;0
39002;890;917;10;14;10;0
39003;878;917;10;14;10;0
39006;866;917;10;14;10;0
39010;854;917;10;14;10;0
39013;962;917;10;14;10;0
39015;842;917;10;14;10;0
39019;818;917;10;14;10;0
39023;806;917;10;14;10;0
39024;794;917;10;14;10;0
39025;782;917;10;14;10;0
39027;770;917;10;14;10;0
39028;758;917;10;14;10;0
39029;746;917;10;14;10;0
39030;734;917;10;14;10;0
39031;722;917;10;14;10;0
39033;1538;917;10;14;10;0
39034;3794;917;10;14;10;0
39035;1934;933;10;14;10;0
39037;3806;917;10;14;10;0
39038;2738;933;10;14;10;0
39039;2726;933;10;14;10;0
39041;2714;933;10;14;10;0
39042;2702;933;10;14;10;0
39044;2690;933;10;14;10;0
39045;2678;933;10;14;10;0
39046;2666;933;10;14;10;0
39047;2654;933;10;14;10;0
39048;2642;933;10;14;10;0
39050;2630;933;10;14;10;0
39052;2618;933;10;14;10;0
39056;2606;933;10;14;10;0
39057;2594;933;10;14;10;0
39059;2582;933;10;14;10;0
39060;2570;933;10;14;10;0
39062;2558;933;10;14;10;0
39063;2546;933;10;14;10;0
39064;2534;933;10;14;10;0
39066;2522;933;10;14;10;0
39068;2750;933;10;14;10;0
39069;2762;933;10;14;10;0
39072;2774;933;10;14;10;0
39076;2786;933;10;14;10;0
39079;3026;933;10;14;10;0
39080;3014;933;10;14;10;0
39082;3002;933;10;14;10;0
39087;2990;933;10;14;10;0
39089;2978;933;10;14;10;0
39091;2966;933;10;14;10;0
39094;2954;933;10;14;10;0
39095;2942;933;10;14;10;0
39098;2930;933;10;14;10;0
39100;3038;933;10;14;10;0
39107;2918;933;10;14;10;0
39108;2894;933;10;14;10;0
39110;2882;933;10;14;10;0
39112;2870;933;10;14;10;0
39118;2858;933;10;14;10;0
39122;2846;933;10;14;10;0
39125;2834;933;10;14;10;0
39128;2822;933;10;14;10;0
39129;2810;933;10;14;10;0
39130;2798;933;10;14;10;0
39131;2510;933;10;14;10;0
39132;2498;933;10;14;10;0
39134;2486;933;10;14;10;0
39135;2210;933;10;14;10;0
39138;2186;933;10;14;10;0
39141;2174;933;10;14;10;0
39143;2162;933;10;14;10;0
39144;2150;933;10;14;10;0
39145;2138;933;10;14;10;0
39146;2126;933;10;14;10;0
39147;2114;933;10;14;10;0
39149;2102;933;10;14;10;0
39150;2090;933;10;14;10;0
39151;2078;933;10;14;10;0
39154;2066;933;10;14;10;0
39156;2054;933;10;14;10;0
39164;2042;933;10;14;10;0
39165;2030;933;10;14;10;0
39166;2018;933;10;14;10;0
39171;2006;933;10;14;10;0
39173;1994;933;10;14;10;0
39177;1982;933;10;14;10;0
39178;1970;933;10;14;10;0
39180;2198;933;10;14;10;0
39184;2222;933;10;14;10;0
39185;2474;933;10;14;10;0
39186;2234;933;10;14;10;0
39187;2462;933;10;14;10;0
39188;2450;933;10;14;10;0
39192;2438;933;10;14;10;0
39194;2426;933;10;14;10;0
39195;2414;933;10;14;10;0
39197;2402;933;10;14;10;0
39198;2390;933;10;14;10;0
39200;2378;933;10;14;10;0
39201;2366;933;10;14;10;0
39204;2354;933;10;14;10;0
39208;2342;933;10;14;10;0
39212;2330;933;10;14;10;0
39214;2318;933;10;14;10;0
39221;2306;933;10;14;10;0
39224;2294;933;10;14;10;0
39229;2282;933;10;14;10;0
39230;2270;933;10;14;10;0
39231;2258;933;10;14;10;0
39232;2246;933;10;14;10;0
39234;2906;933;10;14;10;0
39235;3050;933;10;14;10;0
39237;3062;933;10;14;10;0
39240;3074;933;10;14;10;0
39241;3866;933;10;14;10;0
39243;3854;933;10;14;10;0
39244;3842;933;10;14;10;0
39248;3830;933;10;14;10;0
39249;3818;933;10;14;10;0
39250;3806;933;10;14;10;0
39253;3794;933;10;14;10;0
39255;3782;933;10;14;10;0
39260;3770;933;10;14;10;0
39262;3758;933;10;14;10;0
39269;3746;933;10;14;10;0
39272;3734;933;10;14;10;0
39274;3722;933;10;14;10;0
39277;3710;933;10;14;10;0
39278;3698;933;10;14;10;0
39279;3686;933;10;14;10;0
39280;3674;933;10;14;10;0
39281;3662;933;10;14;10;0
39282;3650;933;10;14;10;0
39284;3878;933;10;14;10;0
39285;3890;933;10;14;10;0
39286;3902;933;10;14;10;0
39290;3914;933;10;14;10;0
39292;62;949;10;14;10;0
39295;50;949;10;14;10;0
39296;38;949;10;14;10;0
39297;26;949;10;14;10;0
39300;14;949;10;14;10;0
39301;2;949;10;14;10;0
39302;4082;933;10;14;10;0
39304;4070;933;10;14;10;0
39307;4058;933;10;14;10;0
39309;74;949;10;14;10;0
39311;4046;933;10;14;10;0
39312;4022;933;10;14;10;0
39313;4010;933;10;14;10;0
39314;3998;933;10;14;10;0
39315;3986;933;10;14;10;0
39316;3974;933;10;14;10;0
39317;3962;933;10;14;10;0
39318;3950;933;10;14;10;0
39319;3938;933;10;14;10;0
39320;3926;933;10;14;10;0
39321;3638;933;10;14;10;0
39333;4034;933;10;14;10;0
39336;3626;933;10;14;10;0
39340;3470;933;10;14;10;0
39341;3302;933;10;14;10;0
39342;3290;933;10;14;10;0
39345;3278;933;10;14;10;0
39347;3266;933;10;14;10;0
39348;3254;933;10;14;10;0
39356;3242;933;10;14;10;0
39361;3230;933;10;14;10;0
39363;3218;933;10;14;10;0
39364;3206;933;10;14;10;0
39365;3194;933;10;14;10;0
39366;3182;933;10;14;10;0
39367;3170;933;10;14;10;0
39368;3158;933;10;14;10;0
39376;3146;933;10;14;10;0
39377;3134;933;10;14;10;0
39378;3122;933;10;14;10;0
39381;3110;933;10;14;10;0
39384;3098;933;10;14;10;0
39385;3086;933;10;14;10;0
39387;3314;933;10;14;10;0
39389;3326;933;10;14;10;0
39391;3338;933;10;14;10;0
39393;3350;933;10;14;10;0
39394;3590;933;10;14;10;0
39405;3578;933;10;14;10;0
39406;3566;933;10;14;10;0
39409;3554;933;10;14;10;0
39410;3542;933;10;14;10;0
39416;3530;933;10;14;10;0
39419;3518;933;10;14;10;0
39423;3506;933;10;14;10;0
39425;3494;933;10;14;10;0
39429;3602;933;10;14;10;0
39438;3482;933;10;14;10;0
39439;3458;933;10;14;10;0
39442;3446;933;10;14;10;0
39443;3434;933;10;14;10;0
39446;3422;933;10;14;10;0
39449;3410;933;10;14;10;0
39464;3398;933;10;14;10;0
39467;3386;933;10;14;10;0
39470;3374;933;10;14;10;0
39471;3362;933;10;14;10;0
39472;1958;933;10;14;10;0
39477;3614;933;10;14;10;0
39479;1946;933;10;14;10;0
39486;1370;933;10;14;10;0
39488;494;933;10;14;10;0
39489;482;933;10;14;10;0
39490;470;933;10;14;10;0
39491;458;933;10;14;10;0
39492;446;933;10;14;10;0
39493;434;933;10;14;10;0
39498;422;933;10;14;10;0
39500;410;933;10;14;10;0
39501;398;933;10;14;10;0
39506;386;933;10;14;10;0
39509;374;933;10;14;10;0
39511;362;933;10;14;10;0
39514;350;933;10;14;10;0
39515;338;933;10;14;10;0
39519;326;933;10;14;10;0
39522;314;933;10;14;10;0
39523;302;933;10;14;10;0
39524;290;933;10;14;10;0
39525;278;933;10;14;10;0
39529;506;933;10;14;10;0
39530;518;933;10;14;10;0
39531;530;933;10;14;10;0
39532;542;933;10;14;10;0
39533;782;933;10;14;10;0
39534;770;933;10;14;10;0
39535;758;933;10;14;10;0
39536;746;933;10;14;10;0
39537;734;933;10;14;10;0
39539;722;933;10;14;10;0
39540;710;933;10;14;10;0
39542;698;933;10;14;10;0
39544;686;933;10;14;10;0
39545;794;933;10;14;10;0
39547;674;933;10;14;10;0
39548;650;933;10;14;10;0
39550;638;933;10;14;10;0
39551;626;933;10;14;10;0
39553;614;933;10;14;10;0
39554;602;933;10;14;10;0
39556;590;933;10;14;10;0
39558;578;933;10;14;10;0
39559;566;933;10;14;10;0
39560;554;933;10;14;10;0
39562;266;933;10;14;10;0
39563;254;933;10;14;10;0
39564;242;933;10;14;10;0
39567;4058;917;10;14;10;0
39569;4034;917;10;14;10;0
39575;4022;917;10;14;10;0
39578;4010;917;10;14;10;0
39581;3998;917;10;14;10;0
39582;3986;917;10;14;10;0
39584;3974;917;10;14;10;0
39585;3962;917;10;14;10;0
39588;3950;917;10;14;10;0
39589;3938;917;10;14;10;0
39592;3926;917;10;14;10;0
39597;3914;917;10;14;10;0
39599;3902;917;10;14;10;0
39600;3890;917;10;14;10;0
39601;3878;917;10;14;10;0
39606;3866;917;10;14;10;0
39607;3854;917;10;14;10;0
39608;3842;917;10;14;10;0
39609;3830;917;10;14;10;0
39612;3818;917;10;14;10;0
39614;4046;917;10;14;10;0
39616;4070;917;10;14;10;0
39617;230;933;10;14;10;0
39618;4082;917;10;14;10;0
39620;218;933;10;14;10;0
39621;206;933;10;14;10;0
39631;194;933;10;14;10;0
39633;182;933;10;14;10;0
39634;170;933;10;14;10;0
39635;158;933;10;14;10;0
39636;146;933;10;14;10;0
39637;134;933;10;14;10;0
39638;122;933;10;14;10;0
39640;110;933;10;14;10;0
39646;98;933;10;14;10;0
39647;86;933;10;14;10;0
39649;74;933;10;14;10;0
39650;62;933;10;14;10;0
39651;50;933;10;14;10;0
39654;38;933;10;14;10;0
39658;26;933;10;14;10;0
39659;14;933;10;14;10;0
39661;2;933;10;14;10;0
39662;662;933;10;14;10;0
39663;806;933;10;14;10;0
39665;818;933;10;14;10;0
39668;830;933;10;14;10;0
39671;1622;933;10;14;10;0
39673;1610;933;10;14;10;0
39675;1598;933;10;14;10;0
39683;1586;933;10;14;10;0
39686;1574;933;10;14;10;0
39688;1562;933;10;14;10;0
39693;1550;933;10;14;10;0
39695;1538;933;10;14;10;0
39699;1526;933;10;14;10;0
39704;1514;933;10;14;10;0
39706;1502;933;10;14;10;0
39711;1490;933;10;14;10;0
39714;1478;933;10;14;10;0
39715;1466;933;10;14;10;0
39717;1454;933;10;14;10;0
39718;1442;933;10;14;10;0
39719;1430;933;10;14;10;0
39720;1418;933;10;14;10;0
39721;1406;933;10;14;10;0
39722;1634;933;10;14;10;0
39726;1646;933;10;14;10;0
39727;1658;933;10;14;10;0
39729;1670;933;10;14;10;0
39730;1910;933;10;14;10;0
39739;1898;933;10;14;10;0
39740;1886;933;10;14;10;0
39742;1874;933;10;14;10;0
39745;1862;933;10;14;10;0
39746;1850;933;10;14;10;0
39747;1838;933;10;14;10;0
39748;1826;933;10;14;10;0
39749;1814;933;10;14;10;0
39750;1922;933;10;14;10;0
39751;1802;933;10;14;10;0
39752;1778;933;10;14;10;0
39753;1766;933;10;14;10;0
39757;1754;933;10;14;10;0
39758;1742;933;10;14;10;0
39759;734;565;10;14;10;0
39761;1718;933;10;14;10;0
39764;1706;933;10;14;10;0
39768;1694;933;10;14;10;0
39770;1682;933;10;14;10;0
39775;1394;933;10;14;10;0
39776;1790;933;10;14;10;0
39782;1382;933;10;14;10;0
39784;1226;933;10;14;10;0
39785;1058;933;10;14;10;0
39791;1046;933;10;14;10;0
39796;1034;933;10;14;10;0
39799;1022;933;10;14;10;0
39805;1010;933;10;14;10;0
39808;998;933;10;14;10;0
39811;986;933;10;14;10;0
39819;974;933;10;14;10;0
39822;962;933;10;14;10;0
39824;950;933;10;14;10;0
39825;938;933;10;14;10;0
39826;926;933;10;14;10;0
39827;914;933;10;14;10;0
39830;902;933;10;14;10;0
39831;890;933;10;14;10;0
39839;878;933;10;14;10;0
39840;866;933;10;14;10;0
39848;854;933;10;14;10;0
39850;842;933;10;14;10;0
39851;1070;933;10;14;10;0
39853;1082;933;10;14;10;0
39854;1094;933;10;14;10;0
39860;1106;933;10;14;10;0
39864;1346;933;10;14;10;0
39865;1334;933;10;14;10;0
39872;1322;933;10;14;10;0
39873;1310;933;10;14;10;0
39874;1298;933;10;14;10;0
39878;1286;933;10;14;10;0
39879;1274;933;10;14;10;0
39880;1262;933;10;14;10;0
39881;1250;933;10;14;10;0
39882;1358;933;10;14;10;0
39887;1238;933;10;14;10;0
39889;1214;933;10;14;10;0
39890;1202;933;10;14;10;0
39891;1190;933;10;14;10;0
39892;1178;933;10;14;10;0
39894;1166;933;10;14;10;0
39895;1154;933;10;14;10;0
39897;1142;933;10;14;10;0
39899;1130;933;10;14;10;0
39901;1118;933;10;14;10;0
39905;746;565;10;14;10;0
39906;2486;1045;10;14;10;0
39907;722;565;10;14;10;0
39908;782;469;10;14;10;0
39911;3614;181;10;14;10;0
39912;3602;181;10;14;10;0
39914;3590;181;10;14;10;0
39917;3578;181;10;14;10;0
39920;3566;181;10;14;10;0
39921;3554;181;10;14;10;0
39922;3542;181;10;14;10;0
39925;3530;181;10;14;10;0
39927;3518;181;10;14;10;0
39933;3506;181;10;14;10;0
39938;3494;181;10;14;10;0
39940;3482;181;10;14;10;0
39942;3470;181;10;14;10;0
39944;3458;181;10;14;10;0
39945;3446;181;10;14;10;0
39946;3434;181;10;14;10;0
39948;3422;181;10;14;10;0
39949;3410;181;10;14;10;0
39952;3398;181;10;14;10;0
39954;3626;181;10;14;10;0
39955;3638;181;10;14;10;0
39956;3650;181;10;14;10;0
39957;3662;181;10;14;10;0
39963;3902;181;10;14;10;0
39964;3890;181;10;14;10;0
39969;3878;181;10;14;10;0
39972;3866;181;10;14;10;0
39973;3854;181;10;14;10;0
39977;3842;181;10;14;10;0
39981;3830;181;10;14;10;0
39982;3818;181;10;14;10;0
39983;3806;181;10;14;10;0
39984;3914;181;10;14;10;0
39985;3794;181;10;14;10;0
39986;3770;181;10;14;10;0
39993;3758;181;10;14;10;0
39994;3746;181;10;14;10;0
39995;3734;181;10;14;10;0
39998;3722;181;10;14;10;0
40006;3710;181;10;14;10;0
40007;3698;181;10;14;10;0
40008;3686;181;10;14;10;0
40009;3674;181;10;14;10;0
40018;3386;181;10;14;10;0
40020;3374;181;10;14;10;0
40022;3362;181;10;14;10;0
40023;3086;181;10;14;10;0
40024;3062;181;10;14;10;0
40025;3050;181;10;14;10;0
40026;3038;181;10;14;10;0
40028;3026;181;10;14;10;0
40031;3014;181;10;14;10;0
40032;3002;181;10;14;10;0
40039;2990;181;10;14;10;0
40050;2978;181;10;14;10;0
40054;2966;181;10;14;10;0
40055;2954;181;10;14;10;0
40056;2942;181;10;14;10;0
40058;2930;181;10;14;10;0
40060;2918;181;10;14;10;0
40063;2906;181;10;14;10;0
40065;2894;181;10;14;10;0
40072;2882;181;10;14;10;0
40073;2870;181;10;14;10;0
40076;2858;181;10;14;10;0
40077;2846;181;10;14;10;0
40078;3074;181;10;14;10;0
40081;3098;181;10;14;10;0
40082;3350;181;10;14;10;0
40085;3110;181;10;14;10;0
40092;3338;181;10;14;10;0
40095;3326;181;10;14;10;0
40096;3314;181;10;14;10;0
40097;3302;181;10;14;10;0
40098;3290;181;10;14;10;0
40099;3278;181;10;14;10;0
40100;3266;181;10;14;10;0
40101;3254;181;10;14;10;0
40102;3242;181;10;14;10;0
40103;3230;181;10;14;10;0
40104;3218;181;10;14;10;0
40107;3206;181;10;14;10;0
40109;2;1128;9;14;10;0
40110;3194;181;10;14;10;0
40113;3182;181;10;14;10;0
40114;3170;181;10;14;10;0
40115;3158;181;10;14;10;0
40118;3146;181;10;14;10;0
40120;3134;181;10;14;10;0
40127;3122;181;10;14;10;0
40131;3782;181;10;14;10;0
40132;3926;181;10;14;10;0
40137;3938;181;10;14;10;0
40140;3950;181;10;14;10;0
40141;650;197;10;14;10;0
40143;638;197;10;14;10;0
40149;626;197;10;14;10;0
40150;614;197;10;14;10;0
40153;602;197;10;14;10;0
40156;590;197;10;14;10;0
40157;578;197;10;14;10;0
40158;566;197;10;14;10;0
40159;554;197;10;14;10;0
40165;542;197;10;14;10;0
40167;530;197;10;14;10;0
40169;518;197;10;14;10;0
40171;506;197;10;14;10;0
40172;494;197;10;14;10;0
40175;482;197;10;14;10;0
40176;470;197;10;14;10;0
40179;458;197;10;14;10;0
40180;446;197;10;14;10;0
40182;434;197;10;14;10;0
40195;662;197;10;14;10;0
40198;674;197;10;14;10;0
40199;686;197;10;14;10;0
40200;698;197;10;14;10;0
40201;938;197;10;14;10;0
40206;926;197;10;14;10;0
40210;914;197;10;14;10;0
40213;902;197;10;14;10;0
40219;890;197;10;14;10;0
40221;878;197;10;14;10;0
40222;866;197;10;14;10;0
40223;854;197;10;14;10;0
40227;842;197;10;14;10;0
40230;950;197;10;14;10;0
40232;830;197;10;14;10;0
40234;806;197;10;14;10;0
40235;794;197;10;14;10;0
40236;782;197;10;14;10;0
40239;770;197;10;14;10;0
40247;758;197;10;14;10;0
40251;746;197;10;14;10;0
40253;734;197;10;14;10;0
40254;722;197;10;14;10;0
40255;710;197;10;14;10;0
40257;422;197;10;14;10;0
40260;818;197;10;14;10;0
40262;410;197;10;14;10;0
40264;254;197;10;14;10;0
40272;86;197;10;14;10;0
40273;74;197;10;14;10;0
40281;62;197;10;14;10;0
40284;50;197;10;14;10;0
40285;38;197;10;14;10;0
40286;26;197;10;14;10;0
40287;14;197;10;14;10;0
40288;2;197;10;14;10;0
40289;4082;181;10;14;10;0
40292;4070;181;10;14;10;0
40298;4058;181;10;14;10;0
40300;4046;181;10;14;10;0
40303;4034;181;10;14;10;0
40304;4022;181;10;14;10;0
40306;4010;181;10;14;10;0
40314;3998;181;10;14;10;0
40326;3986;181;10;14;10;0
40327;3974;181;10;14;10;0
40329;3962;181;10;14;10;0
40335;98;197;10;14;10;0
40339;110;197;10;14;10;0
40342;122;197;10;14;10;0
40344;134;197;10;14;10;0
40346;374;197;10;14;10;0
40356;362;197;10;14;10;0
40361;350;197;10;14;10;0
40363;338;197;10;14;10;0
40367;326;197;10;14;10;0
40370;314;197;10;14;10;0
40372;302;197;10;14;10;0
40376;290;197;10;14;10;0
40378;278;197;10;14;10;0
40379;386;197;10;14;10;0
40380;266;197;10;14;10;0
40383;242;197;10;14;10;0
40384;230;197;10;14;10;0
40385;218;197;10;14;10;0
40386;206;197;10;14;10;0
40388;194;197;10;14;10;0
40390;182;197;10;14;10;0
40399;170;197;10;14;10;0
40403;158;197;10;14;10;0
40407;146;197;10;14;10;0
40409;2834;181;10;14;10;0
40413;398;197;10;14;10;0
40421;2822;181;10;14;10;0
40422;2246;181;10;14;10;0
40429;1370;181;10;14;10;0
40431;1358;181;10;14;10;0
40434;1346;181;10;14;10;0
40436;1334;181;10;14;10;0
40440;1322;181;10;14;10;0
40441;1310;181;10;14;10;0
40442;1298;181;10;14;10;0
40445;1286;181;10;14;10;0
40447;1274;181;10;14;10;0
40469;1262;181;10;14;10;0
40474;1250;181;10;14;10;0
40475;1238;181;10;14;10;0
40477;1226;181;10;14;10;0
40478;1214;181;10;14;10;0
40479;1202;181;10;14;10;0
40480;1190;181;10;14;10;0
40481;1178;181;10;14;10;0
40482;1166;181;10;14;10;0
40483;1154;181;10;14;10;0
40485;1382;181;10;14;10;0
40486;1394;181;10;14;10;0
40489;1406;181;10;14;10;0
40493;1418;181;10;14;10;0
40494;1658;181;10;14;10;0
40495;1646;181;10;14;10;0
40497;1634;181;10;14;10;0
40499;1622;181;10;14;10;0
40501;1610;181;10;14;10;0
40504;1598;181;10;14;10;0
40509;1586;181;10;14;10;0
40511;1574;181;10;14;10;0
40513;1562;181;10;14;10;0
40515;1670;181;10;14;10;0
40517;1550;181;10;14;10;0
40520;1526;181;10;14;10;0
40521;1514;181;10;14;10;0
40522;1502;181;10;14;10;0
40523;1490;181;10;14;10;0
40524;1478;181;10;14;10;0
40527;1466;181;10;14;10;0
40529;1454;181;10;14;10;0
40533;1442;181;10;14;10;0
40540;1430;181;10;14;10;0
40548;1142;181;10;14;10;0
40550;1130;181;10;14;10;0
40555;1118;181;10;14;10;0
40556;842;181;10;14;10;0
40557;818;181;10;14;10;0
40560;806;181;10;14;10;0
40561;794;181;10;14;10;0
40563;782;181;10;14;10;0
40565;770;181;10;14;10;0
40568;758;181;10;14;10;0
40569;746;181;10;14;10;0
40572;734;181;10;14;10;0
40573;722;181;10;14;10;0
40574;710;181;10;14;10;0
40575;698;181;10;14;10;0
40577;686;181;10;14;10;0
40578;674;181;10;14;10;0
40583;662;181;10;14;10;0
40584;650;181;10;14;10;0
40587;638;181;10;14;10;0
40588;626;181;10;14;10;0
40593;614;181;10;14;10;0
40594;602;181;10;14;10;0
40595;830;181;10;14;10;0
40597;854;181;10;14;10;0
40598;1106;181;10;14;10;0
40599;866;181;10;14;10;0
40605;1094;181;10;14;10;0
40607;1082;181;10;14;10;0
40613;1070;181;10;14;10;0
40614;1058;181;10;14;10;0
40617;1046;181;10;14;10;0
40618;1034;181;10;14;10;0
40621;1022;181;10;14;10;0
40623;1010;181;10;14;10;0
40628;998;181;10;14;10;0
40629;986;181;10;14;10;0
40632;974;181;10;14;10;0
40633;962;181;10;14;10;0
40634;950;181;10;14;10;0
40635;938;181;10;14;10;0
40636;926;181;10;14;10;0
40637;914;181;10;14;10;0
40638;902;181;10;14;10;0
40639;890;181;10;14;10;0
40643;878;181;10;14;10;0
40644;1538;181;10;14;10;0
40649;1682;181;10;14;10;0
40652;1694;181;10;14;10;0
40653;1706;181;10;14;10;0
40654;2498;181;10;14;10;0
40655;2486;181;10;14;10;0
40656;2474;181;10;14;10;0
40657;2462;181;10;14;10;0
40658;2450;181;10;14;10;0
40660;2438;181;10;14;10;0
40664;2426;181;10;14;10;0
40665;2414;181;10;14;10;0
40667;2402;181;10;14;10;0
40668;2390;181;10;14;10;0
40669;2378;181;10;14;10;0
40670;2366;181;10;14;10;0
40672;2354;181;10;14;10;0
40674;2342;181;10;14;10;0
40677;2330;181;10;14;10;0
40680;2318;181;10;14;10;0
40681;2306;181;10;14;10;0
40687;2294;181;10;14;10;0
40692;2282;181;10;14;10;0
40694;2510;181;10;14;10;0
40695;2522;181;10;14;10;0
40697;2534;181;10;14;10;0
40699;2546;181;10;14;10;0
40700;2786;181;10;14;10;0
40701;2774;181;10;14;10;0
40703;2762;181;10;14;10;0
40711;2750;181;10;14;10;0
40712;2738;181;10;14;10;0
40714;2726;181;10;14;10;0
40715;2714;181;10;14;10;0
40718;2702;181;10;14;10;0
40720;2690;181;10;14;10;0
40723;2798;181;10;14;10;0
40725;2678;181;10;14;10;0
40729;2654;181;10;14;10;0
40736;2642;181;10;14;10;0
40737;2630;181;10;14;10;0
40745;2618;181;10;14;10;0
40748;2606;181;10;14;10;0
40751;2594;181;10;14;10;0
40753;2582;181;10;14;10;0
40756;2570;181;10;14;10;0
40761;2558;181;10;14;10;0
40763;2270;181;10;14;10;0
40766;2666;181;10;14;10;0
40769;2258;181;10;14;10;0
40778;2102;181;10;14;10;0
40779;1934;181;10;14;10;0
40782;1922;181;10;14;10;0
40783;1910;181;10;14;10;0
40784;1898;181;10;14;10;0
40786;1886;181;10;14;10;0
40788;1874;181;10;14;10;0
40793;1862;181;10;14;10;0
40796;1850;181;10;14;10;0
40798;1838;181;10;14;10;0
40799;1826;181;10;14;10;0
40800;1814;181;10;14;10;0
40801;1802;181;10;14;10;0
40802;1790;181;10;14;10;0
40803;1778;181;10;14;10;0
40806;1766;181;10;14;10;0
40807;1754;181;10;14;10;0
40810;1742;181;10;14;10;0
40812;1730;181;10;14;10;0
40818;1718;181;10;14;10;0
40822;1946;181;10;14;10;0
40823;1958;181;10;14;10;0
40831;1970;181;10;14;10;0
40836;1982;181;10;14;10;0
40839;2222;181;10;14;10;0
40842;2210;181;10;14;10;0
40843;2198;181;10;14;10;0
40844;2186;181;10;14;10;0
40845;2174;181;10;14;10;0
40848;2162;181;10;14;10;0
40852;2150;181;10;14;10;0
40853;2138;181;10;14;10;0
40856;2126;181;10;14;10;0
40857;2234;181;10;14;10;0
40858;2114;181;10;14;10;0
40860;2090;181;10;14;10;0
40861;2078;181;10;14;10;0
40863;2066;181;10;14;10;0
40864;2054;181;10;14;10;0
40866;2042;181;10;14;10;0
40880;2030;181;10;14;10;0
40881;2018;181;10;14;10;0
40911;2006;181;10;14;10;0
40916;1994;181;10;14;10;0
40939;2810;181;10;14;10;0
40940;974;197;10;14;10;0
40941;3206;197;10;14;10;0
44032;986;197;10;14;10;0
44033;4010;197;10;14;10;0
44034;3998;197;10;14;10;0
44035;3986;197;10;14;10;0
44036;3974;197;10;14;10;0
44037;3962;197;10;14;10;0
44038;3950;197;10;14;10;0
44039;3938;197;10;14;10;0
44040;3926;197;10;14;10;0
44041;3914;197;10;14;10;0
44042;3902;197;10;14;10;0
44043;3890;197;10;14;10;0
44044;3878;197;10;14;10;0
44045;3866;197;10;14;10;0
44046;3854;197;10;14;10;0
44047;3842;197;10;14;10;0
44048;3830;197;10;14;10;0
44049;3818;197;10;14;10;0
44050;3806;197;10;14;10;0
44051;3794;197;10;14;10;0
44052;4022;197;10;14;10;0
44053;4034;197;10;14;10;0
44054;4046;197;10;14;10;0
44055;4058;197;10;14;10;0
44056;206;213;10;14;10;0
44057;194;213;10;14;10;0
44058;182;213;10;14;10;0
44059;170;213;10;14;10;0
44060;158;213;10;14;10;0
44061;146;213;10;14;10;0
44062;134;213;10;14;10;0
44063;122;213;10;14;10;0
44064;110;213;10;14;10;0
44065;218;213;10;14;10;0
44066;98;213;10;14;10;0
44067;74;213;10;14;10;0
44068;62;213;10;14;10;0
44069;50;213;10;14;10;0
44070;38;213;10;14;10;0
44071;26;213;10;14;10;0
44072;14;213;10;14;10;0
44073;2;213;10;14;10;0
44074;4082;197;10;14;10;0
44075;4070;197;10;14;10;0
44076;3782;197;10;14;10;0
44077;3770;197;10;14;10;0
44078;3758;197;10;14;10;0
44079;3482;197;10;14;10;0
44080;3458;197;10;14;10;0
44081;3446;197;10;14;10;0
44082;3434;197;10;14;10;0
44083;3422;197;10;14;10;0
44084;3410;197;10;14;10;0
44085;3398;197;10;14;10;0
44086;3386;197;10;14;10;0
44087;3374;197;10;14;10;0
44088;3362;197;10;14;10;0
44089;3350;197;10;14;10;0
44090;3338;197;10;14;10;0
44091;3326;197;10;14;10;0
44092;3314;197;10;14;10;0
44093;3302;197;10;14;10;0
44094;3290;197;10;14;10;0
44095;3278;197;10;14;10;0
44096;3266;197;10;14;10;0
44097;3254;197;10;14;10;0
44098;3242;197;10;14;10;0
44099;3470;197;10;14;10;0
44100;3494;197;10;14;10;0
44101;3746;197;10;14;10;0
44102;3506;197;10;14;10;0
44103;3734;197;10;14;10;0
44104;3722;197;10;14;10;0
44105;3710;197;10;14;10;0
44106;3698;197;10;14;10;0
44107;3686;197;10;14;10;0
44108;3674;197;10;14;10;0
44109;3662;197;10;14;10;0
44110;3650;197;10;14;10;0
44111;3638;197;10;14;10;0
44112;3626;197;10;14;10;0
44113;3614;197;10;14;10;0
44114;3602;197;10;14;10;0
44115;3590;197;10;14;10;0
44116;3578;197;10;14;10;0
44117;3566;197;10;14;10;0
44118;3554;197;10;14;10;0
44119;3542;197;10;14;10;0
44120;3530;197;10;14;10;0
44121;3518;197;10;14;10;0
44122;86;213;10;14;10;0
44123;230;213;10;14;10;0
44124;242;213;10;14;10;0
44125;254;213;10;14;10;0
44126;1046;213;10;14;10;0
44127;1034;213;10;14;10;0
44128;1022;213;10;14;10;0
44129;1010;213;10;14;10;0
44130;998;213;10;14;10;0
44131;986;213;10;14;10;0
44132;974;213;10;14;10;0
44133;962;213;10;14;10;0
44134;950;213;10;14;10;0
44135;938;213;10;14;10;0
44136;926;213;10;14;10;0
44137;914;213;10;14;10;0
44138;902;213;10;14;10;0
44139;890;213;10;14;10;0
44140;878;213;10;14;10;0
44141;866;213;10;14;10;0
44142;854;213;10;14;10;0
44143;842;213;10;14;10;0
44144;830;213;10;14;10;0
44145;1058;213;10;14;10;0
44146;1070;213;10;14;10;0
44147;1082;213;10;14;10;0
44148;1094;213;10;14;10;0
44149;1334;213;10;14;10;0
44150;1322;213;10;14;10;0
44151;1310;213;10;14;10;0
44152;1298;213;10;14;10;0
44153;1286;213;10;14;10;0
44154;1274;213;10;14;10;0
44155;1262;213;10;14;10;0
44156;1250;213;10;14;10;0
44157;1238;213;10;14;10;0
44158;1346;213;10;14;10;0
44159;1226;213;10;14;10;0
44160;1202;213;10;14;10;0
44161;1190;213;10;14;10;0
44162;1178;213;10;14;10;0
44163;1166;213;10;14;10;0
44164;1154;213;10;14;10;0
44165;1142;213;10;14;10;0
44166;1130;213;10;14;10;0
44167;1118;213;10;14;10;0
44168;1106;213;10;14;10;0
44169;818;213;10;14;10;0
44170;1214;213;10;14;10;0
44171;806;213;10;14;10;0
44172;650;213;10;14;10;0
44173;482;213;10;14;10;0
44174;470;213;10;14;10;0
44175;458;213;10;14;10;0
44176;446;213;10;14;10;0
44177;434;213;10;14;10;0
44178;422;213;10;14;10;0
44179;410;213;10;14;10;0
44180;398;213;10;14;10;0
44181;386;213;10;14;10;0
44182;374;213;10;14;10;0
44183;362;213;10;14;10;0
44184;350;213;10;14;10;0
44185;338;213;10;14;10;0
44186;326;213;10;14;10;0
44187;314;213;10;14;10;0
44188;302;213;10;14;10;0
44189;290;213;10;14;10;0
44190;278;213;10;14;10;0
44191;266;213;10;14;10;0
44192;494;213;10;14;10;0
44193;506;213;10;14;10;0
44194;518;213;10;14;10;0
44195;530;213;10;14;10;0
44196;770;213;10;14;10;0
44197;758;213;10;14;10;0
44198;746;213;10;14;10;0
44199;734;213;10;14;10;0
44200;722;213;10;14;10;0
44201;710;213;10;14;10;0
44202;698;213;10;14;10;0
44203;686;213;10;14;10;0
44204;674;213;10;14;10;0
44205;782;213;10;14;10;0
44206;662;213;10;14;10;0
44207;638;213;10;14;10;0
44208;626;213;10;14;10;0
44209;614;213;10;14;10;0
44210;602;213;10;14;10;0
44211;590;213;10;14;10;0
44212;578;213;10;14;10;0
44213;566;213;10;14;10;0
44214;554;213;10;14;10;0
44215;542;213;10;14;10;0
44216;3230;197;10;14;10;0
44217;794;213;10;14;10;0
44218;3218;197;10;14;10;0
44219;2642;197;10;14;10;0
44220;1766;197;10;14;10;0
44221;1754;197;10;14;10;0
44222;1742;197;10;14;10;0
44223;1730;197;10;14;10;0
44224;1718;197;10;14;10;0
44225;1706;197;10;14;10;0
44226;1694;197;10;14;10;0
44227;1682;197;10;14;10;0
44228;1670;197;10;14;10;0
44229;1658;197;10;14;10;0
44230;1646;197;10;14;10;0
44231;1634;197;10;14;10;0
44232;1622;197;10;14;10;0
44233;1610;197;10;14;10;0
44234;1598;197;10;14;10;0
44235;1586;197;10;14;10;0
44236;1574;197;10;14;10;0
44237;1562;197;10;14;10;0
44238;1550;197;10;14;10;0
44239;1778;197;10;14;10;0
44240;1790;197;10;14;10;0
44241;1802;197;10;14;10;0
44242;1814;197;10;14;10;0
44243;2054;197;10;14;10;0
44244;2042;197;10;14;10;0
44245;2030;197;10;14;10;0
44246;2018;197;10;14;10;0
44247;2006;197;10;14;10;0
44248;1994;197;10;14;10;0
44249;1982;197;10;14;10;0
44250;1970;197;10;14;10;0
44251;1958;197;10;14;10;0
44252;2066;197;10;14;10;0
44253;1946;197;10;14;10;0
44254;1922;197;10;14;10;0
44255;1910;197;10;14;10;0
44256;1898;197;10;14;10;0
44257;1886;197;10;14;10;0
44258;1874;197;10;14;10;0
44259;1862;197;10;14;10;0
44260;1850;197;10;14;10;0
44261;1838;197;10;14;10;0
44262;1826;197;10;14;10;0
44263;1538;197;10;14;10;0
44264;1526;197;10;14;10;0
44265;1514;197;10;14;10;0
44266;1238;197;10;14;10;0
44267;1214;197;10;14;10;0
44268;1202;197;10;14;10;0
44269;1190;197;10;14;10;0
44270;1178;197;10;14;10;0
44271;1166;197;10;14;10;0
44272;1154;197;10;14;10;0
44273;1142;197;10;14;10;0
44274;1130;197;10;14;10;0
44275;1118;197;10;14;10;0
44276;1106;197;10;14;10;0
44277;1094;197;10;14;10;0
44278;1082;197;10;14;10;0
44279;1070;197;10;14;10;0
44280;1058;197;10;14;10;0
44281;1046;197;10;14;10;0
44282;1034;197;10;14;10;0
44283;1022;197;10;14;10;0
44284;1010;197;10;14;10;0
44285;998;197;10;14;10;0
44286;1226;197;10;14;10;0
44287;1250;197;10;14;10;0
44288;1502;197;10;14;10;0
44289;1262;197;10;14;10;0
44290;1490;197;10;14;10;0
44291;1478;197;10;14;10;0
44292;1466;197;10;14;10;0
44293;1454;197;10;14;10;0
44294;1442;197;10;14;10;0
44295;1430;197;10;14;10;0
44296;1418;197;10;14;10;0
44297;1406;197;10;14;10;0
44298;1394;197;10;14;10;0
44299;1382;197;10;14;10;0
44300;1370;197;10;14;10;0
44301;1358;197;10;14;10;0
44302;1346;197;10;14;10;0
44303;1334;197;10;14;10;0
44304;1322;197;10;14;10;0
44305;1310;197;10;14;10;0
44306;1298;197;10;14;10;0
44307;1286;197;10;14;10;0
44308;1274;197;10;14;10;0
44309;1934;197;10;14;10;0
44310;2078;197;10;14;10;0
44311;2090;197;10;14;10;0
44312;2102;197;10;14;10;0
44313;2894;197;10;14;10;0
44314;2882;197;10;14;10;0
44315;2870;197;10;14;10;0
44316;2858;197;10;14;10;0
44317;2846;197;10;14;10;0
44318;2834;197;10;14;10;0
44319;2822;197;10;14;10;0
44320;2810;197;10;14;10;0
44321;2798;197;10;14;10;0
44322;2786;197;10;14;10;0
44323;2774;197;10;14;10;0
44324;2762;197;10;14;10;0
44325;2750;197;10;14;10;0
44326;2738;197;10;14;10;0
44327;2726;197;10;14;10;0
44328;2714;197;10;14;10;0
44329;2702;197;10;14;10;0
44330;2690;197;10;14;10;0
44331;2678;197;10;14;10;0
44332;2906;197;10;14;10;0
44333;2918;197;10;14;10;0
44334;2930;197;10;14;10;0
44335;2942;197;10;14;10;0
44336;3182;197;10;14;10;0
44337;3170;197;10;14;10;0
44338;3158;197;10;14;10;0
44339;3146;197;10;14;10;0
44340;3134;197;10;14;10;0
44341;3122;197;10;14;10;0
44342;3110;197;10;14;10;0
44343;3098;197;10;14;10;0
44344;3086;197;10;14;10;0
44345;3194;197;10;14;10;0
44346;3074;197;10;14;10;0
44347;3050;197;10;14;10;0
44348;3038;197;10;14;10;0
44349;3026;197;10;14;10;0
44350;3014;197;10;14;10;0
44351;3002;197;10;14;10;0
44352;2990;197;10;14;10;0
44353;2978;197;10;14;10;0
44354;2966;197;10;14;10;0
44355;2954;197;10;14;10;0
44356;2666;197;10;14;10;0
44357;3062;197;10;14;10;0
44358;2654;197;10;14;10;0
44359;2498;197;10;14;10;0
44360;2330;197;10;14;10;0
44361;2318;197;10;14;10;0
44362;2306;197;10;14;10;0
44363;2294;197;10;14;10;0
44364;2282;197;10;14;10;0
44365;2270;197;10;14;10;0
44366;2258;197;10;14;10;0
44367;2246;197;10;14;10;0
44368;2234;197;10;14;10;0
44369;2222;197;10;14;10;0
44370;2210;197;10;14;10;0
44371;2198;197;10;14;10;0
44372;2186;197;10;14;10;0
44373;2174;197;10;14;10;0
44374;2162;197;10;14;10;0
44375;2150;197;10;14;10;0
44376;2138;197;10;14;10;0
44377;2126;197;10;14;10;0
44378;2114;197;10;14;10;0
44379;2342;197;10;14;10;0
44380;2354;197;10;14;10;0
44381;2366;197;10;14;10;0
44382;2378;197;10;14;10;0
44383;2618;197;10;14;10;0
44384;2606;197;10;14;10;0
44385;2594;197;10;14;10;0
44386;2582;197;10;14;10;0
44387;2570;197;10;14;10;0
44388;2558;197;10;14;10;0
44389;2546;197;10;14;10;0
44390;2534;197;10;14;10;0
44391;2522;197;10;14;10;0
44392;2630;197;10;14;10;0
44393;2510;197;10;14;10;0
44394;2486;197;10;14;10;0
44395;2474;197;10;14;10;0
44396;2462;197;10;14;10;0
44397;2450;197;10;14;10;0
44398;2438;197;10;14;10;0
44399;2426;197;10;14;10;0
44400;2414;197;10;14;10;0
44401;2402;197;10;14;10;0
44402;2390;197;10;14;10;0
44403;590;181;10;14;10;0
44404;962;197;10;14;10;0
44405;578;181;10;14;10;0
44406;170;165;10;14;10;0
44407;2822;149;10;14;10;0
44408;2810;149;10;14;10;0
44409;2798;149;10;14;10;0
44410;2786;149;10;14;10;0
44411;2774;149;10;14;10;0
44412;2762;149;10;14;10;0
44413;2750;149;10;14;10;0
44414;2738;149;10;14;10;0
44415;2726;149;10;14;10;0
44416;2714;149;10;14;10;0
44417;2702;149;10;14;10;0
44418;2690;149;10;14;10;0
44419;2678;149;10;14;10;0
44420;2666;149;10;14;10;0
44421;2654;149;10;14;10;0
44422;2642;149;10;14;10;0
44423;2630;149;10;14;10;0
44424;2618;149;10;14;10;0
44425;2606;149;10;14;10;0
44426;2834;149;10;14;10;0
44427;2846;149;10;14;10;0
44428;2858;149;10;14;10;0
44429;2870;149;10;14;10;0
44430;3110;149;10;14;10;0
44431;3098;149;10;14;10;0
44432;3086;149;10;14;10;0
44433;3074;149;10;14;10;0
44434;3062;149;10;14;10;0
44435;3050;149;10;14;10;0
44436;3038;149;10;14;10;0
44437;3026;149;10;14;10;0
44438;3014;149;10;14;10;0
44439;3122;149;10;14;10;0
44440;3002;149;10;14;10;0
44441;2978;149;10;14;10;0
44442;2966;149;10;14;10;0
44443;2954;149;10;14;10;0
44444;2942;149;10;14;10;0
44445;2930;149;10;14;10;0
44446;2918;149;10;14;10;0
44447;2906;149;10;14;10;0
44448;2894;149;10;14;10;0
44449;2882;149;10;14;10;0
44450;2594;149;10;14;10;0
44451;2582;149;10;14;10;0
44452;2570;149;10;14;10;0
44453;2294;149;10;14;10;0
44454;2270;149;10;14;10;0
44455;2258;149;10;14;10;0
44456;2246;149;10;14;10;0
44457;2234;149;10;14;10;0
44458;2222;149;10;14;10;0
44459;2210;149;10;14;10;0
44460;2198;149;10;14;10;0
44461;2186;149;10;14;10;0
44462;2174;149;10;14;10;0
44463;2162;149;10;14;10;0
44464;2150;149;10;14;10;0
44465;2138;149;10;14;10;0
44466;2126;149;10;14;10;0
44467;2114;149;10;14;10;0
44468;2102;149;10;14;10;0
44469;2090;149;10;14;10;0
44470;2078;149;10;14;10;0
44471;2066;149;10;14;10;0
44472;2054;149;10;14;10;0
44473;2282;149;10;14;10;0
44474;2306;149;10;14;10;0
44475;2558;149;10;14;10;0
44476;2318;149;10;14;10;0
44477;2546;149;10;14;10;0
44478;2534;149;10;14;10;0
44479;2522;149;10;14;10;0
44480;2510;149;10;14;10;0
44481;2498;149;10;14;10;0
44482;2486;149;10;14;10;0
44483;2474;149;10;14;10;0
44484;2462;149;10;14;10;0
44485;2450;149;10;14;10;0
44486;2438;149;10;14;10;0
44487;2426;149;10;14;10;0
44488;2414;149;10;14;10;0
44489;2402;149;10;14;10;0
44490;2390;149;10;14;10;0
44491;2378;149;10;14;10;0
44492;2366;149;10;14;10;0
44493;2354;149;10;14;10;0
44494;2342;149;10;14;10;0
44495;2330;149;10;14;10;0
44496;2990;149;10;14;10;0
44497;3134;149;10;14;10;0
44498;3146;149;10;14;10;0
44499;3158;149;10;14;10;0
44500;3950;149;10;14;10;0
44501;3938;149;10;14;10;0
44502;3926;149;10;14;10;0
44503;3914;149;10;14;10;0
44504;3902;149;10;14;10;0
44505;3890;149;10;14;10;0
44506;3878;149;10;14;10;0
44507;3866;149;10;14;10;0
44508;3854;149;10;14;10;0
44509;3842;149;10;14;10;0
44510;3830;149;10;14;10;0
44511;3818;149;10;14;10;0
44512;3806;149;10;14;10;0
44513;3794;149;10;14;10;0
44514;3782;149;10;14;10;0
44515;3770;149;10;14;10;0
44516;3758;149;10;14;10;0
44517;3746;149;10;14;10;0
44518;3734;149;10;14;10;0
44519;3962;149;10;14;10;0
44520;3974;149;10;14;10;0
44521;3986;149;10;14;10;0
44522;3998;149;10;14;10;0
44523;146;165;10;14;10;0
44524;134;165;10;14;10;0
44525;122;165;10;14;10;0
44526;110;165;10;14;10;0
44527;98;165;10;14;10;0
44528;86;165;10;14;10;0
44529;74;165;10;14;10;0
44530;62;165;10;14;10;0
44531;50;165;10;14;10;0
44532;158;165;10;14;10;0
44533;38;165;10;14;10;0
44534;14;165;10;14;10;0
44535;2;165;10;14;10;0
44536;4082;149;10;14;10;0
44537;4070;149;10;14;10;0
44538;4058;149;10;14;10;0
44539;4046;149;10;14;10;0
44540;4034;149;10;14;10;0
44541;4022;149;10;14;10;0
44542;4010;149;10;14;10;0
44543;3722;149;10;14;10;0
44544;26;165;10;14;10;0
44545;3710;149;10;14;10;0
44546;3554;149;10;14;10;0
44547;3386;149;10;14;10;0
44548;3374;149;10;14;10;0
44549;3362;149;10;14;10;0
44550;3350;149;10;14;10;0
44551;3338;149;10;14;10;0
44552;3326;149;10;14;10;0
44553;3314;149;10;14;10;0
44554;3302;149;10;14;10;0
44555;3290;149;10;14;10;0
44556;3278;149;10;14;10;0
44557;3266;149;10;14;10;0
44558;3254;149;10;14;10;0
44559;3242;149;10;14;10;0
44560;3230;149;10;14;10;0
44561;3218;149;10;14;10;0
44562;3206;149;10;14;10;0
44563;3194;149;10;14;10;0
44564;3182;149;10;14;10;0
44565;3170;149;10;14;10;0
44566;3398;149;10;14;10;0
44567;3410;149;10;14;10;0
44568;3422;149;10;14;10;0
44569;3434;149;10;14;10;0
44570;3674;149;10;14;10;0
44571;3662;149;10;14;10;0
44572;3650;149;10;14;10;0
44573;3638;149;10;14;10;0
44574;3626;149;10;14;10;0
44575;3614;149;10;14;10;0
44576;3602;149;10;14;10;0
44577;3590;149;10;14;10;0
44578;3578;149;10;14;10;0
44579;3686;149;10;14;10;0
44580;3566;149;10;14;10;0
44581;3542;149;10;14;10;0
44582;3530;149;10;14;10;0
44583;3518;149;10;14;10;0
44584;3506;149;10;14;10;0
44585;3494;149;10;14;10;0
44586;3482;149;10;14;10;0
44587;3470;149;10;14;10;0
44588;3458;149;10;14;10;0
44589;3446;149;10;14;10;0
44590;2042;149;10;14;10;0
44591;3698;149;10;14;10;0
44592;2030;149;10;14;10;0
44593;1454;149;10;14;10;0
44594;578;149;10;14;10;0
44595;566;149;10;14;10;0
44596;554;149;10;14;10;0
44597;542;149;10;14;10;0
44598;530;149;10;14;10;0
44599;518;149;10;14;10;0
44600;506;149;10;14;10;0
44601;494;149;10;14;10;0
44602;482;149;10;14;10;0
44603;470;149;10;14;10;0
44604;458;149;10;14;10;0
44605;446;149;10;14;10;0
44606;434;149;10;14;10;0
44607;422;149;10;14;10;0
44608;410;149;10;14;10;0
44609;398;149;10;14;10;0
44610;386;149;10;14;10;0
44611;374;149;10;14;10;0
44612;362;149;10;14;10;0
44613;590;149;10;14;10;0
44614;602;149;10;14;10;0
44615;614;149;10;14;10;0
44616;626;149;10;14;10;0
44617;866;149;10;14;10;0
44618;854;149;10;14;10;0
44619;842;149;10;14;10;0
44620;830;149;10;14;10;0
44621;818;149;10;14;10;0
44622;806;149;10;14;10;0
44623;794;149;10;14;10;0
44624;782;149;10;14;10;0
44625;770;149;10;14;10;0
44626;878;149;10;14;10;0
44627;758;149;10;14;10;0
44628;734;149;10;14;10;0
44629;722;149;10;14;10;0
44630;710;149;10;14;10;0
44631;698;149;10;14;10;0
44632;686;149;10;14;10;0
44633;674;149;10;14;10;0
44634;662;149;10;14;10;0
44635;650;149;10;14;10;0
44636;638;149;10;14;10;0
44637;350;149;10;14;10;0
44638;338;149;10;14;10;0
44639;326;149;10;14;10;0
44640;50;149;10;14;10;0
44641;26;149;10;14;10;0
44642;14;149;10;14;10;0
44643;2;149;10;14;10;0
44644;4082;133;10;14;10;0
44645;4070;133;10;14;10;0
44646;4058;133;10;14;10;0
44647;4046;133;10;14;10;0
44648;4034;133;10;14;10;0
44649;4022;133;10;14;10;0
44650;4010;133;10;14;10;0
44651;3998;133;10;14;10;0
44652;3986;133;10;14;10;0
44653;3974;133;10;14;10;0
44654;3962;133;10;14;10;0
44655;3950;133;10;14;10;0
44656;3938;133;10;14;10;0
44657;3926;133;10;14;10;0
44658;3914;133;10;14;10;0
44659;3902;133;10;14;10;0
44660;38;149;10;14;10;0
44661;62;149;10;14;10;0
44662;314;149;10;14;10;0
44663;74;149;10;14;10;0
44664;302;149;10;14;10;0
44665;290;149;10;14;10;0
44666;278;149;10;14;10;0
44667;266;149;10;14;10;0
44668;254;149;10;14;10;0
44669;242;149;10;14;10;0
44670;230;149;10;14;10;0
44671;218;149;10;14;10;0
44672;206;149;10;14;10;0
44673;194;149;10;14;10;0
44674;182;149;10;14;10;0
44675;170;149;10;14;10;0
44676;158;149;10;14;10;0
44677;146;149;10;14;10;0
44678;134;149;10;14;10;0
44679;122;149;10;14;10;0
44680;110;149;10;14;10;0
44681;98;149;10;14;10;0
44682;86;149;10;14;10;0
44683;746;149;10;14;10;0
44684;890;149;10;14;10;0
44685;902;149;10;14;10;0
44686;914;149;10;14;10;0
44687;1706;149;10;14;10;0
44688;1694;149;10;14;10;0
44689;1682;149;10;14;10;0
44690;1670;149;10;14;10;0
44691;1658;149;10;14;10;0
44692;1646;149;10;14;10;0
44693;1634;149;10;14;10;0
44694;1622;149;10;14;10;0
44695;1610;149;10;14;10;0
44696;1598;149;10;14;10;0
44697;1586;149;10;14;10;0
44698;1574;149;10;14;10;0
44699;1562;149;10;14;10;0
44700;1550;149;10;14;10;0
44701;1538;149;10;14;10;0
44702;1526;149;10;14;10;0
44703;1514;149;10;14;10;0
44704;1502;149;10;14;10;0
44705;1490;149;10;14;10;0
44706;1718;149;10;14;10;0
44707;1730;149;10;14;10;0
44708;1742;149;10;14;10;0
44709;1754;149;10;14;10;0
44710;1994;149;10;14;10;0
44711;1982;149;10;14;10;0
44712;1970;149;10;14;10;0
44713;1958;149;10;14;10;0
44714;1946;149;10;14;10;0
44715;1934;149;10;14;10;0
44716;1922;149;10;14;10;0
44717;1910;149;10;14;10;0
44718;1898;149;10;14;10;0
44719;2006;149;10;14;10;0
44720;1886;149;10;14;10;0
44721;1862;149;10;14;10;0
44722;1850;149;10;14;10;0
44723;1838;149;10;14;10;0
44724;1826;149;10;14;10;0
44725;1814;149;10;14;10;0
44726;1802;149;10;14;10;0
44727;1790;149;10;14;10;0
44728;1778;149;10;14;10;0
44729;1766;149;10;14;10;0
44730;1478;149;10;14;10;0
44731;1874;149;10;14;10;0
44732;1466;149;10;14;10;0
44733;1310;149;10;14;10;0
44734;1142;149;10;14;10;0
44735;1130;149;10;14;10;0
44736;1118;149;10;14;10;0
44737;1106;149;10;14;10;0
44738;1094;149;10;14;10;0
44739;1082;149;10;14;10;0
44740;1070;149;10;14;10;0
44741;1058;149;10;14;10;0
44742;1046;149;10;14;10;0
44743;1034;149;10;14;10;0
44744;1022;149;10;14;10;0
44745;1010;149;10;14;10;0
44746;998;149;10;14;10;0
44747;986;149;10;14;10;0
44748;974;149;10;14;10;0
44749;962;149;10;14;10;0
44750;950;149;10;14;10;0
44751;938;149;10;14;10;0
44752;926;149;10;14;10;0
44753;1154;149;10;14;10;0
44754;1166;149;10;14;10;0
44755;1178;149;10;14;10;0
44756;1190;149;10;14;10;0
44757;1430;149;10;14;10;0
44758;1418;149;10;14;10;0
44759;1406;149;10;14;10;0
44760;1394;149;10;14;10;0
44761;1382;149;10;14;10;0
44762;1370;149;10;14;10;0
44763;1358;149;10;14;10;0
44764;1346;149;10;14;10;0
44765;1334;149;10;14;10;0
44766;1442;149;10;14;10;0
44767;1322;149;10;14;10;0
44768;1298;149;10;14;10;0
44769;1286;149;10;14;10;0
44770;1274;149;10;14;10;0
44771;1262;149;10;14;10;0
44772;1250;149;10;14;10;0
44773;1238;149;10;14;10;0
44774;1226;149;10;14;10;0
44775;1214;149;10;14;10;0
44776;1202;149;10;14;10;0
44777;2018;149;10;14;10;0
44778;182;165;10;14;10;0
44779;2414;165;10;14;10;0
44780;194;165;10;14;10;0
44781;3218;165;10;14;10;0
44782;3206;165;10;14;10;0
44783;3194;165;10;14;10;0
44784;3182;165;10;14;10;0
44785;3170;165;10;14;10;0
44786;3158;165;10;14;10;0
44787;3146;165;10;14;10;0
44788;3134;165;10;14;10;0
44789;3122;165;10;14;10;0
44790;3110;165;10;14;10;0
44791;3098;165;10;14;10;0
44792;3086;165;10;14;10;0
44793;3074;165;10;14;10;0
44794;3062;165;10;14;10;0
44795;3050;165;10;14;10;0
44796;3038;165;10;14;10;0
44797;3026;165;10;14;10;0
44798;3014;165;10;14;10;0
44799;3002;165;10;14;10;0
44800;3230;165;10;14;10;0
44801;3242;165;10;14;10;0
44802;3254;165;10;14;10;0
44803;3266;165;10;14;10;0
44804;3506;165;10;14;10;0
44805;3494;165;10;14;10;0
44806;3482;165;10;14;10;0
44807;3470;165;10;14;10;0
44808;3458;165;10;14;10;0
44809;3446;165;10;14;10;0
44810;3434;165;10;14;10;0
44811;3422;165;10;14;10;0
44812;3410;165;10;14;10;0
44813;3518;165;10;14;10;0
44814;3398;165;10;14;10;0
44815;3374;165;10;14;10;0
44816;3362;165;10;14;10;0
44817;3350;165;10;14;10;0
44818;3338;165;10;14;10;0
44819;3326;165;10;14;10;0
44820;3314;165;10;14;10;0
44821;3302;165;10;14;10;0
44822;3290;165;10;14;10;0
44823;3278;165;10;14;10;0
44824;2990;165;10;14;10;0
44825;2978;165;10;14;10;0
44826;2966;165;10;14;10;0
44827;2690;165;10;14;10;0
44828;2666;165;10;14;10;0
44829;2654;165;10;14;10;0
44830;2642;165;10;14;10;0
44831;2630;165;10;14;10;0
44832;2618;165;10;14;10;0
44833;2606;165;10;14;10;0
44834;2594;165;10;14;10;0
44835;2582;165;10;14;10;0
44836;2570;165;10;14;10;0
44837;2558;165;10;14;10;0
44838;2546;165;10;14;10;0
44839;2534;165;10;14;10;0
44840;2522;165;10;14;10;0
44841;2510;165;10;14;10;0
44842;2498;165;10;14;10;0
44843;2486;165;10;14;10;0
44844;2474;165;10;14;10;0
44845;2462;165;10;14;10;0
44846;2450;165;10;14;10;0
44847;2678;165;10;14;10;0
44848;2702;165;10;14;10;0
44849;2954;165;10;14;10;0
44850;2714;165;10;14;10;0
44851;2942;165;10;14;10;0
44852;2930;165;10;14;10;0
44853;2918;165;10;14;10;0
44854;2906;165;10;14;10;0
44855;2894;165;10;14;10;0
44856;2882;165;10;14;10;0
44857;2870;165;10;14;10;0
44858;2858;165;10;14;10;0
44859;2846;165;10;14;10;0
44860;2834;165;10;14;10;0
44861;2822;165;10;14;10;0
44862;2810;165;10;14;10;0
44863;2798;165;10;14;10;0
44864;2786;165;10;14;10;0
44865;2774;165;10;14;10;0
44866;2762;165;10;14;10;0
44867;2750;165;10;14;10;0
44868;2738;165;10;14;10;0
44869;2726;165;10;14;10;0
44870;3386;165;10;14;10;0
44871;3530;165;10;14;10;0
44872;3542;165;10;14;10;0
44873;3554;165;10;14;10;0
44874;254;181;10;14;10;0
44875;242;181;10;14;10;0
44876;230;181;10;14;10;0
44877;218;181;10;14;10;0
44878;206;181;10;14;10;0
44879;194;181;10;14;10;0
44880;182;181;10;14;10;0
44881;170;181;10;14;10;0
44882;158;181;10;14;10;0
44883;146;181;10;14;10;0
44884;134;181;10;14;10;0
44885;122;181;10;14;10;0
44886;110;181;10;14;10;0
44887;98;181;10;14;10;0
44888;86;181;10;14;10;0
44889;74;181;10;14;10;0
44890;62;181;10;14;10;0
44891;50;181;10;14;10;0
44892;38;181;10;14;10;0
44893;266;181;10;14;10;0
44894;278;181;10;14;10;0
44895;290;181;10;14;10;0
44896;302;181;10;14;10;0
44897;542;181;10;14;10;0
44898;530;181;10;14;10;0
44899;518;181;10;14;10;0
44900;506;181;10;14;10;0
44901;494;181;10;14;10;0
44902;482;181;10;14;10;0
44903;470;181;10;14;10;0
44904;458;181;10;14;10;0
44905;446;181;10;14;10;0
44906;554;181;10;14;10;0
44907;434;181;10;14;10;0
44908;410;181;10;14;10;0
44909;398;181;10;14;10;0
44910;386;181;10;14;10;0
44911;374;181;10;14;10;0
44912;362;181;10;14;10;0
44913;350;181;10;14;10;0
44914;338;181;10;14;10;0
44915;326;181;10;14;10;0
44916;314;181;10;14;10;0
44917;26;181;10;14;10;0
44918;422;181;10;14;10;0
44919;14;181;10;14;10;0
44920;3950;165;10;14;10;0
44921;3782;165;10;14;10;0
44922;3770;165;10;14;10;0
44923;3758;165;10;14;10;0
44924;3746;165;10;14;10;0
44925;3734;165;10;14;10;0
44926;3722;165;10;14;10;0
44927;3710;165;10;14;10;0
44928;3698;165;10;14;10;0
44929;3686;165;10;14;10;0
44930;3674;165;10;14;10;0
44931;3662;165;10;14;10;0
44932;3650;165;10;14;10;0
44933;3638;165;10;14;10;0
44934;3626;165;10;14;10;0
44935;3614;165;10;14;10;0
44936;3602;165;10;14;10;0
44937;3590;165;10;14;10;0
44938;3578;165;10;14;10;0
44939;3566;165;10;14;10;0
44940;3794;165;10;14;10;0
44941;3806;165;10;14;10;0
44942;3818;165;10;14;10;0
44943;3830;165;10;14;10;0
44944;4070;165;10;14;10;0
44945;4058;165;10;14;10;0
44946;4046;165;10;14;10;0
44947;4034;165;10;14;10;0
44948;4022;165;10;14;10;0
44949;4010;165;10;14;10;0
44950;3998;165;10;14;10;0
44951;3986;165;10;14;10;0
44952;3974;165;10;14;10;0
44953;4082;165;10;14;10;0
44954;3962;165;10;14;10;0
44955;3938;165;10;14;10;0
44956;3926;165;10;14;10;0
44957;3914;165;10;14;10;0
44958;3902;165;10;14;10;0
44959;3890;165;10;14;10;0
44960;3878;165;10;14;10;0
44961;3866;165;10;14;10;0
44962;3854;165;10;14;10;0
44963;3842;165;10;14;10;0
44964;2438;165;10;14;10;0
44965;2;181;10;14;10;0
44966;2426;165;10;14;10;0
44967;1850;165;10;14;10;0
44968;974;165;10;14;10;0
44969;962;165;10;14;10;0
44970;950;165;10;14;10;0
44971;938;165;10;14;10;0
44972;926;165;10;14;10;0
44973;914;165;10;14;10;0
44974;902;165;10;14;10;0
44975;890;165;10;14;10;0
44976;878;165;10;14;10;0
44977;866;165;10;14;10;0
44978;854;165;10;14;10;0
44979;842;165;10;14;10;0
44980;830;165;10;14;10;0
44981;818;165;10;14;10;0
44982;806;165;10;14;10;0
44983;794;165;10;14;10;0
44984;782;165;10;14;10;0
44985;770;165;10;14;10;0
44986;758;165;10;14;10;0
44987;986;165;10;14;10;0
44988;998;165;10;14;10;0
44989;1010;165;10;14;10;0
44990;1022;165;10;14;10;0
44991;1262;165;10;14;10;0
44992;1250;165;10;14;10;0
44993;1238;165;10;14;10;0
44994;1226;165;10;14;10;0
44995;1214;165;10;14;10;0
44996;1202;165;10;14;10;0
44997;1190;165;10;14;10;0
44998;1178;165;10;14;10;0
44999;1166;165;10;14;10;0
45000;1274;165;10;14;10;0
45001;1154;165;10;14;10;0
45002;1130;165;10;14;10;0
45003;1118;165;10;14;10;0
45004;1106;165;10;14;10;0
45005;1094;165;10;14;10;0
45006;1082;165;10;14;10;0
45007;1070;165;10;14;10;0
45008;1058;165;10;14;10;0
45009;1046;165;10;14;10;0
45010;1034;165;10;14;10;0
45011;746;165;10;14;10;0
45012;734;165;10;14;10;0
45013;722;165;10;14;10;0
45014;446;165;10;14;10;0
45015;422;165;10;14;10;0
45016;410;165;10;14;10;0
45017;398;165;10;14;10;0
45018;386;165;10;14;10;0
45019;374;165;10;14;10;0
45020;362;165;10;14;10;0
45021;350;165;10;14;10;0
45022;338;165;10;14;10;0
45023;326;165;10;14;10;0
45024;314;165;10;14;10;0
45025;302;165;10;14;10;0
45026;290;165;10;14;10;0
45027;278;165;10;14;10;0
45028;266;165;10;14;10;0
45029;254;165;10;14;10;0
45030;242;165;10;14;10;0
45031;230;165;10;14;10;0
45032;218;165;10;14;10;0
45033;206;165;10;14;10;0
45034;434;165;10;14;10;0
45035;458;165;10;14;10;0
45036;710;165;10;14;10;0
45037;470;165;10;14;10;0
45038;698;165;10;14;10;0
45039;686;165;10;14;10;0
45040;674;165;10;14;10;0
45041;662;165;10;14;10;0
45042;650;165;10;14;10;0
45043;638;165;10;14;10;0
45044;626;165;10;14;10;0
45045;614;165;10;14;10;0
45046;602;165;10;14;10;0
45047;590;165;10;14;10;0
45048;578;165;10;14;10;0
45049;566;165;10;14;10;0
45050;554;165;10;14;10;0
45051;542;165;10;14;10;0
45052;530;165;10;14;10;0
45053;518;165;10;14;10;0
45054;506;165;10;14;10;0
45055;494;165;10;14;10;0
45056;482;165;10;14;10;0
45057;1142;165;10;14;10;0
45058;1286;165;10;14;10;0
45059;1298;165;10;14;10;0
45060;1310;165;10;14;10;0
45061;2102;165;10;14;10;0
45062;2090;165;10;14;10;0
45063;2078;165;10;14;10;0
45064;2066;165;10;14;10;0
45065;2054;165;10;14;10;0
45066;2042;165;10;14;10;0
45067;2030;165;10;14;10;0
45068;2018;165;10;14;10;0
45069;2006;165;10;14;10;0
45070;1994;165;10;14;10;0
45071;1982;165;10;14;10;0
45072;1970;165;10;14;10;0
45073;1958;165;10;14;10;0
45074;1946;165;10;14;10;0
45075;1934;165;10;14;10;0
45076;1922;165;10;14;10;0
45077;1910;165;10;14;10;0
45078;1898;165;10;14;10;0
45079;1886;165;10;14;10;0
45080;2114;165;10;14;10;0
45081;2126;165;10;14;10;0
45082;2138;165;10;14;10;0
45083;2150;165;10;14;10;0
45084;2390;165;10;14;10;0
45085;2378;165;10;14;10;0
45086;2366;165;10;14;10;0
45087;2354;165;10;14;10;0
45088;2342;165;10;14;10;0
45089;2330;165;10;14;10;0
45090;2318;165;10;14;10;0
45091;2306;165;10;14;10;0
45092;2294;165;10;14;10;0
45093;2402;165;10;14;10;0
45094;2282;165;10;14;10;0
45095;2258;165;10;14;10;0
45096;2246;165;10;14;10;0
45097;2234;165;10;14;10;0
45098;2222;165;10;14;10;0
45099;2210;165;10;14;10;0
45100;2198;165;10;14;10;0
45101;2186;165;10;14;10;0
45102;2174;165;10;14;10;0
45103;2162;165;10;14;10;0
45104;1874;165;10;14;10;0
45105;2270;165;10;14;10;0
45106;1862;165;10;14;10;0
45107;1706;165;10;14;10;0
45108;1538;165;10;14;10;0
45109;1526;165;10;14;10;0
45110;1514;165;10;14;10;0
45111;1502;165;10;14;10;0
45112;1490;165;10;14;10;0
45113;1478;165;10;14;10;0
45114;1466;165;10;14;10;0
45115;1454;165;10;14;10;0
45116;1442;165;10;14;10;0
45117;1430;165;10;14;10;0
45118;1418;165;10;14;10;0
45119;1406;165;10;14;10;0
45120;1394;165;10;14;10;0
45121;1382;165;10;14;10;0
45122;1370;165;10;14;10;0
45123;1358;165;10;14;10;0
45124;1346;165;10;14;10;0
45125;1334;165;10;14;10;0
45126;1322;165;10;14;10;0
45127;1550;165;10;14;10;0
45128;1562;165;10;14;10;0
45129;1574;165;10;14;10;0
45130;1586;165;10;14;10;0
45131;1826;165;10;14;10;0
45132;1814;165;10;14;10;0
45133;1802;165;10;14;10;0
45134;1790;165;10;14;10;0
45135;1778;165;10;14;10;0
45136;1766;165;10;14;10;0
45137;1754;165;10;14;10;0
45138;1742;165;10;14;10;0
45139;1730;165;10;14;10;0
45140;1838;165;10;14;10;0
45141;1718;165;10;14;10;0
45142;1694;165;10;14;10;0
45143;1682;165;10;14;10;0
45144;1670;165;10;14;10;0
45145;1658;165;10;14;10;0
45146;1646;165;10;14;10;0
45147;1634;165;10;14;10;0
45148;1622;165;10;14;10;0
45149;1610;165;10;14;10;0
45150;1598;165;10;14;10;0
45151;566;181;10;14;10;0
45152;1358;213;10;14;10;0
45153;1370;213;10;14;10;0
45154;1382;213;10;14;10;0
45155;1106;261;10;14;10;0
45156;1094;261;10;14;10;0
45157;1082;261;10;14;10;0
45158;1070;261;10;14;10;0
45159;1058;261;10;14;10;0
45160;1046;261;10;14;10;0
45161;1034;261;10;14;10;0
45162;1022;261;10;14;10;0
45163;1010;261;10;14;10;0
45164;998;261;10;14;10;0
45165;986;261;10;14;10;0
45166;974;261;10;14;10;0
45167;962;261;10;14;10;0
45168;950;261;10;14;10;0
45169;938;261;10;14;10;0
45170;926;261;10;14;10;0
45171;914;261;10;14;10;0
45172;902;261;10;14;10;0
45173;890;261;10;14;10;0
45174;1118;261;10;14;10;0
45175;1130;261;10;14;10;0
45176;1142;261;10;14;10;0
45177;1154;261;10;14;10;0
45178;1394;261;10;14;10;0
45179;1382;261;10;14;10;0
45180;1370;261;10;14;10;0
45181;1358;261;10;14;10;0
45182;1346;261;10;14;10;0
45183;1334;261;10;14;10;0
45184;1322;261;10;14;10;0
45185;1310;261;10;14;10;0
45186;1298;261;10;14;10;0
45187;1406;261;10;14;10;0
45188;1286;261;10;14;10;0
45189;1262;261;10;14;10;0
45190;1250;261;10;14;10;0
45191;1238;261;10;14;10;0
45192;1226;261;10;14;10;0
45193;1214;261;10;14;10;0
45194;1202;261;10;14;10;0
45195;1190;261;10;14;10;0
45196;1178;261;10;14;10;0
45197;1166;261;10;14;10;0
45198;878;261;10;14;10;0
45199;866;261;10;14;10;0
45200;854;261;10;14;10;0
45201;578;261;10;14;10;0
45202;554;261;10;14;10;0
45203;542;261;10;14;10;0
45204;530;261;10;14;10;0
45205;518;261;10;14;10;0
45206;506;261;10;14;10;0
45207;494;261;10;14;10;0
45208;482;261;10;14;10;0
45209;470;261;10;14;10;0
45210;458;261;10;14;10;0
45211;446;261;10;14;10;0
45212;434;261;10;14;10;0
45213;422;261;10;14;10;0
45214;410;261;10;14;10;0
45215;398;261;10;14;10;0
45216;386;261;10;14;10;0
45217;374;261;10;14;10;0
45218;362;261;10;14;10;0
45219;350;261;10;14;10;0
45220;338;261;10;14;10;0
45221;566;261;10;14;10;0
45222;590;261;10;14;10;0
45223;842;261;10;14;10;0
45224;602;261;10;14;10;0
45225;830;261;10;14;10;0
45226;818;261;10;14;10;0
45227;806;261;10;14;10;0
45228;794;261;10;14;10;0
45229;782;261;10;14;10;0
45230;770;261;10;14;10;0
45231;758;261;10;14;10;0
45232;746;261;10;14;10;0
45233;734;261;10;14;10;0
45234;722;261;10;14;10;0
45235;710;261;10;14;10;0
45236;698;261;10;14;10;0
45237;686;261;10;14;10;0
45238;674;261;10;14;10;0
45239;662;261;10;14;10;0
45240;650;261;10;14;10;0
45241;638;261;10;14;10;0
45242;626;261;10;14;10;0
45243;614;261;10;14;10;0
45244;1274;261;10;14;10;0
45245;1418;261;10;14;10;0
45246;1430;261;10;14;10;0
45247;1442;261;10;14;10;0
45248;2234;261;10;14;10;0
45249;2222;261;10;14;10;0
45250;2210;261;10;14;10;0
45251;2198;261;10;14;10;0
45252;2186;261;10;14;10;0
45253;2174;261;10;14;10;0
45254;2162;261;10;14;10;0
45255;2150;261;10;14;10;0
45256;2138;261;10;14;10;0
45257;2126;261;10;14;10;0
45258;2114;261;10;14;10;0
45259;2102;261;10;14;10;0
45260;2090;261;10;14;10;0
45261;2078;261;10;14;10;0
45262;2066;261;10;14;10;0
45263;2054;261;10;14;10;0
45264;2042;261;10;14;10;0
45265;2030;261;10;14;10;0
45266;2018;261;10;14;10;0
45267;2246;261;10;14;10;0
45268;2258;261;10;14;10;0
45269;2270;261;10;14;10;0
45270;2282;261;10;14;10;0
45271;2522;261;10;14;10;0
45272;2510;261;10;14;10;0
45273;2498;261;10;14;10;0
45274;2486;261;10;14;10;0
45275;2474;261;10;14;10;0
45276;2462;261;10;14;10;0
45277;2450;261;10;14;10;0
45278;2438;261;10;14;10;0
45279;2426;261;10;14;10;0
45280;2534;261;10;14;10;0
45281;2414;261;10;14;10;0
45282;2390;261;10;14;10;0
45283;2378;261;10;14;10;0
45284;2366;261;10;14;10;0
45285;2354;261;10;14;10;0
45286;2342;261;10;14;10;0
45287;2330;261;10;14;10;0
45288;2318;261;10;14;10;0
45289;2306;261;10;14;10;0
45290;2294;261;10;14;10;0
45291;2006;261;10;14;10;0
45292;2402;261;10;14;10;0
45293;1994;261;10;14;10;0
45294;1838;261;10;14;10;0
45295;1670;261;10;14;10;0
45296;1658;261;10;14;10;0
45297;1646;261;10;14;10;0
45298;1634;261;10;14;10;0
45299;1622;261;10;14;10;0
45300;1610;261;10;14;10;0
45301;1598;261;10;14;10;0
45302;1586;261;10;14;10;0
45303;1574;261;10;14;10;0
45304;1562;261;10;14;10;0
45305;1550;261;10;14;10;0
45306;1538;261;10;14;10;0
45307;1526;261;10;14;10;0
45308;1514;261;10;14;10;0
45309;1502;261;10;14;10;0
45310;1490;261;10;14;10;0
45311;1478;261;10;14;10;0
45312;1466;261;10;14;10;0
45313;1454;261;10;14;10;0
45314;1682;261;10;14;10;0
45315;1694;261;10;14;10;0
45316;1706;261;10;14;10;0
45317;1718;261;10;14;10;0
45318;1958;261;10;14;10;0
45319;1946;261;10;14;10;0
45320;1934;261;10;14;10;0
45321;1922;261;10;14;10;0
45322;1910;261;10;14;10;0
45323;1898;261;10;14;10;0
45324;1886;261;10;14;10;0
45325;1874;261;10;14;10;0
45326;1862;261;10;14;10;0
45327;1970;261;10;14;10;0
45328;1850;261;10;14;10;0
45329;1826;261;10;14;10;0
45330;1814;261;10;14;10;0
45331;1802;261;10;14;10;0
45332;1790;261;10;14;10;0
45333;1778;261;10;14;10;0
45334;1766;261;10;14;10;0
45335;1754;261;10;14;10;0
45336;1742;261;10;14;10;0
45337;1730;261;10;14;10;0
45338;326;261;10;14;10;0
45339;1982;261;10;14;10;0
45340;314;261;10;14;10;0
45341;3830;245;10;14;10;0
45342;2954;245;10;14;10;0
45343;2942;245;10;14;10;0
45344;2930;245;10;14;10;0
45345;2918;245;10;14;10;0
45346;2906;245;10;14;10;0
45347;2894;245;10;14;10;0
45348;2882;245;10;14;10;0
45349;2870;245;10;14;10;0
45350;2858;245;10;14;10;0
45351;2846;245;10;14;10;0
45352;2834;245;10;14;10;0
45353;2822;245;10;14;10;0
45354;2810;245;10;14;10;0
45355;2798;245;10;14;10;0
45356;2786;245;10;14;10;0
45357;2774;245;10;14;10;0
45358;2762;245;10;14;10;0
45359;2750;245;10;14;10;0
45360;2738;245;10;14;10;0
45361;2966;245;10;14;10;0
45362;2978;245;10;14;10;0
45363;2990;245;10;14;10;0
45364;3002;245;10;14;10;0
45365;3242;245;10;14;10;0
45366;3230;245;10;14;10;0
45367;3218;245;10;14;10;0
45368;3206;245;10;14;10;0
45369;3194;245;10;14;10;0
45370;3182;245;10;14;10;0
45371;3170;245;10;14;10;0
45372;3158;245;10;14;10;0
45373;3146;245;10;14;10;0
45374;3254;245;10;14;10;0
45375;3134;245;10;14;10;0
45376;3110;245;10;14;10;0
45377;3098;245;10;14;10;0
45378;3086;245;10;14;10;0
45379;3074;245;10;14;10;0
45380;3062;245;10;14;10;0
45381;3050;245;10;14;10;0
45382;3038;245;10;14;10;0
45383;3026;245;10;14;10;0
45384;3014;245;10;14;10;0
45385;2726;245;10;14;10;0
45386;2714;245;10;14;10;0
45387;2702;245;10;14;10;0
45388;2426;245;10;14;10;0
45389;2402;245;10;14;10;0
45390;2390;245;10;14;10;0
45391;2378;245;10;14;10;0
45392;2366;245;10;14;10;0
45393;2354;245;10;14;10;0
45394;2342;245;10;14;10;0
45395;2330;245;10;14;10;0
45396;2318;245;10;14;10;0
45397;2306;245;10;14;10;0
45398;2294;245;10;14;10;0
45399;2282;245;10;14;10;0
45400;2270;245;10;14;10;0
45401;2258;245;10;14;10;0
45402;2246;245;10;14;10;0
45403;2234;245;10;14;10;0
45404;2222;245;10;14;10;0
45405;2210;245;10;14;10;0
45406;2198;245;10;14;10;0
45407;2186;245;10;14;10;0
45408;2414;245;10;14;10;0
45409;2438;245;10;14;10;0
45410;2690;245;10;14;10;0
45411;2450;245;10;14;10;0
45412;2678;245;10;14;10;0
45413;2666;245;10;14;10;0
45414;2654;245;10;14;10;0
45415;2642;245;10;14;10;0
45416;2630;245;10;14;10;0
45417;2618;245;10;14;10;0
45418;2606;245;10;14;10;0
45419;2594;245;10;14;10;0
45420;2582;245;10;14;10;0
45421;2570;245;10;14;10;0
45422;2558;245;10;14;10;0
45423;2546;245;10;14;10;0
45424;2534;245;10;14;10;0
45425;2522;245;10;14;10;0
45426;2510;245;10;14;10;0
45427;2498;245;10;14;10;0
45428;2486;245;10;14;10;0
45429;2474;245;10;14;10;0
45430;2462;245;10;14;10;0
45431;3122;245;10;14;10;0
45432;3266;245;10;14;10;0
45433;3278;245;10;14;10;0
45434;3290;245;10;14;10;0
45435;4082;245;10;14;10;0
45436;4070;245;10;14;10;0
45437;4058;245;10;14;10;0
45438;4046;245;10;14;10;0
45439;4034;245;10;14;10;0
45440;4022;245;10;14;10;0
45441;4010;245;10;14;10;0
45442;3998;245;10;14;10;0
45443;3986;245;10;14;10;0
45444;3974;245;10;14;10;0
45445;3962;245;10;14;10;0
45446;3950;245;10;14;10;0
45447;3938;245;10;14;10;0
45448;3926;245;10;14;10;0
45449;3914;245;10;14;10;0
45450;3902;245;10;14;10;0
45451;3890;245;10;14;10;0
45452;3878;245;10;14;10;0
45453;3866;245;10;14;10;0
45454;2;261;10;14;10;0
45455;14;261;10;14;10;0
45456;26;261;10;14;10;0
45457;38;261;10;14;10;0
45458;278;261;10;14;10;0
45459;266;261;10;14;10;0
45460;254;261;10;14;10;0
45461;242;261;10;14;10;0
45462;230;261;10;14;10;0
45463;218;261;10;14;10;0
45464;206;261;10;14;10;0
45465;194;261;10;14;10;0
45466;182;261;10;14;10;0
45467;290;261;10;14;10;0
45468;170;261;10;14;10;0
45469;146;261;10;14;10;0
45470;134;261;10;14;10;0
45471;122;261;10;14;10;0
45472;110;261;10;14;10;0
45473;98;261;10;14;10;0
45474;86;261;10;14;10;0
45475;74;261;10;14;10;0
45476;62;261;10;14;10;0
45477;50;261;10;14;10;0
45478;3854;245;10;14;10;0
45479;158;261;10;14;10;0
45480;3842;245;10;14;10;0
45481;3686;245;10;14;10;0
45482;3518;245;10;14;10;0
45483;3506;245;10;14;10;0
45484;3494;245;10;14;10;0
45485;3482;245;10;14;10;0
45486;3470;245;10;14;10;0
45487;3458;245;10;14;10;0
45488;3446;245;10;14;10;0
45489;3434;245;10;14;10;0
45490;3422;245;10;14;10;0
45491;3410;245;10;14;10;0
45492;3398;245;10;14;10;0
45493;3386;245;10;14;10;0
45494;3374;245;10;14;10;0
45495;3362;245;10;14;10;0
45496;3350;245;10;14;10;0
45497;3338;245;10;14;10;0
45498;3326;245;10;14;10;0
45499;3314;245;10;14;10;0
45500;3302;245;10;14;10;0
45501;3530;245;10;14;10;0
45502;3542;245;10;14;10;0
45503;3554;245;10;14;10;0
45504;3566;245;10;14;10;0
45505;3806;245;10;14;10;0
45506;3794;245;10;14;10;0
45507;3782;245;10;14;10;0
45508;3770;245;10;14;10;0
45509;3758;245;10;14;10;0
45510;3746;245;10;14;10;0
45511;3734;245;10;14;10;0
45512;3722;245;10;14;10;0
45513;3710;245;10;14;10;0
45514;3818;245;10;14;10;0
45515;3698;245;10;14;10;0
45516;3674;245;10;14;10;0
45517;3662;245;10;14;10;0
45518;3650;245;10;14;10;0
45519;3638;245;10;14;10;0
45520;3626;245;10;14;10;0
45521;3614;245;10;14;10;0
45522;3602;245;10;14;10;0
45523;3590;245;10;14;10;0
45524;3578;245;10;14;10;0
45525;302;261;10;14;10;0
45526;2546;261;10;14;10;0
45527;2558;261;10;14;10;0
45528;2570;261;10;14;10;0
45529;1514;277;10;14;10;0
45530;1502;277;10;14;10;0
45531;1490;277;10;14;10;0
45532;1478;277;10;14;10;0
45533;1466;277;10;14;10;0
45534;1454;277;10;14;10;0
45535;1442;277;10;14;10;0
45536;1430;277;10;14;10;0
45537;1418;277;10;14;10;0
45538;1406;277;10;14;10;0
45539;1394;277;10;14;10;0
45540;1382;277;10;14;10;0
45541;1370;277;10;14;10;0
45542;1358;277;10;14;10;0
45543;1346;277;10;14;10;0
45544;1334;277;10;14;10;0
45545;1322;277;10;14;10;0
45546;1310;277;10;14;10;0
45547;1298;277;10;14;10;0
45548;1526;277;10;14;10;0
45549;1538;277;10;14;10;0
45550;1550;277;10;14;10;0
45551;1562;277;10;14;10;0
45552;1802;277;10;14;10;0
45553;1790;277;10;14;10;0
45554;1778;277;10;14;10;0
45555;1766;277;10;14;10;0
45556;1754;277;10;14;10;0
45557;1742;277;10;14;10;0
45558;1730;277;10;14;10;0
45559;1718;277;10;14;10;0
45560;1706;277;10;14;10;0
45561;1814;277;10;14;10;0
45562;1694;277;10;14;10;0
45563;1670;277;10;14;10;0
45564;1658;277;10;14;10;0
45565;1646;277;10;14;10;0
45566;1634;277;10;14;10;0
45567;1622;277;10;14;10;0
45568;1610;277;10;14;10;0
45569;1598;277;10;14;10;0
45570;1586;277;10;14;10;0
45571;1574;277;10;14;10;0
45572;1286;277;10;14;10;0
45573;1682;277;10;14;10;0
45574;1274;277;10;14;10;0
45575;1118;277;10;14;10;0
45576;950;277;10;14;10;0
45577;938;277;10;14;10;0
45578;926;277;10;14;10;0
45579;914;277;10;14;10;0
45580;902;277;10;14;10;0
45581;890;277;10;14;10;0
45582;878;277;10;14;10;0
45583;866;277;10;14;10;0
45584;854;277;10;14;10;0
45585;842;277;10;14;10;0
45586;830;277;10;14;10;0
45587;818;277;10;14;10;0
45588;806;277;10;14;10;0
45589;794;277;10;14;10;0
45590;782;277;10;14;10;0
45591;770;277;10;14;10;0
45592;758;277;10;14;10;0
45593;746;277;10;14;10;0
45594;734;277;10;14;10;0
45595;962;277;10;14;10;0
45596;974;277;10;14;10;0
45597;986;277;10;14;10;0
45598;998;277;10;14;10;0
45599;1238;277;10;14;10;0
45600;1226;277;10;14;10;0
45601;1214;277;10;14;10;0
45602;1202;277;10;14;10;0
45603;1190;277;10;14;10;0
45604;1178;277;10;14;10;0
45605;1166;277;10;14;10;0
45606;1154;277;10;14;10;0
45607;1142;277;10;14;10;0
45608;1250;277;10;14;10;0
45609;1130;277;10;14;10;0
45610;1106;277;10;14;10;0
45611;1094;277;10;14;10;0
45612;1082;277;10;14;10;0
45613;1070;277;10;14;10;0
45614;1058;277;10;14;10;0
45615;1046;277;10;14;10;0
45616;1034;277;10;14;10;0
45617;1022;277;10;14;10;0
45618;1010;277;10;14;10;0
45619;1262;277;10;14;10;0
45620;1838;277;10;14;10;0
45621;2390;277;10;14;10;0
45622;1850;277;10;14;10;0
45623;2642;277;10;14;10;0
45624;2630;277;10;14;10;0
45625;2618;277;10;14;10;0
45626;2606;277;10;14;10;0
45627;2594;277;10;14;10;0
45628;2582;277;10;14;10;0
45629;2570;277;10;14;10;0
45630;2558;277;10;14;10;0
45631;2546;277;10;14;10;0
45632;2534;277;10;14;10;0
45633;2522;277;10;14;10;0
45634;2510;277;10;14;10;0
45635;2498;277;10;14;10;0
45636;2486;277;10;14;10;0
45637;2474;277;10;14;10;0
45638;2462;277;10;14;10;0
45639;2450;277;10;14;10;0
45640;2438;277;10;14;10;0
45641;2426;277;10;14;10;0
45642;2654;277;10;14;10;0
45643;2666;277;10;14;10;0
45644;2678;277;10;14;10;0
45645;2690;277;10;14;10;0
45646;2930;277;10;14;10;0
45647;2918;277;10;14;10;0
45648;2906;277;10;14;10;0
45649;2894;277;10;14;10;0
45650;2882;277;10;14;10;0
45651;2870;277;10;14;10;0
45652;2858;277;10;14;10;0
45653;2846;277;10;14;10;0
45654;2834;277;10;14;10;0
45655;2942;277;10;14;10;0
45656;2822;277;10;14;10;0
45657;2798;277;10;14;10;0
45658;2786;277;10;14;10;0
45659;2774;277;10;14;10;0
45660;2762;277;10;14;10;0
45661;2750;277;10;14;10;0
45662;2738;277;10;14;10;0
45663;2726;277;10;14;10;0
45664;2714;277;10;14;10;0
45665;2702;277;10;14;10;0
45666;2414;277;10;14;10;0
45667;2810;277;10;14;10;0
45668;2402;277;10;14;10;0
45669;2246;277;10;14;10;0
45670;2078;277;10;14;10;0
45671;2066;277;10;14;10;0
45672;2054;277;10;14;10;0
45673;2042;277;10;14;10;0
45674;2030;277;10;14;10;0
45675;2018;277;10;14;10;0
45676;2006;277;10;14;10;0
45677;1994;277;10;14;10;0
45678;1982;277;10;14;10;0
45679;1970;277;10;14;10;0
45680;1958;277;10;14;10;0
45681;1946;277;10;14;10;0
45682;1934;277;10;14;10;0
45683;1922;277;10;14;10;0
45684;1910;277;10;14;10;0
45685;1898;277;10;14;10;0
45686;1886;277;10;14;10;0
45687;1874;277;10;14;10;0
45688;1862;277;10;14;10;0
45689;2090;277;10;14;10;0
45690;2102;277;10;14;10;0
45691;2114;277;10;14;10;0
45692;2126;277;10;14;10;0
45693;2366;277;10;14;10;0
45694;2354;277;10;14;10;0
45695;2342;277;10;14;10;0
45696;2330;277;10;14;10;0
45697;2318;277;10;14;10;0
45698;2306;277;10;14;10;0
45699;2294;277;10;14;10;0
45700;2282;277;10;14;10;0
45701;2270;277;10;14;10;0
45702;2378;277;10;14;10;0
45703;2258;277;10;14;10;0
45704;2234;277;10;14;10;0
45705;2222;277;10;14;10;0
45706;2210;277;10;14;10;0
45707;2198;277;10;14;10;0
45708;2186;277;10;14;10;0
45709;2174;277;10;14;10;0
45710;2162;277;10;14;10;0
45711;2150;277;10;14;10;0
45712;2138;277;10;14;10;0
45713;722;277;10;14;10;0
45714;710;277;10;14;10;0
45715;698;277;10;14;10;0
45716;134;277;10;14;10;0
45717;3350;261;10;14;10;0
45718;3338;261;10;14;10;0
45719;3326;261;10;14;10;0
45720;3314;261;10;14;10;0
45721;3302;261;10;14;10;0
45722;3290;261;10;14;10;0
45723;3278;261;10;14;10;0
45724;3266;261;10;14;10;0
45725;3254;261;10;14;10;0
45726;3242;261;10;14;10;0
45727;3230;261;10;14;10;0
45728;3218;261;10;14;10;0
45729;3206;261;10;14;10;0
45730;3194;261;10;14;10;0
45731;3182;261;10;14;10;0
45732;3170;261;10;14;10;0
45733;3158;261;10;14;10;0
45734;3146;261;10;14;10;0
45735;3134;261;10;14;10;0
45736;3362;261;10;14;10;0
45737;3374;261;10;14;10;0
45738;3386;261;10;14;10;0
45739;3398;261;10;14;10;0
45740;3638;261;10;14;10;0
45741;3626;261;10;14;10;0
45742;3614;261;10;14;10;0
45743;3602;261;10;14;10;0
45744;3590;261;10;14;10;0
45745;3578;261;10;14;10;0
45746;3566;261;10;14;10;0
45747;3554;261;10;14;10;0
45748;3542;261;10;14;10;0
45749;3650;261;10;14;10;0
45750;3530;261;10;14;10;0
45751;3506;261;10;14;10;0
45752;3494;261;10;14;10;0
45753;3482;261;10;14;10;0
45754;3470;261;10;14;10;0
45755;3458;261;10;14;10;0
45756;3446;261;10;14;10;0
45757;3434;261;10;14;10;0
45758;3422;261;10;14;10;0
45759;3410;261;10;14;10;0
45760;3122;261;10;14;10;0
45761;3110;261;10;14;10;0
45762;3098;261;10;14;10;0
45763;2822;261;10;14;10;0
45764;2798;261;10;14;10;0
45765;2786;261;10;14;10;0
45766;2774;261;10;14;10;0
45767;2762;261;10;14;10;0
45768;2750;261;10;14;10;0
45769;2738;261;10;14;10;0
45770;2726;261;10;14;10;0
45771;2714;261;10;14;10;0
45772;2702;261;10;14;10;0
45773;2690;261;10;14;10;0
45774;2678;261;10;14;10;0
45775;2666;261;10;14;10;0
45776;2654;261;10;14;10;0
45777;2642;261;10;14;10;0
45778;2630;261;10;14;10;0
45779;2618;261;10;14;10;0
45780;2606;261;10;14;10;0
45781;2594;261;10;14;10;0
45782;2582;261;10;14;10;0
45783;2810;261;10;14;10;0
45784;2834;261;10;14;10;0
45785;3086;261;10;14;10;0
45786;2846;261;10;14;10;0
45787;3074;261;10;14;10;0
45788;3062;261;10;14;10;0
45789;3050;261;10;14;10;0
45790;3038;261;10;14;10;0
45791;3026;261;10;14;10;0
45792;3014;261;10;14;10;0
45793;3002;261;10;14;10;0
45794;2990;261;10;14;10;0
45795;2978;261;10;14;10;0
45796;2966;261;10;14;10;0
45797;2954;261;10;14;10;0
45798;2942;261;10;14;10;0
45799;2930;261;10;14;10;0
45800;2918;261;10;14;10;0
45801;2906;261;10;14;10;0
45802;2894;261;10;14;10;0
45803;2882;261;10;14;10;0
45804;2870;261;10;14;10;0
45805;2858;261;10;14;10;0
45806;3518;261;10;14;10;0
45807;3662;261;10;14;10;0
45808;3674;261;10;14;10;0
45809;3686;261;10;14;10;0
45810;386;277;10;14;10;0
45811;374;277;10;14;10;0
45812;362;277;10;14;10;0
45813;350;277;10;14;10;0
45814;338;277;10;14;10;0
45815;326;277;10;14;10;0
45816;314;277;10;14;10;0
45817;302;277;10;14;10;0
45818;290;277;10;14;10;0
45819;278;277;10;14;10;0
45820;266;277;10;14;10;0
45821;254;277;10;14;10;0
45822;242;277;10;14;10;0
45823;230;277;10;14;10;0
45824;218;277;10;14;10;0
45825;206;277;10;14;10;0
45826;194;277;10;14;10;0
45827;182;277;10;14;10;0
45828;170;277;10;14;10;0
45829;398;277;10;14;10;0
45830;410;277;10;14;10;0
45831;422;277;10;14;10;0
45832;434;277;10;14;10;0
45833;674;277;10;14;10;0
45834;662;277;10;14;10;0
45835;650;277;10;14;10;0
45836;638;277;10;14;10;0
45837;626;277;10;14;10;0
45838;614;277;10;14;10;0
45839;602;277;10;14;10;0
45840;590;277;10;14;10;0
45841;578;277;10;14;10;0
45842;686;277;10;14;10;0
45843;566;277;10;14;10;0
45844;542;277;10;14;10;0
45845;530;277;10;14;10;0
45846;518;277;10;14;10;0
45847;506;277;10;14;10;0
45848;494;277;10;14;10;0
45849;482;277;10;14;10;0
45850;470;277;10;14;10;0
45851;458;277;10;14;10;0
45852;446;277;10;14;10;0
45853;158;277;10;14;10;0
45854;554;277;10;14;10;0
45855;146;277;10;14;10;0
45856;4082;261;10;14;10;0
45857;3914;261;10;14;10;0
45858;3902;261;10;14;10;0
45859;3890;261;10;14;10;0
45860;3878;261;10;14;10;0
45861;3866;261;10;14;10;0
45862;3854;261;10;14;10;0
45863;3842;261;10;14;10;0
45864;3830;261;10;14;10;0
45865;3818;261;10;14;10;0
45866;3806;261;10;14;10;0
45867;3794;261;10;14;10;0
45868;3782;261;10;14;10;0
45869;3770;261;10;14;10;0
45870;3758;261;10;14;10;0
45871;3746;261;10;14;10;0
45872;3734;261;10;14;10;0
45873;3722;261;10;14;10;0
45874;3710;261;10;14;10;0
45875;3698;261;10;14;10;0
45876;3926;261;10;14;10;0
45877;3938;261;10;14;10;0
45878;3950;261;10;14;10;0
45879;3962;261;10;14;10;0
45880;110;277;10;14;10;0
45881;98;277;10;14;10;0
45882;86;277;10;14;10;0
45883;74;277;10;14;10;0
45884;62;277;10;14;10;0
45885;50;277;10;14;10;0
45886;38;277;10;14;10;0
45887;26;277;10;14;10;0
45888;14;277;10;14;10;0
45889;122;277;10;14;10;0
45890;2;277;10;14;10;0
45891;4070;261;10;14;10;0
45892;4058;261;10;14;10;0
45893;4046;261;10;14;10;0
45894;4034;261;10;14;10;0
45895;4022;261;10;14;10;0
45896;4010;261;10;14;10;0
45897;3998;261;10;14;10;0
45898;3986;261;10;14;10;0
45899;3974;261;10;14;10;0
45900;2174;245;10;14;10;0
45901;2162;245;10;14;10;0
45902;2150;245;10;14;10;0
45903;1754;229;10;14;10;0
45904;314;229;10;14;10;0
45905;302;229;10;14;10;0
45906;290;229;10;14;10;0
45907;278;229;10;14;10;0
45908;266;229;10;14;10;0
45909;254;229;10;14;10;0
45910;242;229;10;14;10;0
45911;230;229;10;14;10;0
45912;218;229;10;14;10;0
45913;206;229;10;14;10;0
45914;194;229;10;14;10;0
45915;182;229;10;14;10;0
45916;170;229;10;14;10;0
45917;158;229;10;14;10;0
45918;146;229;10;14;10;0
45919;134;229;10;14;10;0
45920;122;229;10;14;10;0
45921;110;229;10;14;10;0
45922;98;229;10;14;10;0
45923;326;229;10;14;10;0
45924;338;229;10;14;10;0
45925;350;229;10;14;10;0
45926;362;229;10;14;10;0
45927;602;229;10;14;10;0
45928;590;229;10;14;10;0
45929;578;229;10;14;10;0
45930;566;229;10;14;10;0
45931;554;229;10;14;10;0
45932;542;229;10;14;10;0
45933;530;229;10;14;10;0
45934;518;229;10;14;10;0
45935;506;229;10;14;10;0
45936;614;229;10;14;10;0
45937;494;229;10;14;10;0
45938;470;229;10;14;10;0
45939;458;229;10;14;10;0
45940;446;229;10;14;10;0
45941;434;229;10;14;10;0
45942;422;229;10;14;10;0
45943;410;229;10;14;10;0
45944;398;229;10;14;10;0
45945;386;229;10;14;10;0
45946;374;229;10;14;10;0
45947;86;229;10;14;10;0
45948;74;229;10;14;10;0
45949;62;229;10;14;10;0
45950;3878;213;10;14;10;0
45951;3854;213;10;14;10;0
45952;3842;213;10;14;10;0
45953;3830;213;10;14;10;0
45954;3818;213;10;14;10;0
45955;3806;213;10;14;10;0
45956;3794;213;10;14;10;0
45957;3782;213;10;14;10;0
45958;3770;213;10;14;10;0
45959;3758;213;10;14;10;0
45960;3746;213;10;14;10;0
45961;3734;213;10;14;10;0
45962;3722;213;10;14;10;0
45963;3710;213;10;14;10;0
45964;3698;213;10;14;10;0
45965;3686;213;10;14;10;0
45966;3674;213;10;14;10;0
45967;3662;213;10;14;10;0
45968;3650;213;10;14;10;0
45969;3638;213;10;14;10;0
45970;3866;213;10;14;10;0
45971;3890;213;10;14;10;0
45972;50;229;10;14;10;0
45973;3902;213;10;14;10;0
45974;38;229;10;14;10;0
45975;26;229;10;14;10;0
45976;14;229;10;14;10;0
45977;2;229;10;14;10;0
45978;4082;213;10;14;10;0
45979;4070;213;10;14;10;0
45980;4058;213;10;14;10;0
45981;4046;213;10;14;10;0
45982;4034;213;10;14;10;0
45983;4022;213;10;14;10;0
45984;4010;213;10;14;10;0
45985;3998;213;10;14;10;0
45986;3986;213;10;14;10;0
45987;3974;213;10;14;10;0
45988;3962;213;10;14;10;0
45989;3950;213;10;14;10;0
45990;3938;213;10;14;10;0
45991;3926;213;10;14;10;0
45992;3914;213;10;14;10;0
45993;482;229;10;14;10;0
45994;626;229;10;14;10;0
45995;638;229;10;14;10;0
45996;650;229;10;14;10;0
45997;1442;229;10;14;10;0
45998;1430;229;10;14;10;0
45999;1418;229;10;14;10;0
46000;1406;229;10;14;10;0
46001;1394;229;10;14;10;0
46002;1382;229;10;14;10;0
46003;1370;229;10;14;10;0
46004;1358;229;10;14;10;0
46005;1346;229;10;14;10;0
46006;1334;229;10;14;10;0
46007;1322;229;10;14;10;0
46008;1310;229;10;14;10;0
46009;1298;229;10;14;10;0
46010;1286;229;10;14;10;0
46011;1274;229;10;14;10;0
46012;1262;229;10;14;10;0
46013;1250;229;10;14;10;0
46014;1238;229;10;14;10;0
46015;1226;229;10;14;10;0
46016;1454;229;10;14;10;0
46017;1466;229;10;14;10;0
46018;1478;229;10;14;10;0
46019;1490;229;10;14;10;0
46020;1730;229;10;14;10;0
46021;1718;229;10;14;10;0
46022;1706;229;10;14;10;0
46023;1694;229;10;14;10;0
46024;1682;229;10;14;10;0
46025;1670;229;10;14;10;0
46026;1658;229;10;14;10;0
46027;1646;229;10;14;10;0
46028;1634;229;10;14;10;0
46029;1742;229;10;14;10;0
46030;1622;229;10;14;10;0
46031;1598;229;10;14;10;0
46032;1586;229;10;14;10;0
46033;1574;229;10;14;10;0
46034;1562;229;10;14;10;0
46035;1550;229;10;14;10;0
46036;1538;229;10;14;10;0
46037;1526;229;10;14;10;0
46038;1514;229;10;14;10;0
46039;1502;229;10;14;10;0
46040;1214;229;10;14;10;0
46041;1610;229;10;14;10;0
46042;1202;229;10;14;10;0
46043;1046;229;10;14;10;0
46044;878;229;10;14;10;0
46045;866;229;10;14;10;0
46046;854;229;10;14;10;0
46047;842;229;10;14;10;0
46048;830;229;10;14;10;0
46049;818;229;10;14;10;0
46050;806;229;10;14;10;0
46051;794;229;10;14;10;0
46052;782;229;10;14;10;0
46053;770;229;10;14;10;0
46054;758;229;10;14;10;0
46055;746;229;10;14;10;0
46056;734;229;10;14;10;0
46057;722;229;10;14;10;0
46058;710;229;10;14;10;0
46059;698;229;10;14;10;0
46060;686;229;10;14;10;0
46061;674;229;10;14;10;0
46062;662;229;10;14;10;0
46063;890;229;10;14;10;0
46064;902;229;10;14;10;0
46065;914;229;10;14;10;0
46066;926;229;10;14;10;0
46067;1166;229;10;14;10;0
46068;1154;229;10;14;10;0
46069;1142;229;10;14;10;0
46070;1130;229;10;14;10;0
46071;1118;229;10;14;10;0
46072;1106;229;10;14;10;0
46073;1094;229;10;14;10;0
46074;1082;229;10;14;10;0
46075;1070;229;10;14;10;0
46076;1178;229;10;14;10;0
46077;1058;229;10;14;10;0
46078;1034;229;10;14;10;0
46079;1022;229;10;14;10;0
46080;1010;229;10;14;10;0
46081;998;229;10;14;10;0
46082;986;229;10;14;10;0
46083;974;229;10;14;10;0
46084;962;229;10;14;10;0
46085;950;229;10;14;10;0
46086;938;229;10;14;10;0
46087;3626;213;10;14;10;0
46088;1190;229;10;14;10;0
46089;3614;213;10;14;10;0
46090;3038;213;10;14;10;0
46091;2162;213;10;14;10;0
46092;2150;213;10;14;10;0
46093;2138;213;10;14;10;0
46094;2126;213;10;14;10;0
46095;2114;213;10;14;10;0
46096;2102;213;10;14;10;0
46097;2090;213;10;14;10;0
46098;2078;213;10;14;10;0
46099;2066;213;10;14;10;0
46100;2054;213;10;14;10;0
46101;2042;213;10;14;10;0
46102;2030;213;10;14;10;0
46103;2018;213;10;14;10;0
46104;2006;213;10;14;10;0
46105;1994;213;10;14;10;0
46106;1982;213;10;14;10;0
46107;1970;213;10;14;10;0
46108;1958;213;10;14;10;0
46109;1946;213;10;14;10;0
46110;2174;213;10;14;10;0
46111;2186;213;10;14;10;0
46112;2198;213;10;14;10;0
46113;2210;213;10;14;10;0
46114;2450;213;10;14;10;0
46115;2438;213;10;14;10;0
46116;2426;213;10;14;10;0
46117;2414;213;10;14;10;0
46118;2402;213;10;14;10;0
46119;2390;213;10;14;10;0
46120;2378;213;10;14;10;0
46121;2366;213;10;14;10;0
46122;2354;213;10;14;10;0
46123;2462;213;10;14;10;0
46124;2342;213;10;14;10;0
46125;2318;213;10;14;10;0
46126;2306;213;10;14;10;0
46127;2294;213;10;14;10;0
46128;2282;213;10;14;10;0
46129;2270;213;10;14;10;0
46130;2258;213;10;14;10;0
46131;2246;213;10;14;10;0
46132;2234;213;10;14;10;0
46133;2222;213;10;14;10;0
46134;1934;213;10;14;10;0
46135;1922;213;10;14;10;0
46136;1910;213;10;14;10;0
46137;1634;213;10;14;10;0
46138;1610;213;10;14;10;0
46139;1598;213;10;14;10;0
46140;1586;213;10;14;10;0
46141;1574;213;10;14;10;0
46142;1562;213;10;14;10;0
46143;1550;213;10;14;10;0
46144;1538;213;10;14;10;0
46145;1526;213;10;14;10;0
46146;1514;213;10;14;10;0
46147;1502;213;10;14;10;0
46148;1490;213;10;14;10;0
46149;1478;213;10;14;10;0
46150;1466;213;10;14;10;0
46151;1454;213;10;14;10;0
46152;1442;213;10;14;10;0
46153;1430;213;10;14;10;0
46154;1418;213;10;14;10;0
46155;1406;213;10;14;10;0
46156;1394;213;10;14;10;0
46157;1622;213;10;14;10;0
46158;1646;213;10;14;10;0
46159;1898;213;10;14;10;0
46160;1658;213;10;14;10;0
46161;1886;213;10;14;10;0
46162;1874;213;10;14;10;0
46163;1862;213;10;14;10;0
46164;1850;213;10;14;10;0
46165;1838;213;10;14;10;0
46166;1826;213;10;14;10;0
46167;1814;213;10;14;10;0
46168;1802;213;10;14;10;0
46169;1790;213;10;14;10;0
46170;1778;213;10;14;10;0
46171;1766;213;10;14;10;0
46172;1754;213;10;14;10;0
46173;1742;213;10;14;10;0
46174;1730;213;10;14;10;0
46175;1718;213;10;14;10;0
46176;1706;213;10;14;10;0
46177;1694;213;10;14;10;0
46178;1682;213;10;14;10;0
46179;1670;213;10;14;10;0
46180;2330;213;10;14;10;0
46181;2474;213;10;14;10;0
46182;2486;213;10;14;10;0
46183;2498;213;10;14;10;0
46184;3290;213;10;14;10;0
46185;3278;213;10;14;10;0
46186;3266;213;10;14;10;0
46187;3254;213;10;14;10;0
46188;3242;213;10;14;10;0
46189;3230;213;10;14;10;0
46190;3218;213;10;14;10;0
46191;3206;213;10;14;10;0
46192;3194;213;10;14;10;0
46193;3182;213;10;14;10;0
46194;3170;213;10;14;10;0
46195;3158;213;10;14;10;0
46196;3146;213;10;14;10;0
46197;3134;213;10;14;10;0
46198;3122;213;10;14;10;0
46199;3110;213;10;14;10;0
46200;3098;213;10;14;10;0
46201;3086;213;10;14;10;0
46202;3074;213;10;14;10;0
46203;3302;213;10;14;10;0
46204;3314;213;10;14;10;0
46205;3326;213;10;14;10;0
46206;3338;213;10;14;10;0
46207;3578;213;10;14;10;0
46208;3566;213;10;14;10;0
46209;3554;213;10;14;10;0
46210;3542;213;10;14;10;0
46211;3530;213;10;14;10;0
46212;3518;213;10;14;10;0
46213;3506;213;10;14;10;0
46214;3494;213;10;14;10;0
46215;3482;213;10;14;10;0
46216;3590;213;10;14;10;0
46217;3470;213;10;14;10;0
46218;3446;213;10;14;10;0
46219;3434;213;10;14;10;0
46220;3422;213;10;14;10;0
46221;3410;213;10;14;10;0
46222;3398;213;10;14;10;0
46223;3386;213;10;14;10;0
46224;3374;213;10;14;10;0
46225;3362;213;10;14;10;0
46226;3350;213;10;14;10;0
46227;3062;213;10;14;10;0
46228;3458;213;10;14;10;0
46229;3050;213;10;14;10;0
46230;2894;213;10;14;10;0
46231;2726;213;10;14;10;0
46232;2714;213;10;14;10;0
46233;2702;213;10;14;10;0
46234;2690;213;10;14;10;0
46235;2678;213;10;14;10;0
46236;2666;213;10;14;10;0
46237;2654;213;10;14;10;0
46238;2642;213;10;14;10;0
46239;2630;213;10;14;10;0
46240;2618;213;10;14;10;0
46241;2606;213;10;14;10;0
46242;2594;213;10;14;10;0
46243;2582;213;10;14;10;0
46244;2570;213;10;14;10;0
46245;2558;213;10;14;10;0
46246;2546;213;10;14;10;0
46247;2534;213;10;14;10;0
46248;2522;213;10;14;10;0
46249;2510;213;10;14;10;0
46250;2738;213;10;14;10;0
46251;2750;213;10;14;10;0
46252;2762;213;10;14;10;0
46253;2774;213;10;14;10;0
46254;3014;213;10;14;10;0
46255;3002;213;10;14;10;0
46256;2990;213;10;14;10;0
46257;2978;213;10;14;10;0
46258;2966;213;10;14;10;0
46259;2954;213;10;14;10;0
46260;2942;213;10;14;10;0
46261;2930;213;10;14;10;0
46262;2918;213;10;14;10;0
46263;3026;213;10;14;10;0
46264;2906;213;10;14;10;0
46265;2882;213;10;14;10;0
46266;2870;213;10;14;10;0
46267;2858;213;10;14;10;0
46268;2846;213;10;14;10;0
46269;2834;213;10;14;10;0
46270;2822;213;10;14;10;0
46271;2810;213;10;14;10;0
46272;2798;213;10;14;10;0
46273;2786;213;10;14;10;0
46274;3602;213;10;14;10;0
46275;1766;229;10;14;10;0
46276;3998;229;10;14;10;0
46277;1778;229;10;14;10;0
46278;710;245;10;14;10;0
46279;698;245;10;14;10;0
46280;686;245;10;14;10;0
46281;674;245;10;14;10;0
46282;662;245;10;14;10;0
46283;650;245;10;14;10;0
46284;638;245;10;14;10;0
46285;626;245;10;14;10;0
46286;614;245;10;14;10;0
46287;602;245;10;14;10;0
46288;590;245;10;14;10;0
46289;578;245;10;14;10;0
46290;566;245;10;14;10;0
46291;554;245;10;14;10;0
46292;542;245;10;14;10;0
46293;530;245;10;14;10;0
46294;518;245;10;14;10;0
46295;506;245;10;14;10;0
46296;494;245;10;14;10;0
46297;722;245;10;14;10;0
46298;734;245;10;14;10;0
46299;746;245;10;14;10;0
46300;758;245;10;14;10;0
46301;998;245;10;14;10;0
46302;986;245;10;14;10;0
46303;974;245;10;14;10;0
46304;962;245;10;14;10;0
46305;950;245;10;14;10;0
46306;938;245;10;14;10;0
46307;926;245;10;14;10;0
46308;914;245;10;14;10;0
46309;902;245;10;14;10;0
46310;1010;245;10;14;10;0
46311;890;245;10;14;10;0
46312;866;245;10;14;10;0
46313;854;245;10;14;10;0
46314;842;245;10;14;10;0
46315;830;245;10;14;10;0
46316;818;245;10;14;10;0
46317;806;245;10;14;10;0
46318;794;245;10;14;10;0
46319;782;245;10;14;10;0
46320;770;245;10;14;10;0
46321;482;245;10;14;10;0
46322;470;245;10;14;10;0
46323;458;245;10;14;10;0
46324;182;245;10;14;10;0
46325;158;245;10;14;10;0
46326;146;245;10;14;10;0
46327;134;245;10;14;10;0
46328;122;245;10;14;10;0
46329;110;245;10;14;10;0
46330;98;245;10;14;10;0
46331;86;245;10;14;10;0
46332;74;245;10;14;10;0
46333;62;245;10;14;10;0
46334;50;245;10;14;10;0
46335;38;245;10;14;10;0
46336;26;245;10;14;10;0
46337;14;245;10;14;10;0
46338;2;245;10;14;10;0
46339;4082;229;10;14;10;0
46340;4070;229;10;14;10;0
46341;4058;229;10;14;10;0
46342;4046;229;10;14;10;0
46343;4034;229;10;14;10;0
46344;170;245;10;14;10;0
46345;194;245;10;14;10;0
46346;446;245;10;14;10;0
46347;206;245;10;14;10;0
46348;434;245;10;14;10;0
46349;422;245;10;14;10;0
46350;410;245;10;14;10;0
46351;398;245;10;14;10;0
46352;386;245;10;14;10;0
46353;374;245;10;14;10;0
46354;362;245;10;14;10;0
46355;350;245;10;14;10;0
46356;338;245;10;14;10;0
46357;326;245;10;14;10;0
46358;314;245;10;14;10;0
46359;302;245;10;14;10;0
46360;290;245;10;14;10;0
46361;278;245;10;14;10;0
46362;266;245;10;14;10;0
46363;254;245;10;14;10;0
46364;242;245;10;14;10;0
46365;230;245;10;14;10;0
46366;218;245;10;14;10;0
46367;878;245;10;14;10;0
46368;1022;245;10;14;10;0
46369;1034;245;10;14;10;0
46370;1046;245;10;14;10;0
46371;1838;245;10;14;10;0
46372;1826;245;10;14;10;0
46373;1814;245;10;14;10;0
46374;1802;245;10;14;10;0
46375;1790;245;10;14;10;0
46376;1778;245;10;14;10;0
46377;1766;245;10;14;10;0
46378;1754;245;10;14;10;0
46379;1742;245;10;14;10;0
46380;1730;245;10;14;10;0
46381;1718;245;10;14;10;0
46382;1706;245;10;14;10;0
46383;1694;245;10;14;10;0
46384;1682;245;10;14;10;0
46385;1670;245;10;14;10;0
46386;1658;245;10;14;10;0
46387;1646;245;10;14;10;0
46388;1634;245;10;14;10;0
46389;1622;245;10;14;10;0
46390;1850;245;10;14;10;0
46391;1862;245;10;14;10;0
46392;1874;245;10;14;10;0
46393;1886;245;10;14;10;0
46394;2126;245;10;14;10;0
46395;2114;245;10;14;10;0
46396;2102;245;10;14;10;0
46397;2090;245;10;14;10;0
46398;2078;245;10;14;10;0
46399;2066;245;10;14;10;0
46400;2054;245;10;14;10;0
46401;2042;245;10;14;10;0
46402;2030;245;10;14;10;0
46403;2138;245;10;14;10;0
46404;2018;245;10;14;10;0
46405;1994;245;10;14;10;0
46406;1982;245;10;14;10;0
46407;1970;245;10;14;10;0
46408;1958;245;10;14;10;0
46409;1946;245;10;14;10;0
46410;1934;245;10;14;10;0
46411;1922;245;10;14;10;0
46412;1910;245;10;14;10;0
46413;1898;245;10;14;10;0
46414;1610;245;10;14;10;0
46415;2006;245;10;14;10;0
46416;1598;245;10;14;10;0
46417;1442;245;10;14;10;0
46418;1274;245;10;14;10;0
46419;1262;245;10;14;10;0
46420;1250;245;10;14;10;0
46421;1238;245;10;14;10;0
46422;1226;245;10;14;10;0
46423;1214;245;10;14;10;0
46424;1202;245;10;14;10;0
46425;1190;245;10;14;10;0
46426;1178;245;10;14;10;0
46427;1166;245;10;14;10;0
46428;1154;245;10;14;10;0
46429;1142;245;10;14;10;0
46430;1130;245;10;14;10;0
46431;1118;245;10;14;10;0
46432;1106;245;10;14;10;0
46433;1094;245;10;14;10;0
46434;1082;245;10;14;10;0
46435;1070;245;10;14;10;0
46436;1058;245;10;14;10;0
46437;1286;245;10;14;10;0
46438;1298;245;10;14;10;0
46439;1310;245;10;14;10;0
46440;1322;245;10;14;10;0
46441;1562;245;10;14;10;0
46442;1550;245;10;14;10;0
46443;1538;245;10;14;10;0
46444;1526;245;10;14;10;0
46445;1514;245;10;14;10;0
46446;1502;245;10;14;10;0
46447;1490;245;10;14;10;0
46448;1478;245;10;14;10;0
46449;1466;245;10;14;10;0
46450;1574;245;10;14;10;0
46451;1454;245;10;14;10;0
46452;1430;245;10;14;10;0
46453;1418;245;10;14;10;0
46454;1406;245;10;14;10;0
46455;1394;245;10;14;10;0
46456;1382;245;10;14;10;0
46457;1370;245;10;14;10;0
46458;1358;245;10;14;10;0
46459;1346;245;10;14;10;0
46460;1334;245;10;14;10;0
46461;4022;229;10;14;10;0
46462;1586;245;10;14;10;0
46463;4010;229;10;14;10;0
46464;3434;229;10;14;10;0
46465;2558;229;10;14;10;0
46466;2546;229;10;14;10;0
46467;2534;229;10;14;10;0
46468;2522;229;10;14;10;0
46469;2510;229;10;14;10;0
46470;2498;229;10;14;10;0
46471;2486;229;10;14;10;0
46472;2474;229;10;14;10;0
46473;2462;229;10;14;10;0
46474;2450;229;10;14;10;0
46475;2438;229;10;14;10;0
46476;2426;229;10;14;10;0
46477;2414;229;10;14;10;0
46478;2402;229;10;14;10;0
46479;2390;229;10;14;10;0
46480;2378;229;10;14;10;0
46481;2366;229;10;14;10;0
46482;2354;229;10;14;10;0
46483;2342;229;10;14;10;0
46484;2570;229;10;14;10;0
46485;2582;229;10;14;10;0
46486;2594;229;10;14;10;0
46487;2606;229;10;14;10;0
46488;2846;229;10;14;10;0
46489;2834;229;10;14;10;0
46490;2822;229;10;14;10;0
46491;2810;229;10;14;10;0
46492;2798;229;10;14;10;0
46493;2786;229;10;14;10;0
46494;2774;229;10;14;10;0
46495;2762;229;10;14;10;0
46496;2750;229;10;14;10;0
46497;2858;229;10;14;10;0
46498;2738;229;10;14;10;0
46499;2714;229;10;14;10;0
46500;2702;229;10;14;10;0
46501;2690;229;10;14;10;0
46502;2678;229;10;14;10;0
46503;2666;229;10;14;10;0
46504;2654;229;10;14;10;0
46505;2642;229;10;14;10;0
46506;2630;229;10;14;10;0
46507;2618;229;10;14;10;0
46508;2330;229;10;14;10;0
46509;2318;229;10;14;10;0
46510;2306;229;10;14;10;0
46511;2030;229;10;14;10;0
46512;2006;229;10;14;10;0
46513;1994;229;10;14;10;0
46514;1982;229;10;14;10;0
46515;1970;229;10;14;10;0
46516;1958;229;10;14;10;0
46517;1946;229;10;14;10;0
46518;1934;229;10;14;10;0
46519;1922;229;10;14;10;0
46520;1910;229;10;14;10;0
46521;1898;229;10;14;10;0
46522;1886;229;10;14;10;0
46523;1874;229;10;14;10;0
46524;1862;229;10;14;10;0
46525;1850;229;10;14;10;0
46526;1838;229;10;14;10;0
46527;1826;229;10;14;10;0
46528;1814;229;10;14;10;0
46529;1802;229;10;14;10;0
46530;1790;229;10;14;10;0
46531;2018;229;10;14;10;0
46532;2042;229;10;14;10;0
46533;2294;229;10;14;10;0
46534;2054;229;10;14;10;0
46535;2282;229;10;14;10;0
46536;2270;229;10;14;10;0
46537;2258;229;10;14;10;0
46538;2246;229;10;14;10;0
46539;2234;229;10;14;10;0
46540;2222;229;10;14;10;0
46541;2210;229;10;14;10;0
46542;2198;229;10;14;10;0
46543;2186;229;10;14;10;0
46544;2174;229;10;14;10;0
46545;2162;229;10;14;10;0
46546;2150;229;10;14;10;0
46547;2138;229;10;14;10;0
46548;2126;229;10;14;10;0
46549;2114;229;10;14;10;0
46550;2102;229;10;14;10;0
46551;2090;229;10;14;10;0
46552;2078;229;10;14;10;0
46553;2066;229;10;14;10;0
46554;2726;229;10;14;10;0
46555;2870;229;10;14;10;0
46556;2882;229;10;14;10;0
46557;2894;229;10;14;10;0
46558;3686;229;10;14;10;0
46559;3674;229;10;14;10;0
46560;3662;229;10;14;10;0
46561;3650;229;10;14;10;0
46562;3638;229;10;14;10;0
46563;3626;229;10;14;10;0
46564;3614;229;10;14;10;0
46565;3602;229;10;14;10;0
46566;3590;229;10;14;10;0
46567;3578;229;10;14;10;0
46568;3566;229;10;14;10;0
46569;3554;229;10;14;10;0
46570;3542;229;10;14;10;0
46571;3530;229;10;14;10;0
46572;3518;229;10;14;10;0
46573;3506;229;10;14;10;0
46574;3494;229;10;14;10;0
46575;3482;229;10;14;10;0
46576;3470;229;10;14;10;0
46577;3698;229;10;14;10;0
46578;3710;229;10;14;10;0
46579;3722;229;10;14;10;0
46580;3734;229;10;14;10;0
46581;3974;229;10;14;10;0
46582;3962;229;10;14;10;0
46583;3950;229;10;14;10;0
46584;3938;229;10;14;10;0
46585;3926;229;10;14;10;0
46586;3914;229;10;14;10;0
46587;3902;229;10;14;10;0
46588;3890;229;10;14;10;0
46589;3878;229;10;14;10;0
46590;3986;229;10;14;10;0
46591;3866;229;10;14;10;0
46592;3842;229;10;14;10;0
46593;3830;229;10;14;10;0
46594;3818;229;10;14;10;0
46595;3806;229;10;14;10;0
46596;3878;133;10;14;10;0
46597;3782;229;10;14;10;0
46598;3770;229;10;14;10;0
46599;3758;229;10;14;10;0
46600;3746;229;10;14;10;0
46601;3458;229;10;14;10;0
46602;3854;229;10;14;10;0
46603;3446;229;10;14;10;0
46604;3290;229;10;14;10;0
46605;3122;229;10;14;10;0
46606;3110;229;10;14;10;0
46607;3098;229;10;14;10;0
46608;3086;229;10;14;10;0
46609;3074;229;10;14;10;0
46610;3062;229;10;14;10;0
46611;3050;229;10;14;10;0
46612;3038;229;10;14;10;0
46613;3026;229;10;14;10;0
46614;3014;229;10;14;10;0
46615;3002;229;10;14;10;0
46616;2990;229;10;14;10;0
46617;2978;229;10;14;10;0
46618;2966;229;10;14;10;0
46619;2954;229;10;14;10;0
46620;2942;229;10;14;10;0
46621;2930;229;10;14;10;0
46622;2918;229;10;14;10;0
46623;2906;229;10;14;10;0
46624;3134;229;10;14;10;0
46625;3146;229;10;14;10;0
46626;3158;229;10;14;10;0
46627;3170;229;10;14;10;0
46628;3410;229;10;14;10;0
46629;3398;229;10;14;10;0
46630;3386;229;10;14;10;0
46631;3374;229;10;14;10;0
46632;3362;229;10;14;10;0
46633;3350;229;10;14;10;0
46634;3338;229;10;14;10;0
46635;3326;229;10;14;10;0
46636;3314;229;10;14;10;0
46637;3422;229;10;14;10;0
46638;3302;229;10;14;10;0
46639;3278;229;10;14;10;0
46640;3266;229;10;14;10;0
46641;3254;229;10;14;10;0
46642;3242;229;10;14;10;0
46643;3230;229;10;14;10;0
46644;3218;229;10;14;10;0
46645;3206;229;10;14;10;0
46646;3194;229;10;14;10;0
46647;3182;229;10;14;10;0
46648;3890;133;10;14;10;0
46649;1826;277;10;14;10;0
46650;3866;133;10;14;10;0
46651;1418;117;10;14;10;0
46652;422;53;10;14;10;0
46653;410;53;10;14;10;0
46654;398;53;10;14;10;0
46655;386;53;10;14;10;0
46656;374;53;10;14;10;0
46657;362;53;10;14;10;0
46658;350;53;10;14;10;0
46659;338;53;10;14;10;0
46660;326;53;10;14;10;0
46661;314;53;10;14;10;0
46662;302;53;10;14;10;0
46663;290;53;10;14;10;0
46664;278;53;10;14;10;0
46665;266;53;10;14;10;0
46666;254;53;10;14;10;0
46667;242;53;10;14;10;0
46668;230;53;10;14;10;0
46669;218;53;10;14;10;0
46670;206;53;10;14;10;0
46671;434;53;10;14;10;0
46672;446;53;10;14;10;0
46673;458;53;10;14;10;0
46674;470;53;10;14;10;0
46675;710;53;10;14;10;0
46676;698;53;10;14;10;0
46677;686;53;10;14;10;0
46678;674;53;10;14;10;0
46679;662;53;10;14;10;0
46680;650;53;10;14;10;0
46681;638;53;10;14;10;0
46682;626;53;10;14;10;0
46683;614;53;10;14;10;0
46684;722;53;10;14;10;0
46685;602;53;10;14;10;0
46686;578;53;10;14;10;0
46687;566;53;10;14;10;0
46688;554;53;10;14;10;0
46689;542;53;10;14;10;0
46690;530;53;10;14;10;0
46691;518;53;10;14;10;0
46692;506;53;10;14;10;0
46693;494;53;10;14;10;0
46694;482;53;10;14;10;0
46695;194;53;10;14;10;0
46696;182;53;10;14;10;0
46697;170;53;10;14;10;0
46698;3986;37;10;14;10;0
46699;3962;37;10;14;10;0
46700;3950;37;10;14;10;0
46701;3938;37;10;14;10;0
46702;3926;37;10;14;10;0
46703;3914;37;10;14;10;0
46704;3902;37;10;14;10;0
46705;3890;37;10;14;10;0
46706;3878;37;10;14;10;0
46707;3866;37;10;14;10;0
46708;3854;37;10;14;10;0
46709;3842;37;10;14;10;0
46710;3830;37;10;14;10;0
46711;3818;37;10;14;10;0
46712;3806;37;10;14;10;0
46713;3794;37;10;14;10;0
46714;3782;37;10;14;10;0
46715;3770;37;10;14;10;0
46716;3758;37;10;14;10;0
46717;3746;37;10;14;10;0
46718;3974;37;10;14;10;0
46719;3998;37;10;14;10;0
46720;158;53;10;14;10;0
46721;4010;37;10;14;10;0
46722;146;53;10;14;10;0
46723;134;53;10;14;10;0
46724;122;53;10;14;10;0
46725;110;53;10;14;10;0
46726;98;53;10;14;10;0
46727;86;53;10;14;10;0
46728;74;53;10;14;10;0
46729;62;53;10;14;10;0
46730;50;53;10;14;10;0
46731;38;53;10;14;10;0
46732;26;53;10;14;10;0
46733;14;53;10;14;10;0
46734;2;53;10;14;10;0
46735;4082;37;10;14;10;0
46736;4070;37;10;14;10;0
46737;4058;37;10;14;10;0
46738;4046;37;10;14;10;0
46739;4034;37;10;14;10;0
46740;4022;37;10;14;10;0
46741;590;53;10;14;10;0
46742;734;53;10;14;10;0
46743;746;53;10;14;10;0
46744;758;53;10;14;10;0
46745;1550;53;10;14;10;0
46746;1538;53;10;14;10;0
46747;1526;53;10;14;10;0
46748;1514;53;10;14;10;0
46749;1502;53;10;14;10;0
46750;1490;53;10;14;10;0
46751;1478;53;10;14;10;0
46752;1466;53;10;14;10;0
46753;1454;53;10;14;10;0
46754;1442;53;10;14;10;0
46755;1430;53;10;14;10;0
46756;1418;53;10;14;10;0
46757;1406;53;10;14;10;0
46758;1394;53;10;14;10;0
46759;1382;53;10;14;10;0
46760;1370;53;10;14;10;0
46761;1358;53;10;14;10;0
46762;1346;53;10;14;10;0
46763;1334;53;10;14;10;0
46764;1562;53;10;14;10;0
46765;1574;53;10;14;10;0
46766;1586;53;10;14;10;0
46767;1598;53;10;14;10;0
46768;1838;53;10;14;10;0
46769;1826;53;10;14;10;0
46770;1814;53;10;14;10;0
46771;1802;53;10;14;10;0
46772;1790;53;10;14;10;0
46773;1778;53;10;14;10;0
46774;1766;53;10;14;10;0
46775;1754;53;10;14;10;0
46776;1742;53;10;14;10;0
46777;1850;53;10;14;10;0
46778;1730;53;10;14;10;0
46779;1706;53;10;14;10;0
46780;1694;53;10;14;10;0
46781;1682;53;10;14;10;0
46782;1670;53;10;14;10;0
46783;1658;53;10;14;10;0
46784;1646;53;10;14;10;0
46785;1634;53;10;14;10;0
46786;1622;53;10;14;10;0
46787;1610;53;10;14;10;0
46788;1322;53;10;14;10;0
46789;1718;53;10;14;10;0
46790;1310;53;10;14;10;0
46791;1154;53;10;14;10;0
46792;986;53;10;14;10;0
46793;974;53;10;14;10;0
46794;962;53;10;14;10;0
46795;950;53;10;14;10;0
46796;938;53;10;14;10;0
46797;926;53;10;14;10;0
46798;914;53;10;14;10;0
46799;902;53;10;14;10;0
46800;890;53;10;14;10;0
46801;878;53;10;14;10;0
46802;866;53;10;14;10;0
46803;854;53;10;14;10;0
46804;842;53;10;14;10;0
46805;830;53;10;14;10;0
46806;818;53;10;14;10;0
46807;806;53;10;14;10;0
46808;794;53;10;14;10;0
46809;782;53;10;14;10;0
46810;770;53;10;14;10;0
46811;998;53;10;14;10;0
46812;1010;53;10;14;10;0
46813;1022;53;10;14;10;0
46814;1034;53;10;14;10;0
46815;1274;53;10;14;10;0
46816;1262;53;10;14;10;0
46817;1250;53;10;14;10;0
46818;1238;53;10;14;10;0
46819;1226;53;10;14;10;0
46820;1214;53;10;14;10;0
46821;1202;53;10;14;10;0
46822;1190;53;10;14;10;0
46823;1178;53;10;14;10;0
46824;1286;53;10;14;10;0
46825;1166;53;10;14;10;0
46826;1142;53;10;14;10;0
46827;1130;53;10;14;10;0
46828;1118;53;10;14;10;0
46829;1106;53;10;14;10;0
46830;1094;53;10;14;10;0
46831;1082;53;10;14;10;0
46832;1070;53;10;14;10;0
46833;1058;53;10;14;10;0
46834;1046;53;10;14;10;0
46835;3734;37;10;14;10;0
46836;1298;53;10;14;10;0
46837;3722;37;10;14;10;0
46838;3146;37;10;14;10;0
46839;2270;37;10;14;10;0
46840;2258;37;10;14;10;0
46841;2246;37;10;14;10;0
46842;2234;37;10;14;10;0
46843;2222;37;10;14;10;0
46844;2210;37;10;14;10;0
46845;2198;37;10;14;10;0
46846;2186;37;10;14;10;0
46847;2174;37;10;14;10;0
46848;2162;37;10;14;10;0
46849;2150;37;10;14;10;0
46850;2138;37;10;14;10;0
46851;2126;37;10;14;10;0
46852;2114;37;10;14;10;0
46853;2102;37;10;14;10;0
46854;2090;37;10;14;10;0
46855;2078;37;10;14;10;0
46856;2066;37;10;14;10;0
46857;2054;37;10;14;10;0
46858;2282;37;10;14;10;0
46859;2294;37;10;14;10;0
46860;2306;37;10;14;10;0
46861;2318;37;10;14;10;0
46862;2558;37;10;14;10;0
46863;2546;37;10;14;10;0
46864;2534;37;10;14;10;0
46865;2522;37;10;14;10;0
46866;2510;37;10;14;10;0
46867;2498;37;10;14;10;0
46868;2486;37;10;14;10;0
46869;2474;37;10;14;10;0
46870;2462;37;10;14;10;0
46871;2570;37;10;14;10;0
46872;2450;37;10;14;10;0
46873;2426;37;10;14;10;0
46874;2414;37;10;14;10;0
46875;2402;37;10;14;10;0
46876;2390;37;10;14;10;0
46877;2378;37;10;14;10;0
46878;2366;37;10;14;10;0
46879;2354;37;10;14;10;0
46880;2342;37;10;14;10;0
46881;2330;37;10;14;10;0
46882;2042;37;10;14;10;0
46883;2030;37;10;14;10;0
46884;2018;37;10;14;10;0
46885;1742;37;10;14;10;0
46886;1718;37;10;14;10;0
46887;1706;37;10;14;10;0
46888;1694;37;10;14;10;0
46889;1682;37;10;14;10;0
46890;1670;37;10;14;10;0
46891;1658;37;10;14;10;0
46892;1646;37;10;14;10;0
46893;1634;37;10;14;10;0
46894;1622;37;10;14;10;0
46895;1610;37;10;14;10;0
46896;1598;37;10;14;10;0
46897;1586;37;10;14;10;0
46898;1574;37;10;14;10;0
46899;1562;37;10;14;10;0
46900;1550;37;10;14;10;0
46901;1538;37;10;14;10;0
46902;1526;37;10;14;10;0
46903;1514;37;10;14;10;0
46904;1502;37;10;14;10;0
46905;1730;37;10;14;10;0
46906;1754;37;10;14;10;0
46907;2006;37;10;14;10;0
46908;1766;37;10;14;10;0
46909;1994;37;10;14;10;0
46910;1982;37;10;14;10;0
46911;1970;37;10;14;10;0
46912;1958;37;10;14;10;0
46913;1946;37;10;14;10;0
46914;1934;37;10;14;10;0
46915;1922;37;10;14;10;0
46916;1910;37;10;14;10;0
46917;1898;37;10;14;10;0
46918;1886;37;10;14;10;0
46919;1874;37;10;14;10;0
46920;1862;37;10;14;10;0
46921;1850;37;10;14;10;0
46922;1838;37;10;14;10;0
46923;1826;37;10;14;10;0
46924;1814;37;10;14;10;0
46925;1802;37;10;14;10;0
46926;1790;37;10;14;10;0
46927;1778;37;10;14;10;0
46928;2438;37;10;14;10;0
46929;2582;37;10;14;10;0
46930;2594;37;10;14;10;0
46931;2606;37;10;14;10;0
46932;3398;37;10;14;10;0
46933;3386;37;10;14;10;0
46934;3374;37;10;14;10;0
46935;3362;37;10;14;10;0
46936;3350;37;10;14;10;0
46937;3338;37;10;14;10;0
46938;3326;37;10;14;10;0
46939;3314;37;10;14;10;0
46940;3302;37;10;14;10;0
46941;3290;37;10;14;10;0
46942;3278;37;10;14;10;0
46943;3266;37;10;14;10;0
46944;3254;37;10;14;10;0
46945;3242;37;10;14;10;0
46946;3230;37;10;14;10;0
46947;3218;37;10;14;10;0
46948;3206;37;10;14;10;0
46949;3194;37;10;14;10;0
46950;3182;37;10;14;10;0
46951;3410;37;10;14;10;0
46952;3422;37;10;14;10;0
46953;3434;37;10;14;10;0
46954;3446;37;10;14;10;0
46955;3686;37;10;14;10;0
46956;3674;37;10;14;10;0
46957;3662;37;10;14;10;0
46958;3650;37;10;14;10;0
46959;3638;37;10;14;10;0
46960;3626;37;10;14;10;0
46961;3614;37;10;14;10;0
46962;3602;37;10;14;10;0
46963;3590;37;10;14;10;0
46964;3698;37;10;14;10;0
46965;3578;37;10;14;10;0
46966;3554;37;10;14;10;0
46967;3542;37;10;14;10;0
46968;3530;37;10;14;10;0
46969;3518;37;10;14;10;0
46970;3506;37;10;14;10;0
46971;3494;37;10;14;10;0
46972;3482;37;10;14;10;0
46973;3470;37;10;14;10;0
46974;3458;37;10;14;10;0
46975;3170;37;10;14;10;0
46976;3566;37;10;14;10;0
46977;3158;37;10;14;10;0
46978;3002;37;10;14;10;0
46979;2834;37;10;14;10;0
46980;2822;37;10;14;10;0
46981;2810;37;10;14;10;0
46982;2798;37;10;14;10;0
46983;2786;37;10;14;10;0
46984;2774;37;10;14;10;0
46985;2762;37;10;14;10;0
46986;2750;37;10;14;10;0
46987;2738;37;10;14;10;0
46988;2726;37;10;14;10;0
46989;2714;37;10;14;10;0
46990;2702;37;10;14;10;0
46991;2690;37;10;14;10;0
46992;2678;37;10;14;10;0
46993;2666;37;10;14;10;0
46994;2654;37;10;14;10;0
46995;2642;37;10;14;10;0
46996;2630;37;10;14;10;0
46997;2618;37;10;14;10;0
46998;2846;37;10;14;10;0
46999;2858;37;10;14;10;0
47000;2870;37;10;14;10;0
47001;2882;37;10;14;10;0
47002;3122;37;10;14;10;0
47003;3110;37;10;14;10;0
47004;3098;37;10;14;10;0
47005;3086;37;10;14;10;0
47006;3074;37;10;14;10;0
47007;3062;37;10;14;10;0
47008;3050;37;10;14;10;0
47009;3038;37;10;14;10;0
47010;3026;37;10;14;10;0
47011;3134;37;10;14;10;0
47012;3014;37;10;14;10;0
47013;2990;37;10;14;10;0
47014;2978;37;10;14;10;0
47015;2966;37;10;14;10;0
47016;2954;37;10;14;10;0
47017;2942;37;10;14;10;0
47018;2930;37;10;14;10;0
47019;2918;37;10;14;10;0
47020;2906;37;10;14;10;0
47021;2894;37;10;14;10;0
47022;3710;37;10;14;10;0
47023;1862;53;10;14;10;0
47024;1874;53;10;14;10;0
47025;1886;53;10;14;10;0
47026;830;69;10;14;10;0
47027;818;69;10;14;10;0
47028;806;69;10;14;10;0
47029;794;69;10;14;10;0
47030;782;69;10;14;10;0
47031;770;69;10;14;10;0
47032;758;69;10;14;10;0
47033;746;69;10;14;10;0
47034;734;69;10;14;10;0
47035;722;69;10;14;10;0
47036;710;69;10;14;10;0
47037;698;69;10;14;10;0
47038;686;69;10;14;10;0
47039;674;69;10;14;10;0
47040;662;69;10;14;10;0
47041;650;69;10;14;10;0
47042;638;69;10;14;10;0
47043;626;69;10;14;10;0
47044;614;69;10;14;10;0
47045;842;69;10;14;10;0
47046;854;69;10;14;10;0
47047;866;69;10;14;10;0
47048;878;69;10;14;10;0
47049;1118;69;10;14;10;0
47050;1106;69;10;14;10;0
47051;1094;69;10;14;10;0
47052;1082;69;10;14;10;0
47053;1070;69;10;14;10;0
47054;1058;69;10;14;10;0
47055;1046;69;10;14;10;0
47056;1034;69;10;14;10;0
47057;1022;69;10;14;10;0
47058;1130;69;10;14;10;0
47059;1010;69;10;14;10;0
47060;986;69;10;14;10;0
47061;974;69;10;14;10;0
47062;962;69;10;14;10;0
47063;950;69;10;14;10;0
47064;938;69;10;14;10;0
47065;926;69;10;14;10;0
47066;914;69;10;14;10;0
47067;902;69;10;14;10;0
47068;890;69;10;14;10;0
47069;602;69;10;14;10;0
47070;998;69;10;14;10;0
47071;590;69;10;14;10;0
47072;434;69;10;14;10;0
47073;266;69;10;14;10;0
47074;254;69;10;14;10;0
47075;242;69;10;14;10;0
47076;230;69;10;14;10;0
47077;218;69;10;14;10;0
47078;206;69;10;14;10;0
47079;194;69;10;14;10;0
47080;182;69;10;14;10;0
47081;170;69;10;14;10;0
47082;158;69;10;14;10;0
47083;146;69;10;14;10;0
47084;134;69;10;14;10;0
47085;122;69;10;14;10;0
47086;110;69;10;14;10;0
47087;98;69;10;14;10;0
47088;86;69;10;14;10;0
47089;74;69;10;14;10;0
47090;62;69;10;14;10;0
47091;50;69;10;14;10;0
47092;278;69;10;14;10;0
47093;290;69;10;14;10;0
47094;302;69;10;14;10;0
47095;314;69;10;14;10;0
47096;554;69;10;14;10;0
47097;542;69;10;14;10;0
47098;530;69;10;14;10;0
47099;518;69;10;14;10;0
47100;506;69;10;14;10;0
47101;494;69;10;14;10;0
47102;482;69;10;14;10;0
47103;470;69;10;14;10;0
47104;458;69;10;14;10;0
47105;566;69;10;14;10;0
47106;446;69;10;14;10;0
47107;422;69;10;14;10;0
47108;410;69;10;14;10;0
47109;398;69;10;14;10;0
47110;386;69;10;14;10;0
47111;374;69;10;14;10;0
47112;362;69;10;14;10;0
47113;350;69;10;14;10;0
47114;338;69;10;14;10;0
47115;326;69;10;14;10;0
47116;578;69;10;14;10;0
47117;1154;69;10;14;10;0
47118;1706;69;10;14;10;0
47119;1166;69;10;14;10;0
47120;1958;69;10;14;10;0
47121;1946;69;10;14;10;0
47122;1934;69;10;14;10;0
47123;1922;69;10;14;10;0
47124;1910;69;10;14;10;0
47125;1898;69;10;14;10;0
47126;1886;69;10;14;10;0
47127;1874;69;10;14;10;0
47128;1862;69;10;14;10;0
47129;1850;69;10;14;10;0
47130;1838;69;10;14;10;0
47131;1826;69;10;14;10;0
47132;1814;69;10;14;10;0
47133;1802;69;10;14;10;0
47134;1790;69;10;14;10;0
47135;1778;69;10;14;10;0
47136;1766;69;10;14;10;0
47137;1754;69;10;14;10;0
47138;1742;69;10;14;10;0
47139;1970;69;10;14;10;0
47140;1982;69;10;14;10;0
47141;1994;69;10;14;10;0
47142;2006;69;10;14;10;0
47143;2246;69;10;14;10;0
47144;2234;69;10;14;10;0
47145;2222;69;10;14;10;0
47146;2210;69;10;14;10;0
47147;2198;69;10;14;10;0
47148;2186;69;10;14;10;0
47149;2174;69;10;14;10;0
47150;2162;69;10;14;10;0
47151;2150;69;10;14;10;0
47152;2258;69;10;14;10;0
47153;2138;69;10;14;10;0
47154;2114;69;10;14;10;0
47155;2102;69;10;14;10;0
47156;2090;69;10;14;10;0
47157;2078;69;10;14;10;0
47158;2066;69;10;14;10;0
47159;2054;69;10;14;10;0
47160;2042;69;10;14;10;0
47161;2030;69;10;14;10;0
47162;2018;69;10;14;10;0
47163;1730;69;10;14;10;0
47164;2126;69;10;14;10;0
47165;1718;69;10;14;10;0
47166;1562;69;10;14;10;0
47167;1394;69;10;14;10;0
47168;1382;69;10;14;10;0
47169;1370;69;10;14;10;0
47170;1358;69;10;14;10;0
47171;1346;69;10;14;10;0
47172;1334;69;10;14;10;0
47173;1322;69;10;14;10;0
47174;1310;69;10;14;10;0
47175;1298;69;10;14;10;0
47176;1286;69;10;14;10;0
47177;1274;69;10;14;10;0
47178;1262;69;10;14;10;0
47179;1250;69;10;14;10;0
47180;1238;69;10;14;10;0
47181;1226;69;10;14;10;0
47182;1214;69;10;14;10;0
47183;1202;69;10;14;10;0
47184;1190;69;10;14;10;0
47185;1178;69;10;14;10;0
47186;1406;69;10;14;10;0
47187;1418;69;10;14;10;0
47188;1430;69;10;14;10;0
47189;1442;69;10;14;10;0
47190;1682;69;10;14;10;0
47191;1670;69;10;14;10;0
47192;1658;69;10;14;10;0
47193;1646;69;10;14;10;0
47194;1634;69;10;14;10;0
47195;1622;69;10;14;10;0
47196;1610;69;10;14;10;0
47197;1598;69;10;14;10;0
47198;1586;69;10;14;10;0
47199;1694;69;10;14;10;0
47200;1574;69;10;14;10;0
47201;1550;69;10;14;10;0
47202;1538;69;10;14;10;0
47203;1526;69;10;14;10;0
47204;1514;69;10;14;10;0
47205;1502;69;10;14;10;0
47206;1490;69;10;14;10;0
47207;1478;69;10;14;10;0
47208;1466;69;10;14;10;0
47209;1454;69;10;14;10;0
47210;38;69;10;14;10;0
47211;26;69;10;14;10;0
47212;14;69;10;14;10;0
47213;3542;53;10;14;10;0
47214;2666;53;10;14;10;0
47215;2654;53;10;14;10;0
47216;2642;53;10;14;10;0
47217;2630;53;10;14;10;0
47218;2618;53;10;14;10;0
47219;2606;53;10;14;10;0
47220;2594;53;10;14;10;0
47221;2582;53;10;14;10;0
47222;2570;53;10;14;10;0
47223;2558;53;10;14;10;0
47224;2546;53;10;14;10;0
47225;2534;53;10;14;10;0
47226;2522;53;10;14;10;0
47227;2510;53;10;14;10;0
47228;2498;53;10;14;10;0
47229;2486;53;10;14;10;0
47230;2474;53;10;14;10;0
47231;2462;53;10;14;10;0
47232;2450;53;10;14;10;0
47233;2678;53;10;14;10;0
47234;2690;53;10;14;10;0
47235;2702;53;10;14;10;0
47236;2714;53;10;14;10;0
47237;2954;53;10;14;10;0
47238;2942;53;10;14;10;0
47239;2930;53;10;14;10;0
47240;2918;53;10;14;10;0
47241;2906;53;10;14;10;0
47242;2894;53;10;14;10;0
47243;2882;53;10;14;10;0
47244;2870;53;10;14;10;0
47245;2858;53;10;14;10;0
47246;2966;53;10;14;10;0
47247;2846;53;10;14;10;0
47248;2822;53;10;14;10;0
47249;2810;53;10;14;10;0
47250;2798;53;10;14;10;0
47251;2786;53;10;14;10;0
47252;2774;53;10;14;10;0
47253;2762;53;10;14;10;0
47254;2750;53;10;14;10;0
47255;2738;53;10;14;10;0
47256;2726;53;10;14;10;0
47257;2438;53;10;14;10;0
47258;2426;53;10;14;10;0
47259;2414;53;10;14;10;0
47260;2138;53;10;14;10;0
47261;2114;53;10;14;10;0
47262;2102;53;10;14;10;0
47263;2090;53;10;14;10;0
47264;2078;53;10;14;10;0
47265;2066;53;10;14;10;0
47266;2054;53;10;14;10;0
47267;2042;53;10;14;10;0
47268;2030;53;10;14;10;0
47269;2018;53;10;14;10;0
47270;2006;53;10;14;10;0
47271;1994;53;10;14;10;0
47272;1982;53;10;14;10;0
47273;1970;53;10;14;10;0
47274;1958;53;10;14;10;0
47275;1946;53;10;14;10;0
47276;1934;53;10;14;10;0
47277;1922;53;10;14;10;0
47278;1910;53;10;14;10;0
47279;1898;53;10;14;10;0
47280;2126;53;10;14;10;0
47281;2150;53;10;14;10;0
47282;2402;53;10;14;10;0
47283;2162;53;10;14;10;0
47284;2390;53;10;14;10;0
47285;2378;53;10;14;10;0
47286;2366;53;10;14;10;0
47287;2354;53;10;14;10;0
47288;2342;53;10;14;10;0
47289;2330;53;10;14;10;0
47290;2318;53;10;14;10;0
47291;2306;53;10;14;10;0
47292;2294;53;10;14;10;0
47293;2282;53;10;14;10;0
47294;2270;53;10;14;10;0
47295;2258;53;10;14;10;0
47296;2246;53;10;14;10;0
47297;2234;53;10;14;10;0
47298;2222;53;10;14;10;0
47299;2210;53;10;14;10;0
47300;2198;53;10;14;10;0
47301;2186;53;10;14;10;0
47302;2174;53;10;14;10;0
47303;2834;53;10;14;10;0
47304;2978;53;10;14;10;0
47305;2990;53;10;14;10;0
47306;3002;53;10;14;10;0
47307;3794;53;10;14;10;0
47308;3782;53;10;14;10;0
47309;3770;53;10;14;10;0
47310;3758;53;10;14;10;0
47311;3746;53;10;14;10;0
47312;3734;53;10;14;10;0
47313;3722;53;10;14;10;0
47314;3710;53;10;14;10;0
47315;3698;53;10;14;10;0
47316;3686;53;10;14;10;0
47317;3674;53;10;14;10;0
47318;3662;53;10;14;10;0
47319;3650;53;10;14;10;0
47320;3638;53;10;14;10;0
47321;3626;53;10;14;10;0
47322;3614;53;10;14;10;0
47323;3602;53;10;14;10;0
47324;3590;53;10;14;10;0
47325;3578;53;10;14;10;0
47326;3806;53;10;14;10;0
47327;3818;53;10;14;10;0
47328;3830;53;10;14;10;0
47329;3842;53;10;14;10;0
47330;4082;53;10;14;10;0
47331;4070;53;10;14;10;0
47332;4058;53;10;14;10;0
47333;4046;53;10;14;10;0
47334;4034;53;10;14;10;0
47335;4022;53;10;14;10;0
47336;4010;53;10;14;10;0
47337;3998;53;10;14;10;0
47338;3986;53;10;14;10;0
47339;2;69;10;14;10;0
47340;3974;53;10;14;10;0
47341;3950;53;10;14;10;0
47342;3938;53;10;14;10;0
47343;3926;53;10;14;10;0
47344;3914;53;10;14;10;0
47345;3902;53;10;14;10;0
47346;1478;37;10;14;10;0
47347;3878;53;10;14;10;0
47348;3866;53;10;14;10;0
47349;3854;53;10;14;10;0
47350;3566;53;10;14;10;0
47351;3962;53;10;14;10;0
47352;3554;53;10;14;10;0
47353;3398;53;10;14;10;0
47354;3230;53;10;14;10;0
47355;3218;53;10;14;10;0
47356;3206;53;10;14;10;0
47357;3194;53;10;14;10;0
47358;3182;53;10;14;10;0
47359;3170;53;10;14;10;0
47360;3158;53;10;14;10;0
47361;3146;53;10;14;10;0
47362;3134;53;10;14;10;0
47363;3122;53;10;14;10;0
47364;3110;53;10;14;10;0
47365;3098;53;10;14;10;0
47366;3086;53;10;14;10;0
47367;3074;53;10;14;10;0
47368;3062;53;10;14;10;0
47369;3050;53;10;14;10;0
47370;3038;53;10;14;10;0
47371;3026;53;10;14;10;0
47372;3014;53;10;14;10;0
47373;3242;53;10;14;10;0
47374;3254;53;10;14;10;0
47375;3266;53;10;14;10;0
47376;3278;53;10;14;10;0
47377;3518;53;10;14;10;0
47378;3506;53;10;14;10;0
47379;3494;53;10;14;10;0
47380;3482;53;10;14;10;0
47381;3470;53;10;14;10;0
47382;3458;53;10;14;10;0
47383;3446;53;10;14;10;0
47384;3434;53;10;14;10;0
47385;3422;53;10;14;10;0
47386;3530;53;10;14;10;0
47387;3410;53;10;14;10;0
47388;3386;53;10;14;10;0
47389;3374;53;10;14;10;0
47390;3362;53;10;14;10;0
47391;3350;53;10;14;10;0
47392;3338;53;10;14;10;0
47393;3326;53;10;14;10;0
47394;3314;53;10;14;10;0
47395;3302;53;10;14;10;0
47396;3290;53;10;14;10;0
47397;1490;37;10;14;10;0
47398;1142;69;10;14;10;0
47399;1466;37;10;14;10;0
47400;3530;21;10;14;10;0
47401;3672;2;10;14;10;0
47402;3660;2;10;14;10;0
47403;3648;2;10;14;10;0
47404;3636;2;10;14;10;0
47405;3624;2;10;14;10;0
47406;3612;2;10;14;10;0
47407;3600;2;10;14;10;0
47408;3588;2;10;14;10;0
47409;3576;2;10;14;10;0
47410;3684;2;10;14;10;0
47411;3564;2;10;14;10;0
47412;3540;2;10;14;10;0
47413;3528;2;10;14;10;0
47414;3516;2;10;14;10;0
47415;3504;2;10;14;10;0
47416;3492;2;10;14;10;0
47417;3480;2;10;14;10;0
47418;3468;2;10;14;10;0
47419;3456;2;10;14;10;0
47420;3444;2;10;14;10;0
47421;3552;2;10;14;10;0
47422;3708;2;10;14;10;0
47423;3840;2;10;14;10;0
47424;3720;2;10;14;10;0
47425;3960;2;10;14;10;0
47426;3948;2;10;14;10;0
47427;3936;2;10;14;10;0
47428;3924;2;10;14;10;0
47429;3912;2;10;14;10;0
47430;3900;2;10;14;10;0
47431;3888;2;10;14;10;0
47432;3876;2;10;14;10;0
47433;3864;2;10;14;10;0
47434;3972;2;10;14;10;0
47435;3852;2;10;14;10;0
47436;3828;2;10;14;10;0
47437;3816;2;10;14;10;0
47438;3804;2;10;14;10;0
47439;3792;2;10;14;10;0
47440;3780;2;10;14;10;0
47441;3768;2;10;14;10;0
47442;3756;2;10;14;10;0
47443;3744;2;10;14;10;0
47444;3732;2;10;14;10;0
47445;3432;2;10;14;10;0
47446;3420;2;10;14;10;0
47447;3408;2;10;14;10;0
47448;3264;2;10;14;10;0
47449;3096;2;10;14;10;0
47450;3084;2;10;14;10;0
47451;3072;2;10;14;10;0
47452;3060;2;10;14;10;0
47453;3048;2;10;14;10;0
47454;3036;2;10;14;10;0
47455;3024;2;10;14;10;0
47456;3012;2;10;14;10;0
47457;3000;2;10;14;10;0
47458;2988;2;10;14;10;0
47459;2976;2;10;14;10;0
47460;2964;2;10;14;10;0
47461;2952;2;10;14;10;0
47462;2940;2;10;14;10;0
47463;2928;2;10;14;10;0
47464;2916;2;10;14;10;0
47465;2904;2;10;14;10;0
47466;2892;2;10;14;10;0
47467;2880;2;10;14;10;0
47468;3108;2;10;14;10;0
47469;3120;2;10;14;10;0
47470;3132;2;10;14;10;0
47471;3144;2;10;14;10;0
47472;3384;2;10;14;10;0
47473;3372;2;10;14;10;0
47474;3360;2;10;14;10;0
47475;3348;2;10;14;10;0
47476;3336;2;10;14;10;0
47477;3324;2;10;14;10;0
47478;3312;2;10;14;10;0
47479;3300;2;10;14;10;0
47480;3288;2;10;14;10;0
47481;3396;2;10;14;10;0
47482;3276;2;10;14;10;0
47483;3252;2;10;14;10;0
47484;3240;2;10;14;10;0
47485;3228;2;10;14;10;0
47486;3216;2;10;14;10;0
47487;3204;2;10;14;10;0
47488;3192;2;10;14;10;0
47489;3180;2;10;14;10;0
47490;3168;2;10;14;10;0
47491;3156;2;10;14;10;0
47492;3696;2;10;14;10;0
47493;3984;2;10;14;10;0
47494;3996;2;10;14;10;0
47495;4008;2;10;14;10;0
47496;734;21;10;14;10;0
47497;722;21;10;14;10;0
47498;710;21;10;14;10;0
47499;698;21;10;14;10;0
47500;686;21;10;14;10;0
47501;674;21;10;14;10;0
47502;662;21;10;14;10;0
47503;650;21;10;14;10;0
47504;638;21;10;14;10;0
47505;746;21;10;14;10;0
47506;626;21;10;14;10;0
47507;602;21;10;14;10;0
47508;590;21;10;14;10;0
47509;578;21;10;14;10;0
47510;566;21;10;14;10;0
47511;554;21;10;14;10;0
47512;542;21;10;14;10;0
47513;530;21;10;14;10;0
47514;518;21;10;14;10;0
47515;506;21;10;14;10;0
47516;614;21;10;14;10;0
47517;770;21;10;14;10;0
47518;902;21;10;14;10;0
47519;782;21;10;14;10;0
47520;1022;21;10;14;10;0
47521;1010;21;10;14;10;0
47522;998;21;10;14;10;0
47523;986;21;10;14;10;0
47524;974;21;10;14;10;0
47525;962;21;10;14;10;0
47526;950;21;10;14;10;0
47527;938;21;10;14;10;0
47528;926;21;10;14;10;0
47529;1034;21;10;14;10;0
47530;914;21;10;14;10;0
47531;890;21;10;14;10;0
47532;878;21;10;14;10;0
47533;866;21;10;14;10;0
47534;854;21;10;14;10;0
47535;842;21;10;14;10;0
47536;830;21;10;14;10;0
47537;818;21;10;14;10;0
47538;806;21;10;14;10;0
47539;794;21;10;14;10;0
47540;494;21;10;14;10;0
47541;758;21;10;14;10;0
47542;2856;2;10;14;10;0
47543;182;21;10;14;10;0
47544;158;21;10;14;10;0
47545;146;21;10;14;10;0
47546;134;21;10;14;10;0
47547;122;21;10;14;10;0
47548;110;21;10;14;10;0
47549;98;21;10;14;10;0
47550;86;21;10;14;10;0
47551;74;21;10;14;10;0
47552;62;21;10;14;10;0
47553;170;21;10;14;10;0
47554;50;21;10;14;10;0
47555;26;21;10;14;10;0
47556;14;21;10;14;10;0
47557;2;21;10;14;10;0
47558;4080;2;10;14;10;0
47559;4068;2;10;14;10;0
47560;4056;2;10;14;10;0
47561;4044;2;10;14;10;0
47562;4032;2;10;14;10;0
47563;4020;2;10;14;10;0
47564;38;21;10;14;10;0
47565;194;21;10;14;10;0
47566;326;21;10;14;10;0
47567;206;21;10;14;10;0
47568;446;21;10;14;10;0
47569;434;21;10;14;10;0
47570;422;21;10;14;10;0
47571;410;21;10;14;10;0
47572;398;21;10;14;10;0
47573;386;21;10;14;10;0
47574;374;21;10;14;10;0
47575;362;21;10;14;10;0
47576;350;21;10;14;10;0
47577;458;21;10;14;10;0
47578;338;21;10;14;10;0
47579;314;21;10;14;10;0
47580;302;21;10;14;10;0
47581;290;21;10;14;10;0
47582;278;21;10;14;10;0
47583;266;21;10;14;10;0
47584;254;21;10;14;10;0
47585;242;21;10;14;10;0
47586;230;21;10;14;10;0
47587;218;21;10;14;10;0
47588;2868;2;10;14;10;0
47589;470;21;10;14;10;0
47590;1428;2;10;14;10;0
47591;1416;2;10;14;10;0
47592;1404;2;10;14;10;0
47593;1392;2;10;14;10;0
47594;1380;2;10;14;10;0
47595;1368;2;10;14;10;0
47596;1356;2;10;14;10;0
47597;1344;2;10;14;10;0
47598;1332;2;10;14;10;0
47599;1320;2;10;14;10;0
47600;1308;2;10;14;10;0
47601;1296;2;10;14;10;0
47602;1284;2;10;14;10;0
47603;1272;2;10;14;10;0
47604;1260;2;10;14;10;0
47605;1248;2;10;14;10;0
47606;1236;2;10;14;10;0
47607;1224;2;10;14;10;0
47608;1212;2;10;14;10;0
47609;1440;2;10;14;10;0
47610;1464;2;10;14;10;0
47611;1716;2;10;14;10;0
47612;1188;2;10;14;10;0
47613;1704;2;10;14;10;0
47614;1692;2;10;14;10;0
47615;1680;2;10;14;10;0
47616;1668;2;10;14;10;0
47617;1656;2;10;14;10;0
47618;1644;2;10;14;10;0
47619;1632;2;10;14;10;0
47620;1620;2;10;14;10;0
47621;1608;2;10;14;10;0
47622;1596;2;10;14;10;0
47623;1584;2;10;14;10;0
47624;1572;2;10;14;10;0
47625;1560;2;10;14;10;0
47626;1548;2;10;14;10;0
47627;1536;2;10;14;10;0
47628;1524;2;10;14;10;0
47629;1512;2;10;14;10;0
47630;1500;2;10;14;10;0
47631;1488;2;10;14;10;0
47632;1200;2;10;14;10;0
47633;1452;2;10;14;10;0
47634;1176;2;10;14;10;0
47635;972;2;10;14;10;0
47636;876;2;10;14;10;0
47637;864;2;10;14;10;0
47638;852;2;10;14;10;0
47639;840;2;10;14;10;0
47640;780;2;10;14;10;0
47641;828;2;10;14;10;0
47642;816;2;10;14;10;0
47643;804;2;10;14;10;0
47644;792;2;10;14;10;0
47645;888;2;10;14;10;0
47646;768;2;10;14;10;0
47647;756;2;10;14;10;0
47648;720;2;10;14;10;0
47649;732;2;10;14;10;0
47650;744;2;10;14;10;0
47651;900;2;10;14;10;0
47652;1164;2;10;14;10;0
47653;924;2;10;14;10;0
47654;1152;2;10;14;10;0
47655;1140;2;10;14;10;0
47656;1128;2;10;14;10;0
47657;1116;2;10;14;10;0
47658;1104;2;10;14;10;0
47659;1092;2;10;14;10;0
47660;1080;2;10;14;10;0
47661;1068;2;10;14;10;0
47662;1056;2;10;14;10;0
47663;1044;2;10;14;10;0
47664;1032;2;10;14;10;0
47665;1020;2;10;14;10;0
47666;1008;2;10;14;10;0
47667;996;2;10;14;10;0
47668;984;2;10;14;10;0
47669;912;2;10;14;10;0
47670;960;2;10;14;10;0
47671;948;2;10;14;10;0
47672;936;2;10;14;10;0
47673;1476;2;10;14;10;0
47674;1728;2;10;14;10;0
47675;2700;2;10;14;10;0
47676;1752;2;10;14;10;0
47677;2532;2;10;14;10;0
47678;2520;2;10;14;10;0
47679;2508;2;10;14;10;0
47680;2496;2;10;14;10;0
47681;2484;2;10;14;10;0
47682;2472;2;10;14;10;0
47683;2460;2;10;14;10;0
47684;2448;2;10;14;10;0
47685;2436;2;10;14;10;0
47686;2424;2;10;14;10;0
47687;2412;2;10;14;10;0
47688;2400;2;10;14;10;0
47689;2388;2;10;14;10;0
47690;2376;2;10;14;10;0
47691;2364;2;10;14;10;0
47692;2352;2;10;14;10;0
47693;2340;2;10;14;10;0
47694;2328;2;10;14;10;0
47695;2316;2;10;14;10;0
47696;2544;2;10;14;10;0
47697;1740;2;10;14;10;0
47698;2556;2;10;14;10;0
47699;2568;2;10;14;10;0
47700;2580;2;10;14;10;0
47701;2820;2;10;14;10;0
47702;2808;2;10;14;10;0
47703;2796;2;10;14;10;0
47704;2784;2;10;14;10;0
47705;2772;2;10;14;10;0
47706;2760;2;10;14;10;0
47707;2748;2;10;14;10;0
47708;2736;2;10;14;10;0
47709;2724;2;10;14;10;0
47710;2832;2;10;14;10;0
47711;2712;2;10;14;10;0
47712;2688;2;10;14;10;0
47713;2676;2;10;14;10;0
47714;2664;2;10;14;10;0
47715;2652;2;10;14;10;0
47716;2640;2;10;14;10;0
47717;2628;2;10;14;10;0
47718;2616;2;10;14;10;0
47719;2604;2;10;14;10;0
47720;2592;2;10;14;10;0
47721;2304;2;10;14;10;0
47722;2844;2;10;14;10;0
47723;2292;2;10;14;10;0
47724;2280;2;10;14;10;0
47725;2004;2;10;14;10;0
47726;1980;2;10;14;10;0
47727;1968;2;10;14;10;0
47728;1956;2;10;14;10;0
47729;1944;2;10;14;10;0
47730;1932;2;10;14;10;0
47731;1920;2;10;14;10;0
47732;1908;2;10;14;10;0
47733;1896;2;10;14;10;0
47734;1884;2;10;14;10;0
47735;1872;2;10;14;10;0
47736;1860;2;10;14;10;0
47737;1848;2;10;14;10;0
47738;1836;2;10;14;10;0
47739;1824;2;10;14;10;0
47740;1812;2;10;14;10;0
47741;1800;2;10;14;10;0
47742;1788;2;10;14;10;0
47743;1776;2;10;14;10;0
47744;1764;2;10;14;10;0
47745;1992;2;10;14;10;0
47746;2016;2;10;14;10;0
47747;2268;2;10;14;10;0
47748;2028;2;10;14;10;0
47749;2256;2;10;14;10;0
47750;2244;2;10;14;10;0
47751;2232;2;10;14;10;0
47752;2220;2;10;14;10;0
47753;2208;2;10;14;10;0
47754;2196;2;10;14;10;0
47755;2184;2;10;14;10;0
47756;2172;2;10;14;10;0
47757;2160;2;10;14;10;0
47758;2148;2;10;14;10;0
47759;2136;2;10;14;10;0
47760;2124;2;10;14;10;0
47761;2112;2;10;14;10;0
47762;2100;2;10;14;10;0
47763;2088;2;10;14;10;0
47764;2076;2;10;14;10;0
47765;2064;2;10;14;10;0
47766;2052;2;10;14;10;0
47767;2040;2;10;14;10;0
47768;482;21;10;14;10;0
47769;1046;21;10;14;10;0
47770;3302;21;10;14;10;0
47771;1070;21;10;14;10;0
47772;26;37;10;14;10;0
47773;14;37;10;14;10;0
47774;2;37;10;14;10;0
47775;4082;21;10;14;10;0
47776;4070;21;10;14;10;0
47777;4058;21;10;14;10;0
47778;4046;21;10;14;10;0
47779;4034;21;10;14;10;0
47780;4022;21;10;14;10;0
47781;4010;21;10;14;10;0
47782;3998;21;10;14;10;0
47783;3986;21;10;14;10;0
47784;3974;21;10;14;10;0
47785;3962;21;10;14;10;0
47786;3950;21;10;14;10;0
47787;3938;21;10;14;10;0
47788;3926;21;10;14;10;0
47789;3914;21;10;14;10;0
47790;3902;21;10;14;10;0
47791;38;37;10;14;10;0
47792;50;37;10;14;10;0
47793;62;37;10;14;10;0
47794;74;37;10;14;10;0
47795;314;37;10;14;10;0
47796;302;37;10;14;10;0
47797;290;37;10;14;10;0
47798;278;37;10;14;10;0
47799;266;37;10;14;10;0
47800;254;37;10;14;10;0
47801;242;37;10;14;10;0
47802;230;37;10;14;10;0
47803;218;37;10;14;10;0
47804;326;37;10;14;10;0
47805;206;37;10;14;10;0
47806;182;37;10;14;10;0
47807;170;37;10;14;10;0
47808;158;37;10;14;10;0
47809;146;37;10;14;10;0
47810;134;37;10;14;10;0
47811;122;37;10;14;10;0
47812;110;37;10;14;10;0
47813;98;37;10;14;10;0
47814;86;37;10;14;10;0
47815;3890;21;10;14;10;0
47816;194;37;10;14;10;0
47817;3878;21;10;14;10;0
47818;3722;21;10;14;10;0
47819;3554;21;10;14;10;0
47820;3542;21;10;14;10;0
47821;1058;21;10;14;10;0
47822;3518;21;10;14;10;0
47823;3506;21;10;14;10;0
47824;3494;21;10;14;10;0
47825;3482;21;10;14;10;0
47826;3470;21;10;14;10;0
47827;3458;21;10;14;10;0
47828;3446;21;10;14;10;0
47829;3434;21;10;14;10;0
47830;3422;21;10;14;10;0
47831;3410;21;10;14;10;0
47832;3398;21;10;14;10;0
47833;3386;21;10;14;10;0
47834;3374;21;10;14;10;0
47835;3362;21;10;14;10;0
47836;3350;21;10;14;10;0
47837;3338;21;10;14;10;0
47838;3566;21;10;14;10;0
47839;3578;21;10;14;10;0
47840;3590;21;10;14;10;0
47841;3602;21;10;14;10;0
47842;3842;21;10;14;10;0
47843;3830;21;10;14;10;0
47844;3818;21;10;14;10;0
47845;3806;21;10;14;10;0
47846;3794;21;10;14;10;0
47847;3782;21;10;14;10;0
47848;3770;21;10;14;10;0
47849;3758;21;10;14;10;0
47850;3746;21;10;14;10;0
47851;3854;21;10;14;10;0
47852;3734;21;10;14;10;0
47853;3710;21;10;14;10;0
47854;3698;21;10;14;10;0
47855;3686;21;10;14;10;0
47856;3674;21;10;14;10;0
47857;3662;21;10;14;10;0
47858;3650;21;10;14;10;0
47859;3638;21;10;14;10;0
47860;3626;21;10;14;10;0
47861;3614;21;10;14;10;0
47862;3866;21;10;14;10;0
47863;350;37;10;14;10;0
47864;902;37;10;14;10;0
47865;362;37;10;14;10;0
47866;1154;37;10;14;10;0
47867;1142;37;10;14;10;0
47868;1130;37;10;14;10;0
47869;1118;37;10;14;10;0
47870;1106;37;10;14;10;0
47871;1094;37;10;14;10;0
47872;1082;37;10;14;10;0
47873;1070;37;10;14;10;0
47874;1058;37;10;14;10;0
47875;1046;37;10;14;10;0
47876;1034;37;10;14;10;0
47877;1022;37;10;14;10;0
47878;1010;37;10;14;10;0
47879;998;37;10;14;10;0
47880;986;37;10;14;10;0
47881;974;37;10;14;10;0
47882;962;37;10;14;10;0
47883;950;37;10;14;10;0
47884;938;37;10;14;10;0
47885;1166;37;10;14;10;0
47886;1178;37;10;14;10;0
47887;1190;37;10;14;10;0
47888;1202;37;10;14;10;0
47889;1442;37;10;14;10;0
47890;1430;37;10;14;10;0
47891;1418;37;10;14;10;0
47892;1406;37;10;14;10;0
47893;1394;37;10;14;10;0
47894;1382;37;10;14;10;0
47895;1370;37;10;14;10;0
47896;1358;37;10;14;10;0
47897;1346;37;10;14;10;0
47898;1454;37;10;14;10;0
47899;1334;37;10;14;10;0
47900;1310;37;10;14;10;0
47901;1298;37;10;14;10;0
47902;1286;37;10;14;10;0
47903;1274;37;10;14;10;0
47904;1262;37;10;14;10;0
47905;1250;37;10;14;10;0
47906;1238;37;10;14;10;0
47907;1226;37;10;14;10;0
47908;1214;37;10;14;10;0
47909;926;37;10;14;10;0
47910;1322;37;10;14;10;0
47911;914;37;10;14;10;0
47912;758;37;10;14;10;0
47913;590;37;10;14;10;0
47914;578;37;10;14;10;0
47915;566;37;10;14;10;0
47916;554;37;10;14;10;0
47917;542;37;10;14;10;0
47918;530;37;10;14;10;0
47919;518;37;10;14;10;0
47920;506;37;10;14;10;0
47921;494;37;10;14;10;0
47922;482;37;10;14;10;0
47923;470;37;10;14;10;0
47924;458;37;10;14;10;0
47925;446;37;10;14;10;0
47926;434;37;10;14;10;0
47927;422;37;10;14;10;0
47928;410;37;10;14;10;0
47929;398;37;10;14;10;0
47930;386;37;10;14;10;0
47931;374;37;10;14;10;0
47932;602;37;10;14;10;0
47933;614;37;10;14;10;0
47934;626;37;10;14;10;0
47935;638;37;10;14;10;0
47936;878;37;10;14;10;0
47937;866;37;10;14;10;0
47938;854;37;10;14;10;0
47939;842;37;10;14;10;0
47940;830;37;10;14;10;0
47941;818;37;10;14;10;0
47942;806;37;10;14;10;0
47943;794;37;10;14;10;0
47944;782;37;10;14;10;0
47945;890;37;10;14;10;0
47946;770;37;10;14;10;0
47947;746;37;10;14;10;0
47948;734;37;10;14;10;0
47949;722;37;10;14;10;0
47950;710;37;10;14;10;0
47951;698;37;10;14;10;0
47952;686;37;10;14;10;0
47953;674;37;10;14;10;0
47954;662;37;10;14;10;0
47955;650;37;10;14;10;0
47956;3326;21;10;14;10;0
47957;338;37;10;14;10;0
47958;3314;21;10;14;10;0
47959;2174;21;10;14;10;0
47960;1862;21;10;14;10;0
47961;1850;21;10;14;10;0
47962;1838;21;10;14;10;0
47963;1826;21;10;14;10;0
47964;1814;21;10;14;10;0
47965;1802;21;10;14;10;0
47966;1790;21;10;14;10;0
47967;1778;21;10;14;10;0
47968;1766;21;10;14;10;0
47969;1754;21;10;14;10;0
47970;1742;21;10;14;10;0
47971;1730;21;10;14;10;0
47972;1718;21;10;14;10;0
47973;1706;21;10;14;10;0
47974;1694;21;10;14;10;0
47975;1682;21;10;14;10;0
47976;1670;21;10;14;10;0
47977;1658;21;10;14;10;0
47978;1646;21;10;14;10;0
47979;1874;21;10;14;10;0
47980;1886;21;10;14;10;0
47981;1898;21;10;14;10;0
47982;1910;21;10;14;10;0
47983;2150;21;10;14;10;0
47984;2138;21;10;14;10;0
47985;2126;21;10;14;10;0
47986;2114;21;10;14;10;0
47987;2102;21;10;14;10;0
47988;2090;21;10;14;10;0
47989;2078;21;10;14;10;0
47990;2066;21;10;14;10;0
47991;2054;21;10;14;10;0
47992;2162;21;10;14;10;0
47993;2042;21;10;14;10;0
47994;2018;21;10;14;10;0
47995;2006;21;10;14;10;0
47996;1994;21;10;14;10;0
47997;1982;21;10;14;10;0
47998;1970;21;10;14;10;0
47999;1958;21;10;14;10;0
48000;1946;21;10;14;10;0
48001;1934;21;10;14;10;0
48002;1922;21;10;14;10;0
48003;1634;21;10;14;10;0
48004;2030;21;10;14;10;0
48005;1622;21;10;14;10;0
48006;1466;21;10;14;10;0
48007;1298;21;10;14;10;0
48008;1286;21;10;14;10;0
48009;1274;21;10;14;10;0
48010;1262;21;10;14;10;0
48011;1250;21;10;14;10;0
48012;1238;21;10;14;10;0
48013;1226;21;10;14;10;0
48014;1214;21;10;14;10;0
48015;1202;21;10;14;10;0
48016;1190;21;10;14;10;0
48017;1178;21;10;14;10;0
48018;1166;21;10;14;10;0
48019;1154;21;10;14;10;0
48020;1142;21;10;14;10;0
48021;1130;21;10;14;10;0
48022;1118;21;10;14;10;0
48023;1106;21;10;14;10;0
48024;1094;21;10;14;10;0
48025;1082;21;10;14;10;0
48026;1310;21;10;14;10;0
48027;1322;21;10;14;10;0
48028;1334;21;10;14;10;0
48029;1346;21;10;14;10;0
48030;1586;21;10;14;10;0
48031;1574;21;10;14;10;0
48032;1562;21;10;14;10;0
48033;1550;21;10;14;10;0
48034;1538;21;10;14;10;0
48035;1526;21;10;14;10;0
48036;1514;21;10;14;10;0
48037;1502;21;10;14;10;0
48038;1490;21;10;14;10;0
48039;1598;21;10;14;10;0
48040;1478;21;10;14;10;0
48041;1454;21;10;14;10;0
48042;1442;21;10;14;10;0
48043;1430;21;10;14;10;0
48044;1418;21;10;14;10;0
48045;1406;21;10;14;10;0
48046;1394;21;10;14;10;0
48047;1382;21;10;14;10;0
48048;1370;21;10;14;10;0
48049;1358;21;10;14;10;0
48050;1610;21;10;14;10;0
48051;2186;21;10;14;10;0
48052;2738;21;10;14;10;0
48053;2198;21;10;14;10;0
48054;2990;21;10;14;10;0
48055;2978;21;10;14;10;0
48056;2966;21;10;14;10;0
48057;2954;21;10;14;10;0
48058;2942;21;10;14;10;0
48059;2930;21;10;14;10;0
48060;2918;21;10;14;10;0
48061;2906;21;10;14;10;0
48062;2894;21;10;14;10;0
48063;2882;21;10;14;10;0
48064;2870;21;10;14;10;0
48065;2858;21;10;14;10;0
48066;2846;21;10;14;10;0
48067;2834;21;10;14;10;0
48068;2822;21;10;14;10;0
48069;2810;21;10;14;10;0
48070;2798;21;10;14;10;0
48071;2786;21;10;14;10;0
48072;2774;21;10;14;10;0
48073;3002;21;10;14;10;0
48074;3014;21;10;14;10;0
48075;3026;21;10;14;10;0
48076;3038;21;10;14;10;0
48077;3278;21;10;14;10;0
48078;3266;21;10;14;10;0
48079;3254;21;10;14;10;0
48080;3242;21;10;14;10;0
48081;3230;21;10;14;10;0
48082;3218;21;10;14;10;0
48083;3206;21;10;14;10;0
48084;3194;21;10;14;10;0
48085;3182;21;10;14;10;0
48086;3290;21;10;14;10;0
48087;3170;21;10;14;10;0
48088;3146;21;10;14;10;0
48089;3134;21;10;14;10;0
48090;3122;21;10;14;10;0
48091;3110;21;10;14;10;0
48092;3098;21;10;14;10;0
48093;3086;21;10;14;10;0
48094;3074;21;10;14;10;0
48095;3062;21;10;14;10;0
48096;3050;21;10;14;10;0
48097;2762;21;10;14;10;0
48098;3158;21;10;14;10;0
48099;2750;21;10;14;10;0
48100;2594;21;10;14;10;0
48101;2426;21;10;14;10;0
48102;2414;21;10;14;10;0
48103;2402;21;10;14;10;0
48104;2390;21;10;14;10;0
48105;2378;21;10;14;10;0
48106;2366;21;10;14;10;0
48107;2354;21;10;14;10;0
48108;2342;21;10;14;10;0
48109;2330;21;10;14;10;0
48110;2318;21;10;14;10;0
48111;2306;21;10;14;10;0
48112;2294;21;10;14;10;0
48113;2282;21;10;14;10;0
48114;2270;21;10;14;10;0
48115;2258;21;10;14;10;0
48116;2246;21;10;14;10;0
48117;2234;21;10;14;10;0
48118;2222;21;10;14;10;0
48119;2210;21;10;14;10;0
48120;2438;21;10;14;10;0
48121;2450;21;10;14;10;0
48122;2462;21;10;14;10;0
48123;2474;21;10;14;10;0
48124;2714;21;10;14;10;0
48125;2702;21;10;14;10;0
48126;2690;21;10;14;10;0
48127;2678;21;10;14;10;0
48128;2666;21;10;14;10;0
48129;2654;21;10;14;10;0
48130;2642;21;10;14;10;0
48131;2630;21;10;14;10;0
48132;2618;21;10;14;10;0
48133;2726;21;10;14;10;0
48134;2606;21;10;14;10;0
48135;2582;21;10;14;10;0
48136;2570;21;10;14;10;0
48137;2558;21;10;14;10;0
48138;2546;21;10;14;10;0
48139;2534;21;10;14;10;0
48140;2522;21;10;14;10;0
48141;2510;21;10;14;10;0
48142;2498;21;10;14;10;0
48143;2486;21;10;14;10;0
48144;3890;53;10;14;10;0
48145;2270;69;10;14;10;0
48146;2738;133;10;14;10;0
48147;2294;69;10;14;10;0
48148;2018;117;10;14;10;0
48149;2006;117;10;14;10;0
48150;1994;117;10;14;10;0
48151;1982;117;10;14;10;0
48152;1970;117;10;14;10;0
48153;1958;117;10;14;10;0
48154;1946;117;10;14;10;0
48155;1934;117;10;14;10;0
48156;1922;117;10;14;10;0
48157;1910;117;10;14;10;0
48158;1898;117;10;14;10;0
48159;1886;117;10;14;10;0
48160;1874;117;10;14;10;0
48161;1862;117;10;14;10;0
48162;1850;117;10;14;10;0
48163;1838;117;10;14;10;0
48164;1826;117;10;14;10;0
48165;1814;117;10;14;10;0
48166;1802;117;10;14;10;0
48167;2030;117;10;14;10;0
48168;2042;117;10;14;10;0
48169;2054;117;10;14;10;0
48170;2066;117;10;14;10;0
48171;2306;117;10;14;10;0
48172;2294;117;10;14;10;0
48173;2282;117;10;14;10;0
48174;2270;117;10;14;10;0
48175;2258;117;10;14;10;0
48176;2246;117;10;14;10;0
48177;2234;117;10;14;10;0
48178;2222;117;10;14;10;0
48179;2210;117;10;14;10;0
48180;2318;117;10;14;10;0
48181;2198;117;10;14;10;0
48182;2174;117;10;14;10;0
48183;2162;117;10;14;10;0
48184;2150;117;10;14;10;0
48185;2138;117;10;14;10;0
48186;2126;117;10;14;10;0
48187;2114;117;10;14;10;0
48188;2102;117;10;14;10;0
48189;2090;117;10;14;10;0
48190;2078;117;10;14;10;0
48191;1790;117;10;14;10;0
48192;1778;117;10;14;10;0
48193;1766;117;10;14;10;0
48194;1490;117;10;14;10;0
48195;1466;117;10;14;10;0
48196;1454;117;10;14;10;0
48197;1442;117;10;14;10;0
48198;1430;117;10;14;10;0
48199;2282;69;10;14;10;0
48200;1406;117;10;14;10;0
48201;1394;117;10;14;10;0
48202;1382;117;10;14;10;0
48203;1370;117;10;14;10;0
48204;1358;117;10;14;10;0
48205;1346;117;10;14;10;0
48206;1334;117;10;14;10;0
48207;1322;117;10;14;10;0
48208;1310;117;10;14;10;0
48209;1298;117;10;14;10;0
48210;1286;117;10;14;10;0
48211;1274;117;10;14;10;0
48212;1262;117;10;14;10;0
48213;1250;117;10;14;10;0
48214;1478;117;10;14;10;0
48215;1502;117;10;14;10;0
48216;1754;117;10;14;10;0
48217;1514;117;10;14;10;0
48218;1742;117;10;14;10;0
48219;1730;117;10;14;10;0
48220;1718;117;10;14;10;0
48221;1706;117;10;14;10;0
48222;1694;117;10;14;10;0
48223;1682;117;10;14;10;0
48224;1670;117;10;14;10;0
48225;1658;117;10;14;10;0
48226;1646;117;10;14;10;0
48227;1634;117;10;14;10;0
48228;1622;117;10;14;10;0
48229;1610;117;10;14;10;0
48230;1598;117;10;14;10;0
48231;1586;117;10;14;10;0
48232;1574;117;10;14;10;0
48233;1562;117;10;14;10;0
48234;1550;117;10;14;10;0
48235;1538;117;10;14;10;0
48236;1526;117;10;14;10;0
48237;2186;117;10;14;10;0
48238;2330;117;10;14;10;0
48239;2342;117;10;14;10;0
48240;2354;117;10;14;10;0
48241;3146;117;10;14;10;0
48242;3134;117;10;14;10;0
48243;3122;117;10;14;10;0
48244;3110;117;10;14;10;0
48245;3098;117;10;14;10;0
48246;3086;117;10;14;10;0
48247;3074;117;10;14;10;0
48248;3062;117;10;14;10;0
48249;3050;117;10;14;10;0
48250;3038;117;10;14;10;0
48251;3026;117;10;14;10;0
48252;3014;117;10;14;10;0
48253;3002;117;10;14;10;0
48254;2990;117;10;14;10;0
48255;2978;117;10;14;10;0
48256;2966;117;10;14;10;0
48257;2954;117;10;14;10;0
48258;2942;117;10;14;10;0
48259;2930;117;10;14;10;0
48260;3158;117;10;14;10;0
48261;3170;117;10;14;10;0
48262;3182;117;10;14;10;0
48263;3194;117;10;14;10;0
48264;3434;117;10;14;10;0
48265;3422;117;10;14;10;0
48266;3410;117;10;14;10;0
48267;3398;117;10;14;10;0
48268;3386;117;10;14;10;0
48269;3374;117;10;14;10;0
48270;3362;117;10;14;10;0
48271;3350;117;10;14;10;0
48272;3338;117;10;14;10;0
48273;3446;117;10;14;10;0
48274;3326;117;10;14;10;0
48275;3302;117;10;14;10;0
48276;3290;117;10;14;10;0
48277;3278;117;10;14;10;0
48278;3266;117;10;14;10;0
48279;3254;117;10;14;10;0
48280;3242;117;10;14;10;0
48281;3230;117;10;14;10;0
48282;3218;117;10;14;10;0
48283;3206;117;10;14;10;0
48284;2918;117;10;14;10;0
48285;3314;117;10;14;10;0
48286;2906;117;10;14;10;0
48287;2750;117;10;14;10;0
48288;2582;117;10;14;10;0
48289;2570;117;10;14;10;0
48290;2558;117;10;14;10;0
48291;2546;117;10;14;10;0
48292;2534;117;10;14;10;0
48293;2522;117;10;14;10;0
48294;2510;117;10;14;10;0
48295;2498;117;10;14;10;0
48296;2486;117;10;14;10;0
48297;2474;117;10;14;10;0
48298;2462;117;10;14;10;0
48299;2450;117;10;14;10;0
48300;2438;117;10;14;10;0
48301;2426;117;10;14;10;0
48302;2414;117;10;14;10;0
48303;2402;117;10;14;10;0
48304;2390;117;10;14;10;0
48305;2378;117;10;14;10;0
48306;2366;117;10;14;10;0
48307;2594;117;10;14;10;0
48308;2606;117;10;14;10;0
48309;2618;117;10;14;10;0
48310;2630;117;10;14;10;0
48311;2870;117;10;14;10;0
48312;2858;117;10;14;10;0
48313;2846;117;10;14;10;0
48314;2834;117;10;14;10;0
48315;2822;117;10;14;10;0
48316;2810;117;10;14;10;0
48317;2798;117;10;14;10;0
48318;2786;117;10;14;10;0
48319;2774;117;10;14;10;0
48320;2882;117;10;14;10;0
48321;2762;117;10;14;10;0
48322;2738;117;10;14;10;0
48323;2726;117;10;14;10;0
48324;2714;117;10;14;10;0
48325;2702;117;10;14;10;0
48326;2690;117;10;14;10;0
48327;2678;117;10;14;10;0
48328;2666;117;10;14;10;0
48329;2654;117;10;14;10;0
48330;2642;117;10;14;10;0
48331;1238;117;10;14;10;0
48332;2894;117;10;14;10;0
48333;1226;117;10;14;10;0
48334;650;117;10;14;10;0
48335;3866;101;10;14;10;0
48336;3854;101;10;14;10;0
48337;3842;101;10;14;10;0
48338;3830;101;10;14;10;0
48339;3818;101;10;14;10;0
48340;3806;101;10;14;10;0
48341;3794;101;10;14;10;0
48342;3782;101;10;14;10;0
48343;3770;101;10;14;10;0
48344;3758;101;10;14;10;0
48345;3746;101;10;14;10;0
48346;3734;101;10;14;10;0
48347;3722;101;10;14;10;0
48348;3710;101;10;14;10;0
48349;3698;101;10;14;10;0
48350;3686;101;10;14;10;0
48351;3674;101;10;14;10;0
48352;3662;101;10;14;10;0
48353;3650;101;10;14;10;0
48354;3878;101;10;14;10;0
48355;3890;101;10;14;10;0
48356;3902;101;10;14;10;0
48357;3914;101;10;14;10;0
48358;62;117;10;14;10;0
48359;50;117;10;14;10;0
48360;38;117;10;14;10;0
48361;26;117;10;14;10;0
48362;14;117;10;14;10;0
48363;2;117;10;14;10;0
48364;4082;101;10;14;10;0
48365;4070;101;10;14;10;0
48366;4058;101;10;14;10;0
48367;74;117;10;14;10;0
48368;4046;101;10;14;10;0
48369;4022;101;10;14;10;0
48370;4010;101;10;14;10;0
48371;3998;101;10;14;10;0
48372;3986;101;10;14;10;0
48373;3974;101;10;14;10;0
48374;3962;101;10;14;10;0
48375;3950;101;10;14;10;0
48376;3938;101;10;14;10;0
48377;3926;101;10;14;10;0
48378;3638;101;10;14;10;0
48379;3626;101;10;14;10;0
48380;3614;101;10;14;10;0
48381;3338;101;10;14;10;0
48382;3314;101;10;14;10;0
48383;3302;101;10;14;10;0
48384;3290;101;10;14;10;0
48385;3278;101;10;14;10;0
48386;3266;101;10;14;10;0
48387;3254;101;10;14;10;0
48388;3242;101;10;14;10;0
48389;3230;101;10;14;10;0
48390;3218;101;10;14;10;0
48391;3206;101;10;14;10;0
48392;3194;101;10;14;10;0
48393;3182;101;10;14;10;0
48394;3170;101;10;14;10;0
48395;3158;101;10;14;10;0
48396;3146;101;10;14;10;0
48397;3134;101;10;14;10;0
48398;3122;101;10;14;10;0
48399;3110;101;10;14;10;0
48400;3098;101;10;14;10;0
48401;3326;101;10;14;10;0
48402;3350;101;10;14;10;0
48403;3602;101;10;14;10;0
48404;3362;101;10;14;10;0
48405;3590;101;10;14;10;0
48406;3578;101;10;14;10;0
48407;3566;101;10;14;10;0
48408;3554;101;10;14;10;0
48409;3542;101;10;14;10;0
48410;3530;101;10;14;10;0
48411;3518;101;10;14;10;0
48412;3506;101;10;14;10;0
48413;3494;101;10;14;10;0
48414;3482;101;10;14;10;0
48415;3470;101;10;14;10;0
48416;3458;101;10;14;10;0
48417;3446;101;10;14;10;0
48418;3434;101;10;14;10;0
48419;3422;101;10;14;10;0
48420;3410;101;10;14;10;0
48421;3398;101;10;14;10;0
48422;3386;101;10;14;10;0
48423;3374;101;10;14;10;0
48424;4034;101;10;14;10;0
48425;86;117;10;14;10;0
48426;98;117;10;14;10;0
48427;110;117;10;14;10;0
48428;902;117;10;14;10;0
48429;890;117;10;14;10;0
48430;878;117;10;14;10;0
48431;866;117;10;14;10;0
48432;854;117;10;14;10;0
48433;842;117;10;14;10;0
48434;830;117;10;14;10;0
48435;818;117;10;14;10;0
48436;806;117;10;14;10;0
48437;794;117;10;14;10;0
48438;782;117;10;14;10;0
48439;770;117;10;14;10;0
48440;758;117;10;14;10;0
48441;746;117;10;14;10;0
48442;734;117;10;14;10;0
48443;722;117;10;14;10;0
48444;710;117;10;14;10;0
48445;698;117;10;14;10;0
48446;686;117;10;14;10;0
48447;914;117;10;14;10;0
48448;926;117;10;14;10;0
48449;938;117;10;14;10;0
48450;950;117;10;14;10;0
48451;1190;117;10;14;10;0
48452;1178;117;10;14;10;0
48453;1166;117;10;14;10;0
48454;1154;117;10;14;10;0
48455;1142;117;10;14;10;0
48456;1130;117;10;14;10;0
48457;1118;117;10;14;10;0
48458;1106;117;10;14;10;0
48459;1094;117;10;14;10;0
48460;1202;117;10;14;10;0
48461;1082;117;10;14;10;0
48462;1058;117;10;14;10;0
48463;1046;117;10;14;10;0
48464;1034;117;10;14;10;0
48465;1022;117;10;14;10;0
48466;1010;117;10;14;10;0
48467;998;117;10;14;10;0
48468;986;117;10;14;10;0
48469;974;117;10;14;10;0
48470;962;117;10;14;10;0
48471;674;117;10;14;10;0
48472;1070;117;10;14;10;0
48473;662;117;10;14;10;0
48474;506;117;10;14;10;0
48475;338;117;10;14;10;0
48476;326;117;10;14;10;0
48477;314;117;10;14;10;0
48478;302;117;10;14;10;0
48479;290;117;10;14;10;0
48480;278;117;10;14;10;0
48481;266;117;10;14;10;0
48482;254;117;10;14;10;0
48483;242;117;10;14;10;0
48484;230;117;10;14;10;0
48485;218;117;10;14;10;0
48486;206;117;10;14;10;0
48487;194;117;10;14;10;0
48488;182;117;10;14;10;0
48489;170;117;10;14;10;0
48490;158;117;10;14;10;0
48491;146;117;10;14;10;0
48492;134;117;10;14;10;0
48493;122;117;10;14;10;0
48494;350;117;10;14;10;0
48495;362;117;10;14;10;0
48496;374;117;10;14;10;0
48497;386;117;10;14;10;0
48498;626;117;10;14;10;0
48499;614;117;10;14;10;0
48500;602;117;10;14;10;0
48501;590;117;10;14;10;0
48502;578;117;10;14;10;0
48503;566;117;10;14;10;0
48504;554;117;10;14;10;0
48505;542;117;10;14;10;0
48506;530;117;10;14;10;0
48507;638;117;10;14;10;0
48508;518;117;10;14;10;0
48509;494;117;10;14;10;0
48510;482;117;10;14;10;0
48511;470;117;10;14;10;0
48512;458;117;10;14;10;0
48513;446;117;10;14;10;0
48514;434;117;10;14;10;0
48515;422;117;10;14;10;0
48516;410;117;10;14;10;0
48517;398;117;10;14;10;0
48518;1214;117;10;14;10;0
48519;3458;117;10;14;10;0
48520;3470;117;10;14;10;0
48521;3482;117;10;14;10;0
48522;2426;133;10;14;10;0
48523;2414;133;10;14;10;0
48524;2402;133;10;14;10;0
48525;2390;133;10;14;10;0
48526;2378;133;10;14;10;0
48527;2366;133;10;14;10;0
48528;2354;133;10;14;10;0
48529;2342;133;10;14;10;0
48530;2330;133;10;14;10;0
48531;2318;133;10;14;10;0
48532;2306;133;10;14;10;0
48533;2294;133;10;14;10;0
48534;2282;133;10;14;10;0
48535;2270;133;10;14;10;0
48536;2258;133;10;14;10;0
48537;2246;133;10;14;10;0
48538;2234;133;10;14;10;0
48539;2222;133;10;14;10;0
48540;2210;133;10;14;10;0
48541;2438;133;10;14;10;0
48542;2450;133;10;14;10;0
48543;2462;133;10;14;10;0
48544;2474;133;10;14;10;0
48545;2714;133;10;14;10;0
48546;2702;133;10;14;10;0
48547;2690;133;10;14;10;0
48548;2678;133;10;14;10;0
48549;2666;133;10;14;10;0
48550;2654;133;10;14;10;0
48551;2642;133;10;14;10;0
48552;2630;133;10;14;10;0
48553;2618;133;10;14;10;0
48554;2726;133;10;14;10;0
48555;2606;133;10;14;10;0
48556;2582;133;10;14;10;0
48557;2570;133;10;14;10;0
48558;2558;133;10;14;10;0
48559;2546;133;10;14;10;0
48560;2534;133;10;14;10;0
48561;2522;133;10;14;10;0
48562;2510;133;10;14;10;0
48563;2498;133;10;14;10;0
48564;2486;133;10;14;10;0
48565;2198;133;10;14;10;0
48566;2594;133;10;14;10;0
48567;2186;133;10;14;10;0
48568;2030;133;10;14;10;0
48569;1862;133;10;14;10;0
48570;1850;133;10;14;10;0
48571;1838;133;10;14;10;0
48572;1826;133;10;14;10;0
48573;1814;133;10;14;10;0
48574;1802;133;10;14;10;0
48575;1790;133;10;14;10;0
48576;1778;133;10;14;10;0
48577;1766;133;10;14;10;0
48578;1754;133;10;14;10;0
48579;1742;133;10;14;10;0
48580;1730;133;10;14;10;0
48581;1718;133;10;14;10;0
48582;1706;133;10;14;10;0
48583;1694;133;10;14;10;0
48584;1682;133;10;14;10;0
48585;1670;133;10;14;10;0
48586;1658;133;10;14;10;0
48587;1646;133;10;14;10;0
48588;1874;133;10;14;10;0
48589;1886;133;10;14;10;0
48590;1898;133;10;14;10;0
48591;1910;133;10;14;10;0
48592;2150;133;10;14;10;0
48593;2138;133;10;14;10;0
48594;2126;133;10;14;10;0
48595;2114;133;10;14;10;0
48596;2102;133;10;14;10;0
48597;2090;133;10;14;10;0
48598;2078;133;10;14;10;0
48599;2066;133;10;14;10;0
48600;2054;133;10;14;10;0
48601;2162;133;10;14;10;0
48602;2042;133;10;14;10;0
48603;2018;133;10;14;10;0
48604;2006;133;10;14;10;0
48605;1994;133;10;14;10;0
48606;1982;133;10;14;10;0
48607;1970;133;10;14;10;0
48608;1958;133;10;14;10;0
48609;1946;133;10;14;10;0
48610;1934;133;10;14;10;0
48611;1922;133;10;14;10;0
48612;2174;133;10;14;10;0
48613;2750;133;10;14;10;0
48614;3302;133;10;14;10;0
48615;2762;133;10;14;10;0
48616;3554;133;10;14;10;0
48617;3542;133;10;14;10;0
48618;3530;133;10;14;10;0
48619;3518;133;10;14;10;0
48620;3506;133;10;14;10;0
48621;3494;133;10;14;10;0
48622;3482;133;10;14;10;0
48623;3470;133;10;14;10;0
48624;3458;133;10;14;10;0
48625;3446;133;10;14;10;0
48626;3434;133;10;14;10;0
48627;3422;133;10;14;10;0
48628;3410;133;10;14;10;0
48629;3398;133;10;14;10;0
48630;3386;133;10;14;10;0
48631;3374;133;10;14;10;0
48632;3362;133;10;14;10;0
48633;3350;133;10;14;10;0
48634;3338;133;10;14;10;0
48635;3566;133;10;14;10;0
48636;3578;133;10;14;10;0
48637;3590;133;10;14;10;0
48638;3602;133;10;14;10;0
48639;3842;133;10;14;10;0
48640;3830;133;10;14;10;0
48641;3818;133;10;14;10;0
48642;3806;133;10;14;10;0
48643;3794;133;10;14;10;0
48644;3782;133;10;14;10;0
48645;3770;133;10;14;10;0
48646;3758;133;10;14;10;0
48647;3746;133;10;14;10;0
48648;3854;133;10;14;10;0
48649;3734;133;10;14;10;0
48650;3710;133;10;14;10;0
48651;3698;133;10;14;10;0
48652;3686;133;10;14;10;0
48653;3674;133;10;14;10;0
48654;3662;133;10;14;10;0
48655;3650;133;10;14;10;0
48656;3638;133;10;14;10;0
48657;3626;133;10;14;10;0
48658;3614;133;10;14;10;0
48659;3326;133;10;14;10;0
48660;3722;133;10;14;10;0
48661;3314;133;10;14;10;0
48662;3158;133;10;14;10;0
48663;2990;133;10;14;10;0
48664;2978;133;10;14;10;0
48665;2966;133;10;14;10;0
48666;2954;133;10;14;10;0
48667;2942;133;10;14;10;0
48668;2930;133;10;14;10;0
48669;2918;133;10;14;10;0
48670;2906;133;10;14;10;0
48671;2894;133;10;14;10;0
48672;2882;133;10;14;10;0
48673;2870;133;10;14;10;0
48674;2858;133;10;14;10;0
48675;2846;133;10;14;10;0
48676;2834;133;10;14;10;0
48677;2822;133;10;14;10;0
48678;2810;133;10;14;10;0
48679;2798;133;10;14;10;0
48680;2786;133;10;14;10;0
48681;2774;133;10;14;10;0
48682;3002;133;10;14;10;0
48683;3014;133;10;14;10;0
48684;3026;133;10;14;10;0
48685;3038;133;10;14;10;0
48686;3278;133;10;14;10;0
48687;3266;133;10;14;10;0
48688;3254;133;10;14;10;0
48689;3242;133;10;14;10;0
48690;3230;133;10;14;10;0
48691;3218;133;10;14;10;0
48692;3206;133;10;14;10;0
48693;3194;133;10;14;10;0
48694;3182;133;10;14;10;0
48695;3290;133;10;14;10;0
48696;3170;133;10;14;10;0
48697;3146;133;10;14;10;0
48698;3134;133;10;14;10;0
48699;3122;133;10;14;10;0
48700;3110;133;10;14;10;0
48701;3098;133;10;14;10;0
48702;3086;133;10;14;10;0
48703;3074;133;10;14;10;0
48704;3062;133;10;14;10;0
48705;3050;133;10;14;10;0
48706;1634;133;10;14;10;0
48707;1622;133;10;14;10;0
48708;1610;133;10;14;10;0
48709;1046;133;10;14;10;0
48710;170;133;10;14;10;0
48711;158;133;10;14;10;0
48712;146;133;10;14;10;0
48713;134;133;10;14;10;0
48714;122;133;10;14;10;0
48715;110;133;10;14;10;0
48716;98;133;10;14;10;0
48717;86;133;10;14;10;0
48718;74;133;10;14;10;0
48719;62;133;10;14;10;0
48720;50;133;10;14;10;0
48721;38;133;10;14;10;0
48722;26;133;10;14;10;0
48723;14;133;10;14;10;0
48724;2;133;10;14;10;0
48725;4082;117;10;14;10;0
48726;4070;117;10;14;10;0
48727;4058;117;10;14;10;0
48728;4046;117;10;14;10;0
48729;182;133;10;14;10;0
48730;194;133;10;14;10;0
48731;206;133;10;14;10;0
48732;218;133;10;14;10;0
48733;458;133;10;14;10;0
48734;446;133;10;14;10;0
48735;434;133;10;14;10;0
48736;422;133;10;14;10;0
48737;410;133;10;14;10;0
48738;398;133;10;14;10;0
48739;386;133;10;14;10;0
48740;374;133;10;14;10;0
48741;362;133;10;14;10;0
48742;470;133;10;14;10;0
48743;350;133;10;14;10;0
48744;326;133;10;14;10;0
48745;314;133;10;14;10;0
48746;302;133;10;14;10;0
48747;290;133;10;14;10;0
48748;278;133;10;14;10;0
48749;266;133;10;14;10;0
48750;254;133;10;14;10;0
48751;242;133;10;14;10;0
48752;230;133;10;14;10;0
48753;4034;117;10;14;10;0
48754;4022;117;10;14;10;0
48755;4010;117;10;14;10;0
48756;3734;117;10;14;10;0
48757;3710;117;10;14;10;0
48758;3698;117;10;14;10;0
48759;3686;117;10;14;10;0
48760;3674;117;10;14;10;0
48761;3662;117;10;14;10;0
48762;3650;117;10;14;10;0
48763;3638;117;10;14;10;0
48764;3626;117;10;14;10;0
48765;3614;117;10;14;10;0
48766;3602;117;10;14;10;0
48767;3590;117;10;14;10;0
48768;3578;117;10;14;10;0
48769;3566;117;10;14;10;0
48770;3554;117;10;14;10;0
48771;3542;117;10;14;10;0
48772;3530;117;10;14;10;0
48773;3518;117;10;14;10;0
48774;3506;117;10;14;10;0
48775;3494;117;10;14;10;0
48776;3722;117;10;14;10;0
48777;3746;117;10;14;10;0
48778;3998;117;10;14;10;0
48779;3758;117;10;14;10;0
48780;3986;117;10;14;10;0
48781;3974;117;10;14;10;0
48782;3962;117;10;14;10;0
48783;3950;117;10;14;10;0
48784;3938;117;10;14;10;0
48785;3926;117;10;14;10;0
48786;3914;117;10;14;10;0
48787;3902;117;10;14;10;0
48788;3890;117;10;14;10;0
48789;3878;117;10;14;10;0
48790;3866;117;10;14;10;0
48791;3854;117;10;14;10;0
48792;3842;117;10;14;10;0
48793;3830;117;10;14;10;0
48794;3818;117;10;14;10;0
48795;3806;117;10;14;10;0
48796;3794;117;10;14;10;0
48797;3782;117;10;14;10;0
48798;3770;117;10;14;10;0
48799;338;133;10;14;10;0
48800;482;133;10;14;10;0
48801;494;133;10;14;10;0
48802;506;133;10;14;10;0
48803;1298;133;10;14;10;0
48804;1286;133;10;14;10;0
48805;1274;133;10;14;10;0
48806;1262;133;10;14;10;0
48807;1250;133;10;14;10;0
48808;1238;133;10;14;10;0
48809;1226;133;10;14;10;0
48810;1214;133;10;14;10;0
48811;1202;133;10;14;10;0
48812;1190;133;10;14;10;0
48813;1178;133;10;14;10;0
48814;1166;133;10;14;10;0
48815;1154;133;10;14;10;0
48816;1142;133;10;14;10;0
48817;1130;133;10;14;10;0
48818;1118;133;10;14;10;0
48819;1106;133;10;14;10;0
48820;1094;133;10;14;10;0
48821;1082;133;10;14;10;0
48822;1310;133;10;14;10;0
48823;1322;133;10;14;10;0
48824;1334;133;10;14;10;0
48825;1346;133;10;14;10;0
48826;1586;133;10;14;10;0
48827;1574;133;10;14;10;0
48828;1562;133;10;14;10;0
48829;1550;133;10;14;10;0
48830;1538;133;10;14;10;0
48831;1526;133;10;14;10;0
48832;1514;133;10;14;10;0
48833;1502;133;10;14;10;0
48834;1490;133;10;14;10;0
48835;1598;133;10;14;10;0
48836;1478;133;10;14;10;0
48837;1454;133;10;14;10;0
48838;1442;133;10;14;10;0
48839;1430;133;10;14;10;0
48840;1418;133;10;14;10;0
48841;1406;133;10;14;10;0
48842;1394;133;10;14;10;0
48843;1382;133;10;14;10;0
48844;1370;133;10;14;10;0
48845;1358;133;10;14;10;0
48846;1070;133;10;14;10;0
48847;1466;133;10;14;10;0
48848;1058;133;10;14;10;0
48849;902;133;10;14;10;0
48850;734;133;10;14;10;0
48851;722;133;10;14;10;0
48852;710;133;10;14;10;0
48853;698;133;10;14;10;0
48854;686;133;10;14;10;0
48855;674;133;10;14;10;0
48856;662;133;10;14;10;0
48857;650;133;10;14;10;0
48858;638;133;10;14;10;0
48859;626;133;10;14;10;0
48860;614;133;10;14;10;0
48861;602;133;10;14;10;0
48862;590;133;10;14;10;0
48863;578;133;10;14;10;0
48864;566;133;10;14;10;0
48865;554;133;10;14;10;0
48866;542;133;10;14;10;0
48867;530;133;10;14;10;0
48868;518;133;10;14;10;0
48869;746;133;10;14;10;0
48870;758;133;10;14;10;0
48871;770;133;10;14;10;0
48872;782;133;10;14;10;0
48873;1022;133;10;14;10;0
48874;1010;133;10;14;10;0
48875;998;133;10;14;10;0
48876;986;133;10;14;10;0
48877;974;133;10;14;10;0
48878;962;133;10;14;10;0
48879;950;133;10;14;10;0
48880;938;133;10;14;10;0
48881;926;133;10;14;10;0
48882;1034;133;10;14;10;0
48883;914;133;10;14;10;0
48884;890;133;10;14;10;0
48885;878;133;10;14;10;0
48886;866;133;10;14;10;0
48887;854;133;10;14;10;0
48888;842;133;10;14;10;0
48889;830;133;10;14;10;0
48890;818;133;10;14;10;0
48891;806;133;10;14;10;0
48892;794;133;10;14;10;0
48893;3086;101;10;14;10;0
48894;3074;101;10;14;10;0
48895;3062;101;10;14;10;0
48896;2666;85;10;14;10;0
48897;1226;85;10;14;10;0
48898;1214;85;10;14;10;0
48899;1202;85;10;14;10;0
48900;1190;85;10;14;10;0
48901;1178;85;10;14;10;0
48902;1166;85;10;14;10;0
48903;1154;85;10;14;10;0
48904;1142;85;10;14;10;0
48905;1130;85;10;14;10;0
48906;1118;85;10;14;10;0
48907;1106;85;10;14;10;0
48908;1094;85;10;14;10;0
48909;1082;85;10;14;10;0
48910;1070;85;10;14;10;0
48911;1058;85;10;14;10;0
48912;1046;85;10;14;10;0
48913;1034;85;10;14;10;0
48914;1022;85;10;14;10;0
48915;1010;85;10;14;10;0
48916;1238;85;10;14;10;0
48917;1250;85;10;14;10;0
48918;1262;85;10;14;10;0
48919;1274;85;10;14;10;0
48920;1514;85;10;14;10;0
48921;1502;85;10;14;10;0
48922;1490;85;10;14;10;0
48923;1478;85;10;14;10;0
48924;1466;85;10;14;10;0
48925;1454;85;10;14;10;0
48926;1442;85;10;14;10;0
48927;1430;85;10;14;10;0
48928;1418;85;10;14;10;0
48929;1526;85;10;14;10;0
48930;1406;85;10;14;10;0
48931;1382;85;10;14;10;0
48932;1370;85;10;14;10;0
48933;1358;85;10;14;10;0
48934;1346;85;10;14;10;0
48935;1334;85;10;14;10;0
48936;1322;85;10;14;10;0
48937;1310;85;10;14;10;0
48938;1298;85;10;14;10;0
48939;1286;85;10;14;10;0
48940;998;85;10;14;10;0
48941;986;85;10;14;10;0
48942;974;85;10;14;10;0
48943;698;85;10;14;10;0
48944;674;85;10;14;10;0
48945;662;85;10;14;10;0
48946;650;85;10;14;10;0
48947;638;85;10;14;10;0
48948;626;85;10;14;10;0
48949;614;85;10;14;10;0
48950;602;85;10;14;10;0
48951;590;85;10;14;10;0
48952;578;85;10;14;10;0
48953;566;85;10;14;10;0
48954;554;85;10;14;10;0
48955;542;85;10;14;10;0
48956;530;85;10;14;10;0
48957;518;85;10;14;10;0
48958;506;85;10;14;10;0
48959;494;85;10;14;10;0
48960;482;85;10;14;10;0
48961;470;85;10;14;10;0
48962;458;85;10;14;10;0
48963;686;85;10;14;10;0
48964;710;85;10;14;10;0
48965;962;85;10;14;10;0
48966;722;85;10;14;10;0
48967;950;85;10;14;10;0
48968;938;85;10;14;10;0
48969;926;85;10;14;10;0
48970;914;85;10;14;10;0
48971;902;85;10;14;10;0
48972;890;85;10;14;10;0
48973;878;85;10;14;10;0
48974;866;85;10;14;10;0
48975;854;85;10;14;10;0
48976;842;85;10;14;10;0
48977;830;85;10;14;10;0
48978;818;85;10;14;10;0
48979;806;85;10;14;10;0
48980;794;85;10;14;10;0
48981;782;85;10;14;10;0
48982;770;85;10;14;10;0
48983;758;85;10;14;10;0
48984;746;85;10;14;10;0
48985;734;85;10;14;10;0
48986;1394;85;10;14;10;0
48987;1538;85;10;14;10;0
48988;1550;85;10;14;10;0
48989;1562;85;10;14;10;0
48990;2354;85;10;14;10;0
48991;2342;85;10;14;10;0
48992;2330;85;10;14;10;0
48993;2318;85;10;14;10;0
48994;2306;85;10;14;10;0
48995;2294;85;10;14;10;0
48996;2282;85;10;14;10;0
48997;2270;85;10;14;10;0
48998;2258;85;10;14;10;0
48999;2246;85;10;14;10;0
49000;2234;85;10;14;10;0
49001;2222;85;10;14;10;0
49002;2210;85;10;14;10;0
49003;2198;85;10;14;10;0
49004;2186;85;10;14;10;0
49005;2174;85;10;14;10;0
49006;2162;85;10;14;10;0
49007;2150;85;10;14;10;0
49008;2138;85;10;14;10;0
49009;2366;85;10;14;10;0
49010;2378;85;10;14;10;0
49011;2390;85;10;14;10;0
49012;2402;85;10;14;10;0
49013;2642;85;10;14;10;0
49014;2630;85;10;14;10;0
49015;2618;85;10;14;10;0
49016;2606;85;10;14;10;0
49017;2594;85;10;14;10;0
49018;2582;85;10;14;10;0
49019;2570;85;10;14;10;0
49020;2558;85;10;14;10;0
49021;2546;85;10;14;10;0
49022;2654;85;10;14;10;0
49023;2534;85;10;14;10;0
49024;2510;85;10;14;10;0
49025;2498;85;10;14;10;0
49026;2486;85;10;14;10;0
49027;2474;85;10;14;10;0
49028;2462;85;10;14;10;0
49029;2450;85;10;14;10;0
49030;2438;85;10;14;10;0
49031;2426;85;10;14;10;0
49032;2414;85;10;14;10;0
49033;2126;85;10;14;10;0
49034;2522;85;10;14;10;0
49035;2114;85;10;14;10;0
49036;1958;85;10;14;10;0
49037;1790;85;10;14;10;0
49038;1778;85;10;14;10;0
49039;1766;85;10;14;10;0
49040;1754;85;10;14;10;0
49041;1742;85;10;14;10;0
49042;1730;85;10;14;10;0
49043;1718;85;10;14;10;0
49044;1706;85;10;14;10;0
49045;1694;85;10;14;10;0
49046;1682;85;10;14;10;0
49047;1670;85;10;14;10;0
49048;1658;85;10;14;10;0
49049;1646;85;10;14;10;0
49050;1634;85;10;14;10;0
49051;1622;85;10;14;10;0
49052;1610;85;10;14;10;0
49053;1598;85;10;14;10;0
49054;1586;85;10;14;10;0
49055;1574;85;10;14;10;0
49056;1802;85;10;14;10;0
49057;1814;85;10;14;10;0
49058;1826;85;10;14;10;0
49059;1838;85;10;14;10;0
49060;2078;85;10;14;10;0
49061;2066;85;10;14;10;0
49062;2054;85;10;14;10;0
49063;2042;85;10;14;10;0
49064;2030;85;10;14;10;0
49065;2018;85;10;14;10;0
49066;2006;85;10;14;10;0
49067;1994;85;10;14;10;0
49068;1982;85;10;14;10;0
49069;2090;85;10;14;10;0
49070;1970;85;10;14;10;0
49071;1946;85;10;14;10;0
49072;1934;85;10;14;10;0
49073;1922;85;10;14;10;0
49074;1910;85;10;14;10;0
49075;1898;85;10;14;10;0
49076;1886;85;10;14;10;0
49077;1874;85;10;14;10;0
49078;1862;85;10;14;10;0
49079;1850;85;10;14;10;0
49080;446;85;10;14;10;0
49081;2102;85;10;14;10;0
49082;434;85;10;14;10;0
49083;3950;69;10;14;10;0
49084;3074;69;10;14;10;0
49085;3062;69;10;14;10;0
49086;3050;69;10;14;10;0
49087;3038;69;10;14;10;0
49088;3026;69;10;14;10;0
49089;3014;69;10;14;10;0
49090;3002;69;10;14;10;0
49091;2990;69;10;14;10;0
49092;2978;69;10;14;10;0
49093;2966;69;10;14;10;0
49094;2954;69;10;14;10;0
49095;2942;69;10;14;10;0
49096;2930;69;10;14;10;0
49097;2918;69;10;14;10;0
49098;2906;69;10;14;10;0
49099;2894;69;10;14;10;0
49100;2882;69;10;14;10;0
49101;2870;69;10;14;10;0
49102;2858;69;10;14;10;0
49103;3086;69;10;14;10;0
49104;3098;69;10;14;10;0
49105;3110;69;10;14;10;0
49106;3122;69;10;14;10;0
49107;3362;69;10;14;10;0
49108;3350;69;10;14;10;0
49109;3338;69;10;14;10;0
49110;3326;69;10;14;10;0
49111;3314;69;10;14;10;0
49112;3302;69;10;14;10;0
49113;3290;69;10;14;10;0
49114;3278;69;10;14;10;0
49115;3266;69;10;14;10;0
49116;3374;69;10;14;10;0
49117;3254;69;10;14;10;0
49118;3230;69;10;14;10;0
49119;3218;69;10;14;10;0
49120;3206;69;10;14;10;0
49121;3194;69;10;14;10;0
49122;3182;69;10;14;10;0
49123;3170;69;10;14;10;0
49124;3158;69;10;14;10;0
49125;3146;69;10;14;10;0
49126;3134;69;10;14;10;0
49127;2846;69;10;14;10;0
49128;2834;69;10;14;10;0
49129;2822;69;10;14;10;0
49130;2546;69;10;14;10;0
49131;2522;69;10;14;10;0
49132;2510;69;10;14;10;0
49133;2498;69;10;14;10;0
49134;2486;69;10;14;10;0
49135;2474;69;10;14;10;0
49136;2462;69;10;14;10;0
49137;2450;69;10;14;10;0
49138;2438;69;10;14;10;0
49139;2426;69;10;14;10;0
49140;2414;69;10;14;10;0
49141;2402;69;10;14;10;0
49142;2390;69;10;14;10;0
49143;2378;69;10;14;10;0
49144;2366;69;10;14;10;0
49145;2354;69;10;14;10;0
49146;2342;69;10;14;10;0
49147;2330;69;10;14;10;0
49148;2318;69;10;14;10;0
49149;2306;69;10;14;10;0
49150;2534;69;10;14;10;0
49151;2558;69;10;14;10;0
49152;2810;69;10;14;10;0
49153;2570;69;10;14;10;0
49154;2798;69;10;14;10;0
49155;2786;69;10;14;10;0
49156;2774;69;10;14;10;0
49157;2762;69;10;14;10;0
49158;2750;69;10;14;10;0
49159;2738;69;10;14;10;0
49160;2726;69;10;14;10;0
49161;2714;69;10;14;10;0
49162;2702;69;10;14;10;0
49163;2690;69;10;14;10;0
49164;2678;69;10;14;10;0
49165;2666;69;10;14;10;0
49166;2654;69;10;14;10;0
49167;2642;69;10;14;10;0
49168;2630;69;10;14;10;0
49169;2618;69;10;14;10;0
49170;2606;69;10;14;10;0
49171;2594;69;10;14;10;0
49172;2582;69;10;14;10;0
49173;3242;69;10;14;10;0
49174;3386;69;10;14;10;0
49175;3398;69;10;14;10;0
49176;3410;69;10;14;10;0
49177;110;85;10;14;10;0
49178;98;85;10;14;10;0
49179;86;85;10;14;10;0
49180;74;85;10;14;10;0
49181;62;85;10;14;10;0
49182;50;85;10;14;10;0
49183;38;85;10;14;10;0
49184;26;85;10;14;10;0
49185;14;85;10;14;10;0
49186;2;85;10;14;10;0
49187;4082;69;10;14;10;0
49188;4070;69;10;14;10;0
49189;4058;69;10;14;10;0
49190;4046;69;10;14;10;0
49191;4034;69;10;14;10;0
49192;4022;69;10;14;10;0
49193;4010;69;10;14;10;0
49194;3998;69;10;14;10;0
49195;3986;69;10;14;10;0
49196;122;85;10;14;10;0
49197;134;85;10;14;10;0
49198;146;85;10;14;10;0
49199;158;85;10;14;10;0
49200;398;85;10;14;10;0
49201;386;85;10;14;10;0
49202;374;85;10;14;10;0
49203;362;85;10;14;10;0
49204;350;85;10;14;10;0
49205;338;85;10;14;10;0
49206;326;85;10;14;10;0
49207;314;85;10;14;10;0
49208;302;85;10;14;10;0
49209;410;85;10;14;10;0
49210;290;85;10;14;10;0
49211;266;85;10;14;10;0
49212;254;85;10;14;10;0
49213;242;85;10;14;10;0
49214;230;85;10;14;10;0
49215;218;85;10;14;10;0
49216;206;85;10;14;10;0
49217;194;85;10;14;10;0
49218;182;85;10;14;10;0
49219;170;85;10;14;10;0
49220;3974;69;10;14;10;0
49221;278;85;10;14;10;0
49222;3962;69;10;14;10;0
49223;3806;69;10;14;10;0
49224;3638;69;10;14;10;0
49225;3626;69;10;14;10;0
49226;3614;69;10;14;10;0
49227;3602;69;10;14;10;0
49228;3590;69;10;14;10;0
49229;3578;69;10;14;10;0
49230;3566;69;10;14;10;0
49231;3554;69;10;14;10;0
49232;3542;69;10;14;10;0
49233;3530;69;10;14;10;0
49234;3518;69;10;14;10;0
49235;3506;69;10;14;10;0
49236;3494;69;10;14;10;0
49237;3482;69;10;14;10;0
49238;3470;69;10;14;10;0
49239;3458;69;10;14;10;0
49240;3446;69;10;14;10;0
49241;3434;69;10;14;10;0
49242;3422;69;10;14;10;0
49243;3650;69;10;14;10;0
49244;3662;69;10;14;10;0
49245;3674;69;10;14;10;0
49246;3686;69;10;14;10;0
49247;3926;69;10;14;10;0
49248;3914;69;10;14;10;0
49249;3902;69;10;14;10;0
49250;3890;69;10;14;10;0
49251;3878;69;10;14;10;0
49252;3866;69;10;14;10;0
49253;3854;69;10;14;10;0
49254;3842;69;10;14;10;0
49255;3830;69;10;14;10;0
49256;3938;69;10;14;10;0
49257;3818;69;10;14;10;0
49258;3794;69;10;14;10;0
49259;3782;69;10;14;10;0
49260;3770;69;10;14;10;0
49261;3758;69;10;14;10;0
49262;3746;69;10;14;10;0
49263;3734;69;10;14;10;0
49264;3722;69;10;14;10;0
49265;3710;69;10;14;10;0
49266;3698;69;10;14;10;0
49267;422;85;10;14;10;0
49268;2678;85;10;14;10;0
49269;818;101;10;14;10;0
49270;2690;85;10;14;10;0
49271;1622;101;10;14;10;0
49272;1610;101;10;14;10;0
49273;1598;101;10;14;10;0
49274;1586;101;10;14;10;0
49275;1574;101;10;14;10;0
49276;1562;101;10;14;10;0
49277;1550;101;10;14;10;0
49278;1538;101;10;14;10;0
49279;1526;101;10;14;10;0
49280;1514;101;10;14;10;0
49281;1502;101;10;14;10;0
49282;1490;101;10;14;10;0
49283;1478;101;10;14;10;0
49284;1466;101;10;14;10;0
49285;1454;101;10;14;10;0
49286;1442;101;10;14;10;0
49287;1430;101;10;14;10;0
49288;1418;101;10;14;10;0
49289;1406;101;10;14;10;0
49290;1634;101;10;14;10;0
49291;1646;101;10;14;10;0
49292;1658;101;10;14;10;0
49293;1670;101;10;14;10;0
49294;1910;101;10;14;10;0
49295;1898;101;10;14;10;0
49296;1886;101;10;14;10;0
49297;1874;101;10;14;10;0
49298;1862;101;10;14;10;0
49299;1850;101;10;14;10;0
49300;1838;101;10;14;10;0
49301;1826;101;10;14;10;0
49302;1814;101;10;14;10;0
49303;1922;101;10;14;10;0
49304;1802;101;10;14;10;0
49305;1778;101;10;14;10;0
49306;1766;101;10;14;10;0
49307;1754;101;10;14;10;0
49308;1742;101;10;14;10;0
49309;1730;101;10;14;10;0
49310;1718;101;10;14;10;0
49311;1706;101;10;14;10;0
49312;1694;101;10;14;10;0
49313;1682;101;10;14;10;0
49314;1394;101;10;14;10;0
49315;1382;101;10;14;10;0
49316;1370;101;10;14;10;0
49317;1094;101;10;14;10;0
49318;1070;101;10;14;10;0
49319;1058;101;10;14;10;0
49320;1046;101;10;14;10;0
49321;1034;101;10;14;10;0
49322;1022;101;10;14;10;0
49323;1010;101;10;14;10;0
49324;998;101;10;14;10;0
49325;986;101;10;14;10;0
49326;974;101;10;14;10;0
49327;962;101;10;14;10;0
49328;950;101;10;14;10;0
49329;938;101;10;14;10;0
49330;926;101;10;14;10;0
49331;914;101;10;14;10;0
49332;902;101;10;14;10;0
49333;890;101;10;14;10;0
49334;878;101;10;14;10;0
49335;866;101;10;14;10;0
49336;854;101;10;14;10;0
49337;1082;101;10;14;10;0
49338;1106;101;10;14;10;0
49339;1358;101;10;14;10;0
49340;1118;101;10;14;10;0
49341;1346;101;10;14;10;0
49342;1334;101;10;14;10;0
49343;1322;101;10;14;10;0
49344;1310;101;10;14;10;0
49345;1298;101;10;14;10;0
49346;1286;101;10;14;10;0
49347;1274;101;10;14;10;0
49348;1262;101;10;14;10;0
49349;1250;101;10;14;10;0
49350;1238;101;10;14;10;0
49351;1226;101;10;14;10;0
49352;1214;101;10;14;10;0
49353;1202;101;10;14;10;0
49354;1190;101;10;14;10;0
49355;1178;101;10;14;10;0
49356;1166;101;10;14;10;0
49357;1154;101;10;14;10;0
49358;1142;101;10;14;10;0
49359;1130;101;10;14;10;0
49360;1790;101;10;14;10;0
49361;1934;101;10;14;10;0
49362;1946;101;10;14;10;0
49363;1958;101;10;14;10;0
49364;2750;101;10;14;10;0
49365;2738;101;10;14;10;0
49366;2726;101;10;14;10;0
49367;2714;101;10;14;10;0
49368;2702;101;10;14;10;0
49369;2690;101;10;14;10;0
49370;2678;101;10;14;10;0
49371;2666;101;10;14;10;0
49372;2654;101;10;14;10;0
49373;2642;101;10;14;10;0
49374;2630;101;10;14;10;0
49375;2618;101;10;14;10;0
49376;2606;101;10;14;10;0
49377;2594;101;10;14;10;0
49378;2582;101;10;14;10;0
49379;2570;101;10;14;10;0
49380;2558;101;10;14;10;0
49381;2546;101;10;14;10;0
49382;2534;101;10;14;10;0
49383;2762;101;10;14;10;0
49384;2774;101;10;14;10;0
49385;2786;101;10;14;10;0
49386;2798;101;10;14;10;0
49387;3038;101;10;14;10;0
49388;3026;101;10;14;10;0
49389;3014;101;10;14;10;0
49390;3002;101;10;14;10;0
49391;2990;101;10;14;10;0
49392;2978;101;10;14;10;0
49393;2966;101;10;14;10;0
49394;2954;101;10;14;10;0
49395;2942;101;10;14;10;0
49396;3050;101;10;14;10;0
49397;2930;101;10;14;10;0
49398;2906;101;10;14;10;0
49399;2894;101;10;14;10;0
49400;2882;101;10;14;10;0
49401;2870;101;10;14;10;0
49402;2858;101;10;14;10;0
49403;2846;101;10;14;10;0
49404;2834;101;10;14;10;0
49405;2822;101;10;14;10;0
49406;2810;101;10;14;10;0
49407;2522;101;10;14;10;0
49408;2918;101;10;14;10;0
49409;2510;101;10;14;10;0
49410;2354;101;10;14;10;0
49411;2186;101;10;14;10;0
49412;2174;101;10;14;10;0
49413;2162;101;10;14;10;0
49414;2150;101;10;14;10;0
49415;2138;101;10;14;10;0
49416;2126;101;10;14;10;0
49417;2114;101;10;14;10;0
49418;2102;101;10;14;10;0
49419;2090;101;10;14;10;0
49420;2078;101;10;14;10;0
49421;2066;101;10;14;10;0
49422;2054;101;10;14;10;0
49423;2042;101;10;14;10;0
49424;2030;101;10;14;10;0
49425;2018;101;10;14;10;0
49426;2006;101;10;14;10;0
49427;1994;101;10;14;10;0
49428;1982;101;10;14;10;0
49429;1970;101;10;14;10;0
49430;2198;101;10;14;10;0
49431;2210;101;10;14;10;0
49432;2222;101;10;14;10;0
49433;2234;101;10;14;10;0
49434;2474;101;10;14;10;0
49435;2462;101;10;14;10;0
49436;2450;101;10;14;10;0
49437;2438;101;10;14;10;0
49438;2426;101;10;14;10;0
49439;2414;101;10;14;10;0
49440;2402;101;10;14;10;0
49441;2390;101;10;14;10;0
49442;2378;101;10;14;10;0
49443;2486;101;10;14;10;0
49444;2366;101;10;14;10;0
49445;2342;101;10;14;10;0
49446;2330;101;10;14;10;0
49447;2318;101;10;14;10;0
49448;2306;101;10;14;10;0
49449;2294;101;10;14;10;0
49450;2282;101;10;14;10;0
49451;2270;101;10;14;10;0
49452;2258;101;10;14;10;0
49453;2246;101;10;14;10;0
49454;842;101;10;14;10;0
49455;2498;101;10;14;10;0
49456;830;101;10;14;10;0
49457;254;101;10;14;10;0
49458;3470;85;10;14;10;0
49459;3458;85;10;14;10;0
49460;3446;85;10;14;10;0
49461;3434;85;10;14;10;0
49462;3422;85;10;14;10;0
49463;3410;85;10;14;10;0
49464;3398;85;10;14;10;0
49465;3386;85;10;14;10;0
49466;3374;85;10;14;10;0
49467;3362;85;10;14;10;0
49468;3350;85;10;14;10;0
49469;3338;85;10;14;10;0
49470;3326;85;10;14;10;0
49471;3314;85;10;14;10;0
49472;3302;85;10;14;10;0
49473;3290;85;10;14;10;0
49474;3278;85;10;14;10;0
49475;3266;85;10;14;10;0
49476;3254;85;10;14;10;0
49477;3482;85;10;14;10;0
49478;3494;85;10;14;10;0
49479;3506;85;10;14;10;0
49480;3518;85;10;14;10;0
49481;3758;85;10;14;10;0
49482;3746;85;10;14;10;0
49483;3734;85;10;14;10;0
49484;3722;85;10;14;10;0
49485;3710;85;10;14;10;0
49486;3698;85;10;14;10;0
49487;3686;85;10;14;10;0
49488;3674;85;10;14;10;0
49489;3662;85;10;14;10;0
49490;3770;85;10;14;10;0
49491;3650;85;10;14;10;0
49492;3626;85;10;14;10;0
49493;3614;85;10;14;10;0
49494;3602;85;10;14;10;0
49495;3590;85;10;14;10;0
49496;3578;85;10;14;10;0
49497;3566;85;10;14;10;0
49498;3554;85;10;14;10;0
49499;3542;85;10;14;10;0
49500;3530;85;10;14;10;0
49501;3242;85;10;14;10;0
49502;3230;85;10;14;10;0
49503;3218;85;10;14;10;0
49504;2942;85;10;14;10;0
49505;2918;85;10;14;10;0
49506;2906;85;10;14;10;0
49507;2894;85;10;14;10;0
49508;2882;85;10;14;10;0
49509;2870;85;10;14;10;0
49510;2858;85;10;14;10;0
49511;2846;85;10;14;10;0
49512;2834;85;10;14;10;0
49513;2822;85;10;14;10;0
49514;2810;85;10;14;10;0
49515;2798;85;10;14;10;0
49516;2786;85;10;14;10;0
49517;2774;85;10;14;10;0
49518;2762;85;10;14;10;0
49519;2750;85;10;14;10;0
49520;2738;85;10;14;10;0
49521;2726;85;10;14;10;0
49522;2714;85;10;14;10;0
49523;2702;85;10;14;10;0
49524;2930;85;10;14;10;0
49525;2954;85;10;14;10;0
49526;3206;85;10;14;10;0
49527;2966;85;10;14;10;0
49528;3194;85;10;14;10;0
49529;3182;85;10;14;10;0
49530;3170;85;10;14;10;0
49531;3158;85;10;14;10;0
49532;3146;85;10;14;10;0
49533;3134;85;10;14;10;0
49534;3122;85;10;14;10;0
49535;3110;85;10;14;10;0
49536;3098;85;10;14;10;0
49537;3086;85;10;14;10;0
49538;3074;85;10;14;10;0
49539;3062;85;10;14;10;0
49540;3050;85;10;14;10;0
49541;3038;85;10;14;10;0
49542;3026;85;10;14;10;0
49543;3014;85;10;14;10;0
49544;3002;85;10;14;10;0
49545;2990;85;10;14;10;0
49546;2978;85;10;14;10;0
49547;3638;85;10;14;10;0
49548;3782;85;10;14;10;0
49549;3794;85;10;14;10;0
49550;3806;85;10;14;10;0
49551;506;101;10;14;10;0
49552;494;101;10;14;10;0
49553;482;101;10;14;10;0
49554;470;101;10;14;10;0
49555;458;101;10;14;10;0
49556;446;101;10;14;10;0
49557;434;101;10;14;10;0
49558;422;101;10;14;10;0
49559;410;101;10;14;10;0
49560;398;101;10;14;10;0
49561;386;101;10;14;10;0
49562;374;101;10;14;10;0
49563;362;101;10;14;10;0
49564;350;101;10;14;10;0
49565;338;101;10;14;10;0
49566;326;101;10;14;10;0
49567;314;101;10;14;10;0
49568;302;101;10;14;10;0
49569;290;101;10;14;10;0
49570;518;101;10;14;10;0
49571;530;101;10;14;10;0
49572;542;101;10;14;10;0
49573;554;101;10;14;10;0
49574;794;101;10;14;10;0
49575;782;101;10;14;10;0
49576;770;101;10;14;10;0
49577;758;101;10;14;10;0
49578;746;101;10;14;10;0
49579;734;101;10;14;10;0
49580;722;101;10;14;10;0
49581;710;101;10;14;10;0
49582;698;101;10;14;10;0
49583;806;101;10;14;10;0
49584;686;101;10;14;10;0
49585;662;101;10;14;10;0
49586;650;101;10;14;10;0
49587;638;101;10;14;10;0
49588;626;101;10;14;10;0
49589;614;101;10;14;10;0
49590;602;101;10;14;10;0
49591;590;101;10;14;10;0
49592;578;101;10;14;10;0
49593;566;101;10;14;10;0
49594;278;101;10;14;10;0
49595;674;101;10;14;10;0
49596;266;101;10;14;10;0
49597;110;101;10;14;10;0
49598;4034;85;10;14;10;0
49599;4022;85;10;14;10;0
49600;4010;85;10;14;10;0
49601;3998;85;10;14;10;0
49602;3986;85;10;14;10;0
49603;3974;85;10;14;10;0
49604;3962;85;10;14;10;0
49605;3950;85;10;14;10;0
49606;3938;85;10;14;10;0
49607;3926;85;10;14;10;0
49608;3914;85;10;14;10;0
49609;3902;85;10;14;10;0
49610;3890;85;10;14;10;0
49611;3878;85;10;14;10;0
49612;3866;85;10;14;10;0
49613;3854;85;10;14;10;0
49614;3842;85;10;14;10;0
49615;3830;85;10;14;10;0
49616;3818;85;10;14;10;0
49617;4046;85;10;14;10;0
49618;4058;85;10;14;10;0
49619;4070;85;10;14;10;0
49620;4082;85;10;14;10;0
49621;230;101;10;14;10;0
49622;218;101;10;14;10;0
49623;206;101;10;14;10;0
49624;194;101;10;14;10;0
49625;182;101;10;14;10;0
49626;170;101;10;14;10;0
49627;158;101;10;14;10;0
49628;146;101;10;14;10;0
49629;134;101;10;14;10;0
49630;242;101;10;14;10;0
49631;122;101;10;14;10;0
49632;98;101;10;14;10;0
49633;86;101;10;14;10;0
49634;74;101;10;14;10;0
49635;62;101;10;14;10;0
49636;50;101;10;14;10;0
49637;38;101;10;14;10;0
49638;26;101;10;14;10;0
49639;14;101;10;14;10;0
49640;2;101;10;14;10;0
49641;3794;229;10;14;10;0
49642;2954;277;10;14;10;0
49643;1634;421;10;14;10;0
49644;2978;277;10;14;10;0
49645;1382;469;10;14;10;0
49646;1370;469;10;14;10;0
49647;1358;469;10;14;10;0
49648;1346;469;10;14;10;0
49649;1334;469;10;14;10;0
49650;1322;469;10;14;10;0
49651;1310;469;10;14;10;0
49652;1298;469;10;14;10;0
49653;1286;469;10;14;10;0
49654;1274;469;10;14;10;0
49655;1262;469;10;14;10;0
49656;1250;469;10;14;10;0
49657;1238;469;10;14;10;0
49658;1226;469;10;14;10;0
49659;1214;469;10;14;10;0
49660;1202;469;10;14;10;0
49661;1190;469;10;14;10;0
49662;1178;469;10;14;10;0
49663;1166;469;10;14;10;0
49664;1394;469;10;14;10;0
49665;1406;469;10;14;10;0
49666;1418;469;10;14;10;0
49667;1430;469;10;14;10;0
49668;1670;469;10;14;10;0
49669;1658;469;10;14;10;0
49670;1646;469;10;14;10;0
49671;1634;469;10;14;10;0
49672;1622;469;10;14;10;0
49673;1610;469;10;14;10;0
49674;1598;469;10;14;10;0
49675;1586;469;10;14;10;0
49676;1574;469;10;14;10;0
49677;1682;469;10;14;10;0
49678;1562;469;10;14;10;0
49679;1538;469;10;14;10;0
49680;1526;469;10;14;10;0
49681;1514;469;10;14;10;0
49682;1502;469;10;14;10;0
49683;1490;469;10;14;10;0
49684;1478;469;10;14;10;0
49685;1466;469;10;14;10;0
49686;1454;469;10;14;10;0
49687;1442;469;10;14;10;0
49688;1154;469;10;14;10;0
49689;1142;469;10;14;10;0
49690;1130;469;10;14;10;0
49691;854;469;10;14;10;0
49692;830;469;10;14;10;0
49693;818;469;10;14;10;0
49694;806;469;10;14;10;0
49695;794;469;10;14;10;0
49696;2966;277;10;14;10;0
49697;770;469;10;14;10;0
49698;758;469;10;14;10;0
49699;746;469;10;14;10;0
49700;734;469;10;14;10;0
49701;722;469;10;14;10;0
49702;710;469;10;14;10;0
49703;698;469;10;14;10;0
49704;686;469;10;14;10;0
49705;674;469;10;14;10;0
49706;662;469;10;14;10;0
49707;650;469;10;14;10;0
49708;638;469;10;14;10;0
49709;626;469;10;14;10;0
49710;614;469;10;14;10;0
49711;842;469;10;14;10;0
49712;866;469;10;14;10;0
49713;1118;469;10;14;10;0
49714;878;469;10;14;10;0
49715;1106;469;10;14;10;0
49716;1094;469;10;14;10;0
49717;1082;469;10;14;10;0
49718;1070;469;10;14;10;0
49719;1058;469;10;14;10;0
49720;1046;469;10;14;10;0
49721;1034;469;10;14;10;0
49722;1022;469;10;14;10;0
49723;1010;469;10;14;10;0
49724;998;469;10;14;10;0
49725;986;469;10;14;10;0
49726;974;469;10;14;10;0
49727;962;469;10;14;10;0
49728;950;469;10;14;10;0
49729;938;469;10;14;10;0
49730;926;469;10;14;10;0
49731;914;469;10;14;10;0
49732;902;469;10;14;10;0
49733;890;469;10;14;10;0
49734;1550;469;10;14;10;0
49735;1694;469;10;14;10;0
49736;1706;469;10;14;10;0
49737;1718;469;10;14;10;0
49738;2510;469;10;14;10;0
49739;2498;469;10;14;10;0
49740;2486;469;10;14;10;0
49741;2474;469;10;14;10;0
49742;2462;469;10;14;10;0
49743;2450;469;10;14;10;0
49744;2438;469;10;14;10;0
49745;2426;469;10;14;10;0
49746;2414;469;10;14;10;0
49747;2402;469;10;14;10;0
49748;2390;469;10;14;10;0
49749;2378;469;10;14;10;0
49750;2366;469;10;14;10;0
49751;2354;469;10;14;10;0
49752;2342;469;10;14;10;0
49753;2330;469;10;14;10;0
49754;2318;469;10;14;10;0
49755;2306;469;10;14;10;0
49756;2294;469;10;14;10;0
49757;2522;469;10;14;10;0
49758;2534;469;10;14;10;0
49759;2546;469;10;14;10;0
49760;2558;469;10;14;10;0
49761;2798;469;10;14;10;0
49762;2786;469;10;14;10;0
49763;2774;469;10;14;10;0
49764;2762;469;10;14;10;0
49765;2750;469;10;14;10;0
49766;2738;469;10;14;10;0
49767;2726;469;10;14;10;0
49768;2714;469;10;14;10;0
49769;2702;469;10;14;10;0
49770;2810;469;10;14;10;0
49771;2690;469;10;14;10;0
49772;2666;469;10;14;10;0
49773;2654;469;10;14;10;0
49774;2642;469;10;14;10;0
49775;2630;469;10;14;10;0
49776;2618;469;10;14;10;0
49777;2606;469;10;14;10;0
49778;2594;469;10;14;10;0
49779;2582;469;10;14;10;0
49780;2570;469;10;14;10;0
49781;2282;469;10;14;10;0
49782;2678;469;10;14;10;0
49783;2270;469;10;14;10;0
49784;2114;469;10;14;10;0
49785;1946;469;10;14;10;0
49786;1934;469;10;14;10;0
49787;1922;469;10;14;10;0
49788;1910;469;10;14;10;0
49789;1898;469;10;14;10;0
49790;1886;469;10;14;10;0
49791;1874;469;10;14;10;0
49792;1862;469;10;14;10;0
49793;1850;469;10;14;10;0
49794;1838;469;10;14;10;0
49795;1826;469;10;14;10;0
49796;1814;469;10;14;10;0
49797;1802;469;10;14;10;0
49798;1790;469;10;14;10;0
49799;1778;469;10;14;10;0
49800;1766;469;10;14;10;0
49801;1754;469;10;14;10;0
49802;1742;469;10;14;10;0
49803;1730;469;10;14;10;0
49804;1958;469;10;14;10;0
49805;1970;469;10;14;10;0
49806;1982;469;10;14;10;0
49807;1994;469;10;14;10;0
49808;2234;469;10;14;10;0
49809;2222;469;10;14;10;0
49810;2210;469;10;14;10;0
49811;2198;469;10;14;10;0
49812;2186;469;10;14;10;0
49813;2174;469;10;14;10;0
49814;2162;469;10;14;10;0
49815;2150;469;10;14;10;0
49816;2138;469;10;14;10;0
49817;2246;469;10;14;10;0
49818;2126;469;10;14;10;0
49819;2102;469;10;14;10;0
49820;2090;469;10;14;10;0
49821;2078;469;10;14;10;0
49822;2066;469;10;14;10;0
49823;2054;469;10;14;10;0
49824;2042;469;10;14;10;0
49825;2030;469;10;14;10;0
49826;2018;469;10;14;10;0
49827;2006;469;10;14;10;0
49828;602;469;10;14;10;0
49829;2258;469;10;14;10;0
49830;590;469;10;14;10;0
49831;14;469;10;14;10;0
49832;3230;453;10;14;10;0
49833;3218;453;10;14;10;0
49834;3206;453;10;14;10;0
49835;3194;453;10;14;10;0
49836;3182;453;10;14;10;0
49837;3170;453;10;14;10;0
49838;3158;453;10;14;10;0
49839;3146;453;10;14;10;0
49840;3134;453;10;14;10;0
49841;3122;453;10;14;10;0
49842;3110;453;10;14;10;0
49843;3098;453;10;14;10;0
49844;3086;453;10;14;10;0
49845;3074;453;10;14;10;0
49846;3062;453;10;14;10;0
49847;3050;453;10;14;10;0
49848;3038;453;10;14;10;0
49849;3026;453;10;14;10;0
49850;3014;453;10;14;10;0
49851;3242;453;10;14;10;0
49852;3254;453;10;14;10;0
49853;3266;453;10;14;10;0
49854;3278;453;10;14;10;0
49855;3518;453;10;14;10;0
49856;3506;453;10;14;10;0
49857;3494;453;10;14;10;0
49858;3482;453;10;14;10;0
49859;3470;453;10;14;10;0
49860;3458;453;10;14;10;0
49861;3446;453;10;14;10;0
49862;3434;453;10;14;10;0
49863;3422;453;10;14;10;0
49864;3530;453;10;14;10;0
49865;3410;453;10;14;10;0
49866;3386;453;10;14;10;0
49867;3374;453;10;14;10;0
49868;3362;453;10;14;10;0
49869;3350;453;10;14;10;0
49870;3338;453;10;14;10;0
49871;3326;453;10;14;10;0
49872;3314;453;10;14;10;0
49873;3302;453;10;14;10;0
49874;3290;453;10;14;10;0
49875;3002;453;10;14;10;0
49876;2990;453;10;14;10;0
49877;2978;453;10;14;10;0
49878;2702;453;10;14;10;0
49879;2678;453;10;14;10;0
49880;2666;453;10;14;10;0
49881;2654;453;10;14;10;0
49882;2642;453;10;14;10;0
49883;2630;453;10;14;10;0
49884;2618;453;10;14;10;0
49885;2606;453;10;14;10;0
49886;2594;453;10;14;10;0
49887;2582;453;10;14;10;0
49888;2570;453;10;14;10;0
49889;2558;453;10;14;10;0
49890;2546;453;10;14;10;0
49891;2534;453;10;14;10;0
49892;2522;453;10;14;10;0
49893;2510;453;10;14;10;0
49894;2498;453;10;14;10;0
49895;2486;453;10;14;10;0
49896;2474;453;10;14;10;0
49897;2462;453;10;14;10;0
49898;2690;453;10;14;10;0
49899;2714;453;10;14;10;0
49900;2966;453;10;14;10;0
49901;2726;453;10;14;10;0
49902;2954;453;10;14;10;0
49903;2942;453;10;14;10;0
49904;2930;453;10;14;10;0
49905;2918;453;10;14;10;0
49906;2906;453;10;14;10;0
49907;2894;453;10;14;10;0
49908;2882;453;10;14;10;0
49909;2870;453;10;14;10;0
49910;2858;453;10;14;10;0
49911;2846;453;10;14;10;0
49912;2834;453;10;14;10;0
49913;2822;453;10;14;10;0
49914;2810;453;10;14;10;0
49915;2798;453;10;14;10;0
49916;2786;453;10;14;10;0
49917;2774;453;10;14;10;0
49918;2762;453;10;14;10;0
49919;2750;453;10;14;10;0
49920;2738;453;10;14;10;0
49921;3398;453;10;14;10;0
49922;3542;453;10;14;10;0
49923;3554;453;10;14;10;0
49924;3566;453;10;14;10;0
49925;266;469;10;14;10;0
49926;254;469;10;14;10;0
49927;242;469;10;14;10;0
49928;230;469;10;14;10;0
49929;218;469;10;14;10;0
49930;206;469;10;14;10;0
49931;194;469;10;14;10;0
49932;182;469;10;14;10;0
49933;170;469;10;14;10;0
49934;158;469;10;14;10;0
49935;146;469;10;14;10;0
49936;134;469;10;14;10;0
49937;122;469;10;14;10;0
49938;110;469;10;14;10;0
49939;98;469;10;14;10;0
49940;86;469;10;14;10;0
49941;74;469;10;14;10;0
49942;62;469;10;14;10;0
49943;50;469;10;14;10;0
49944;278;469;10;14;10;0
49945;290;469;10;14;10;0
49946;302;469;10;14;10;0
49947;314;469;10;14;10;0
49948;554;469;10;14;10;0
49949;542;469;10;14;10;0
49950;530;469;10;14;10;0
49951;518;469;10;14;10;0
49952;506;469;10;14;10;0
49953;494;469;10;14;10;0
49954;482;469;10;14;10;0
49955;470;469;10;14;10;0
49956;458;469;10;14;10;0
49957;566;469;10;14;10;0
49958;446;469;10;14;10;0
49959;422;469;10;14;10;0
49960;410;469;10;14;10;0
49961;398;469;10;14;10;0
49962;386;469;10;14;10;0
49963;374;469;10;14;10;0
49964;362;469;10;14;10;0
49965;350;469;10;14;10;0
49966;338;469;10;14;10;0
49967;326;469;10;14;10;0
49968;38;469;10;14;10;0
49969;434;469;10;14;10;0
49970;26;469;10;14;10;0
49971;3962;453;10;14;10;0
49972;3794;453;10;14;10;0
49973;3782;453;10;14;10;0
49974;3770;453;10;14;10;0
49975;3758;453;10;14;10;0
49976;3746;453;10;14;10;0
49977;3734;453;10;14;10;0
49978;3722;453;10;14;10;0
49979;3710;453;10;14;10;0
49980;3698;453;10;14;10;0
49981;3686;453;10;14;10;0
49982;3674;453;10;14;10;0
49983;3662;453;10;14;10;0
49984;3650;453;10;14;10;0
49985;3638;453;10;14;10;0
49986;3626;453;10;14;10;0
49987;3614;453;10;14;10;0
49988;3602;453;10;14;10;0
49989;3590;453;10;14;10;0
49990;3578;453;10;14;10;0
49991;3806;453;10;14;10;0
49992;3818;453;10;14;10;0
49993;3830;453;10;14;10;0
49994;3842;453;10;14;10;0
49995;4082;453;10;14;10;0
49996;4070;453;10;14;10;0
49997;4058;453;10;14;10;0
49998;4046;453;10;14;10;0
49999;4034;453;10;14;10;0
50000;4022;453;10;14;10;0
50001;4010;453;10;14;10;0
50002;3998;453;10;14;10;0
50003;3986;453;10;14;10;0
50004;2;469;10;14;10;0
50005;3974;453;10;14;10;0
50006;3950;453;10;14;10;0
50007;3938;453;10;14;10;0
50008;3926;453;10;14;10;0
50009;3914;453;10;14;10;0
50010;3902;453;10;14;10;0
50011;3890;453;10;14;10;0
50012;3878;453;10;14;10;0
50013;3866;453;10;14;10;0
50014;3854;453;10;14;10;0
50015;578;469;10;14;10;0
50016;2834;469;10;14;10;0
50017;974;485;10;14;10;0
50018;2846;469;10;14;10;0
50019;1778;485;10;14;10;0
50020;1766;485;10;14;10;0
50021;1754;485;10;14;10;0
50022;1742;485;10;14;10;0
50023;1730;485;10;14;10;0
50024;1718;485;10;14;10;0
50025;1706;485;10;14;10;0
50026;1694;485;10;14;10;0
50027;1682;485;10;14;10;0
50028;1670;485;10;14;10;0
50029;1658;485;10;14;10;0
50030;1646;485;10;14;10;0
50031;1634;485;10;14;10;0
50032;1622;485;10;14;10;0
50033;1610;485;10;14;10;0
50034;1598;485;10;14;10;0
50035;1586;485;10;14;10;0
50036;1574;485;10;14;10;0
50037;1562;485;10;14;10;0
50038;1790;485;10;14;10;0
50039;1802;485;10;14;10;0
50040;1814;485;10;14;10;0
50041;1826;485;10;14;10;0
50042;2066;485;10;14;10;0
50043;2054;485;10;14;10;0
50044;2042;485;10;14;10;0
50045;2030;485;10;14;10;0
50046;2018;485;10;14;10;0
50047;2006;485;10;14;10;0
50048;1994;485;10;14;10;0
50049;1982;485;10;14;10;0
50050;1970;485;10;14;10;0
50051;2078;485;10;14;10;0
50052;1958;485;10;14;10;0
50053;1934;485;10;14;10;0
50054;1922;485;10;14;10;0
50055;1910;485;10;14;10;0
50056;1898;485;10;14;10;0
50057;1886;485;10;14;10;0
50058;1874;485;10;14;10;0
50059;1862;485;10;14;10;0
50060;1850;485;10;14;10;0
50061;1838;485;10;14;10;0
50062;1550;485;10;14;10;0
50063;1538;485;10;14;10;0
50064;1526;485;10;14;10;0
50065;1250;485;10;14;10;0
50066;1226;485;10;14;10;0
50067;1214;485;10;14;10;0
50068;1202;485;10;14;10;0
50069;1190;485;10;14;10;0
50070;1178;485;10;14;10;0
50071;1166;485;10;14;10;0
50072;1154;485;10;14;10;0
50073;1142;485;10;14;10;0
50074;1130;485;10;14;10;0
50075;1118;485;10;14;10;0
50076;1106;485;10;14;10;0
50077;1094;485;10;14;10;0
50078;1082;485;10;14;10;0
50079;1070;485;10;14;10;0
50080;1058;485;10;14;10;0
50081;1046;485;10;14;10;0
50082;1034;485;10;14;10;0
50083;1022;485;10;14;10;0
50084;1010;485;10;14;10;0
50085;1238;485;10;14;10;0
50086;1262;485;10;14;10;0
50087;1514;485;10;14;10;0
50088;1274;485;10;14;10;0
50089;1502;485;10;14;10;0
50090;1490;485;10;14;10;0
50091;1478;485;10;14;10;0
50092;1466;485;10;14;10;0
50093;1454;485;10;14;10;0
50094;1442;485;10;14;10;0
50095;1430;485;10;14;10;0
50096;1418;485;10;14;10;0
50097;1406;485;10;14;10;0
50098;1394;485;10;14;10;0
50099;1382;485;10;14;10;0
50100;1370;485;10;14;10;0
50101;1358;485;10;14;10;0
50102;1346;485;10;14;10;0
50103;1334;485;10;14;10;0
50104;1322;485;10;14;10;0
50105;1310;485;10;14;10;0
50106;1298;485;10;14;10;0
50107;1286;485;10;14;10;0
50108;1946;485;10;14;10;0
50109;2090;485;10;14;10;0
50110;2102;485;10;14;10;0
50111;2114;485;10;14;10;0
50112;2906;485;10;14;10;0
50113;2894;485;10;14;10;0
50114;2882;485;10;14;10;0
50115;2870;485;10;14;10;0
50116;2858;485;10;14;10;0
50117;2846;485;10;14;10;0
50118;2834;485;10;14;10;0
50119;2822;485;10;14;10;0
50120;2810;485;10;14;10;0
50121;2798;485;10;14;10;0
50122;2786;485;10;14;10;0
50123;2774;485;10;14;10;0
50124;2762;485;10;14;10;0
50125;2750;485;10;14;10;0
50126;2738;485;10;14;10;0
50127;2726;485;10;14;10;0
50128;2714;485;10;14;10;0
50129;2702;485;10;14;10;0
50130;2690;485;10;14;10;0
50131;2918;485;10;14;10;0
50132;2930;485;10;14;10;0
50133;2942;485;10;14;10;0
50134;2954;485;10;14;10;0
50135;3194;485;10;14;10;0
50136;3182;485;10;14;10;0
50137;3170;485;10;14;10;0
50138;3158;485;10;14;10;0
50139;3146;485;10;14;10;0
50140;3134;485;10;14;10;0
50141;3122;485;10;14;10;0
50142;3110;485;10;14;10;0
50143;3098;485;10;14;10;0
50144;3206;485;10;14;10;0
50145;3086;485;10;14;10;0
50146;3062;485;10;14;10;0
50147;3050;485;10;14;10;0
50148;3038;485;10;14;10;0
50149;3026;485;10;14;10;0
50150;3014;485;10;14;10;0
50151;3002;485;10;14;10;0
50152;2990;485;10;14;10;0
50153;2978;485;10;14;10;0
50154;2966;485;10;14;10;0
50155;2678;485;10;14;10;0
50156;3074;485;10;14;10;0
50157;2666;485;10;14;10;0
50158;2510;485;10;14;10;0
50159;2342;485;10;14;10;0
50160;2330;485;10;14;10;0
50161;2318;485;10;14;10;0
50162;2306;485;10;14;10;0
50163;2294;485;10;14;10;0
50164;2282;485;10;14;10;0
50165;2270;485;10;14;10;0
50166;2258;485;10;14;10;0
50167;2246;485;10;14;10;0
50168;2234;485;10;14;10;0
50169;2222;485;10;14;10;0
50170;2210;485;10;14;10;0
50171;2198;485;10;14;10;0
50172;2186;485;10;14;10;0
50173;2174;485;10;14;10;0
50174;2162;485;10;14;10;0
50175;2150;485;10;14;10;0
50176;2138;485;10;14;10;0
50177;2126;485;10;14;10;0
50178;2354;485;10;14;10;0
50179;2366;485;10;14;10;0
50180;2378;485;10;14;10;0
50181;2390;485;10;14;10;0
50182;2630;485;10;14;10;0
50183;2618;485;10;14;10;0
50184;2606;485;10;14;10;0
50185;2594;485;10;14;10;0
50186;2582;485;10;14;10;0
50187;2570;485;10;14;10;0
50188;2558;485;10;14;10;0
50189;2546;485;10;14;10;0
50190;2534;485;10;14;10;0
50191;2642;485;10;14;10;0
50192;2522;485;10;14;10;0
50193;2498;485;10;14;10;0
50194;2486;485;10;14;10;0
50195;2474;485;10;14;10;0
50196;2462;485;10;14;10;0
50197;2450;485;10;14;10;0
50198;2438;485;10;14;10;0
50199;2426;485;10;14;10;0
50200;2414;485;10;14;10;0
50201;2402;485;10;14;10;0
50202;998;485;10;14;10;0
50203;2654;485;10;14;10;0
50204;986;485;10;14;10;0
50205;410;485;10;14;10;0
50206;3626;469;10;14;10;0
50207;3614;469;10;14;10;0
50208;3602;469;10;14;10;0
50209;3590;469;10;14;10;0
50210;3578;469;10;14;10;0
50211;3566;469;10;14;10;0
50212;3554;469;10;14;10;0
50213;3542;469;10;14;10;0
50214;3530;469;10;14;10;0
50215;3518;469;10;14;10;0
50216;3506;469;10;14;10;0
50217;3494;469;10;14;10;0
50218;3482;469;10;14;10;0
50219;3470;469;10;14;10;0
50220;3458;469;10;14;10;0
50221;3446;469;10;14;10;0
50222;3434;469;10;14;10;0
50223;3422;469;10;14;10;0
50224;3410;469;10;14;10;0
50225;3638;469;10;14;10;0
50226;3650;469;10;14;10;0
50227;3662;469;10;14;10;0
50228;3674;469;10;14;10;0
50229;3914;469;10;14;10;0
50230;3902;469;10;14;10;0
50231;3890;469;10;14;10;0
50232;3878;469;10;14;10;0
50233;3866;469;10;14;10;0
50234;3854;469;10;14;10;0
50235;3842;469;10;14;10;0
50236;3830;469;10;14;10;0
50237;3818;469;10;14;10;0
50238;3926;469;10;14;10;0
50239;3806;469;10;14;10;0
50240;3782;469;10;14;10;0
50241;3770;469;10;14;10;0
50242;3758;469;10;14;10;0
50243;3746;469;10;14;10;0
50244;3734;469;10;14;10;0
50245;3722;469;10;14;10;0
50246;3710;469;10;14;10;0
50247;3698;469;10;14;10;0
50248;3686;469;10;14;10;0
50249;3398;469;10;14;10;0
50250;3386;469;10;14;10;0
50251;3374;469;10;14;10;0
50252;3098;469;10;14;10;0
50253;3074;469;10;14;10;0
50254;3062;469;10;14;10;0
50255;3050;469;10;14;10;0
50256;3038;469;10;14;10;0
50257;3026;469;10;14;10;0
50258;3014;469;10;14;10;0
50259;3002;469;10;14;10;0
50260;2990;469;10;14;10;0
50261;2978;469;10;14;10;0
50262;2966;469;10;14;10;0
50263;2954;469;10;14;10;0
50264;2942;469;10;14;10;0
50265;2930;469;10;14;10;0
50266;2918;469;10;14;10;0
50267;2906;469;10;14;10;0
50268;2894;469;10;14;10;0
50269;2882;469;10;14;10;0
50270;2870;469;10;14;10;0
50271;2858;469;10;14;10;0
50272;3086;469;10;14;10;0
50273;3110;469;10;14;10;0
50274;3362;469;10;14;10;0
50275;3122;469;10;14;10;0
50276;3350;469;10;14;10;0
50277;3338;469;10;14;10;0
50278;3326;469;10;14;10;0
50279;3314;469;10;14;10;0
50280;3302;469;10;14;10;0
50281;3290;469;10;14;10;0
50282;3278;469;10;14;10;0
50283;3266;469;10;14;10;0
50284;3254;469;10;14;10;0
50285;3242;469;10;14;10;0
50286;3230;469;10;14;10;0
50287;3218;469;10;14;10;0
50288;3206;469;10;14;10;0
50289;3194;469;10;14;10;0
50290;3182;469;10;14;10;0
50291;3170;469;10;14;10;0
50292;3158;469;10;14;10;0
50293;3146;469;10;14;10;0
50294;3134;469;10;14;10;0
50295;3794;469;10;14;10;0
50296;3938;469;10;14;10;0
50297;3950;469;10;14;10;0
50298;3962;469;10;14;10;0
50299;662;485;10;14;10;0
50300;650;485;10;14;10;0
50301;638;485;10;14;10;0
50302;626;485;10;14;10;0
50303;614;485;10;14;10;0
50304;602;485;10;14;10;0
50305;590;485;10;14;10;0
50306;578;485;10;14;10;0
50307;566;485;10;14;10;0
50308;554;485;10;14;10;0
50309;542;485;10;14;10;0
50310;530;485;10;14;10;0
50311;518;485;10;14;10;0
50312;506;485;10;14;10;0
50313;494;485;10;14;10;0
50314;482;485;10;14;10;0
50315;470;485;10;14;10;0
50316;458;485;10;14;10;0
50317;446;485;10;14;10;0
50318;674;485;10;14;10;0
50319;686;485;10;14;10;0
50320;698;485;10;14;10;0
50321;710;485;10;14;10;0
50322;950;485;10;14;10;0
50323;938;485;10;14;10;0
50324;926;485;10;14;10;0
50325;914;485;10;14;10;0
50326;902;485;10;14;10;0
50327;890;485;10;14;10;0
50328;878;485;10;14;10;0
50329;866;485;10;14;10;0
50330;854;485;10;14;10;0
50331;962;485;10;14;10;0
50332;842;485;10;14;10;0
50333;818;485;10;14;10;0
50334;806;485;10;14;10;0
50335;794;485;10;14;10;0
50336;782;485;10;14;10;0
50337;770;485;10;14;10;0
50338;758;485;10;14;10;0
50339;746;485;10;14;10;0
50340;734;485;10;14;10;0
50341;722;485;10;14;10;0
50342;434;485;10;14;10;0
50343;830;485;10;14;10;0
50344;422;485;10;14;10;0
50345;266;485;10;14;10;0
50346;98;485;10;14;10;0
50347;86;485;10;14;10;0
50348;74;485;10;14;10;0
50349;62;485;10;14;10;0
50350;50;485;10;14;10;0
50351;38;485;10;14;10;0
50352;26;485;10;14;10;0
50353;14;485;10;14;10;0
50354;2;485;10;14;10;0
50355;4082;469;10;14;10;0
50356;4070;469;10;14;10;0
50357;4058;469;10;14;10;0
50358;4046;469;10;14;10;0
50359;4034;469;10;14;10;0
50360;4022;469;10;14;10;0
50361;4010;469;10;14;10;0
50362;3998;469;10;14;10;0
50363;3986;469;10;14;10;0
50364;3974;469;10;14;10;0
50365;110;485;10;14;10;0
50366;122;485;10;14;10;0
50367;134;485;10;14;10;0
50368;146;485;10;14;10;0
50369;386;485;10;14;10;0
50370;374;485;10;14;10;0
50371;362;485;10;14;10;0
50372;350;485;10;14;10;0
50373;338;485;10;14;10;0
50374;326;485;10;14;10;0
50375;314;485;10;14;10;0
50376;302;485;10;14;10;0
50377;290;485;10;14;10;0
50378;398;485;10;14;10;0
50379;278;485;10;14;10;0
50380;254;485;10;14;10;0
50381;242;485;10;14;10;0
50382;230;485;10;14;10;0
50383;218;485;10;14;10;0
50384;206;485;10;14;10;0
50385;194;485;10;14;10;0
50386;182;485;10;14;10;0
50387;170;485;10;14;10;0
50388;158;485;10;14;10;0
50389;2450;453;10;14;10;0
50390;2822;469;10;14;10;0
50391;2438;453;10;14;10;0
50392;2030;437;10;14;10;0
50393;590;437;10;14;10;0
50394;578;437;10;14;10;0
50395;566;437;10;14;10;0
50396;554;437;10;14;10;0
50397;542;437;10;14;10;0
50398;530;437;10;14;10;0
50399;518;437;10;14;10;0
50400;506;437;10;14;10;0
50401;494;437;10;14;10;0
50402;482;437;10;14;10;0
50403;470;437;10;14;10;0
50404;458;437;10;14;10;0
50405;446;437;10;14;10;0
50406;434;437;10;14;10;0
50407;422;437;10;14;10;0
50408;410;437;10;14;10;0
50409;398;437;10;14;10;0
50410;386;437;10;14;10;0
50411;374;437;10;14;10;0
50412;602;437;10;14;10;0
50413;614;437;10;14;10;0
50414;626;437;10;14;10;0
50415;638;437;10;14;10;0
50416;878;437;10;14;10;0
50417;866;437;10;14;10;0
50418;854;437;10;14;10;0
50419;842;437;10;14;10;0
50420;830;437;10;14;10;0
50421;818;437;10;14;10;0
50422;806;437;10;14;10;0
50423;794;437;10;14;10;0
50424;782;437;10;14;10;0
50425;890;437;10;14;10;0
50426;770;437;10;14;10;0
50427;746;437;10;14;10;0
50428;734;437;10;14;10;0
50429;722;437;10;14;10;0
50430;710;437;10;14;10;0
50431;698;437;10;14;10;0
50432;686;437;10;14;10;0
50433;674;437;10;14;10;0
50434;662;437;10;14;10;0
50435;650;437;10;14;10;0
50436;362;437;10;14;10;0
50437;350;437;10;14;10;0
50438;338;437;10;14;10;0
50439;62;437;10;14;10;0
50440;38;437;10;14;10;0
50441;26;437;10;14;10;0
50442;14;437;10;14;10;0
50443;2;437;10;14;10;0
50444;4082;421;10;14;10;0
50445;4070;421;10;14;10;0
50446;4058;421;10;14;10;0
50447;4046;421;10;14;10;0
50448;4034;421;10;14;10;0
50449;4022;421;10;14;10;0
50450;4010;421;10;14;10;0
50451;3998;421;10;14;10;0
50452;3986;421;10;14;10;0
50453;3974;421;10;14;10;0
50454;3962;421;10;14;10;0
50455;3950;421;10;14;10;0
50456;3938;421;10;14;10;0
50457;3926;421;10;14;10;0
50458;3914;421;10;14;10;0
50459;50;437;10;14;10;0
50460;74;437;10;14;10;0
50461;326;437;10;14;10;0
50462;86;437;10;14;10;0
50463;314;437;10;14;10;0
50464;302;437;10;14;10;0
50465;290;437;10;14;10;0
50466;278;437;10;14;10;0
50467;266;437;10;14;10;0
50468;254;437;10;14;10;0
50469;242;437;10;14;10;0
50470;230;437;10;14;10;0
50471;218;437;10;14;10;0
50472;206;437;10;14;10;0
50473;194;437;10;14;10;0
50474;182;437;10;14;10;0
50475;170;437;10;14;10;0
50476;158;437;10;14;10;0
50477;146;437;10;14;10;0
50478;134;437;10;14;10;0
50479;122;437;10;14;10;0
50480;110;437;10;14;10;0
50481;98;437;10;14;10;0
50482;758;437;10;14;10;0
50483;902;437;10;14;10;0
50484;914;437;10;14;10;0
50485;926;437;10;14;10;0
50486;1718;437;10;14;10;0
50487;1706;437;10;14;10;0
50488;1694;437;10;14;10;0
50489;1682;437;10;14;10;0
50490;1670;437;10;14;10;0
50491;1658;437;10;14;10;0
50492;1646;437;10;14;10;0
50493;1634;437;10;14;10;0
50494;1622;437;10;14;10;0
50495;1610;437;10;14;10;0
50496;1598;437;10;14;10;0
50497;1586;437;10;14;10;0
50498;1574;437;10;14;10;0
50499;1562;437;10;14;10;0
50500;1550;437;10;14;10;0
50501;1538;437;10;14;10;0
50502;1526;437;10;14;10;0
50503;1514;437;10;14;10;0
50504;1502;437;10;14;10;0
50505;1730;437;10;14;10;0
50506;1742;437;10;14;10;0
50507;1754;437;10;14;10;0
50508;1766;437;10;14;10;0
50509;2006;437;10;14;10;0
50510;1994;437;10;14;10;0
50511;1982;437;10;14;10;0
50512;1970;437;10;14;10;0
50513;1958;437;10;14;10;0
50514;1946;437;10;14;10;0
50515;1934;437;10;14;10;0
50516;1922;437;10;14;10;0
50517;1910;437;10;14;10;0
50518;2018;437;10;14;10;0
50519;1898;437;10;14;10;0
50520;1874;437;10;14;10;0
50521;1862;437;10;14;10;0
50522;1850;437;10;14;10;0
50523;1838;437;10;14;10;0
50524;1826;437;10;14;10;0
50525;1814;437;10;14;10;0
50526;1802;437;10;14;10;0
50527;1790;437;10;14;10;0
50528;1778;437;10;14;10;0
50529;1490;437;10;14;10;0
50530;1886;437;10;14;10;0
50531;1478;437;10;14;10;0
50532;1322;437;10;14;10;0
50533;1154;437;10;14;10;0
50534;1142;437;10;14;10;0
50535;1130;437;10;14;10;0
50536;1118;437;10;14;10;0
50537;1106;437;10;14;10;0
50538;1094;437;10;14;10;0
50539;1082;437;10;14;10;0
50540;1070;437;10;14;10;0
50541;1058;437;10;14;10;0
50542;1046;437;10;14;10;0
50543;1034;437;10;14;10;0
50544;1022;437;10;14;10;0
50545;1010;437;10;14;10;0
50546;998;437;10;14;10;0
50547;986;437;10;14;10;0
50548;974;437;10;14;10;0
50549;962;437;10;14;10;0
50550;950;437;10;14;10;0
50551;938;437;10;14;10;0
50552;1166;437;10;14;10;0
50553;1178;437;10;14;10;0
50554;1190;437;10;14;10;0
50555;1202;437;10;14;10;0
50556;1442;437;10;14;10;0
50557;1430;437;10;14;10;0
50558;1418;437;10;14;10;0
50559;1406;437;10;14;10;0
50560;1394;437;10;14;10;0
50561;1382;437;10;14;10;0
50562;1370;437;10;14;10;0
50563;1358;437;10;14;10;0
50564;1346;437;10;14;10;0
50565;1454;437;10;14;10;0
50566;1334;437;10;14;10;0
50567;1310;437;10;14;10;0
50568;1298;437;10;14;10;0
50569;1286;437;10;14;10;0
50570;1274;437;10;14;10;0
50571;1262;437;10;14;10;0
50572;1250;437;10;14;10;0
50573;1238;437;10;14;10;0
50574;1226;437;10;14;10;0
50575;1214;437;10;14;10;0
50576;3902;421;10;14;10;0
50577;1466;437;10;14;10;0
50578;3890;421;10;14;10;0
50579;3314;421;10;14;10;0
50580;2438;421;10;14;10;0
50581;2426;421;10;14;10;0
50582;2414;421;10;14;10;0
50583;2402;421;10;14;10;0
50584;2390;421;10;14;10;0
50585;2378;421;10;14;10;0
50586;2366;421;10;14;10;0
50587;2354;421;10;14;10;0
50588;2342;421;10;14;10;0
50589;2330;421;10;14;10;0
50590;2318;421;10;14;10;0
50591;2306;421;10;14;10;0
50592;2294;421;10;14;10;0
50593;2282;421;10;14;10;0
50594;2270;421;10;14;10;0
50595;2258;421;10;14;10;0
50596;2246;421;10;14;10;0
50597;2234;421;10;14;10;0
50598;2222;421;10;14;10;0
50599;2450;421;10;14;10;0
50600;2462;421;10;14;10;0
50601;2474;421;10;14;10;0
50602;2486;421;10;14;10;0
50603;2726;421;10;14;10;0
50604;2714;421;10;14;10;0
50605;2702;421;10;14;10;0
50606;2690;421;10;14;10;0
50607;2678;421;10;14;10;0
50608;2666;421;10;14;10;0
50609;2654;421;10;14;10;0
50610;2642;421;10;14;10;0
50611;2630;421;10;14;10;0
50612;2738;421;10;14;10;0
50613;2618;421;10;14;10;0
50614;2594;421;10;14;10;0
50615;2582;421;10;14;10;0
50616;2570;421;10;14;10;0
50617;2558;421;10;14;10;0
50618;2546;421;10;14;10;0
50619;2534;421;10;14;10;0
50620;2522;421;10;14;10;0
50621;2510;421;10;14;10;0
50622;2498;421;10;14;10;0
50623;2210;421;10;14;10;0
50624;2198;421;10;14;10;0
50625;2186;421;10;14;10;0
50626;1910;421;10;14;10;0
50627;1886;421;10;14;10;0
50628;1874;421;10;14;10;0
50629;1862;421;10;14;10;0
50630;1850;421;10;14;10;0
50631;1838;421;10;14;10;0
50632;1826;421;10;14;10;0
50633;1814;421;10;14;10;0
50634;1802;421;10;14;10;0
50635;1790;421;10;14;10;0
50636;1778;421;10;14;10;0
50637;1766;421;10;14;10;0
50638;1754;421;10;14;10;0
50639;1742;421;10;14;10;0
50640;1730;421;10;14;10;0
50641;1718;421;10;14;10;0
50642;1706;421;10;14;10;0
50643;1694;421;10;14;10;0
50644;1682;421;10;14;10;0
50645;1670;421;10;14;10;0
50646;1898;421;10;14;10;0
50647;1922;421;10;14;10;0
50648;2174;421;10;14;10;0
50649;1934;421;10;14;10;0
50650;2162;421;10;14;10;0
50651;2150;421;10;14;10;0
50652;2138;421;10;14;10;0
50653;2126;421;10;14;10;0
50654;2114;421;10;14;10;0
50655;2102;421;10;14;10;0
50656;2090;421;10;14;10;0
50657;2078;421;10;14;10;0
50658;2066;421;10;14;10;0
50659;2054;421;10;14;10;0
50660;2042;421;10;14;10;0
50661;2030;421;10;14;10;0
50662;2018;421;10;14;10;0
50663;2006;421;10;14;10;0
50664;1994;421;10;14;10;0
50665;1982;421;10;14;10;0
50666;1970;421;10;14;10;0
50667;1958;421;10;14;10;0
50668;1946;421;10;14;10;0
50669;2606;421;10;14;10;0
50670;2750;421;10;14;10;0
50671;2762;421;10;14;10;0
50672;2774;421;10;14;10;0
50673;3566;421;10;14;10;0
50674;3554;421;10;14;10;0
50675;3542;421;10;14;10;0
50676;3530;421;10;14;10;0
50677;3518;421;10;14;10;0
50678;3506;421;10;14;10;0
50679;3494;421;10;14;10;0
50680;3482;421;10;14;10;0
50681;3470;421;10;14;10;0
50682;3458;421;10;14;10;0
50683;3446;421;10;14;10;0
50684;3434;421;10;14;10;0
50685;3422;421;10;14;10;0
50686;3410;421;10;14;10;0
50687;3398;421;10;14;10;0
50688;3386;421;10;14;10;0
50689;3374;421;10;14;10;0
50690;3362;421;10;14;10;0
50691;3350;421;10;14;10;0
50692;3578;421;10;14;10;0
50693;3590;421;10;14;10;0
50694;3602;421;10;14;10;0
50695;3614;421;10;14;10;0
50696;3854;421;10;14;10;0
50697;3842;421;10;14;10;0
50698;3830;421;10;14;10;0
50699;3818;421;10;14;10;0
50700;3806;421;10;14;10;0
50701;3794;421;10;14;10;0
50702;3782;421;10;14;10;0
50703;3770;421;10;14;10;0
50704;3758;421;10;14;10;0
50705;3866;421;10;14;10;0
50706;3746;421;10;14;10;0
50707;3722;421;10;14;10;0
50708;3710;421;10;14;10;0
50709;3698;421;10;14;10;0
50710;3686;421;10;14;10;0
50711;3674;421;10;14;10;0
50712;3662;421;10;14;10;0
50713;3650;421;10;14;10;0
50714;3638;421;10;14;10;0
50715;3626;421;10;14;10;0
50716;3338;421;10;14;10;0
50717;3734;421;10;14;10;0
50718;3326;421;10;14;10;0
50719;3170;421;10;14;10;0
50720;3002;421;10;14;10;0
50721;2990;421;10;14;10;0
50722;2978;421;10;14;10;0
50723;2966;421;10;14;10;0
50724;2954;421;10;14;10;0
50725;2942;421;10;14;10;0
50726;2930;421;10;14;10;0
50727;2918;421;10;14;10;0
50728;2906;421;10;14;10;0
50729;2894;421;10;14;10;0
50730;2882;421;10;14;10;0
50731;2870;421;10;14;10;0
50732;2858;421;10;14;10;0
50733;2846;421;10;14;10;0
50734;2834;421;10;14;10;0
50735;2822;421;10;14;10;0
50736;2810;421;10;14;10;0
50737;2798;421;10;14;10;0
50738;2786;421;10;14;10;0
50739;3014;421;10;14;10;0
50740;3026;421;10;14;10;0
50741;3038;421;10;14;10;0
50742;3050;421;10;14;10;0
50743;3290;421;10;14;10;0
50744;3278;421;10;14;10;0
50745;3266;421;10;14;10;0
50746;3254;421;10;14;10;0
50747;3242;421;10;14;10;0
50748;3230;421;10;14;10;0
50749;3218;421;10;14;10;0
50750;3206;421;10;14;10;0
50751;3194;421;10;14;10;0
50752;3302;421;10;14;10;0
50753;3182;421;10;14;10;0
50754;3158;421;10;14;10;0
50755;3146;421;10;14;10;0
50756;3134;421;10;14;10;0
50757;3122;421;10;14;10;0
50758;3110;421;10;14;10;0
50759;3098;421;10;14;10;0
50760;3086;421;10;14;10;0
50761;3074;421;10;14;10;0
50762;3062;421;10;14;10;0
50763;3878;421;10;14;10;0
50764;2042;437;10;14;10;0
50765;182;453;10;14;10;0
50766;2054;437;10;14;10;0
50767;986;453;10;14;10;0
50768;974;453;10;14;10;0
50769;962;453;10;14;10;0
50770;950;453;10;14;10;0
50771;938;453;10;14;10;0
50772;926;453;10;14;10;0
50773;914;453;10;14;10;0
50774;902;453;10;14;10;0
50775;890;453;10;14;10;0
50776;878;453;10;14;10;0
50777;866;453;10;14;10;0
50778;854;453;10;14;10;0
50779;842;453;10;14;10;0
50780;830;453;10;14;10;0
50781;818;453;10;14;10;0
50782;806;453;10;14;10;0
50783;794;453;10;14;10;0
50784;782;453;10;14;10;0
50785;770;453;10;14;10;0
50786;998;453;10;14;10;0
50787;1010;453;10;14;10;0
50788;1022;453;10;14;10;0
50789;1034;453;10;14;10;0
50790;1274;453;10;14;10;0
50791;1262;453;10;14;10;0
50792;1250;453;10;14;10;0
50793;1238;453;10;14;10;0
50794;1226;453;10;14;10;0
50795;1214;453;10;14;10;0
50796;1202;453;10;14;10;0
50797;1190;453;10;14;10;0
50798;1178;453;10;14;10;0
50799;1286;453;10;14;10;0
50800;1166;453;10;14;10;0
50801;1142;453;10;14;10;0
50802;1130;453;10;14;10;0
50803;1118;453;10;14;10;0
50804;1106;453;10;14;10;0
50805;1094;453;10;14;10;0
50806;1082;453;10;14;10;0
50807;1070;453;10;14;10;0
50808;1058;453;10;14;10;0
50809;1046;453;10;14;10;0
50810;758;453;10;14;10;0
50811;746;453;10;14;10;0
50812;734;453;10;14;10;0
50813;458;453;10;14;10;0
50814;434;453;10;14;10;0
50815;422;453;10;14;10;0
50816;410;453;10;14;10;0
50817;398;453;10;14;10;0
50818;386;453;10;14;10;0
50819;374;453;10;14;10;0
50820;362;453;10;14;10;0
50821;350;453;10;14;10;0
50822;338;453;10;14;10;0
50823;326;453;10;14;10;0
50824;314;453;10;14;10;0
50825;302;453;10;14;10;0
50826;290;453;10;14;10;0
50827;278;453;10;14;10;0
50828;266;453;10;14;10;0
50829;254;453;10;14;10;0
50830;242;453;10;14;10;0
50831;230;453;10;14;10;0
50832;218;453;10;14;10;0
50833;446;453;10;14;10;0
50834;470;453;10;14;10;0
50835;722;453;10;14;10;0
50836;482;453;10;14;10;0
50837;710;453;10;14;10;0
50838;698;453;10;14;10;0
50839;686;453;10;14;10;0
50840;674;453;10;14;10;0
50841;662;453;10;14;10;0
50842;650;453;10;14;10;0
50843;638;453;10;14;10;0
50844;626;453;10;14;10;0
50845;614;453;10;14;10;0
50846;602;453;10;14;10;0
50847;590;453;10;14;10;0
50848;578;453;10;14;10;0
50849;566;453;10;14;10;0
50850;554;453;10;14;10;0
50851;542;453;10;14;10;0
50852;530;453;10;14;10;0
50853;518;453;10;14;10;0
50854;506;453;10;14;10;0
50855;494;453;10;14;10;0
50856;1154;453;10;14;10;0
50857;1298;453;10;14;10;0
50858;1310;453;10;14;10;0
50859;1322;453;10;14;10;0
50860;2114;453;10;14;10;0
50861;2102;453;10;14;10;0
50862;2090;453;10;14;10;0
50863;2078;453;10;14;10;0
50864;2066;453;10;14;10;0
50865;2054;453;10;14;10;0
50866;2042;453;10;14;10;0
50867;2030;453;10;14;10;0
50868;2018;453;10;14;10;0
50869;2006;453;10;14;10;0
50870;1994;453;10;14;10;0
50871;1982;453;10;14;10;0
50872;1970;453;10;14;10;0
50873;1958;453;10;14;10;0
50874;1946;453;10;14;10;0
50875;1934;453;10;14;10;0
50876;1922;453;10;14;10;0
50877;1910;453;10;14;10;0
50878;1898;453;10;14;10;0
50879;2126;453;10;14;10;0
50880;2138;453;10;14;10;0
50881;2150;453;10;14;10;0
50882;2162;453;10;14;10;0
50883;2402;453;10;14;10;0
50884;2390;453;10;14;10;0
50885;2378;453;10;14;10;0
50886;2366;453;10;14;10;0
50887;2354;453;10;14;10;0
50888;2342;453;10;14;10;0
50889;2330;453;10;14;10;0
50890;2318;453;10;14;10;0
50891;2306;453;10;14;10;0
50892;2414;453;10;14;10;0
50893;2294;453;10;14;10;0
50894;2270;453;10;14;10;0
50895;2258;453;10;14;10;0
50896;2246;453;10;14;10;0
50897;2234;453;10;14;10;0
50898;2222;453;10;14;10;0
50899;2210;453;10;14;10;0
50900;2198;453;10;14;10;0
50901;2186;453;10;14;10;0
50902;2174;453;10;14;10;0
50903;1886;453;10;14;10;0
50904;2282;453;10;14;10;0
50905;1874;453;10;14;10;0
50906;1718;453;10;14;10;0
50907;1550;453;10;14;10;0
50908;1538;453;10;14;10;0
50909;1526;453;10;14;10;0
50910;1514;453;10;14;10;0
50911;1502;453;10;14;10;0
50912;1490;453;10;14;10;0
50913;1478;453;10;14;10;0
50914;1466;453;10;14;10;0
50915;1454;453;10;14;10;0
50916;1442;453;10;14;10;0
50917;1430;453;10;14;10;0
50918;1418;453;10;14;10;0
50919;1406;453;10;14;10;0
50920;1394;453;10;14;10;0
50921;1382;453;10;14;10;0
50922;1370;453;10;14;10;0
50923;1358;453;10;14;10;0
50924;1346;453;10;14;10;0
50925;1334;453;10;14;10;0
50926;1562;453;10;14;10;0
50927;1574;453;10;14;10;0
50928;1586;453;10;14;10;0
50929;1598;453;10;14;10;0
50930;1838;453;10;14;10;0
50931;1826;453;10;14;10;0
50932;1814;453;10;14;10;0
50933;1802;453;10;14;10;0
50934;1790;453;10;14;10;0
50935;1778;453;10;14;10;0
50936;1766;453;10;14;10;0
50937;1754;453;10;14;10;0
50938;1742;453;10;14;10;0
50939;1850;453;10;14;10;0
50940;1730;453;10;14;10;0
50941;1706;453;10;14;10;0
50942;1694;453;10;14;10;0
50943;1682;453;10;14;10;0
50944;1670;453;10;14;10;0
50945;1658;453;10;14;10;0
50946;1646;453;10;14;10;0
50947;1634;453;10;14;10;0
50948;1622;453;10;14;10;0
50949;1610;453;10;14;10;0
50950;206;453;10;14;10;0
50951;1862;453;10;14;10;0
50952;194;453;10;14;10;0
50953;3710;437;10;14;10;0
50954;2834;437;10;14;10;0
50955;2822;437;10;14;10;0
50956;2810;437;10;14;10;0
50957;2798;437;10;14;10;0
50958;2786;437;10;14;10;0
50959;2774;437;10;14;10;0
50960;2762;437;10;14;10;0
50961;2750;437;10;14;10;0
50962;2738;437;10;14;10;0
50963;2726;437;10;14;10;0
50964;2714;437;10;14;10;0
50965;2702;437;10;14;10;0
50966;2690;437;10;14;10;0
50967;2678;437;10;14;10;0
50968;2666;437;10;14;10;0
50969;2654;437;10;14;10;0
50970;2642;437;10;14;10;0
50971;2630;437;10;14;10;0
50972;2618;437;10;14;10;0
50973;2846;437;10;14;10;0
50974;2858;437;10;14;10;0
50975;2870;437;10;14;10;0
50976;2882;437;10;14;10;0
50977;3122;437;10;14;10;0
50978;3110;437;10;14;10;0
50979;3098;437;10;14;10;0
50980;3086;437;10;14;10;0
50981;3074;437;10;14;10;0
50982;3062;437;10;14;10;0
50983;3050;437;10;14;10;0
50984;3038;437;10;14;10;0
50985;3026;437;10;14;10;0
50986;3134;437;10;14;10;0
50987;3014;437;10;14;10;0
50988;2990;437;10;14;10;0
50989;2978;437;10;14;10;0
50990;2966;437;10;14;10;0
50991;2954;437;10;14;10;0
50992;2942;437;10;14;10;0
50993;2930;437;10;14;10;0
50994;2918;437;10;14;10;0
50995;2906;437;10;14;10;0
50996;2894;437;10;14;10;0
50997;2606;437;10;14;10;0
50998;2594;437;10;14;10;0
50999;2582;437;10;14;10;0
51000;2306;437;10;14;10;0
51001;2282;437;10;14;10;0
51002;2270;437;10;14;10;0
51003;2258;437;10;14;10;0
51004;2246;437;10;14;10;0
51005;2234;437;10;14;10;0
51006;2222;437;10;14;10;0
51007;2210;437;10;14;10;0
51008;2198;437;10;14;10;0
51009;2186;437;10;14;10;0
51010;2174;437;10;14;10;0
51011;2162;437;10;14;10;0
51012;2150;437;10;14;10;0
51013;2138;437;10;14;10;0
51014;2126;437;10;14;10;0
51015;2114;437;10;14;10;0
51016;2102;437;10;14;10;0
51017;2090;437;10;14;10;0
51018;2078;437;10;14;10;0
51019;2066;437;10;14;10;0
51020;2294;437;10;14;10;0
51021;2318;437;10;14;10;0
51022;2570;437;10;14;10;0
51023;2330;437;10;14;10;0
51024;2558;437;10;14;10;0
51025;2546;437;10;14;10;0
51026;2534;437;10;14;10;0
51027;2522;437;10;14;10;0
51028;2510;437;10;14;10;0
51029;2498;437;10;14;10;0
51030;2486;437;10;14;10;0
51031;2474;437;10;14;10;0
51032;2462;437;10;14;10;0
51033;2450;437;10;14;10;0
51034;2438;437;10;14;10;0
51035;2426;437;10;14;10;0
51036;2414;437;10;14;10;0
51037;2402;437;10;14;10;0
51038;2390;437;10;14;10;0
51039;2378;437;10;14;10;0
51040;2366;437;10;14;10;0
51041;2354;437;10;14;10;0
51042;2342;437;10;14;10;0
51043;3002;437;10;14;10;0
51044;3146;437;10;14;10;0
51045;3158;437;10;14;10;0
51046;3170;437;10;14;10;0
51047;3962;437;10;14;10;0
51048;3950;437;10;14;10;0
51049;3938;437;10;14;10;0
51050;3926;437;10;14;10;0
51051;3914;437;10;14;10;0
51052;3902;437;10;14;10;0
51053;3890;437;10;14;10;0
51054;3878;437;10;14;10;0
51055;3866;437;10;14;10;0
51056;3854;437;10;14;10;0
51057;3842;437;10;14;10;0
51058;3830;437;10;14;10;0
51059;3818;437;10;14;10;0
51060;3806;437;10;14;10;0
51061;3794;437;10;14;10;0
51062;3782;437;10;14;10;0
51063;3770;437;10;14;10;0
51064;3758;437;10;14;10;0
51065;3746;437;10;14;10;0
51066;3974;437;10;14;10;0
51067;3986;437;10;14;10;0
51068;3998;437;10;14;10;0
51069;4010;437;10;14;10;0
51070;158;453;10;14;10;0
51071;146;453;10;14;10;0
51072;134;453;10;14;10;0
51073;122;453;10;14;10;0
51074;110;453;10;14;10;0
51075;98;453;10;14;10;0
51076;86;453;10;14;10;0
51077;74;453;10;14;10;0
51078;62;453;10;14;10;0
51079;170;453;10;14;10;0
51080;50;453;10;14;10;0
51081;26;453;10;14;10;0
51082;14;453;10;14;10;0
51083;2;453;10;14;10;0
51084;4082;437;10;14;10;0
51085;4070;437;10;14;10;0
51086;4058;437;10;14;10;0
51087;4046;437;10;14;10;0
51088;4034;437;10;14;10;0
51089;4022;437;10;14;10;0
51090;3734;437;10;14;10;0
51091;38;453;10;14;10;0
51092;3722;437;10;14;10;0
51093;3566;437;10;14;10;0
51094;3398;437;10;14;10;0
51095;3386;437;10;14;10;0
51096;3374;437;10;14;10;0
51097;3362;437;10;14;10;0
51098;3350;437;10;14;10;0
51099;3338;437;10;14;10;0
51100;3326;437;10;14;10;0
51101;3314;437;10;14;10;0
51102;3302;437;10;14;10;0
51103;3290;437;10;14;10;0
51104;3278;437;10;14;10;0
51105;3266;437;10;14;10;0
51106;3254;437;10;14;10;0
51107;3242;437;10;14;10;0
51108;3230;437;10;14;10;0
51109;3218;437;10;14;10;0
51110;3206;437;10;14;10;0
51111;3194;437;10;14;10;0
51112;3182;437;10;14;10;0
51113;3410;437;10;14;10;0
51114;3422;437;10;14;10;0
51115;3434;437;10;14;10;0
51116;3446;437;10;14;10;0
51117;3686;437;10;14;10;0
51118;3674;437;10;14;10;0
51119;3662;437;10;14;10;0
51120;3650;437;10;14;10;0
51121;3638;437;10;14;10;0
51122;3626;437;10;14;10;0
51123;3614;437;10;14;10;0
51124;3602;437;10;14;10;0
51125;3590;437;10;14;10;0
51126;3698;437;10;14;10;0
51127;3578;437;10;14;10;0
51128;3554;437;10;14;10;0
51129;3542;437;10;14;10;0
51130;3530;437;10;14;10;0
51131;3518;437;10;14;10;0
51132;3506;437;10;14;10;0
51133;3494;437;10;14;10;0
51134;3482;437;10;14;10;0
51135;3470;437;10;14;10;0
51136;3458;437;10;14;10;0
51137;2426;453;10;14;10;0
51138;3218;485;10;14;10;0
51139;3230;485;10;14;10;0
51140;3242;485;10;14;10;0
51141;2966;533;10;14;10;0
51142;2954;533;10;14;10;0
51143;2942;533;10;14;10;0
51144;2930;533;10;14;10;0
51145;2918;533;10;14;10;0
51146;2906;533;10;14;10;0
51147;2894;533;10;14;10;0
51148;2882;533;10;14;10;0
51149;2870;533;10;14;10;0
51150;2858;533;10;14;10;0
51151;2846;533;10;14;10;0
51152;2834;533;10;14;10;0
51153;2822;533;10;14;10;0
51154;2810;533;10;14;10;0
51155;2798;533;10;14;10;0
51156;2786;533;10;14;10;0
51157;2774;533;10;14;10;0
51158;2762;533;10;14;10;0
51159;2750;533;10;14;10;0
51160;2978;533;10;14;10;0
51161;2990;533;10;14;10;0
51162;3002;533;10;14;10;0
51163;3014;533;10;14;10;0
51164;3254;533;10;14;10;0
51165;3242;533;10;14;10;0
51166;3230;533;10;14;10;0
51167;3218;533;10;14;10;0
51168;3206;533;10;14;10;0
51169;3194;533;10;14;10;0
51170;3182;533;10;14;10;0
51171;3170;533;10;14;10;0
51172;3158;533;10;14;10;0
51173;3266;533;10;14;10;0
51174;3146;533;10;14;10;0
51175;3122;533;10;14;10;0
51176;3110;533;10;14;10;0
51177;3098;533;10;14;10;0
51178;3086;533;10;14;10;0
51179;3074;533;10;14;10;0
51180;3062;533;10;14;10;0
51181;3050;533;10;14;10;0
51182;3038;533;10;14;10;0
51183;3026;533;10;14;10;0
51184;2738;533;10;14;10;0
51185;2726;533;10;14;10;0
51186;2714;533;10;14;10;0
51187;2438;533;10;14;10;0
51188;2414;533;10;14;10;0
51189;2402;533;10;14;10;0
51190;2390;533;10;14;10;0
51191;2378;533;10;14;10;0
51192;2366;533;10;14;10;0
51193;2354;533;10;14;10;0
51194;2342;533;10;14;10;0
51195;2330;533;10;14;10;0
51196;2318;533;10;14;10;0
51197;2306;533;10;14;10;0
51198;2294;533;10;14;10;0
51199;2282;533;10;14;10;0
51200;2270;533;10;14;10;0
51201;2258;533;10;14;10;0
51202;2246;533;10;14;10;0
51203;2234;533;10;14;10;0
51204;2222;533;10;14;10;0
51205;2210;533;10;14;10;0
51206;2198;533;10;14;10;0
51207;2426;533;10;14;10;0
51208;2450;533;10;14;10;0
51209;2702;533;10;14;10;0
51210;2462;533;10;14;10;0
51211;2690;533;10;14;10;0
51212;2678;533;10;14;10;0
51213;2666;533;10;14;10;0
51214;2654;533;10;14;10;0
51215;2642;533;10;14;10;0
51216;2630;533;10;14;10;0
51217;2618;533;10;14;10;0
51218;2606;533;10;14;10;0
51219;2594;533;10;14;10;0
51220;2582;533;10;14;10;0
51221;2570;533;10;14;10;0
51222;2558;533;10;14;10;0
51223;2546;533;10;14;10;0
51224;2534;533;10;14;10;0
51225;2522;533;10;14;10;0
51226;2510;533;10;14;10;0
51227;2498;533;10;14;10;0
51228;2486;533;10;14;10;0
51229;2474;533;10;14;10;0
51230;3134;533;10;14;10;0
51231;3278;533;10;14;10;0
51232;3290;533;10;14;10;0
51233;3302;533;10;14;10;0
51234;2;549;10;14;10;0
51235;4082;533;10;14;10;0
51236;4070;533;10;14;10;0
51237;4058;533;10;14;10;0
51238;4046;533;10;14;10;0
51239;4034;533;10;14;10;0
51240;4022;533;10;14;10;0
51241;4010;533;10;14;10;0
51242;3998;533;10;14;10;0
51243;3986;533;10;14;10;0
51244;3974;533;10;14;10;0
51245;3962;533;10;14;10;0
51246;3950;533;10;14;10;0
51247;3938;533;10;14;10;0
51248;3926;533;10;14;10;0
51249;3914;533;10;14;10;0
51250;3902;533;10;14;10;0
51251;3890;533;10;14;10;0
51252;3878;533;10;14;10;0
51253;14;549;10;14;10;0
51254;26;549;10;14;10;0
51255;38;549;10;14;10;0
51256;50;549;10;14;10;0
51257;290;549;10;14;10;0
51258;278;549;10;14;10;0
51259;266;549;10;14;10;0
51260;254;549;10;14;10;0
51261;242;549;10;14;10;0
51262;230;549;10;14;10;0
51263;218;549;10;14;10;0
51264;206;549;10;14;10;0
51265;194;549;10;14;10;0
51266;302;549;10;14;10;0
51267;182;549;10;14;10;0
51268;158;549;10;14;10;0
51269;146;549;10;14;10;0
51270;134;549;10;14;10;0
51271;122;549;10;14;10;0
51272;110;549;10;14;10;0
51273;98;549;10;14;10;0
51274;86;549;10;14;10;0
51275;74;549;10;14;10;0
51276;62;549;10;14;10;0
51277;3866;533;10;14;10;0
51278;170;549;10;14;10;0
51279;3854;533;10;14;10;0
51280;3698;533;10;14;10;0
51281;3530;533;10;14;10;0
51282;3518;533;10;14;10;0
51283;3506;533;10;14;10;0
51284;3494;533;10;14;10;0
51285;3482;533;10;14;10;0
51286;3470;533;10;14;10;0
51287;3458;533;10;14;10;0
51288;3446;533;10;14;10;0
51289;3434;533;10;14;10;0
51290;3422;533;10;14;10;0
51291;3410;533;10;14;10;0
51292;3398;533;10;14;10;0
51293;3386;533;10;14;10;0
51294;3374;533;10;14;10;0
51295;3362;533;10;14;10;0
51296;3350;533;10;14;10;0
51297;3338;533;10;14;10;0
51298;3326;533;10;14;10;0
51299;3314;533;10;14;10;0
51300;3542;533;10;14;10;0
51301;3554;533;10;14;10;0
51302;3566;533;10;14;10;0
51303;3578;533;10;14;10;0
51304;3818;533;10;14;10;0
51305;3806;533;10;14;10;0
51306;3794;533;10;14;10;0
51307;3782;533;10;14;10;0
51308;3770;533;10;14;10;0
51309;3758;533;10;14;10;0
51310;3746;533;10;14;10;0
51311;3734;533;10;14;10;0
51312;3722;533;10;14;10;0
51313;3830;533;10;14;10;0
51314;3710;533;10;14;10;0
51315;3686;533;10;14;10;0
51316;3674;533;10;14;10;0
51317;3662;533;10;14;10;0
51318;3650;533;10;14;10;0
51319;3638;533;10;14;10;0
51320;3626;533;10;14;10;0
51321;3614;533;10;14;10;0
51322;3602;533;10;14;10;0
51323;3590;533;10;14;10;0
51324;2186;533;10;14;10;0
51325;3842;533;10;14;10;0
51326;2174;533;10;14;10;0
51327;1598;533;10;14;10;0
51328;722;533;10;14;10;0
51329;710;533;10;14;10;0
51330;698;533;10;14;10;0
51331;686;533;10;14;10;0
51332;674;533;10;14;10;0
51333;662;533;10;14;10;0
51334;650;533;10;14;10;0
51335;638;533;10;14;10;0
51336;626;533;10;14;10;0
51337;614;533;10;14;10;0
51338;602;533;10;14;10;0
51339;590;533;10;14;10;0
51340;578;533;10;14;10;0
51341;566;533;10;14;10;0
51342;554;533;10;14;10;0
51343;542;533;10;14;10;0
51344;530;533;10;14;10;0
51345;518;533;10;14;10;0
51346;506;533;10;14;10;0
51347;734;533;10;14;10;0
51348;746;533;10;14;10;0
51349;758;533;10;14;10;0
51350;770;533;10;14;10;0
51351;1010;533;10;14;10;0
51352;998;533;10;14;10;0
51353;986;533;10;14;10;0
51354;974;533;10;14;10;0
51355;962;533;10;14;10;0
51356;950;533;10;14;10;0
51357;938;533;10;14;10;0
51358;926;533;10;14;10;0
51359;914;533;10;14;10;0
51360;1022;533;10;14;10;0
51361;902;533;10;14;10;0
51362;878;533;10;14;10;0
51363;866;533;10;14;10;0
51364;854;533;10;14;10;0
51365;842;533;10;14;10;0
51366;830;533;10;14;10;0
51367;818;533;10;14;10;0
51368;806;533;10;14;10;0
51369;794;533;10;14;10;0
51370;782;533;10;14;10;0
51371;494;533;10;14;10;0
51372;482;533;10;14;10;0
51373;470;533;10;14;10;0
51374;194;533;10;14;10;0
51375;170;533;10;14;10;0
51376;158;533;10;14;10;0
51377;146;533;10;14;10;0
51378;134;533;10;14;10;0
51379;122;533;10;14;10;0
51380;110;533;10;14;10;0
51381;98;533;10;14;10;0
51382;86;533;10;14;10;0
51383;74;533;10;14;10;0
51384;62;533;10;14;10;0
51385;50;533;10;14;10;0
51386;38;533;10;14;10;0
51387;26;533;10;14;10;0
51388;14;533;10;14;10;0
51389;2;533;10;14;10;0
51390;4082;517;10;14;10;0
51391;4070;517;10;14;10;0
51392;4058;517;10;14;10;0
51393;4046;517;10;14;10;0
51394;182;533;10;14;10;0
51395;206;533;10;14;10;0
51396;458;533;10;14;10;0
51397;218;533;10;14;10;0
51398;446;533;10;14;10;0
51399;434;533;10;14;10;0
51400;422;533;10;14;10;0
51401;410;533;10;14;10;0
51402;398;533;10;14;10;0
51403;386;533;10;14;10;0
51404;374;533;10;14;10;0
51405;362;533;10;14;10;0
51406;350;533;10;14;10;0
51407;338;533;10;14;10;0
51408;326;533;10;14;10;0
51409;314;533;10;14;10;0
51410;302;533;10;14;10;0
51411;290;533;10;14;10;0
51412;278;533;10;14;10;0
51413;266;533;10;14;10;0
51414;254;533;10;14;10;0
51415;242;533;10;14;10;0
51416;230;533;10;14;10;0
51417;890;533;10;14;10;0
51418;1034;533;10;14;10;0
51419;1046;533;10;14;10;0
51420;1058;533;10;14;10;0
51421;1850;533;10;14;10;0
51422;1838;533;10;14;10;0
51423;1826;533;10;14;10;0
51424;1814;533;10;14;10;0
51425;1802;533;10;14;10;0
51426;1790;533;10;14;10;0
51427;1778;533;10;14;10;0
51428;1766;533;10;14;10;0
51429;1754;533;10;14;10;0
51430;1742;533;10;14;10;0
51431;1730;533;10;14;10;0
51432;1718;533;10;14;10;0
51433;1706;533;10;14;10;0
51434;1694;533;10;14;10;0
51435;1682;533;10;14;10;0
51436;1670;533;10;14;10;0
51437;1658;533;10;14;10;0
51438;1646;533;10;14;10;0
51439;1634;533;10;14;10;0
51440;1862;533;10;14;10;0
51441;1874;533;10;14;10;0
51442;1886;533;10;14;10;0
51443;1898;533;10;14;10;0
51444;2138;533;10;14;10;0
51445;2126;533;10;14;10;0
51446;2114;533;10;14;10;0
51447;2102;533;10;14;10;0
51448;2090;533;10;14;10;0
51449;2078;533;10;14;10;0
51450;2066;533;10;14;10;0
51451;2054;533;10;14;10;0
51452;2042;533;10;14;10;0
51453;2150;533;10;14;10;0
51454;2030;533;10;14;10;0
51455;2006;533;10;14;10;0
51456;1994;533;10;14;10;0
51457;1982;533;10;14;10;0
51458;1970;533;10;14;10;0
51459;1958;533;10;14;10;0
51460;1946;533;10;14;10;0
51461;1934;533;10;14;10;0
51462;1922;533;10;14;10;0
51463;1910;533;10;14;10;0
51464;1622;533;10;14;10;0
51465;2018;533;10;14;10;0
51466;1610;533;10;14;10;0
51467;1454;533;10;14;10;0
51468;1286;533;10;14;10;0
51469;1274;533;10;14;10;0
51470;1262;533;10;14;10;0
51471;1250;533;10;14;10;0
51472;1238;533;10;14;10;0
51473;1226;533;10;14;10;0
51474;1214;533;10;14;10;0
51475;1202;533;10;14;10;0
51476;1190;533;10;14;10;0
51477;1178;533;10;14;10;0
51478;1166;533;10;14;10;0
51479;1154;533;10;14;10;0
51480;1142;533;10;14;10;0
51481;1130;533;10;14;10;0
51482;1118;533;10;14;10;0
51483;1106;533;10;14;10;0
51484;1094;533;10;14;10;0
51485;1082;533;10;14;10;0
51486;1070;533;10;14;10;0
51487;1298;533;10;14;10;0
51488;1310;533;10;14;10;0
51489;1322;533;10;14;10;0
51490;1334;533;10;14;10;0
51491;1574;533;10;14;10;0
51492;1562;533;10;14;10;0
51493;1550;533;10;14;10;0
51494;1538;533;10;14;10;0
51495;1526;533;10;14;10;0
51496;1514;533;10;14;10;0
51497;1502;533;10;14;10;0
51498;1490;533;10;14;10;0
51499;1478;533;10;14;10;0
51500;1586;533;10;14;10;0
51501;1466;533;10;14;10;0
51502;1442;533;10;14;10;0
51503;1430;533;10;14;10;0
51504;1418;533;10;14;10;0
51505;1406;533;10;14;10;0
51506;1394;533;10;14;10;0
51507;1382;533;10;14;10;0
51508;1370;533;10;14;10;0
51509;1358;533;10;14;10;0
51510;1346;533;10;14;10;0
51511;2162;533;10;14;10;0
51512;314;549;10;14;10;0
51513;326;549;10;14;10;0
51514;338;549;10;14;10;0
51515;3374;549;10;14;10;0
51516;3362;549;10;14;10;0
51517;3350;549;10;14;10;0
51518;3338;549;10;14;10;0
51519;3326;549;10;14;10;0
51520;3314;549;10;14;10;0
51521;3302;549;10;14;10;0
51522;3290;549;10;14;10;0
51523;3278;549;10;14;10;0
51524;3266;549;10;14;10;0
51525;3254;549;10;14;10;0
51526;3242;549;10;14;10;0
51527;3230;549;10;14;10;0
51528;3218;549;10;14;10;0
51529;3206;549;10;14;10;0
51530;3194;549;10;14;10;0
51531;3182;549;10;14;10;0
51532;3170;549;10;14;10;0
51533;3158;549;10;14;10;0
51534;3386;549;10;14;10;0
51535;3398;549;10;14;10;0
51536;3410;549;10;14;10;0
51537;3422;549;10;14;10;0
51538;3662;549;10;14;10;0
51539;3650;549;10;14;10;0
51540;3638;549;10;14;10;0
51541;3626;549;10;14;10;0
51542;3614;549;10;14;10;0
51543;3602;549;10;14;10;0
51544;3590;549;10;14;10;0
51545;3578;549;10;14;10;0
51546;3566;549;10;14;10;0
51547;3674;549;10;14;10;0
51548;3554;549;10;14;10;0
51549;3530;549;10;14;10;0
51550;3518;549;10;14;10;0
51551;3506;549;10;14;10;0
51552;3494;549;10;14;10;0
51553;3482;549;10;14;10;0
51554;3470;549;10;14;10;0
51555;3458;549;10;14;10;0
51556;3446;549;10;14;10;0
51557;3434;549;10;14;10;0
51558;3146;549;10;14;10;0
51559;3542;549;10;14;10;0
51560;3134;549;10;14;10;0
51561;2978;549;10;14;10;0
51562;2810;549;10;14;10;0
51563;2798;549;10;14;10;0
51564;2786;549;10;14;10;0
51565;2774;549;10;14;10;0
51566;2762;549;10;14;10;0
51567;2750;549;10;14;10;0
51568;2738;549;10;14;10;0
51569;2726;549;10;14;10;0
51570;2714;549;10;14;10;0
51571;2702;549;10;14;10;0
51572;2690;549;10;14;10;0
51573;2678;549;10;14;10;0
51574;2666;549;10;14;10;0
51575;2654;549;10;14;10;0
51576;2642;549;10;14;10;0
51577;2630;549;10;14;10;0
51578;2618;549;10;14;10;0
51579;2606;549;10;14;10;0
51580;2594;549;10;14;10;0
51581;2822;549;10;14;10;0
51582;2834;549;10;14;10;0
51583;2846;549;10;14;10;0
51584;2858;549;10;14;10;0
51585;3098;549;10;14;10;0
51586;3086;549;10;14;10;0
51587;3074;549;10;14;10;0
51588;3062;549;10;14;10;0
51589;3050;549;10;14;10;0
51590;3038;549;10;14;10;0
51591;3026;549;10;14;10;0
51592;3014;549;10;14;10;0
51593;3002;549;10;14;10;0
51594;3110;549;10;14;10;0
51595;2990;549;10;14;10;0
51596;2966;549;10;14;10;0
51597;2954;549;10;14;10;0
51598;2942;549;10;14;10;0
51599;2930;549;10;14;10;0
51600;2918;549;10;14;10;0
51601;2906;549;10;14;10;0
51602;2894;549;10;14;10;0
51603;2882;549;10;14;10;0
51604;2870;549;10;14;10;0
51605;3122;549;10;14;10;0
51606;3698;549;10;14;10;0
51607;158;565;10;14;10;0
51608;3710;549;10;14;10;0
51609;410;565;10;14;10;0
51610;398;565;10;14;10;0
51611;386;565;10;14;10;0
51612;374;565;10;14;10;0
51613;362;565;10;14;10;0
51614;350;565;10;14;10;0
51615;338;565;10;14;10;0
51616;326;565;10;14;10;0
51617;314;565;10;14;10;0
51618;302;565;10;14;10;0
51619;290;565;10;14;10;0
51620;278;565;10;14;10;0
51621;266;565;10;14;10;0
51622;254;565;10;14;10;0
51623;242;565;10;14;10;0
51624;230;565;10;14;10;0
51625;218;565;10;14;10;0
51626;206;565;10;14;10;0
51627;194;565;10;14;10;0
51628;422;565;10;14;10;0
51629;434;565;10;14;10;0
51630;446;565;10;14;10;0
51631;458;565;10;14;10;0
51632;698;565;10;14;10;0
51633;686;565;10;14;10;0
51634;674;565;10;14;10;0
51635;662;565;10;14;10;0
51636;650;565;10;14;10;0
51637;638;565;10;14;10;0
51638;626;565;10;14;10;0
51639;614;565;10;14;10;0
51640;602;565;10;14;10;0
51641;710;565;10;14;10;0
51642;590;565;10;14;10;0
51643;566;565;10;14;10;0
51644;554;565;10;14;10;0
51645;542;565;10;14;10;0
51646;530;565;10;14;10;0
51647;518;565;10;14;10;0
51648;506;565;10;14;10;0
51649;494;565;10;14;10;0
51650;482;565;10;14;10;0
51651;470;565;10;14;10;0
51652;182;565;10;14;10;0
51653;578;565;10;14;10;0
51654;170;565;10;14;10;0
51655;14;565;10;14;10;0
51656;3938;549;10;14;10;0
51657;3926;549;10;14;10;0
51658;3914;549;10;14;10;0
51659;3902;549;10;14;10;0
51660;3890;549;10;14;10;0
51661;3878;549;10;14;10;0
51662;3866;549;10;14;10;0
51663;3854;549;10;14;10;0
51664;3842;549;10;14;10;0
51665;3830;549;10;14;10;0
51666;3818;549;10;14;10;0
51667;3806;549;10;14;10;0
51668;3794;549;10;14;10;0
51669;3782;549;10;14;10;0
51670;3770;549;10;14;10;0
51671;3758;549;10;14;10;0
51672;3746;549;10;14;10;0
51673;3734;549;10;14;10;0
51674;3722;549;10;14;10;0
51675;3950;549;10;14;10;0
51676;3962;549;10;14;10;0
51677;3974;549;10;14;10;0
51678;3986;549;10;14;10;0
51679;134;565;10;14;10;0
51680;122;565;10;14;10;0
51681;110;565;10;14;10;0
51682;98;565;10;14;10;0
51683;86;565;10;14;10;0
51684;74;565;10;14;10;0
51685;62;565;10;14;10;0
51686;50;565;10;14;10;0
51687;38;565;10;14;10;0
51688;146;565;10;14;10;0
51689;26;565;10;14;10;0
51690;2;565;10;14;10;0
51691;4082;549;10;14;10;0
51692;4070;549;10;14;10;0
51693;4058;549;10;14;10;0
51694;4046;549;10;14;10;0
51695;4034;549;10;14;10;0
51696;4022;549;10;14;10;0
51697;4010;549;10;14;10;0
51698;3998;549;10;14;10;0
51699;2582;549;10;14;10;0
51700;2570;549;10;14;10;0
51701;2558;549;10;14;10;0
51702;1994;549;10;14;10;0
51703;1118;549;10;14;10;0
51704;1106;549;10;14;10;0
51705;1094;549;10;14;10;0
51706;1082;549;10;14;10;0
51707;1070;549;10;14;10;0
51708;1058;549;10;14;10;0
51709;1046;549;10;14;10;0
51710;1034;549;10;14;10;0
51711;1022;549;10;14;10;0
51712;1010;549;10;14;10;0
51713;998;549;10;14;10;0
51714;986;549;10;14;10;0
51715;974;549;10;14;10;0
51716;962;549;10;14;10;0
51717;950;549;10;14;10;0
51718;938;549;10;14;10;0
51719;926;549;10;14;10;0
51720;914;549;10;14;10;0
51721;902;549;10;14;10;0
51722;1130;549;10;14;10;0
51723;1142;549;10;14;10;0
51724;1154;549;10;14;10;0
51725;1166;549;10;14;10;0
51726;1406;549;10;14;10;0
51727;1394;549;10;14;10;0
51728;1382;549;10;14;10;0
51729;1370;549;10;14;10;0
51730;1358;549;10;14;10;0
51731;1346;549;10;14;10;0
51732;1334;549;10;14;10;0
51733;1322;549;10;14;10;0
51734;1310;549;10;14;10;0
51735;1418;549;10;14;10;0
51736;1298;549;10;14;10;0
51737;1274;549;10;14;10;0
51738;1262;549;10;14;10;0
51739;1250;549;10;14;10;0
51740;1238;549;10;14;10;0
51741;1226;549;10;14;10;0
51742;1214;549;10;14;10;0
51743;1202;549;10;14;10;0
51744;1190;549;10;14;10;0
51745;1178;549;10;14;10;0
51746;890;549;10;14;10;0
51747;878;549;10;14;10;0
51748;866;549;10;14;10;0
51749;590;549;10;14;10;0
51750;566;549;10;14;10;0
51751;554;549;10;14;10;0
51752;542;549;10;14;10;0
51753;530;549;10;14;10;0
51754;518;549;10;14;10;0
51755;506;549;10;14;10;0
51756;494;549;10;14;10;0
51757;482;549;10;14;10;0
51758;470;549;10;14;10;0
51759;458;549;10;14;10;0
51760;446;549;10;14;10;0
51761;434;549;10;14;10;0
51762;422;549;10;14;10;0
51763;410;549;10;14;10;0
51764;398;549;10;14;10;0
51765;386;549;10;14;10;0
51766;374;549;10;14;10;0
51767;362;549;10;14;10;0
51768;350;549;10;14;10;0
51769;578;549;10;14;10;0
51770;602;549;10;14;10;0
51771;854;549;10;14;10;0
51772;614;549;10;14;10;0
51773;842;549;10;14;10;0
51774;830;549;10;14;10;0
51775;818;549;10;14;10;0
51776;806;549;10;14;10;0
51777;794;549;10;14;10;0
51778;782;549;10;14;10;0
51779;770;549;10;14;10;0
51780;758;549;10;14;10;0
51781;746;549;10;14;10;0
51782;734;549;10;14;10;0
51783;722;549;10;14;10;0
51784;710;549;10;14;10;0
51785;698;549;10;14;10;0
51786;686;549;10;14;10;0
51787;674;549;10;14;10;0
51788;662;549;10;14;10;0
51789;650;549;10;14;10;0
51790;638;549;10;14;10;0
51791;626;549;10;14;10;0
51792;1286;549;10;14;10;0
51793;1430;549;10;14;10;0
51794;1442;549;10;14;10;0
51795;1454;549;10;14;10;0
51796;2246;549;10;14;10;0
51797;2234;549;10;14;10;0
51798;2222;549;10;14;10;0
51799;2210;549;10;14;10;0
51800;2198;549;10;14;10;0
51801;2186;549;10;14;10;0
51802;2174;549;10;14;10;0
51803;2162;549;10;14;10;0
51804;2150;549;10;14;10;0
51805;2138;549;10;14;10;0
51806;2126;549;10;14;10;0
51807;2114;549;10;14;10;0
51808;2102;549;10;14;10;0
51809;2090;549;10;14;10;0
51810;2078;549;10;14;10;0
51811;2066;549;10;14;10;0
51812;2054;549;10;14;10;0
51813;2042;549;10;14;10;0
51814;2030;549;10;14;10;0
51815;2258;549;10;14;10;0
51816;2270;549;10;14;10;0
51817;2282;549;10;14;10;0
51818;2294;549;10;14;10;0
51819;2534;549;10;14;10;0
51820;2522;549;10;14;10;0
51821;2510;549;10;14;10;0
51822;2498;549;10;14;10;0
51823;2486;549;10;14;10;0
51824;2474;549;10;14;10;0
51825;2462;549;10;14;10;0
51826;2450;549;10;14;10;0
51827;2438;549;10;14;10;0
51828;2546;549;10;14;10;0
51829;2426;549;10;14;10;0
51830;2402;549;10;14;10;0
51831;2390;549;10;14;10;0
51832;2378;549;10;14;10;0
51833;2366;549;10;14;10;0
51834;2354;549;10;14;10;0
51835;2342;549;10;14;10;0
51836;2330;549;10;14;10;0
51837;2318;549;10;14;10;0
51838;2306;549;10;14;10;0
51839;2018;549;10;14;10;0
51840;2414;549;10;14;10;0
51841;2006;549;10;14;10;0
51842;1850;549;10;14;10;0
51843;1682;549;10;14;10;0
51844;1670;549;10;14;10;0
51845;1658;549;10;14;10;0
51846;1646;549;10;14;10;0
51847;1634;549;10;14;10;0
51848;1622;549;10;14;10;0
51849;1610;549;10;14;10;0
51850;1598;549;10;14;10;0
51851;1586;549;10;14;10;0
51852;1574;549;10;14;10;0
51853;1562;549;10;14;10;0
51854;1550;549;10;14;10;0
51855;1538;549;10;14;10;0
51856;1526;549;10;14;10;0
51857;1514;549;10;14;10;0
51858;1502;549;10;14;10;0
51859;1490;549;10;14;10;0
51860;1478;549;10;14;10;0
51861;1466;549;10;14;10;0
51862;1694;549;10;14;10;0
51863;1706;549;10;14;10;0
51864;1718;549;10;14;10;0
51865;1730;549;10;14;10;0
51866;1970;549;10;14;10;0
51867;1958;549;10;14;10;0
51868;1946;549;10;14;10;0
51869;1934;549;10;14;10;0
51870;1922;549;10;14;10;0
51871;1910;549;10;14;10;0
51872;1898;549;10;14;10;0
51873;1886;549;10;14;10;0
51874;1874;549;10;14;10;0
51875;1982;549;10;14;10;0
51876;1862;549;10;14;10;0
51877;1838;549;10;14;10;0
51878;1826;549;10;14;10;0
51879;1814;549;10;14;10;0
51880;1802;549;10;14;10;0
51881;1790;549;10;14;10;0
51882;1778;549;10;14;10;0
51883;1766;549;10;14;10;0
51884;1754;549;10;14;10;0
51885;1742;549;10;14;10;0
51886;4034;517;10;14;10;0
51887;4022;517;10;14;10;0
51888;4010;517;10;14;10;0
51889;3614;501;10;14;10;0
51890;2174;501;10;14;10;0
51891;2162;501;10;14;10;0
51892;2150;501;10;14;10;0
51893;2138;501;10;14;10;0
51894;2126;501;10;14;10;0
51895;2114;501;10;14;10;0
51896;2102;501;10;14;10;0
51897;2090;501;10;14;10;0
51898;2078;501;10;14;10;0
51899;2066;501;10;14;10;0
51900;2054;501;10;14;10;0
51901;2042;501;10;14;10;0
51902;2030;501;10;14;10;0
51903;2018;501;10;14;10;0
51904;2006;501;10;14;10;0
51905;1994;501;10;14;10;0
51906;1982;501;10;14;10;0
51907;1970;501;10;14;10;0
51908;1958;501;10;14;10;0
51909;2186;501;10;14;10;0
51910;2198;501;10;14;10;0
51911;2210;501;10;14;10;0
51912;2222;501;10;14;10;0
51913;2462;501;10;14;10;0
51914;2450;501;10;14;10;0
51915;2438;501;10;14;10;0
51916;2426;501;10;14;10;0
51917;2414;501;10;14;10;0
51918;2402;501;10;14;10;0
51919;2390;501;10;14;10;0
51920;2378;501;10;14;10;0
51921;2366;501;10;14;10;0
51922;2474;501;10;14;10;0
51923;2354;501;10;14;10;0
51924;2330;501;10;14;10;0
51925;2318;501;10;14;10;0
51926;2306;501;10;14;10;0
51927;2294;501;10;14;10;0
51928;2282;501;10;14;10;0
51929;2270;501;10;14;10;0
51930;2258;501;10;14;10;0
51931;2246;501;10;14;10;0
51932;2234;501;10;14;10;0
51933;1946;501;10;14;10;0
51934;1934;501;10;14;10;0
51935;1922;501;10;14;10;0
51936;1646;501;10;14;10;0
51937;1622;501;10;14;10;0
51938;1610;501;10;14;10;0
51939;1598;501;10;14;10;0
51940;1586;501;10;14;10;0
51941;1574;501;10;14;10;0
51942;1562;501;10;14;10;0
51943;1550;501;10;14;10;0
51944;1538;501;10;14;10;0
51945;1526;501;10;14;10;0
51946;1514;501;10;14;10;0
51947;1502;501;10;14;10;0
51948;1490;501;10;14;10;0
51949;1478;501;10;14;10;0
51950;1466;501;10;14;10;0
51951;1454;501;10;14;10;0
51952;1442;501;10;14;10;0
51953;1430;501;10;14;10;0
51954;1418;501;10;14;10;0
51955;1406;501;10;14;10;0
51956;1634;501;10;14;10;0
51957;1658;501;10;14;10;0
51958;1910;501;10;14;10;0
51959;1670;501;10;14;10;0
51960;1898;501;10;14;10;0
51961;1886;501;10;14;10;0
51962;1874;501;10;14;10;0
51963;1862;501;10;14;10;0
51964;1850;501;10;14;10;0
51965;1838;501;10;14;10;0
51966;1826;501;10;14;10;0
51967;1814;501;10;14;10;0
51968;1802;501;10;14;10;0
51969;1790;501;10;14;10;0
51970;1778;501;10;14;10;0
51971;1766;501;10;14;10;0
51972;1754;501;10;14;10;0
51973;1742;501;10;14;10;0
51974;1730;501;10;14;10;0
51975;1718;501;10;14;10;0
51976;1706;501;10;14;10;0
51977;1694;501;10;14;10;0
51978;1682;501;10;14;10;0
51979;2342;501;10;14;10;0
51980;2486;501;10;14;10;0
51981;2498;501;10;14;10;0
51982;2510;501;10;14;10;0
51983;3302;501;10;14;10;0
51984;3290;501;10;14;10;0
51985;3278;501;10;14;10;0
51986;3266;501;10;14;10;0
51987;3254;501;10;14;10;0
51988;3242;501;10;14;10;0
51989;3230;501;10;14;10;0
51990;3218;501;10;14;10;0
51991;3206;501;10;14;10;0
51992;3194;501;10;14;10;0
51993;3182;501;10;14;10;0
51994;3170;501;10;14;10;0
51995;3158;501;10;14;10;0
51996;3146;501;10;14;10;0
51997;3134;501;10;14;10;0
51998;3122;501;10;14;10;0
51999;3110;501;10;14;10;0
52000;3098;501;10;14;10;0
52001;3086;501;10;14;10;0
52002;3314;501;10;14;10;0
52003;3326;501;10;14;10;0
52004;3338;501;10;14;10;0
52005;3350;501;10;14;10;0
52006;3590;501;10;14;10;0
52007;3578;501;10;14;10;0
52008;3566;501;10;14;10;0
52009;3554;501;10;14;10;0
52010;3542;501;10;14;10;0
52011;3530;501;10;14;10;0
52012;3518;501;10;14;10;0
52013;3506;501;10;14;10;0
52014;3494;501;10;14;10;0
52015;3602;501;10;14;10;0
52016;3482;501;10;14;10;0
52017;3458;501;10;14;10;0
52018;3446;501;10;14;10;0
52019;3434;501;10;14;10;0
52020;3422;501;10;14;10;0
52021;3410;501;10;14;10;0
52022;3398;501;10;14;10;0
52023;3386;501;10;14;10;0
52024;3374;501;10;14;10;0
52025;3362;501;10;14;10;0
52026;3074;501;10;14;10;0
52027;3470;501;10;14;10;0
52028;3062;501;10;14;10;0
52029;2906;501;10;14;10;0
52030;2738;501;10;14;10;0
52031;2726;501;10;14;10;0
52032;2714;501;10;14;10;0
52033;2702;501;10;14;10;0
52034;2690;501;10;14;10;0
52035;2678;501;10;14;10;0
52036;2666;501;10;14;10;0
52037;2654;501;10;14;10;0
52038;2642;501;10;14;10;0
52039;2630;501;10;14;10;0
52040;2618;501;10;14;10;0
52041;2606;501;10;14;10;0
52042;2594;501;10;14;10;0
52043;2582;501;10;14;10;0
52044;2570;501;10;14;10;0
52045;2558;501;10;14;10;0
52046;2546;501;10;14;10;0
52047;2534;501;10;14;10;0
52048;2522;501;10;14;10;0
52049;2750;501;10;14;10;0
52050;2762;501;10;14;10;0
52051;2774;501;10;14;10;0
52052;2786;501;10;14;10;0
52053;3026;501;10;14;10;0
52054;3014;501;10;14;10;0
52055;3002;501;10;14;10;0
52056;2990;501;10;14;10;0
52057;2978;501;10;14;10;0
52058;2966;501;10;14;10;0
52059;2954;501;10;14;10;0
52060;2942;501;10;14;10;0
52061;2930;501;10;14;10;0
52062;3038;501;10;14;10;0
52063;2918;501;10;14;10;0
52064;2894;501;10;14;10;0
52065;2882;501;10;14;10;0
52066;2870;501;10;14;10;0
52067;2858;501;10;14;10;0
52068;2846;501;10;14;10;0
52069;2834;501;10;14;10;0
52070;2822;501;10;14;10;0
52071;2810;501;10;14;10;0
52072;2798;501;10;14;10;0
52073;1394;501;10;14;10;0
52074;3050;501;10;14;10;0
52075;1382;501;10;14;10;0
52076;806;501;10;14;10;0
52077;4022;485;10;14;10;0
52078;4010;485;10;14;10;0
52079;3998;485;10;14;10;0
52080;3986;485;10;14;10;0
52081;3974;485;10;14;10;0
52082;3962;485;10;14;10;0
52083;3950;485;10;14;10;0
52084;3938;485;10;14;10;0
52085;3926;485;10;14;10;0
52086;3914;485;10;14;10;0
52087;3902;485;10;14;10;0
52088;3890;485;10;14;10;0
52089;3878;485;10;14;10;0
52090;3866;485;10;14;10;0
52091;3854;485;10;14;10;0
52092;3842;485;10;14;10;0
52093;3830;485;10;14;10;0
52094;3818;485;10;14;10;0
52095;3806;485;10;14;10;0
52096;4034;485;10;14;10;0
52097;4046;485;10;14;10;0
52098;4058;485;10;14;10;0
52099;4070;485;10;14;10;0
52100;218;501;10;14;10;0
52101;206;501;10;14;10;0
52102;194;501;10;14;10;0
52103;182;501;10;14;10;0
52104;170;501;10;14;10;0
52105;158;501;10;14;10;0
52106;146;501;10;14;10;0
52107;134;501;10;14;10;0
52108;122;501;10;14;10;0
52109;230;501;10;14;10;0
52110;110;501;10;14;10;0
52111;86;501;10;14;10;0
52112;74;501;10;14;10;0
52113;62;501;10;14;10;0
52114;50;501;10;14;10;0
52115;38;501;10;14;10;0
52116;26;501;10;14;10;0
52117;14;501;10;14;10;0
52118;2;501;10;14;10;0
52119;4082;485;10;14;10;0
52120;3794;485;10;14;10;0
52121;3782;485;10;14;10;0
52122;3770;485;10;14;10;0
52123;3494;485;10;14;10;0
52124;3470;485;10;14;10;0
52125;3458;485;10;14;10;0
52126;3446;485;10;14;10;0
52127;3434;485;10;14;10;0
52128;3422;485;10;14;10;0
52129;3410;485;10;14;10;0
52130;3398;485;10;14;10;0
52131;3386;485;10;14;10;0
52132;3374;485;10;14;10;0
52133;3362;485;10;14;10;0
52134;3350;485;10;14;10;0
52135;3338;485;10;14;10;0
52136;3326;485;10;14;10;0
52137;3314;485;10;14;10;0
52138;3302;485;10;14;10;0
52139;3290;485;10;14;10;0
52140;3278;485;10;14;10;0
52141;3266;485;10;14;10;0
52142;3254;485;10;14;10;0
52143;3482;485;10;14;10;0
52144;3506;485;10;14;10;0
52145;3758;485;10;14;10;0
52146;3518;485;10;14;10;0
52147;3746;485;10;14;10;0
52148;3734;485;10;14;10;0
52149;3722;485;10;14;10;0
52150;3710;485;10;14;10;0
52151;3698;485;10;14;10;0
52152;3686;485;10;14;10;0
52153;3674;485;10;14;10;0
52154;3662;485;10;14;10;0
52155;3650;485;10;14;10;0
52156;3638;485;10;14;10;0
52157;3626;485;10;14;10;0
52158;3614;485;10;14;10;0
52159;3602;485;10;14;10;0
52160;3590;485;10;14;10;0
52161;3578;485;10;14;10;0
52162;3566;485;10;14;10;0
52163;3554;485;10;14;10;0
52164;3542;485;10;14;10;0
52165;3530;485;10;14;10;0
52166;98;501;10;14;10;0
52167;242;501;10;14;10;0
52168;254;501;10;14;10;0
52169;266;501;10;14;10;0
52170;1058;501;10;14;10;0
52171;1046;501;10;14;10;0
52172;1034;501;10;14;10;0
52173;1022;501;10;14;10;0
52174;1010;501;10;14;10;0
52175;998;501;10;14;10;0
52176;986;501;10;14;10;0
52177;974;501;10;14;10;0
52178;962;501;10;14;10;0
52179;950;501;10;14;10;0
52180;938;501;10;14;10;0
52181;926;501;10;14;10;0
52182;914;501;10;14;10;0
52183;902;501;10;14;10;0
52184;890;501;10;14;10;0
52185;878;501;10;14;10;0
52186;866;501;10;14;10;0
52187;854;501;10;14;10;0
52188;842;501;10;14;10;0
52189;1070;501;10;14;10;0
52190;1082;501;10;14;10;0
52191;1094;501;10;14;10;0
52192;1106;501;10;14;10;0
52193;1346;501;10;14;10;0
52194;1334;501;10;14;10;0
52195;1322;501;10;14;10;0
52196;1310;501;10;14;10;0
52197;1298;501;10;14;10;0
52198;1286;501;10;14;10;0
52199;1274;501;10;14;10;0
52200;1262;501;10;14;10;0
52201;1250;501;10;14;10;0
52202;1358;501;10;14;10;0
52203;1238;501;10;14;10;0
52204;1214;501;10;14;10;0
52205;1202;501;10;14;10;0
52206;1190;501;10;14;10;0
52207;1178;501;10;14;10;0
52208;1166;501;10;14;10;0
52209;1154;501;10;14;10;0
52210;1142;501;10;14;10;0
52211;1130;501;10;14;10;0
52212;1118;501;10;14;10;0
52213;830;501;10;14;10;0
52214;1226;501;10;14;10;0
52215;818;501;10;14;10;0
52216;662;501;10;14;10;0
52217;494;501;10;14;10;0
52218;482;501;10;14;10;0
52219;470;501;10;14;10;0
52220;458;501;10;14;10;0
52221;446;501;10;14;10;0
52222;434;501;10;14;10;0
52223;422;501;10;14;10;0
52224;410;501;10;14;10;0
52225;398;501;10;14;10;0
52226;386;501;10;14;10;0
52227;374;501;10;14;10;0
52228;362;501;10;14;10;0
52229;350;501;10;14;10;0
52230;338;501;10;14;10;0
52231;326;501;10;14;10;0
52232;314;501;10;14;10;0
52233;302;501;10;14;10;0
52234;290;501;10;14;10;0
52235;278;501;10;14;10;0
52236;506;501;10;14;10;0
52237;518;501;10;14;10;0
52238;530;501;10;14;10;0
52239;542;501;10;14;10;0
52240;782;501;10;14;10;0
52241;770;501;10;14;10;0
52242;758;501;10;14;10;0
52243;746;501;10;14;10;0
52244;734;501;10;14;10;0
52245;722;501;10;14;10;0
52246;710;501;10;14;10;0
52247;698;501;10;14;10;0
52248;686;501;10;14;10;0
52249;794;501;10;14;10;0
52250;674;501;10;14;10;0
52251;650;501;10;14;10;0
52252;638;501;10;14;10;0
52253;626;501;10;14;10;0
52254;614;501;10;14;10;0
52255;602;501;10;14;10;0
52256;590;501;10;14;10;0
52257;578;501;10;14;10;0
52258;566;501;10;14;10;0
52259;554;501;10;14;10;0
52260;1370;501;10;14;10;0
52261;3626;501;10;14;10;0
52262;1766;517;10;14;10;0
52263;3638;501;10;14;10;0
52264;2570;517;10;14;10;0
52265;2558;517;10;14;10;0
52266;2546;517;10;14;10;0
52267;2534;517;10;14;10;0
52268;2522;517;10;14;10;0
52269;2510;517;10;14;10;0
52270;2498;517;10;14;10;0
52271;2486;517;10;14;10;0
52272;2474;517;10;14;10;0
52273;2462;517;10;14;10;0
52274;2450;517;10;14;10;0
52275;2438;517;10;14;10;0
52276;2426;517;10;14;10;0
52277;2414;517;10;14;10;0
52278;2402;517;10;14;10;0
52279;2390;517;10;14;10;0
52280;2378;517;10;14;10;0
52281;2366;517;10;14;10;0
52282;2354;517;10;14;10;0
52283;2582;517;10;14;10;0
52284;2594;517;10;14;10;0
52285;2606;517;10;14;10;0
52286;2618;517;10;14;10;0
52287;2858;517;10;14;10;0
52288;2846;517;10;14;10;0
52289;2834;517;10;14;10;0
52290;2822;517;10;14;10;0
52291;2810;517;10;14;10;0
52292;2798;517;10;14;10;0
52293;2786;517;10;14;10;0
52294;2774;517;10;14;10;0
52295;2762;517;10;14;10;0
52296;2870;517;10;14;10;0
52297;2750;517;10;14;10;0
52298;2726;517;10;14;10;0
52299;2714;517;10;14;10;0
52300;2702;517;10;14;10;0
52301;2690;517;10;14;10;0
52302;2678;517;10;14;10;0
52303;2666;517;10;14;10;0
52304;2654;517;10;14;10;0
52305;2642;517;10;14;10;0
52306;2630;517;10;14;10;0
52307;2342;517;10;14;10;0
52308;2330;517;10;14;10;0
52309;2318;517;10;14;10;0
52310;2042;517;10;14;10;0
52311;2018;517;10;14;10;0
52312;2006;517;10;14;10;0
52313;1994;517;10;14;10;0
52314;1982;517;10;14;10;0
52315;1970;517;10;14;10;0
52316;1958;517;10;14;10;0
52317;1946;517;10;14;10;0
52318;1934;517;10;14;10;0
52319;1922;517;10;14;10;0
52320;1910;517;10;14;10;0
52321;1898;517;10;14;10;0
52322;1886;517;10;14;10;0
52323;1874;517;10;14;10;0
52324;1862;517;10;14;10;0
52325;1850;517;10;14;10;0
52326;1838;517;10;14;10;0
52327;1826;517;10;14;10;0
52328;1814;517;10;14;10;0
52329;1802;517;10;14;10;0
52330;2030;517;10;14;10;0
52331;2054;517;10;14;10;0
52332;2306;517;10;14;10;0
52333;2066;517;10;14;10;0
52334;2294;517;10;14;10;0
52335;2282;517;10;14;10;0
52336;2270;517;10;14;10;0
52337;2258;517;10;14;10;0
52338;2246;517;10;14;10;0
52339;2234;517;10;14;10;0
52340;2222;517;10;14;10;0
52341;2210;517;10;14;10;0
52342;2198;517;10;14;10;0
52343;2186;517;10;14;10;0
52344;2174;517;10;14;10;0
52345;2162;517;10;14;10;0
52346;2150;517;10;14;10;0
52347;2138;517;10;14;10;0
52348;2126;517;10;14;10;0
52349;2114;517;10;14;10;0
52350;2102;517;10;14;10;0
52351;2090;517;10;14;10;0
52352;2078;517;10;14;10;0
52353;2738;517;10;14;10;0
52354;2882;517;10;14;10;0
52355;2894;517;10;14;10;0
52356;2906;517;10;14;10;0
52357;3698;517;10;14;10;0
52358;3686;517;10;14;10;0
52359;3674;517;10;14;10;0
52360;3662;517;10;14;10;0
52361;3650;517;10;14;10;0
52362;3638;517;10;14;10;0
52363;3626;517;10;14;10;0
52364;3614;517;10;14;10;0
52365;3602;517;10;14;10;0
52366;3590;517;10;14;10;0
52367;3578;517;10;14;10;0
52368;3566;517;10;14;10;0
52369;3554;517;10;14;10;0
52370;3542;517;10;14;10;0
52371;3530;517;10;14;10;0
52372;3518;517;10;14;10;0
52373;3506;517;10;14;10;0
52374;3494;517;10;14;10;0
52375;3482;517;10;14;10;0
52376;3710;517;10;14;10;0
52377;3722;517;10;14;10;0
52378;3734;517;10;14;10;0
52379;3746;517;10;14;10;0
52380;3986;517;10;14;10;0
52381;3974;517;10;14;10;0
52382;3962;517;10;14;10;0
52383;3950;517;10;14;10;0
52384;3938;517;10;14;10;0
52385;3926;517;10;14;10;0
52386;3914;517;10;14;10;0
52387;3902;517;10;14;10;0
52388;3890;517;10;14;10;0
52389;3998;517;10;14;10;0
52390;3878;517;10;14;10;0
52391;3854;517;10;14;10;0
52392;3842;517;10;14;10;0
52393;3830;517;10;14;10;0
52394;3818;517;10;14;10;0
52395;3806;517;10;14;10;0
52396;3794;517;10;14;10;0
52397;3782;517;10;14;10;0
52398;3770;517;10;14;10;0
52399;3758;517;10;14;10;0
52400;3470;517;10;14;10;0
52401;3866;517;10;14;10;0
52402;3458;517;10;14;10;0
52403;3302;517;10;14;10;0
52404;3134;517;10;14;10;0
52405;3122;517;10;14;10;0
52406;3110;517;10;14;10;0
52407;3098;517;10;14;10;0
52408;3086;517;10;14;10;0
52409;3074;517;10;14;10;0
52410;3062;517;10;14;10;0
52411;3050;517;10;14;10;0
52412;3038;517;10;14;10;0
52413;3026;517;10;14;10;0
52414;3014;517;10;14;10;0
52415;3002;517;10;14;10;0
52416;2990;517;10;14;10;0
52417;2978;517;10;14;10;0
52418;2966;517;10;14;10;0
52419;2954;517;10;14;10;0
52420;2942;517;10;14;10;0
52421;2930;517;10;14;10;0
52422;2918;517;10;14;10;0
52423;3146;517;10;14;10;0
52424;3158;517;10;14;10;0
52425;3170;517;10;14;10;0
52426;3182;517;10;14;10;0
52427;3422;517;10;14;10;0
52428;3410;517;10;14;10;0
52429;3398;517;10;14;10;0
52430;3386;517;10;14;10;0
52431;3374;517;10;14;10;0
52432;3362;517;10;14;10;0
52433;3350;517;10;14;10;0
52434;3338;517;10;14;10;0
52435;3326;517;10;14;10;0
52436;3434;517;10;14;10;0
52437;3314;517;10;14;10;0
52438;3290;517;10;14;10;0
52439;3278;517;10;14;10;0
52440;3266;517;10;14;10;0
52441;3254;517;10;14;10;0
52442;3242;517;10;14;10;0
52443;3230;517;10;14;10;0
52444;3218;517;10;14;10;0
52445;3206;517;10;14;10;0
52446;3194;517;10;14;10;0
52447;1790;517;10;14;10;0
52448;3446;517;10;14;10;0
52449;1778;517;10;14;10;0
52450;1202;517;10;14;10;0
52451;326;517;10;14;10;0
52452;314;517;10;14;10;0
52453;302;517;10;14;10;0
52454;290;517;10;14;10;0
52455;278;517;10;14;10;0
52456;266;517;10;14;10;0
52457;254;517;10;14;10;0
52458;242;517;10;14;10;0
52459;230;517;10;14;10;0
52460;218;517;10;14;10;0
52461;206;517;10;14;10;0
52462;194;517;10;14;10;0
52463;182;517;10;14;10;0
52464;170;517;10;14;10;0
52465;158;517;10;14;10;0
52466;146;517;10;14;10;0
52467;134;517;10;14;10;0
52468;122;517;10;14;10;0
52469;110;517;10;14;10;0
52470;338;517;10;14;10;0
52471;350;517;10;14;10;0
52472;362;517;10;14;10;0
52473;374;517;10;14;10;0
52474;614;517;10;14;10;0
52475;602;517;10;14;10;0
52476;590;517;10;14;10;0
52477;578;517;10;14;10;0
52478;566;517;10;14;10;0
52479;554;517;10;14;10;0
52480;542;517;10;14;10;0
52481;530;517;10;14;10;0
52482;518;517;10;14;10;0
52483;626;517;10;14;10;0
52484;506;517;10;14;10;0
52485;482;517;10;14;10;0
52486;470;517;10;14;10;0
52487;458;517;10;14;10;0
52488;446;517;10;14;10;0
52489;434;517;10;14;10;0
52490;422;517;10;14;10;0
52491;410;517;10;14;10;0
52492;398;517;10;14;10;0
52493;386;517;10;14;10;0
52494;98;517;10;14;10;0
52495;86;517;10;14;10;0
52496;74;517;10;14;10;0
52497;3890;501;10;14;10;0
52498;3866;501;10;14;10;0
52499;3854;501;10;14;10;0
52500;3842;501;10;14;10;0
52501;3830;501;10;14;10;0
52502;3818;501;10;14;10;0
52503;3806;501;10;14;10;0
52504;3794;501;10;14;10;0
52505;3782;501;10;14;10;0
52506;3770;501;10;14;10;0
52507;3758;501;10;14;10;0
52508;3746;501;10;14;10;0
52509;3734;501;10;14;10;0
52510;3722;501;10;14;10;0
52511;3710;501;10;14;10;0
52512;3698;501;10;14;10;0
52513;3686;501;10;14;10;0
52514;3674;501;10;14;10;0
52515;3662;501;10;14;10;0
52516;3650;501;10;14;10;0
52517;3878;501;10;14;10;0
52518;3902;501;10;14;10;0
52519;62;517;10;14;10;0
52520;3914;501;10;14;10;0
52521;50;517;10;14;10;0
52522;38;517;10;14;10;0
52523;26;517;10;14;10;0
52524;14;517;10;14;10;0
52525;2;517;10;14;10;0
52526;4082;501;10;14;10;0
52527;4070;501;10;14;10;0
52528;4058;501;10;14;10;0
52529;4046;501;10;14;10;0
52530;4034;501;10;14;10;0
52531;4022;501;10;14;10;0
52532;4010;501;10;14;10;0
52533;3998;501;10;14;10;0
52534;3986;501;10;14;10;0
52535;3974;501;10;14;10;0
52536;3962;501;10;14;10;0
52537;3950;501;10;14;10;0
52538;3938;501;10;14;10;0
52539;3926;501;10;14;10;0
52540;494;517;10;14;10;0
52541;638;517;10;14;10;0
52542;650;517;10;14;10;0
52543;662;517;10;14;10;0
52544;1454;517;10;14;10;0
52545;1442;517;10;14;10;0
52546;1430;517;10;14;10;0
52547;1418;517;10;14;10;0
52548;1406;517;10;14;10;0
52549;1394;517;10;14;10;0
52550;1382;517;10;14;10;0
52551;1370;517;10;14;10;0
52552;1358;517;10;14;10;0
52553;1346;517;10;14;10;0
52554;1334;517;10;14;10;0
52555;1322;517;10;14;10;0
52556;1310;517;10;14;10;0
52557;1298;517;10;14;10;0
52558;1286;517;10;14;10;0
52559;1274;517;10;14;10;0
52560;1262;517;10;14;10;0
52561;1250;517;10;14;10;0
52562;1238;517;10;14;10;0
52563;1466;517;10;14;10;0
52564;1478;517;10;14;10;0
52565;1490;517;10;14;10;0
52566;1502;517;10;14;10;0
52567;1742;517;10;14;10;0
52568;1730;517;10;14;10;0
52569;1718;517;10;14;10;0
52570;1706;517;10;14;10;0
52571;1694;517;10;14;10;0
52572;1682;517;10;14;10;0
52573;1670;517;10;14;10;0
52574;1658;517;10;14;10;0
52575;1646;517;10;14;10;0
52576;1754;517;10;14;10;0
52577;1634;517;10;14;10;0
52578;1610;517;10;14;10;0
52579;1598;517;10;14;10;0
52580;1586;517;10;14;10;0
52581;1574;517;10;14;10;0
52582;1562;517;10;14;10;0
52583;1550;517;10;14;10;0
52584;1538;517;10;14;10;0
52585;1526;517;10;14;10;0
52586;1514;517;10;14;10;0
52587;1226;517;10;14;10;0
52588;1622;517;10;14;10;0
52589;1214;517;10;14;10;0
52590;1058;517;10;14;10;0
52591;890;517;10;14;10;0
52592;878;517;10;14;10;0
52593;866;517;10;14;10;0
52594;854;517;10;14;10;0
52595;842;517;10;14;10;0
52596;830;517;10;14;10;0
52597;818;517;10;14;10;0
52598;806;517;10;14;10;0
52599;794;517;10;14;10;0
52600;782;517;10;14;10;0
52601;770;517;10;14;10;0
52602;758;517;10;14;10;0
52603;746;517;10;14;10;0
52604;734;517;10;14;10;0
52605;722;517;10;14;10;0
52606;710;517;10;14;10;0
52607;698;517;10;14;10;0
52608;686;517;10;14;10;0
52609;674;517;10;14;10;0
52610;902;517;10;14;10;0
52611;914;517;10;14;10;0
52612;926;517;10;14;10;0
52613;938;517;10;14;10;0
52614;1178;517;10;14;10;0
52615;1166;517;10;14;10;0
52616;1154;517;10;14;10;0
52617;1142;517;10;14;10;0
52618;1130;517;10;14;10;0
52619;1118;517;10;14;10;0
52620;1106;517;10;14;10;0
52621;1094;517;10;14;10;0
52622;1082;517;10;14;10;0
52623;1190;517;10;14;10;0
52624;1070;517;10;14;10;0
52625;1046;517;10;14;10;0
52626;1034;517;10;14;10;0
52627;1022;517;10;14;10;0
52628;1010;517;10;14;10;0
52629;998;517;10;14;10;0
52630;986;517;10;14;10;0
52631;974;517;10;14;10;0
52632;962;517;10;14;10;0
52633;950;517;10;14;10;0
52634;1658;421;10;14;10;0
52635;3686;549;10;14;10;0
52636;1646;421;10;14;10;0
52637;506;421;10;14;10;0
52638;2702;325;10;14;10;0
52639;2690;325;10;14;10;0
52640;2678;325;10;14;10;0
52641;2666;325;10;14;10;0
52642;2654;325;10;14;10;0
52643;2642;325;10;14;10;0
52644;2630;325;10;14;10;0
52645;2618;325;10;14;10;0
52646;2606;325;10;14;10;0
52647;2594;325;10;14;10;0
52648;2582;325;10;14;10;0
52649;2570;325;10;14;10;0
52650;2558;325;10;14;10;0
52651;2546;325;10;14;10;0
52652;2534;325;10;14;10;0
52653;2522;325;10;14;10;0
52654;2510;325;10;14;10;0
52655;2498;325;10;14;10;0
52656;2486;325;10;14;10;0
52657;2714;325;10;14;10;0
52658;2726;325;10;14;10;0
52659;2738;325;10;14;10;0
52660;2750;325;10;14;10;0
52661;2990;325;10;14;10;0
52662;2978;325;10;14;10;0
52663;2966;325;10;14;10;0
52664;2954;325;10;14;10;0
52665;2942;325;10;14;10;0
52666;2930;325;10;14;10;0
52667;2918;325;10;14;10;0
52668;2906;325;10;14;10;0
52669;2894;325;10;14;10;0
52670;3002;325;10;14;10;0
52671;2882;325;10;14;10;0
52672;2858;325;10;14;10;0
52673;2846;325;10;14;10;0
52674;2834;325;10;14;10;0
52675;2822;325;10;14;10;0
52676;2810;325;10;14;10;0
52677;2798;325;10;14;10;0
52678;2786;325;10;14;10;0
52679;2774;325;10;14;10;0
52680;2762;325;10;14;10;0
52681;2474;325;10;14;10;0
52682;2462;325;10;14;10;0
52683;2450;325;10;14;10;0
52684;2174;325;10;14;10;0
52685;2150;325;10;14;10;0
52686;2138;325;10;14;10;0
52687;2126;325;10;14;10;0
52688;2114;325;10;14;10;0
52689;2102;325;10;14;10;0
52690;2090;325;10;14;10;0
52691;2078;325;10;14;10;0
52692;2066;325;10;14;10;0
52693;2054;325;10;14;10;0
52694;2042;325;10;14;10;0
52695;2030;325;10;14;10;0
52696;2018;325;10;14;10;0
52697;2006;325;10;14;10;0
52698;1994;325;10;14;10;0
52699;1982;325;10;14;10;0
52700;1970;325;10;14;10;0
52701;1958;325;10;14;10;0
52702;1946;325;10;14;10;0
52703;1934;325;10;14;10;0
52704;2162;325;10;14;10;0
52705;2186;325;10;14;10;0
52706;2438;325;10;14;10;0
52707;2198;325;10;14;10;0
52708;2426;325;10;14;10;0
52709;2414;325;10;14;10;0
52710;2402;325;10;14;10;0
52711;2390;325;10;14;10;0
52712;2378;325;10;14;10;0
52713;2366;325;10;14;10;0
52714;2354;325;10;14;10;0
52715;2342;325;10;14;10;0
52716;2330;325;10;14;10;0
52717;2318;325;10;14;10;0
52718;2306;325;10;14;10;0
52719;2294;325;10;14;10;0
52720;2282;325;10;14;10;0
52721;2270;325;10;14;10;0
52722;2258;325;10;14;10;0
52723;2246;325;10;14;10;0
52724;2234;325;10;14;10;0
52725;2222;325;10;14;10;0
52726;2210;325;10;14;10;0
52727;2870;325;10;14;10;0
52728;3014;325;10;14;10;0
52729;3026;325;10;14;10;0
52730;3038;325;10;14;10;0
52731;3830;325;10;14;10;0
52732;3818;325;10;14;10;0
52733;3806;325;10;14;10;0
52734;3794;325;10;14;10;0
52735;3782;325;10;14;10;0
52736;3770;325;10;14;10;0
52737;3758;325;10;14;10;0
52738;3746;325;10;14;10;0
52739;3734;325;10;14;10;0
52740;3722;325;10;14;10;0
52741;3710;325;10;14;10;0
52742;3698;325;10;14;10;0
52743;3686;325;10;14;10;0
52744;3674;325;10;14;10;0
52745;3662;325;10;14;10;0
52746;3650;325;10;14;10;0
52747;3638;325;10;14;10;0
52748;3626;325;10;14;10;0
52749;3614;325;10;14;10;0
52750;3842;325;10;14;10;0
52751;3854;325;10;14;10;0
52752;3866;325;10;14;10;0
52753;3878;325;10;14;10;0
52754;26;341;10;14;10;0
52755;14;341;10;14;10;0
52756;2;341;10;14;10;0
52757;4082;325;10;14;10;0
52758;4070;325;10;14;10;0
52759;4058;325;10;14;10;0
52760;4046;325;10;14;10;0
52761;4034;325;10;14;10;0
52762;4022;325;10;14;10;0
52763;38;341;10;14;10;0
52764;4010;325;10;14;10;0
52765;3986;325;10;14;10;0
52766;3974;325;10;14;10;0
52767;3962;325;10;14;10;0
52768;3950;325;10;14;10;0
52769;3938;325;10;14;10;0
52770;3926;325;10;14;10;0
52771;3914;325;10;14;10;0
52772;3902;325;10;14;10;0
52773;3890;325;10;14;10;0
52774;3602;325;10;14;10;0
52775;3998;325;10;14;10;0
52776;3590;325;10;14;10;0
52777;3434;325;10;14;10;0
52778;3266;325;10;14;10;0
52779;3254;325;10;14;10;0
52780;3242;325;10;14;10;0
52781;3230;325;10;14;10;0
52782;3218;325;10;14;10;0
52783;3206;325;10;14;10;0
52784;3194;325;10;14;10;0
52785;3182;325;10;14;10;0
52786;3170;325;10;14;10;0
52787;3158;325;10;14;10;0
52788;3146;325;10;14;10;0
52789;3134;325;10;14;10;0
52790;3122;325;10;14;10;0
52791;3110;325;10;14;10;0
52792;3098;325;10;14;10;0
52793;3086;325;10;14;10;0
52794;3074;325;10;14;10;0
52795;3062;325;10;14;10;0
52796;3050;325;10;14;10;0
52797;3278;325;10;14;10;0
52798;3290;325;10;14;10;0
52799;3302;325;10;14;10;0
52800;3314;325;10;14;10;0
52801;3554;325;10;14;10;0
52802;3542;325;10;14;10;0
52803;3530;325;10;14;10;0
52804;3518;325;10;14;10;0
52805;3506;325;10;14;10;0
52806;3494;325;10;14;10;0
52807;3482;325;10;14;10;0
52808;3470;325;10;14;10;0
52809;3458;325;10;14;10;0
52810;3566;325;10;14;10;0
52811;3446;325;10;14;10;0
52812;3422;325;10;14;10;0
52813;3410;325;10;14;10;0
52814;3398;325;10;14;10;0
52815;3386;325;10;14;10;0
52816;3374;325;10;14;10;0
52817;3362;325;10;14;10;0
52818;3350;325;10;14;10;0
52819;3338;325;10;14;10;0
52820;3326;325;10;14;10;0
52821;1922;325;10;14;10;0
52822;3578;325;10;14;10;0
52823;1910;325;10;14;10;0
52824;1334;325;10;14;10;0
52825;458;325;10;14;10;0
52826;446;325;10;14;10;0
52827;434;325;10;14;10;0
52828;422;325;10;14;10;0
52829;410;325;10;14;10;0
52830;398;325;10;14;10;0
52831;386;325;10;14;10;0
52832;374;325;10;14;10;0
52833;362;325;10;14;10;0
52834;350;325;10;14;10;0
52835;338;325;10;14;10;0
52836;326;325;10;14;10;0
52837;314;325;10;14;10;0
52838;302;325;10;14;10;0
52839;290;325;10;14;10;0
52840;278;325;10;14;10;0
52841;266;325;10;14;10;0
52842;254;325;10;14;10;0
52843;242;325;10;14;10;0
52844;470;325;10;14;10;0
52845;482;325;10;14;10;0
52846;494;325;10;14;10;0
52847;506;325;10;14;10;0
52848;746;325;10;14;10;0
52849;734;325;10;14;10;0
52850;722;325;10;14;10;0
52851;710;325;10;14;10;0
52852;698;325;10;14;10;0
52853;686;325;10;14;10;0
52854;674;325;10;14;10;0
52855;662;325;10;14;10;0
52856;650;325;10;14;10;0
52857;758;325;10;14;10;0
52858;638;325;10;14;10;0
52859;614;325;10;14;10;0
52860;602;325;10;14;10;0
52861;590;325;10;14;10;0
52862;578;325;10;14;10;0
52863;566;325;10;14;10;0
52864;554;325;10;14;10;0
52865;542;325;10;14;10;0
52866;530;325;10;14;10;0
52867;518;325;10;14;10;0
52868;230;325;10;14;10;0
52869;218;325;10;14;10;0
52870;206;325;10;14;10;0
52871;4022;309;10;14;10;0
52872;3998;309;10;14;10;0
52873;3986;309;10;14;10;0
52874;3974;309;10;14;10;0
52875;3962;309;10;14;10;0
52876;3950;309;10;14;10;0
52877;3938;309;10;14;10;0
52878;3926;309;10;14;10;0
52879;3914;309;10;14;10;0
52880;3902;309;10;14;10;0
52881;3890;309;10;14;10;0
52882;3878;309;10;14;10;0
52883;3866;309;10;14;10;0
52884;3854;309;10;14;10;0
52885;3842;309;10;14;10;0
52886;3830;309;10;14;10;0
52887;3818;309;10;14;10;0
52888;3806;309;10;14;10;0
52889;3794;309;10;14;10;0
52890;3782;309;10;14;10;0
52891;4010;309;10;14;10;0
52892;4034;309;10;14;10;0
52893;194;325;10;14;10;0
52894;4046;309;10;14;10;0
52895;182;325;10;14;10;0
52896;170;325;10;14;10;0
52897;158;325;10;14;10;0
52898;146;325;10;14;10;0
52899;134;325;10;14;10;0
52900;122;325;10;14;10;0
52901;110;325;10;14;10;0
52902;98;325;10;14;10;0
52903;86;325;10;14;10;0
52904;74;325;10;14;10;0
52905;62;325;10;14;10;0
52906;50;325;10;14;10;0
52907;38;325;10;14;10;0
52908;26;325;10;14;10;0
52909;14;325;10;14;10;0
52910;2;325;10;14;10;0
52911;4082;309;10;14;10;0
52912;4070;309;10;14;10;0
52913;4058;309;10;14;10;0
52914;626;325;10;14;10;0
52915;770;325;10;14;10;0
52916;782;325;10;14;10;0
52917;794;325;10;14;10;0
52918;1586;325;10;14;10;0
52919;1574;325;10;14;10;0
52920;1562;325;10;14;10;0
52921;1550;325;10;14;10;0
52922;1538;325;10;14;10;0
52923;1526;325;10;14;10;0
52924;1514;325;10;14;10;0
52925;1502;325;10;14;10;0
52926;1490;325;10;14;10;0
52927;1478;325;10;14;10;0
52928;1466;325;10;14;10;0
52929;1454;325;10;14;10;0
52930;1442;325;10;14;10;0
52931;1430;325;10;14;10;0
52932;1418;325;10;14;10;0
52933;1406;325;10;14;10;0
52934;1394;325;10;14;10;0
52935;1382;325;10;14;10;0
52936;1370;325;10;14;10;0
52937;1598;325;10;14;10;0
52938;1610;325;10;14;10;0
52939;1622;325;10;14;10;0
52940;1634;325;10;14;10;0
52941;1874;325;10;14;10;0
52942;1862;325;10;14;10;0
52943;1850;325;10;14;10;0
52944;1838;325;10;14;10;0
52945;1826;325;10;14;10;0
52946;1814;325;10;14;10;0
52947;1802;325;10;14;10;0
52948;1790;325;10;14;10;0
52949;1778;325;10;14;10;0
52950;1886;325;10;14;10;0
52951;1766;325;10;14;10;0
52952;1742;325;10;14;10;0
52953;1730;325;10;14;10;0
52954;1718;325;10;14;10;0
52955;1706;325;10;14;10;0
52956;1694;325;10;14;10;0
52957;1682;325;10;14;10;0
52958;1670;325;10;14;10;0
52959;1658;325;10;14;10;0
52960;1646;325;10;14;10;0
52961;1358;325;10;14;10;0
52962;1754;325;10;14;10;0
52963;1346;325;10;14;10;0
52964;1190;325;10;14;10;0
52965;1022;325;10;14;10;0
52966;1010;325;10;14;10;0
52967;998;325;10;14;10;0
52968;986;325;10;14;10;0
52969;974;325;10;14;10;0
52970;962;325;10;14;10;0
52971;950;325;10;14;10;0
52972;938;325;10;14;10;0
52973;926;325;10;14;10;0
52974;914;325;10;14;10;0
52975;902;325;10;14;10;0
52976;890;325;10;14;10;0
52977;878;325;10;14;10;0
52978;866;325;10;14;10;0
52979;854;325;10;14;10;0
52980;842;325;10;14;10;0
52981;830;325;10;14;10;0
52982;818;325;10;14;10;0
52983;806;325;10;14;10;0
52984;1034;325;10;14;10;0
52985;1046;325;10;14;10;0
52986;1058;325;10;14;10;0
52987;1070;325;10;14;10;0
52988;1310;325;10;14;10;0
52989;1298;325;10;14;10;0
52990;1286;325;10;14;10;0
52991;1274;325;10;14;10;0
52992;1262;325;10;14;10;0
52993;1250;325;10;14;10;0
52994;1238;325;10;14;10;0
52995;1226;325;10;14;10;0
52996;1214;325;10;14;10;0
52997;1322;325;10;14;10;0
52998;1202;325;10;14;10;0
52999;1178;325;10;14;10;0
53000;1166;325;10;14;10;0
53001;1154;325;10;14;10;0
53002;1142;325;10;14;10;0
53003;1130;325;10;14;10;0
53004;1118;325;10;14;10;0
53005;1106;325;10;14;10;0
53006;1094;325;10;14;10;0
53007;1082;325;10;14;10;0
53008;1898;325;10;14;10;0
53009;62;341;10;14;10;0
53010;2294;341;10;14;10;0
53011;74;341;10;14;10;0
53012;3098;341;10;14;10;0
53013;3086;341;10;14;10;0
53014;3074;341;10;14;10;0
53015;3062;341;10;14;10;0
53016;3050;341;10;14;10;0
53017;3038;341;10;14;10;0
53018;3026;341;10;14;10;0
53019;3014;341;10;14;10;0
53020;3002;341;10;14;10;0
53021;2990;341;10;14;10;0
53022;2978;341;10;14;10;0
53023;2966;341;10;14;10;0
53024;2954;341;10;14;10;0
53025;2942;341;10;14;10;0
53026;2930;341;10;14;10;0
53027;2918;341;10;14;10;0
53028;2906;341;10;14;10;0
53029;2894;341;10;14;10;0
53030;2882;341;10;14;10;0
53031;3110;341;10;14;10;0
53032;3122;341;10;14;10;0
53033;3134;341;10;14;10;0
53034;3146;341;10;14;10;0
53035;3386;341;10;14;10;0
53036;3374;341;10;14;10;0
53037;3362;341;10;14;10;0
53038;3350;341;10;14;10;0
53039;3338;341;10;14;10;0
53040;3326;341;10;14;10;0
53041;3314;341;10;14;10;0
53042;3302;341;10;14;10;0
53043;3290;341;10;14;10;0
53044;3398;341;10;14;10;0
53045;3278;341;10;14;10;0
53046;3254;341;10;14;10;0
53047;3242;341;10;14;10;0
53048;3230;341;10;14;10;0
53049;3218;341;10;14;10;0
53050;3206;341;10;14;10;0
53051;3194;341;10;14;10;0
53052;3182;341;10;14;10;0
53053;3170;341;10;14;10;0
53054;3158;341;10;14;10;0
53055;2870;341;10;14;10;0
53056;2858;341;10;14;10;0
53057;2846;341;10;14;10;0
53058;2570;341;10;14;10;0
53059;2546;341;10;14;10;0
53060;2534;341;10;14;10;0
53061;2522;341;10;14;10;0
53062;2510;341;10;14;10;0
53063;2498;341;10;14;10;0
53064;2486;341;10;14;10;0
53065;2474;341;10;14;10;0
53066;2462;341;10;14;10;0
53067;2450;341;10;14;10;0
53068;2438;341;10;14;10;0
53069;2426;341;10;14;10;0
53070;2414;341;10;14;10;0
53071;2402;341;10;14;10;0
53072;2390;341;10;14;10;0
53073;2378;341;10;14;10;0
53074;2366;341;10;14;10;0
53075;2354;341;10;14;10;0
53076;2342;341;10;14;10;0
53077;2330;341;10;14;10;0
53078;2558;341;10;14;10;0
53079;2582;341;10;14;10;0
53080;2834;341;10;14;10;0
53081;2594;341;10;14;10;0
53082;2822;341;10;14;10;0
53083;2810;341;10;14;10;0
53084;2798;341;10;14;10;0
53085;2786;341;10;14;10;0
53086;2774;341;10;14;10;0
53087;2762;341;10;14;10;0
53088;2750;341;10;14;10;0
53089;2738;341;10;14;10;0
53090;2726;341;10;14;10;0
53091;2714;341;10;14;10;0
53092;2702;341;10;14;10;0
53093;2690;341;10;14;10;0
53094;2678;341;10;14;10;0
53095;2666;341;10;14;10;0
53096;2654;341;10;14;10;0
53097;2642;341;10;14;10;0
53098;2630;341;10;14;10;0
53099;2618;341;10;14;10;0
53100;2606;341;10;14;10;0
53101;3266;341;10;14;10;0
53102;3410;341;10;14;10;0
53103;3422;341;10;14;10;0
53104;3434;341;10;14;10;0
53105;134;357;10;14;10;0
53106;122;357;10;14;10;0
53107;110;357;10;14;10;0
53108;98;357;10;14;10;0
53109;86;357;10;14;10;0
53110;74;357;10;14;10;0
53111;62;357;10;14;10;0
53112;50;357;10;14;10;0
53113;38;357;10;14;10;0
53114;26;357;10;14;10;0
53115;14;357;10;14;10;0
53116;2;357;10;14;10;0
53117;4082;341;10;14;10;0
53118;4070;341;10;14;10;0
53119;4058;341;10;14;10;0
53120;4046;341;10;14;10;0
53121;4034;341;10;14;10;0
53122;4022;341;10;14;10;0
53123;4010;341;10;14;10;0
53124;146;357;10;14;10;0
53125;158;357;10;14;10;0
53126;170;357;10;14;10;0
53127;182;357;10;14;10;0
53128;422;357;10;14;10;0
53129;410;357;10;14;10;0
53130;398;357;10;14;10;0
53131;386;357;10;14;10;0
53132;374;357;10;14;10;0
53133;362;357;10;14;10;0
53134;350;357;10;14;10;0
53135;338;357;10;14;10;0
53136;326;357;10;14;10;0
53137;434;357;10;14;10;0
53138;314;357;10;14;10;0
53139;290;357;10;14;10;0
53140;278;357;10;14;10;0
53141;266;357;10;14;10;0
53142;254;357;10;14;10;0
53143;242;357;10;14;10;0
53144;230;357;10;14;10;0
53145;218;357;10;14;10;0
53146;206;357;10;14;10;0
53147;194;357;10;14;10;0
53148;3998;341;10;14;10;0
53149;302;357;10;14;10;0
53150;3986;341;10;14;10;0
53151;3830;341;10;14;10;0
53152;3662;341;10;14;10;0
53153;3650;341;10;14;10;0
53154;3638;341;10;14;10;0
53155;3626;341;10;14;10;0
53156;3614;341;10;14;10;0
53157;3602;341;10;14;10;0
53158;3590;341;10;14;10;0
53159;3578;341;10;14;10;0
53160;3566;341;10;14;10;0
53161;3554;341;10;14;10;0
53162;3542;341;10;14;10;0
53163;3530;341;10;14;10;0
53164;3518;341;10;14;10;0
53165;3506;341;10;14;10;0
53166;3494;341;10;14;10;0
53167;3482;341;10;14;10;0
53168;3470;341;10;14;10;0
53169;3458;341;10;14;10;0
53170;3446;341;10;14;10;0
53171;3674;341;10;14;10;0
53172;3686;341;10;14;10;0
53173;3698;341;10;14;10;0
53174;3710;341;10;14;10;0
53175;3950;341;10;14;10;0
53176;3938;341;10;14;10;0
53177;3926;341;10;14;10;0
53178;3914;341;10;14;10;0
53179;3902;341;10;14;10;0
53180;3890;341;10;14;10;0
53181;3878;341;10;14;10;0
53182;3866;341;10;14;10;0
53183;3854;341;10;14;10;0
53184;3962;341;10;14;10;0
53185;3842;341;10;14;10;0
53186;3818;341;10;14;10;0
53187;3806;341;10;14;10;0
53188;3794;341;10;14;10;0
53189;3782;341;10;14;10;0
53190;3770;341;10;14;10;0
53191;3758;341;10;14;10;0
53192;3746;341;10;14;10;0
53193;3734;341;10;14;10;0
53194;3722;341;10;14;10;0
53195;2318;341;10;14;10;0
53196;3974;341;10;14;10;0
53197;2306;341;10;14;10;0
53198;1730;341;10;14;10;0
53199;854;341;10;14;10;0
53200;842;341;10;14;10;0
53201;830;341;10;14;10;0
53202;818;341;10;14;10;0
53203;806;341;10;14;10;0
53204;794;341;10;14;10;0
53205;782;341;10;14;10;0
53206;770;341;10;14;10;0
53207;758;341;10;14;10;0
53208;746;341;10;14;10;0
53209;734;341;10;14;10;0
53210;722;341;10;14;10;0
53211;710;341;10;14;10;0
53212;698;341;10;14;10;0
53213;686;341;10;14;10;0
53214;674;341;10;14;10;0
53215;662;341;10;14;10;0
53216;650;341;10;14;10;0
53217;638;341;10;14;10;0
53218;866;341;10;14;10;0
53219;878;341;10;14;10;0
53220;890;341;10;14;10;0
53221;902;341;10;14;10;0
53222;1142;341;10;14;10;0
53223;1130;341;10;14;10;0
53224;1118;341;10;14;10;0
53225;1106;341;10;14;10;0
53226;1094;341;10;14;10;0
53227;1082;341;10;14;10;0
53228;1070;341;10;14;10;0
53229;1058;341;10;14;10;0
53230;1046;341;10;14;10;0
53231;1154;341;10;14;10;0
53232;1034;341;10;14;10;0
53233;1010;341;10;14;10;0
53234;998;341;10;14;10;0
53235;986;341;10;14;10;0
53236;974;341;10;14;10;0
53237;962;341;10;14;10;0
53238;950;341;10;14;10;0
53239;938;341;10;14;10;0
53240;926;341;10;14;10;0
53241;914;341;10;14;10;0
53242;626;341;10;14;10;0
53243;614;341;10;14;10;0
53244;602;341;10;14;10;0
53245;326;341;10;14;10;0
53246;302;341;10;14;10;0
53247;290;341;10;14;10;0
53248;278;341;10;14;10;0
53249;266;341;10;14;10;0
53250;254;341;10;14;10;0
53251;242;341;10;14;10;0
53252;230;341;10;14;10;0
53253;218;341;10;14;10;0
53254;206;341;10;14;10;0
53255;194;341;10;14;10;0
53256;182;341;10;14;10;0
53257;170;341;10;14;10;0
53258;158;341;10;14;10;0
53259;146;341;10;14;10;0
53260;134;341;10;14;10;0
53261;122;341;10;14;10;0
53262;110;341;10;14;10;0
53263;98;341;10;14;10;0
53264;86;341;10;14;10;0
53265;314;341;10;14;10;0
53266;338;341;10;14;10;0
53267;590;341;10;14;10;0
53268;350;341;10;14;10;0
53269;578;341;10;14;10;0
53270;566;341;10;14;10;0
53271;554;341;10;14;10;0
53272;542;341;10;14;10;0
53273;530;341;10;14;10;0
53274;518;341;10;14;10;0
53275;506;341;10;14;10;0
53276;494;341;10;14;10;0
53277;482;341;10;14;10;0
53278;470;341;10;14;10;0
53279;458;341;10;14;10;0
53280;446;341;10;14;10;0
53281;434;341;10;14;10;0
53282;422;341;10;14;10;0
53283;410;341;10;14;10;0
53284;398;341;10;14;10;0
53285;386;341;10;14;10;0
53286;374;341;10;14;10;0
53287;362;341;10;14;10;0
53288;1022;341;10;14;10;0
53289;1166;341;10;14;10;0
53290;1178;341;10;14;10;0
53291;1190;341;10;14;10;0
53292;1982;341;10;14;10;0
53293;1970;341;10;14;10;0
53294;1958;341;10;14;10;0
53295;1946;341;10;14;10;0
53296;1934;341;10;14;10;0
53297;1922;341;10;14;10;0
53298;1910;341;10;14;10;0
53299;1898;341;10;14;10;0
53300;1886;341;10;14;10;0
53301;1874;341;10;14;10;0
53302;1862;341;10;14;10;0
53303;1850;341;10;14;10;0
53304;1838;341;10;14;10;0
53305;1826;341;10;14;10;0
53306;1814;341;10;14;10;0
53307;1802;341;10;14;10;0
53308;1790;341;10;14;10;0
53309;1778;341;10;14;10;0
53310;1766;341;10;14;10;0
53311;1994;341;10;14;10;0
53312;2006;341;10;14;10;0
53313;2018;341;10;14;10;0
53314;2030;341;10;14;10;0
53315;2270;341;10;14;10;0
53316;2258;341;10;14;10;0
53317;2246;341;10;14;10;0
53318;2234;341;10;14;10;0
53319;2222;341;10;14;10;0
53320;2210;341;10;14;10;0
53321;2198;341;10;14;10;0
53322;2186;341;10;14;10;0
53323;2174;341;10;14;10;0
53324;2282;341;10;14;10;0
53325;2162;341;10;14;10;0
53326;2138;341;10;14;10;0
53327;2126;341;10;14;10;0
53328;2114;341;10;14;10;0
53329;2102;341;10;14;10;0
53330;2090;341;10;14;10;0
53331;2078;341;10;14;10;0
53332;2066;341;10;14;10;0
53333;2054;341;10;14;10;0
53334;2042;341;10;14;10;0
53335;1754;341;10;14;10;0
53336;2150;341;10;14;10;0
53337;1742;341;10;14;10;0
53338;1586;341;10;14;10;0
53339;1418;341;10;14;10;0
53340;1406;341;10;14;10;0
53341;1394;341;10;14;10;0
53342;1382;341;10;14;10;0
53343;1370;341;10;14;10;0
53344;1358;341;10;14;10;0
53345;1346;341;10;14;10;0
53346;1334;341;10;14;10;0
53347;1322;341;10;14;10;0
53348;1310;341;10;14;10;0
53349;1298;341;10;14;10;0
53350;1286;341;10;14;10;0
53351;1274;341;10;14;10;0
53352;1262;341;10;14;10;0
53353;1250;341;10;14;10;0
53354;1238;341;10;14;10;0
53355;1226;341;10;14;10;0
53356;1214;341;10;14;10;0
53357;1202;341;10;14;10;0
53358;1430;341;10;14;10;0
53359;1442;341;10;14;10;0
53360;1454;341;10;14;10;0
53361;1466;341;10;14;10;0
53362;1706;341;10;14;10;0
53363;1694;341;10;14;10;0
53364;1682;341;10;14;10;0
53365;1670;341;10;14;10;0
53366;1658;341;10;14;10;0
53367;1646;341;10;14;10;0
53368;1634;341;10;14;10;0
53369;1622;341;10;14;10;0
53370;1610;341;10;14;10;0
53371;1718;341;10;14;10;0
53372;1598;341;10;14;10;0
53373;1574;341;10;14;10;0
53374;1562;341;10;14;10;0
53375;1550;341;10;14;10;0
53376;1538;341;10;14;10;0
53377;1526;341;10;14;10;0
53378;1514;341;10;14;10;0
53379;1502;341;10;14;10;0
53380;1490;341;10;14;10;0
53381;1478;341;10;14;10;0
53382;3770;309;10;14;10;0
53383;50;341;10;14;10;0
53384;3758;309;10;14;10;0
53385;3350;293;10;14;10;0
53386;1910;293;10;14;10;0
53387;1898;293;10;14;10;0
53388;1886;293;10;14;10;0
53389;1874;293;10;14;10;0
53390;1862;293;10;14;10;0
53391;1850;293;10;14;10;0
53392;1838;293;10;14;10;0
53393;1826;293;10;14;10;0
53394;1814;293;10;14;10;0
53395;1802;293;10;14;10;0
53396;1790;293;10;14;10;0
53397;1778;293;10;14;10;0
53398;1766;293;10;14;10;0
53399;1754;293;10;14;10;0
53400;1742;293;10;14;10;0
53401;1730;293;10;14;10;0
53402;1718;293;10;14;10;0
53403;1706;293;10;14;10;0
53404;1694;293;10;14;10;0
53405;1922;293;10;14;10;0
53406;1934;293;10;14;10;0
53407;1946;293;10;14;10;0
53408;1958;293;10;14;10;0
53409;2198;293;10;14;10;0
53410;2186;293;10;14;10;0
53411;2174;293;10;14;10;0
53412;2162;293;10;14;10;0
53413;2150;293;10;14;10;0
53414;2138;293;10;14;10;0
53415;2126;293;10;14;10;0
53416;2114;293;10;14;10;0
53417;2102;293;10;14;10;0
53418;2210;293;10;14;10;0
53419;2090;293;10;14;10;0
53420;2066;293;10;14;10;0
53421;2054;293;10;14;10;0
53422;2042;293;10;14;10;0
53423;2030;293;10;14;10;0
53424;2018;293;10;14;10;0
53425;2006;293;10;14;10;0
53426;1994;293;10;14;10;0
53427;1982;293;10;14;10;0
53428;1970;293;10;14;10;0
53429;1682;293;10;14;10;0
53430;1670;293;10;14;10;0
53431;1658;293;10;14;10;0
53432;1382;293;10;14;10;0
53433;1358;293;10;14;10;0
53434;1346;293;10;14;10;0
53435;1334;293;10;14;10;0
53436;1322;293;10;14;10;0
53437;1310;293;10;14;10;0
53438;1298;293;10;14;10;0
53439;1286;293;10;14;10;0
53440;1274;293;10;14;10;0
53441;1262;293;10;14;10;0
53442;1250;293;10;14;10;0
53443;1238;293;10;14;10;0
53444;1226;293;10;14;10;0
53445;1214;293;10;14;10;0
53446;1202;293;10;14;10;0
53447;1190;293;10;14;10;0
53448;1178;293;10;14;10;0
53449;1166;293;10;14;10;0
53450;1154;293;10;14;10;0
53451;1142;293;10;14;10;0
53452;1370;293;10;14;10;0
53453;1394;293;10;14;10;0
53454;1646;293;10;14;10;0
53455;1406;293;10;14;10;0
53456;1634;293;10;14;10;0
53457;1622;293;10;14;10;0
53458;1610;293;10;14;10;0
53459;1598;293;10;14;10;0
53460;1586;293;10;14;10;0
53461;1574;293;10;14;10;0
53462;1562;293;10;14;10;0
53463;1550;293;10;14;10;0
53464;1538;293;10;14;10;0
53465;1526;293;10;14;10;0
53466;1514;293;10;14;10;0
53467;1502;293;10;14;10;0
53468;1490;293;10;14;10;0
53469;1478;293;10;14;10;0
53470;1466;293;10;14;10;0
53471;1454;293;10;14;10;0
53472;1442;293;10;14;10;0
53473;1430;293;10;14;10;0
53474;1418;293;10;14;10;0
53475;2078;293;10;14;10;0
53476;2222;293;10;14;10;0
53477;2234;293;10;14;10;0
53478;2246;293;10;14;10;0
53479;3038;293;10;14;10;0
53480;3026;293;10;14;10;0
53481;3014;293;10;14;10;0
53482;3002;293;10;14;10;0
53483;2990;293;10;14;10;0
53484;2978;293;10;14;10;0
53485;2966;293;10;14;10;0
53486;2954;293;10;14;10;0
53487;2942;293;10;14;10;0
53488;2930;293;10;14;10;0
53489;2918;293;10;14;10;0
53490;2906;293;10;14;10;0
53491;2894;293;10;14;10;0
53492;2882;293;10;14;10;0
53493;2870;293;10;14;10;0
53494;2858;293;10;14;10;0
53495;2846;293;10;14;10;0
53496;2834;293;10;14;10;0
53497;2822;293;10;14;10;0
53498;3050;293;10;14;10;0
53499;3062;293;10;14;10;0
53500;3074;293;10;14;10;0
53501;3086;293;10;14;10;0
53502;3326;293;10;14;10;0
53503;3314;293;10;14;10;0
53504;3302;293;10;14;10;0
53505;3290;293;10;14;10;0
53506;3278;293;10;14;10;0
53507;3266;293;10;14;10;0
53508;3254;293;10;14;10;0
53509;3242;293;10;14;10;0
53510;3230;293;10;14;10;0
53511;3338;293;10;14;10;0
53512;3218;293;10;14;10;0
53513;3194;293;10;14;10;0
53514;3182;293;10;14;10;0
53515;3170;293;10;14;10;0
53516;3158;293;10;14;10;0
53517;3146;293;10;14;10;0
53518;3134;293;10;14;10;0
53519;3122;293;10;14;10;0
53520;3110;293;10;14;10;0
53521;3098;293;10;14;10;0
53522;2810;293;10;14;10;0
53523;3206;293;10;14;10;0
53524;2798;293;10;14;10;0
53525;2642;293;10;14;10;0
53526;2474;293;10;14;10;0
53527;2462;293;10;14;10;0
53528;2450;293;10;14;10;0
53529;2438;293;10;14;10;0
53530;2426;293;10;14;10;0
53531;2414;293;10;14;10;0
53532;2402;293;10;14;10;0
53533;2390;293;10;14;10;0
53534;2378;293;10;14;10;0
53535;2366;293;10;14;10;0
53536;2354;293;10;14;10;0
53537;2342;293;10;14;10;0
53538;2330;293;10;14;10;0
53539;2318;293;10;14;10;0
53540;2306;293;10;14;10;0
53541;2294;293;10;14;10;0
53542;2282;293;10;14;10;0
53543;2270;293;10;14;10;0
53544;2258;293;10;14;10;0
53545;2486;293;10;14;10;0
53546;2498;293;10;14;10;0
53547;2510;293;10;14;10;0
53548;2522;293;10;14;10;0
53549;2762;293;10;14;10;0
53550;2750;293;10;14;10;0
53551;2738;293;10;14;10;0
53552;2726;293;10;14;10;0
53553;2714;293;10;14;10;0
53554;2702;293;10;14;10;0
53555;2690;293;10;14;10;0
53556;2678;293;10;14;10;0
53557;2666;293;10;14;10;0
53558;2774;293;10;14;10;0
53559;2654;293;10;14;10;0
53560;2630;293;10;14;10;0
53561;2618;293;10;14;10;0
53562;2606;293;10;14;10;0
53563;2594;293;10;14;10;0
53564;2582;293;10;14;10;0
53565;2570;293;10;14;10;0
53566;2558;293;10;14;10;0
53567;2546;293;10;14;10;0
53568;2534;293;10;14;10;0
53569;1130;293;10;14;10;0
53570;2786;293;10;14;10;0
53571;1118;293;10;14;10;0
53572;542;293;10;14;10;0
53573;3758;277;10;14;10;0
53574;3746;277;10;14;10;0
53575;3734;277;10;14;10;0
53576;3722;277;10;14;10;0
53577;3710;277;10;14;10;0
53578;3698;277;10;14;10;0
53579;3686;277;10;14;10;0
53580;3674;277;10;14;10;0
53581;3662;277;10;14;10;0
53582;3650;277;10;14;10;0
53583;3638;277;10;14;10;0
53584;3626;277;10;14;10;0
53585;3614;277;10;14;10;0
53586;3602;277;10;14;10;0
53587;3590;277;10;14;10;0
53588;3578;277;10;14;10;0
53589;3566;277;10;14;10;0
53590;3554;277;10;14;10;0
53591;3542;277;10;14;10;0
53592;3770;277;10;14;10;0
53593;3782;277;10;14;10;0
53594;3794;277;10;14;10;0
53595;3806;277;10;14;10;0
53596;4046;277;10;14;10;0
53597;4034;277;10;14;10;0
53598;4022;277;10;14;10;0
53599;4010;277;10;14;10;0
53600;3998;277;10;14;10;0
53601;3986;277;10;14;10;0
53602;3974;277;10;14;10;0
53603;3962;277;10;14;10;0
53604;3950;277;10;14;10;0
53605;4058;277;10;14;10;0
53606;3938;277;10;14;10;0
53607;3914;277;10;14;10;0
53608;3902;277;10;14;10;0
53609;3890;277;10;14;10;0
53610;3878;277;10;14;10;0
53611;3866;277;10;14;10;0
53612;3854;277;10;14;10;0
53613;3842;277;10;14;10;0
53614;3830;277;10;14;10;0
53615;3818;277;10;14;10;0
53616;3530;277;10;14;10;0
53617;3518;277;10;14;10;0
53618;3506;277;10;14;10;0
53619;3230;277;10;14;10;0
53620;3206;277;10;14;10;0
53621;3194;277;10;14;10;0
53622;3182;277;10;14;10;0
53623;3170;277;10;14;10;0
53624;3158;277;10;14;10;0
53625;3146;277;10;14;10;0
53626;3134;277;10;14;10;0
53627;3122;277;10;14;10;0
53628;3110;277;10;14;10;0
53629;3098;277;10;14;10;0
53630;3086;277;10;14;10;0
53631;3074;277;10;14;10;0
53632;3062;277;10;14;10;0
53633;3050;277;10;14;10;0
53634;3038;277;10;14;10;0
53635;3026;277;10;14;10;0
53636;3014;277;10;14;10;0
53637;3002;277;10;14;10;0
53638;2990;277;10;14;10;0
53639;3218;277;10;14;10;0
53640;3242;277;10;14;10;0
53641;3494;277;10;14;10;0
53642;3254;277;10;14;10;0
53643;3482;277;10;14;10;0
53644;3470;277;10;14;10;0
53645;3458;277;10;14;10;0
53646;3446;277;10;14;10;0
53647;3434;277;10;14;10;0
53648;3422;277;10;14;10;0
53649;3410;277;10;14;10;0
53650;3398;277;10;14;10;0
53651;3386;277;10;14;10;0
53652;3374;277;10;14;10;0
53653;3362;277;10;14;10;0
53654;3350;277;10;14;10;0
53655;3338;277;10;14;10;0
53656;3326;277;10;14;10;0
53657;3314;277;10;14;10;0
53658;3302;277;10;14;10;0
53659;3290;277;10;14;10;0
53660;3278;277;10;14;10;0
53661;3266;277;10;14;10;0
53662;3926;277;10;14;10;0
53663;4070;277;10;14;10;0
53664;4082;277;10;14;10;0
53665;2;293;10;14;10;0
53666;794;293;10;14;10;0
53667;782;293;10;14;10;0
53668;770;293;10;14;10;0
53669;758;293;10;14;10;0
53670;746;293;10;14;10;0
53671;734;293;10;14;10;0
53672;722;293;10;14;10;0
53673;710;293;10;14;10;0
53674;698;293;10;14;10;0
53675;686;293;10;14;10;0
53676;674;293;10;14;10;0
53677;662;293;10;14;10;0
53678;650;293;10;14;10;0
53679;638;293;10;14;10;0
53680;626;293;10;14;10;0
53681;614;293;10;14;10;0
53682;602;293;10;14;10;0
53683;590;293;10;14;10;0
53684;578;293;10;14;10;0
53685;806;293;10;14;10;0
53686;818;293;10;14;10;0
53687;830;293;10;14;10;0
53688;842;293;10;14;10;0
53689;1082;293;10;14;10;0
53690;1070;293;10;14;10;0
53691;1058;293;10;14;10;0
53692;1046;293;10;14;10;0
53693;1034;293;10;14;10;0
53694;1022;293;10;14;10;0
53695;1010;293;10;14;10;0
53696;998;293;10;14;10;0
53697;986;293;10;14;10;0
53698;1094;293;10;14;10;0
53699;974;293;10;14;10;0
53700;950;293;10;14;10;0
53701;938;293;10;14;10;0
53702;926;293;10;14;10;0
53703;914;293;10;14;10;0
53704;902;293;10;14;10;0
53705;890;293;10;14;10;0
53706;878;293;10;14;10;0
53707;866;293;10;14;10;0
53708;854;293;10;14;10;0
53709;566;293;10;14;10;0
53710;962;293;10;14;10;0
53711;554;293;10;14;10;0
53712;398;293;10;14;10;0
53713;230;293;10;14;10;0
53714;218;293;10;14;10;0
53715;206;293;10;14;10;0
53716;194;293;10;14;10;0
53717;182;293;10;14;10;0
53718;170;293;10;14;10;0
53719;158;293;10;14;10;0
53720;146;293;10;14;10;0
53721;134;293;10;14;10;0
53722;122;293;10;14;10;0
53723;110;293;10;14;10;0
53724;98;293;10;14;10;0
53725;86;293;10;14;10;0
53726;74;293;10;14;10;0
53727;62;293;10;14;10;0
53728;50;293;10;14;10;0
53729;38;293;10;14;10;0
53730;26;293;10;14;10;0
53731;14;293;10;14;10;0
53732;242;293;10;14;10;0
53733;254;293;10;14;10;0
53734;266;293;10;14;10;0
53735;278;293;10;14;10;0
53736;518;293;10;14;10;0
53737;506;293;10;14;10;0
53738;494;293;10;14;10;0
53739;482;293;10;14;10;0
53740;470;293;10;14;10;0
53741;458;293;10;14;10;0
53742;446;293;10;14;10;0
53743;434;293;10;14;10;0
53744;422;293;10;14;10;0
53745;530;293;10;14;10;0
53746;410;293;10;14;10;0
53747;386;293;10;14;10;0
53748;374;293;10;14;10;0
53749;362;293;10;14;10;0
53750;350;293;10;14;10;0
53751;338;293;10;14;10;0
53752;326;293;10;14;10;0
53753;314;293;10;14;10;0
53754;302;293;10;14;10;0
53755;290;293;10;14;10;0
53756;1106;293;10;14;10;0
53757;3362;293;10;14;10;0
53758;1502;309;10;14;10;0
53759;3374;293;10;14;10;0
53760;2306;309;10;14;10;0
53761;2294;309;10;14;10;0
53762;2282;309;10;14;10;0
53763;2270;309;10;14;10;0
53764;2258;309;10;14;10;0
53765;2246;309;10;14;10;0
53766;2234;309;10;14;10;0
53767;2222;309;10;14;10;0
53768;2210;309;10;14;10;0
53769;2198;309;10;14;10;0
53770;2186;309;10;14;10;0
53771;2174;309;10;14;10;0
53772;2162;309;10;14;10;0
53773;2150;309;10;14;10;0
53774;2138;309;10;14;10;0
53775;2126;309;10;14;10;0
53776;2114;309;10;14;10;0
53777;2102;309;10;14;10;0
53778;2090;309;10;14;10;0
53779;2318;309;10;14;10;0
53780;2330;309;10;14;10;0
53781;2342;309;10;14;10;0
53782;2354;309;10;14;10;0
53783;2594;309;10;14;10;0
53784;2582;309;10;14;10;0
53785;2570;309;10;14;10;0
53786;2558;309;10;14;10;0
53787;2546;309;10;14;10;0
53788;2534;309;10;14;10;0
53789;2522;309;10;14;10;0
53790;2510;309;10;14;10;0
53791;2498;309;10;14;10;0
53792;2606;309;10;14;10;0
53793;2486;309;10;14;10;0
53794;2462;309;10;14;10;0
53795;2450;309;10;14;10;0
53796;2438;309;10;14;10;0
53797;2426;309;10;14;10;0
53798;2414;309;10;14;10;0
53799;2402;309;10;14;10;0
53800;2390;309;10;14;10;0
53801;2378;309;10;14;10;0
53802;2366;309;10;14;10;0
53803;2078;309;10;14;10;0
53804;2066;309;10;14;10;0
53805;2054;309;10;14;10;0
53806;1778;309;10;14;10;0
53807;1754;309;10;14;10;0
53808;1742;309;10;14;10;0
53809;1730;309;10;14;10;0
53810;1718;309;10;14;10;0
53811;1706;309;10;14;10;0
53812;1694;309;10;14;10;0
53813;1682;309;10;14;10;0
53814;1670;309;10;14;10;0
53815;1658;309;10;14;10;0
53816;1646;309;10;14;10;0
53817;1634;309;10;14;10;0
53818;1622;309;10;14;10;0
53819;1610;309;10;14;10;0
53820;1598;309;10;14;10;0
53821;1586;309;10;14;10;0
53822;1574;309;10;14;10;0
53823;1562;309;10;14;10;0
53824;1550;309;10;14;10;0
53825;1538;309;10;14;10;0
53826;1766;309;10;14;10;0
53827;1790;309;10;14;10;0
53828;2042;309;10;14;10;0
53829;1802;309;10;14;10;0
53830;2030;309;10;14;10;0
53831;2018;309;10;14;10;0
53832;2006;309;10;14;10;0
53833;1994;309;10;14;10;0
53834;1982;309;10;14;10;0
53835;1970;309;10;14;10;0
53836;1958;309;10;14;10;0
53837;1946;309;10;14;10;0
53838;1934;309;10;14;10;0
53839;1922;309;10;14;10;0
53840;1910;309;10;14;10;0
53841;1898;309;10;14;10;0
53842;1886;309;10;14;10;0
53843;1874;309;10;14;10;0
53844;1862;309;10;14;10;0
53845;1850;309;10;14;10;0
53846;1838;309;10;14;10;0
53847;1826;309;10;14;10;0
53848;1814;309;10;14;10;0
53849;2474;309;10;14;10;0
53850;2618;309;10;14;10;0
53851;2630;309;10;14;10;0
53852;2642;309;10;14;10;0
53853;3434;309;10;14;10;0
53854;3422;309;10;14;10;0
53855;3410;309;10;14;10;0
53856;3398;309;10;14;10;0
53857;3386;309;10;14;10;0
53858;3374;309;10;14;10;0
53859;3362;309;10;14;10;0
53860;3350;309;10;14;10;0
53861;3338;309;10;14;10;0
53862;3326;309;10;14;10;0
53863;3314;309;10;14;10;0
53864;3302;309;10;14;10;0
53865;3290;309;10;14;10;0
53866;3278;309;10;14;10;0
53867;3266;309;10;14;10;0
53868;3254;309;10;14;10;0
53869;3242;309;10;14;10;0
53870;3230;309;10;14;10;0
53871;3218;309;10;14;10;0
53872;3446;309;10;14;10;0
53873;3458;309;10;14;10;0
53874;3470;309;10;14;10;0
53875;3482;309;10;14;10;0
53876;3722;309;10;14;10;0
53877;3710;309;10;14;10;0
53878;3698;309;10;14;10;0
53879;3686;309;10;14;10;0
53880;3674;309;10;14;10;0
53881;3662;309;10;14;10;0
53882;3650;309;10;14;10;0
53883;3638;309;10;14;10;0
53884;3626;309;10;14;10;0
53885;3734;309;10;14;10;0
53886;3614;309;10;14;10;0
53887;3590;309;10;14;10;0
53888;3578;309;10;14;10;0
53889;3566;309;10;14;10;0
53890;3554;309;10;14;10;0
53891;3542;309;10;14;10;0
53892;3530;309;10;14;10;0
53893;3518;309;10;14;10;0
53894;3506;309;10;14;10;0
53895;3494;309;10;14;10;0
53896;3206;309;10;14;10;0
53897;3602;309;10;14;10;0
53898;3194;309;10;14;10;0
53899;3038;309;10;14;10;0
53900;2870;309;10;14;10;0
53901;2858;309;10;14;10;0
53902;2846;309;10;14;10;0
53903;2834;309;10;14;10;0
53904;2822;309;10;14;10;0
53905;2810;309;10;14;10;0
53906;2798;309;10;14;10;0
53907;2786;309;10;14;10;0
53908;2774;309;10;14;10;0
53909;2762;309;10;14;10;0
53910;2750;309;10;14;10;0
53911;2738;309;10;14;10;0
53912;2726;309;10;14;10;0
53913;2714;309;10;14;10;0
53914;2702;309;10;14;10;0
53915;2690;309;10;14;10;0
53916;2678;309;10;14;10;0
53917;2666;309;10;14;10;0
53918;2654;309;10;14;10;0
53919;2882;309;10;14;10;0
53920;2894;309;10;14;10;0
53921;2906;309;10;14;10;0
53922;2918;309;10;14;10;0
53923;3158;309;10;14;10;0
53924;3146;309;10;14;10;0
53925;3134;309;10;14;10;0
53926;3122;309;10;14;10;0
53927;3110;309;10;14;10;0
53928;3098;309;10;14;10;0
53929;3086;309;10;14;10;0
53930;3074;309;10;14;10;0
53931;3062;309;10;14;10;0
53932;3170;309;10;14;10;0
53933;3050;309;10;14;10;0
53934;3026;309;10;14;10;0
53935;3014;309;10;14;10;0
53936;3002;309;10;14;10;0
53937;2990;309;10;14;10;0
53938;2978;309;10;14;10;0
53939;2966;309;10;14;10;0
53940;2954;309;10;14;10;0
53941;2942;309;10;14;10;0
53942;2930;309;10;14;10;0
53943;1526;309;10;14;10;0
53944;3182;309;10;14;10;0
53945;1514;309;10;14;10;0
53946;938;309;10;14;10;0
53947;62;309;10;14;10;0
53948;50;309;10;14;10;0
53949;38;309;10;14;10;0
53950;26;309;10;14;10;0
53951;14;309;10;14;10;0
53952;2;309;10;14;10;0
53953;4082;293;10;14;10;0
53954;4070;293;10;14;10;0
53955;4058;293;10;14;10;0
53956;4046;293;10;14;10;0
53957;4034;293;10;14;10;0
53958;4022;293;10;14;10;0
53959;4010;293;10;14;10;0
53960;3998;293;10;14;10;0
53961;3986;293;10;14;10;0
53962;3974;293;10;14;10;0
53963;3962;293;10;14;10;0
53964;3950;293;10;14;10;0
53965;3938;293;10;14;10;0
53966;74;309;10;14;10;0
53967;86;309;10;14;10;0
53968;98;309;10;14;10;0
53969;110;309;10;14;10;0
53970;350;309;10;14;10;0
53971;338;309;10;14;10;0
53972;326;309;10;14;10;0
53973;314;309;10;14;10;0
53974;302;309;10;14;10;0
53975;290;309;10;14;10;0
53976;278;309;10;14;10;0
53977;266;309;10;14;10;0
53978;254;309;10;14;10;0
53979;362;309;10;14;10;0
53980;242;309;10;14;10;0
53981;218;309;10;14;10;0
53982;206;309;10;14;10;0
53983;194;309;10;14;10;0
53984;182;309;10;14;10;0
53985;170;309;10;14;10;0
53986;158;309;10;14;10;0
53987;146;309;10;14;10;0
53988;134;309;10;14;10;0
53989;122;309;10;14;10;0
53990;3926;293;10;14;10;0
53991;3914;293;10;14;10;0
53992;3902;293;10;14;10;0
53993;3626;293;10;14;10;0
53994;3602;293;10;14;10;0
53995;3590;293;10;14;10;0
53996;3578;293;10;14;10;0
53997;3566;293;10;14;10;0
53998;3554;293;10;14;10;0
53999;3542;293;10;14;10;0
54000;3530;293;10;14;10;0
54001;3518;293;10;14;10;0
54002;3506;293;10;14;10;0
54003;3494;293;10;14;10;0
54004;3482;293;10;14;10;0
54005;3470;293;10;14;10;0
54006;3458;293;10;14;10;0
54007;3446;293;10;14;10;0
54008;3434;293;10;14;10;0
54009;3422;293;10;14;10;0
54010;3410;293;10;14;10;0
54011;3398;293;10;14;10;0
54012;3386;293;10;14;10;0
54013;3614;293;10;14;10;0
54014;3638;293;10;14;10;0
54015;3890;293;10;14;10;0
54016;3650;293;10;14;10;0
54017;3878;293;10;14;10;0
54018;3866;293;10;14;10;0
54019;3854;293;10;14;10;0
54020;3842;293;10;14;10;0
54021;3830;293;10;14;10;0
54022;3818;293;10;14;10;0
54023;3806;293;10;14;10;0
54024;3794;293;10;14;10;0
54025;3782;293;10;14;10;0
54026;3770;293;10;14;10;0
54027;3758;293;10;14;10;0
54028;3746;293;10;14;10;0
54029;3734;293;10;14;10;0
54030;3722;293;10;14;10;0
54031;3710;293;10;14;10;0
54032;3698;293;10;14;10;0
54033;3686;293;10;14;10;0
54034;3674;293;10;14;10;0
54035;3662;293;10;14;10;0
54036;230;309;10;14;10;0
54037;374;309;10;14;10;0
54038;386;309;10;14;10;0
54039;398;309;10;14;10;0
54040;1190;309;10;14;10;0
54041;1178;309;10;14;10;0
54042;1166;309;10;14;10;0
54043;1154;309;10;14;10;0
54044;1142;309;10;14;10;0
54045;1130;309;10;14;10;0
54046;1118;309;10;14;10;0
54047;1106;309;10;14;10;0
54048;1094;309;10;14;10;0
54049;1082;309;10;14;10;0
54050;1070;309;10;14;10;0
54051;1058;309;10;14;10;0
54052;1046;309;10;14;10;0
54053;1034;309;10;14;10;0
54054;1022;309;10;14;10;0
54055;1010;309;10;14;10;0
54056;998;309;10;14;10;0
54057;986;309;10;14;10;0
54058;974;309;10;14;10;0
54059;1202;309;10;14;10;0
54060;1214;309;10;14;10;0
54061;1226;309;10;14;10;0
54062;1238;309;10;14;10;0
54063;1478;309;10;14;10;0
54064;1466;309;10;14;10;0
54065;1454;309;10;14;10;0
54066;1442;309;10;14;10;0
54067;1430;309;10;14;10;0
54068;1418;309;10;14;10;0
54069;1406;309;10;14;10;0
54070;1394;309;10;14;10;0
54071;1382;309;10;14;10;0
54072;1490;309;10;14;10;0
54073;1370;309;10;14;10;0
54074;1346;309;10;14;10;0
54075;1334;309;10;14;10;0
54076;1322;309;10;14;10;0
54077;1310;309;10;14;10;0
54078;1298;309;10;14;10;0
54079;1286;309;10;14;10;0
54080;1274;309;10;14;10;0
54081;1262;309;10;14;10;0
54082;1250;309;10;14;10;0
54083;962;309;10;14;10;0
54084;1358;309;10;14;10;0
54085;950;309;10;14;10;0
54086;794;309;10;14;10;0
54087;626;309;10;14;10;0
54088;614;309;10;14;10;0
54089;602;309;10;14;10;0
54090;590;309;10;14;10;0
54091;578;309;10;14;10;0
54092;566;309;10;14;10;0
54093;554;309;10;14;10;0
54094;542;309;10;14;10;0
54095;530;309;10;14;10;0
54096;518;309;10;14;10;0
54097;506;309;10;14;10;0
54098;494;309;10;14;10;0
54099;482;309;10;14;10;0
54100;470;309;10;14;10;0
54101;458;309;10;14;10;0
54102;446;309;10;14;10;0
54103;434;309;10;14;10;0
54104;422;309;10;14;10;0
54105;410;309;10;14;10;0
54106;638;309;10;14;10;0
54107;650;309;10;14;10;0
54108;662;309;10;14;10;0
54109;674;309;10;14;10;0
54110;914;309;10;14;10;0
54111;902;309;10;14;10;0
54112;890;309;10;14;10;0
54113;878;309;10;14;10;0
54114;866;309;10;14;10;0
54115;854;309;10;14;10;0
54116;842;309;10;14;10;0
54117;830;309;10;14;10;0
54118;818;309;10;14;10;0
54119;926;309;10;14;10;0
54120;806;309;10;14;10;0
54121;782;309;10;14;10;0
54122;770;309;10;14;10;0
54123;758;309;10;14;10;0
54124;746;309;10;14;10;0
54125;734;309;10;14;10;0
54126;722;309;10;14;10;0
54127;710;309;10;14;10;0
54128;698;309;10;14;10;0
54129;686;309;10;14;10;0
54130;3746;309;10;14;10;0
54131;446;357;10;14;10;0
54132;458;357;10;14;10;0
54133;470;357;10;14;10;0
54134;3874;389;10;14;10;0
54135;3862;389;10;14;10;0
54136;3850;389;10;14;10;0
54137;3838;389;10;14;10;0
54138;3826;389;10;14;10;0
54139;3814;389;10;14;10;0
54140;3802;389;10;14;10;0
54141;3790;389;10;14;10;0
54142;3778;389;10;14;10;0
54143;3766;389;10;14;10;0
54144;3754;389;10;14;10;0
54145;3742;389;10;14;10;0
54146;3730;389;10;14;10;0
54147;3718;389;10;14;10;0
54148;3706;389;10;14;10;0
54149;3694;389;10;14;10;0
54150;3682;389;10;14;10;0
54151;3670;389;10;14;10;0
54152;3658;389;10;14;10;0
54153;3886;389;10;14;10;0
54154;3898;389;10;14;10;0
54155;3910;389;10;14;10;0
54156;3922;389;10;14;10;0
54157;74;405;10;14;10;0
54158;62;405;10;14;10;0
54159;50;405;10;14;10;0
54160;38;405;10;14;10;0
54161;26;405;10;14;10;0
54162;14;405;10;14;10;0
54163;2;405;10;14;10;0
54164;4078;389;10;14;10;0
54165;4066;389;10;14;10;0
54166;86;405;10;14;10;0
54167;4054;389;10;14;10;0
54168;4030;389;10;14;10;0
54169;4018;389;10;14;10;0
54170;4006;389;10;14;10;0
54171;3994;389;10;14;10;0
54172;3982;389;10;14;10;0
54173;3970;389;10;14;10;0
54174;3958;389;10;14;10;0
54175;3946;389;10;14;10;0
54176;3934;389;10;14;10;0
54177;3646;389;10;14;10;0
54178;3634;389;10;14;10;0
54179;3622;389;10;14;10;0
54180;3346;389;10;14;10;0
54181;3322;389;10;14;10;0
54182;3310;389;10;14;10;0
54183;3298;389;10;14;10;0
54184;3286;389;10;14;10;0
54185;3274;389;10;14;10;0
54186;3262;389;10;14;10;0
54187;3250;389;10;14;10;0
54188;3238;389;10;14;10;0
54189;3226;389;10;14;10;0
54190;3214;389;10;14;10;0
54191;3202;389;10;14;10;0
54192;3190;389;10;14;10;0
54193;3178;389;10;14;10;0
54194;3166;389;10;14;10;0
54195;3154;389;10;14;10;0
54196;3142;389;10;14;10;0
54197;3130;389;10;14;10;0
54198;3118;389;10;14;10;0
54199;3106;389;10;14;10;0
54200;3334;389;10;14;10;0
54201;3358;389;10;14;10;0
54202;3610;389;10;14;10;0
54203;3370;389;10;14;10;0
54204;3598;389;10;14;10;0
54205;3586;389;10;14;10;0
54206;3574;389;10;14;10;0
54207;3562;389;10;14;10;0
54208;3550;389;10;14;10;0
54209;3538;389;10;14;10;0
54210;3526;389;10;14;10;0
54211;3514;389;10;14;10;0
54212;3502;389;10;14;10;0
54213;3490;389;10;14;10;0
54214;3478;389;10;14;10;0
54215;3466;389;10;14;10;0
54216;3454;389;10;14;10;0
54217;3442;389;10;14;10;0
54218;3430;389;10;14;10;0
54219;3418;389;10;14;10;0
54220;3406;389;10;14;10;0
54221;3394;389;10;14;10;0
54222;3382;389;10;14;10;0
54223;4042;389;10;14;10;0
54224;98;405;10;14;10;0
54225;110;405;10;14;10;0
54226;122;405;10;14;10;0
54227;914;405;10;14;10;0
54228;902;405;10;14;10;0
54229;890;405;10;14;10;0
54230;878;405;10;14;10;0
54231;866;405;10;14;10;0
54232;854;405;10;14;10;0
54233;842;405;10;14;10;0
54234;830;405;10;14;10;0
54235;818;405;10;14;10;0
54236;806;405;10;14;10;0
54237;794;405;10;14;10;0
54238;782;405;10;14;10;0
54239;770;405;10;14;10;0
54240;758;405;10;14;10;0
54241;746;405;10;14;10;0
54242;734;405;10;14;10;0
54243;722;405;10;14;10;0
54244;710;405;10;14;10;0
54245;698;405;10;14;10;0
54246;926;405;10;14;10;0
54247;938;405;10;14;10;0
54248;950;405;10;14;10;0
54249;962;405;10;14;10;0
54250;1202;405;10;14;10;0
54251;1190;405;10;14;10;0
54252;1178;405;10;14;10;0
54253;1166;405;10;14;10;0
54254;1154;405;10;14;10;0
54255;1142;405;10;14;10;0
54256;1130;405;10;14;10;0
54257;1118;405;10;14;10;0
54258;1106;405;10;14;10;0
54259;1214;405;10;14;10;0
54260;1094;405;10;14;10;0
54261;1070;405;10;14;10;0
54262;1058;405;10;14;10;0
54263;1046;405;10;14;10;0
54264;1034;405;10;14;10;0
54265;1022;405;10;14;10;0
54266;1010;405;10;14;10;0
54267;998;405;10;14;10;0
54268;986;405;10;14;10;0
54269;974;405;10;14;10;0
54270;686;405;10;14;10;0
54271;1082;405;10;14;10;0
54272;674;405;10;14;10;0
54273;518;405;10;14;10;0
54274;350;405;10;14;10;0
54275;338;405;10;14;10;0
54276;326;405;10;14;10;0
54277;314;405;10;14;10;0
54278;302;405;10;14;10;0
54279;290;405;10;14;10;0
54280;278;405;10;14;10;0
54281;266;405;10;14;10;0
54282;254;405;10;14;10;0
54283;242;405;10;14;10;0
54284;230;405;10;14;10;0
54285;218;405;10;14;10;0
54286;206;405;10;14;10;0
54287;194;405;10;14;10;0
54288;182;405;10;14;10;0
54289;170;405;10;14;10;0
54290;158;405;10;14;10;0
54291;146;405;10;14;10;0
54292;134;405;10;14;10;0
54293;362;405;10;14;10;0
54294;374;405;10;14;10;0
54295;386;405;10;14;10;0
54296;398;405;10;14;10;0
54297;638;405;10;14;10;0
54298;626;405;10;14;10;0
54299;614;405;10;14;10;0
54300;602;405;10;14;10;0
54301;590;405;10;14;10;0
54302;578;405;10;14;10;0
54303;566;405;10;14;10;0
54304;554;405;10;14;10;0
54305;542;405;10;14;10;0
54306;650;405;10;14;10;0
54307;530;405;10;14;10;0
54308;506;405;10;14;10;0
54309;494;405;10;14;10;0
54310;482;405;10;14;10;0
54311;470;405;10;14;10;0
54312;458;405;10;14;10;0
54313;446;405;10;14;10;0
54314;434;405;10;14;10;0
54315;422;405;10;14;10;0
54316;410;405;10;14;10;0
54317;3094;389;10;14;10;0
54318;662;405;10;14;10;0
54319;3082;389;10;14;10;0
54320;2506;389;10;14;10;0
54321;1630;389;10;14;10;0
54322;1618;389;10;14;10;0
54323;1606;389;10;14;10;0
54324;1594;389;10;14;10;0
54325;1582;389;10;14;10;0
54326;1570;389;10;14;10;0
54327;1558;389;10;14;10;0
54328;1546;389;10;14;10;0
54329;1534;389;10;14;10;0
54330;1522;389;10;14;10;0
54331;1510;389;10;14;10;0
54332;1498;389;10;14;10;0
54333;1486;389;10;14;10;0
54334;1474;389;10;14;10;0
54335;1462;389;10;14;10;0
54336;1450;389;10;14;10;0
54337;1438;389;10;14;10;0
54338;1426;389;10;14;10;0
54339;1414;389;10;14;10;0
54340;1642;389;10;14;10;0
54341;1654;389;10;14;10;0
54342;1666;389;10;14;10;0
54343;1678;389;10;14;10;0
54344;1918;389;10;14;10;0
54345;1906;389;10;14;10;0
54346;1894;389;10;14;10;0
54347;1882;389;10;14;10;0
54348;1870;389;10;14;10;0
54349;1858;389;10;14;10;0
54350;1846;389;10;14;10;0
54351;1834;389;10;14;10;0
54352;1822;389;10;14;10;0
54353;1930;389;10;14;10;0
54354;1810;389;10;14;10;0
54355;1786;389;10;14;10;0
54356;1774;389;10;14;10;0
54357;1762;389;10;14;10;0
54358;1750;389;10;14;10;0
54359;1738;389;10;14;10;0
54360;1726;389;10;14;10;0
54361;1714;389;10;14;10;0
54362;1702;389;10;14;10;0
54363;1690;389;10;14;10;0
54364;1402;389;10;14;10;0
54365;1390;389;10;14;10;0
54366;1378;389;10;14;10;0
54367;1102;389;10;14;10;0
54368;1078;389;10;14;10;0
54369;1066;389;10;14;10;0
54370;1054;389;10;14;10;0
54371;1042;389;10;14;10;0
54372;1030;389;10;14;10;0
54373;1018;389;10;14;10;0
54374;1006;389;10;14;10;0
54375;994;389;10;14;10;0
54376;982;389;10;14;10;0
54377;970;389;10;14;10;0
54378;958;389;10;14;10;0
54379;946;389;10;14;10;0
54380;934;389;10;14;10;0
54381;922;389;10;14;10;0
54382;910;389;10;14;10;0
54383;898;389;10;14;10;0
54384;886;389;10;14;10;0
54385;874;389;10;14;10;0
54386;862;389;10;14;10;0
54387;1090;389;10;14;10;0
54388;1114;389;10;14;10;0
54389;1366;389;10;14;10;0
54390;1126;389;10;14;10;0
54391;1354;389;10;14;10;0
54392;1342;389;10;14;10;0
54393;1330;389;10;14;10;0
54394;1318;389;10;14;10;0
54395;1306;389;10;14;10;0
54396;1294;389;10;14;10;0
54397;1282;389;10;14;10;0
54398;1270;389;10;14;10;0
54399;1258;389;10;14;10;0
54400;1246;389;10;14;10;0
54401;1234;389;10;14;10;0
54402;1222;389;10;14;10;0
54403;1210;389;10;14;10;0
54404;1198;389;10;14;10;0
54405;1186;389;10;14;10;0
54406;1174;389;10;14;10;0
54407;1162;389;10;14;10;0
54408;1150;389;10;14;10;0
54409;1138;389;10;14;10;0
54410;1798;389;10;14;10;0
54411;1942;389;10;14;10;0
54412;1954;389;10;14;10;0
54413;1966;389;10;14;10;0
54414;2758;389;10;14;10;0
54415;2746;389;10;14;10;0
54416;2734;389;10;14;10;0
54417;2722;389;10;14;10;0
54418;2710;389;10;14;10;0
54419;2698;389;10;14;10;0
54420;2686;389;10;14;10;0
54421;2674;389;10;14;10;0
54422;2662;389;10;14;10;0
54423;2650;389;10;14;10;0
54424;2638;389;10;14;10;0
54425;2626;389;10;14;10;0
54426;2614;389;10;14;10;0
54427;2602;389;10;14;10;0
54428;2590;389;10;14;10;0
54429;2578;389;10;14;10;0
54430;2566;389;10;14;10;0
54431;2554;389;10;14;10;0
54432;2542;389;10;14;10;0
54433;2770;389;10;14;10;0
54434;2782;389;10;14;10;0
54435;2794;389;10;14;10;0
54436;2806;389;10;14;10;0
54437;3046;389;10;14;10;0
54438;3034;389;10;14;10;0
54439;3022;389;10;14;10;0
54440;3010;389;10;14;10;0
54441;2998;389;10;14;10;0
54442;2986;389;10;14;10;0
54443;2974;389;10;14;10;0
54444;2962;389;10;14;10;0
54445;2950;389;10;14;10;0
54446;3058;389;10;14;10;0
54447;2938;389;10;14;10;0
54448;2914;389;10;14;10;0
54449;2902;389;10;14;10;0
54450;2890;389;10;14;10;0
54451;2878;389;10;14;10;0
54452;2866;389;10;14;10;0
54453;2854;389;10;14;10;0
54454;2842;389;10;14;10;0
54455;2830;389;10;14;10;0
54456;2818;389;10;14;10;0
54457;2530;389;10;14;10;0
54458;2926;389;10;14;10;0
54459;2518;389;10;14;10;0
54460;2362;389;10;14;10;0
54461;2194;389;10;14;10;0
54462;2182;389;10;14;10;0
54463;2170;389;10;14;10;0
54464;2158;389;10;14;10;0
54465;2146;389;10;14;10;0
54466;2134;389;10;14;10;0
54467;2122;389;10;14;10;0
54468;2110;389;10;14;10;0
54469;2098;389;10;14;10;0
54470;2086;389;10;14;10;0
54471;2074;389;10;14;10;0
54472;2062;389;10;14;10;0
54473;2050;389;10;14;10;0
54474;2038;389;10;14;10;0
54475;2026;389;10;14;10;0
54476;2014;389;10;14;10;0
54477;2002;389;10;14;10;0
54478;1990;389;10;14;10;0
54479;1978;389;10;14;10;0
54480;2206;389;10;14;10;0
54481;2218;389;10;14;10;0
54482;2230;389;10;14;10;0
54483;2242;389;10;14;10;0
54484;2482;389;10;14;10;0
54485;2470;389;10;14;10;0
54486;2458;389;10;14;10;0
54487;2446;389;10;14;10;0
54488;2434;389;10;14;10;0
54489;2422;389;10;14;10;0
54490;2410;389;10;14;10;0
54491;2398;389;10;14;10;0
54492;2386;389;10;14;10;0
54493;2494;389;10;14;10;0
54494;2374;389;10;14;10;0
54495;2350;389;10;14;10;0
54496;2338;389;10;14;10;0
54497;2326;389;10;14;10;0
54498;2314;389;10;14;10;0
54499;2302;389;10;14;10;0
54500;2290;389;10;14;10;0
54501;2278;389;10;14;10;0
54502;2266;389;10;14;10;0
54503;2254;389;10;14;10;0
54504;3070;389;10;14;10;0
54505;1226;405;10;14;10;0
54506;1238;405;10;14;10;0
54507;1250;405;10;14;10;0
54508;194;421;10;14;10;0
54509;182;421;10;14;10;0
54510;170;421;10;14;10;0
54511;158;421;10;14;10;0
54512;146;421;10;14;10;0
54513;134;421;10;14;10;0
54514;122;421;10;14;10;0
54515;110;421;10;14;10;0
54516;98;421;10;14;10;0
54517;86;421;10;14;10;0
54518;74;421;10;14;10;0
54519;62;421;10;14;10;0
54520;50;421;10;14;10;0
54521;38;421;10;14;10;0
54522;26;421;10;14;10;0
54523;14;421;10;14;10;0
54524;2;421;10;14;10;0
54525;4082;405;10;14;10;0
54526;4070;405;10;14;10;0
54527;206;421;10;14;10;0
54528;218;421;10;14;10;0
54529;230;421;10;14;10;0
54530;242;421;10;14;10;0
54531;482;421;10;14;10;0
54532;470;421;10;14;10;0
54533;458;421;10;14;10;0
54534;446;421;10;14;10;0
54535;434;421;10;14;10;0
54536;422;421;10;14;10;0
54537;410;421;10;14;10;0
54538;398;421;10;14;10;0
54539;386;421;10;14;10;0
54540;494;421;10;14;10;0
54541;374;421;10;14;10;0
54542;350;421;10;14;10;0
54543;338;421;10;14;10;0
54544;326;421;10;14;10;0
54545;314;421;10;14;10;0
54546;302;421;10;14;10;0
54547;290;421;10;14;10;0
54548;278;421;10;14;10;0
54549;266;421;10;14;10;0
54550;254;421;10;14;10;0
54551;4058;405;10;14;10;0
54552;362;421;10;14;10;0
54553;4046;405;10;14;10;0
54554;3890;405;10;14;10;0
54555;3722;405;10;14;10;0
54556;3710;405;10;14;10;0
54557;3698;405;10;14;10;0
54558;3686;405;10;14;10;0
54559;3674;405;10;14;10;0
54560;3662;405;10;14;10;0
54561;3650;405;10;14;10;0
54562;3638;405;10;14;10;0
54563;3626;405;10;14;10;0
54564;3614;405;10;14;10;0
54565;3602;405;10;14;10;0
54566;3590;405;10;14;10;0
54567;3578;405;10;14;10;0
54568;3566;405;10;14;10;0
54569;3554;405;10;14;10;0
54570;3542;405;10;14;10;0
54571;3530;405;10;14;10;0
54572;3518;405;10;14;10;0
54573;3506;405;10;14;10;0
54574;3734;405;10;14;10;0
54575;3746;405;10;14;10;0
54576;3758;405;10;14;10;0
54577;3770;405;10;14;10;0
54578;4010;405;10;14;10;0
54579;3998;405;10;14;10;0
54580;3986;405;10;14;10;0
54581;3974;405;10;14;10;0
54582;3962;405;10;14;10;0
54583;3950;405;10;14;10;0
54584;3938;405;10;14;10;0
54585;3926;405;10;14;10;0
54586;3914;405;10;14;10;0
54587;4022;405;10;14;10;0
54588;3902;405;10;14;10;0
54589;3878;405;10;14;10;0
54590;3866;405;10;14;10;0
54591;3854;405;10;14;10;0
54592;3842;405;10;14;10;0
54593;3830;405;10;14;10;0
54594;3818;405;10;14;10;0
54595;3806;405;10;14;10;0
54596;3794;405;10;14;10;0
54597;3782;405;10;14;10;0
54598;4034;405;10;14;10;0
54599;518;421;10;14;10;0
54600;1070;421;10;14;10;0
54601;530;421;10;14;10;0
54602;1322;421;10;14;10;0
54603;1310;421;10;14;10;0
54604;1298;421;10;14;10;0
54605;1286;421;10;14;10;0
54606;1274;421;10;14;10;0
54607;1262;421;10;14;10;0
54608;1250;421;10;14;10;0
54609;1238;421;10;14;10;0
54610;1226;421;10;14;10;0
54611;1214;421;10;14;10;0
54612;1202;421;10;14;10;0
54613;1190;421;10;14;10;0
54614;1178;421;10;14;10;0
54615;1166;421;10;14;10;0
54616;1154;421;10;14;10;0
54617;1142;421;10;14;10;0
54618;1130;421;10;14;10;0
54619;1118;421;10;14;10;0
54620;1106;421;10;14;10;0
54621;1334;421;10;14;10;0
54622;1346;421;10;14;10;0
54623;1358;421;10;14;10;0
54624;1370;421;10;14;10;0
54625;1610;421;10;14;10;0
54626;1598;421;10;14;10;0
54627;1586;421;10;14;10;0
54628;1574;421;10;14;10;0
54629;1562;421;10;14;10;0
54630;1550;421;10;14;10;0
54631;1538;421;10;14;10;0
54632;1526;421;10;14;10;0
54633;1514;421;10;14;10;0
54634;1622;421;10;14;10;0
54635;1502;421;10;14;10;0
54636;1478;421;10;14;10;0
54637;1466;421;10;14;10;0
54638;1454;421;10;14;10;0
54639;1442;421;10;14;10;0
54640;1430;421;10;14;10;0
54641;1418;421;10;14;10;0
54642;1406;421;10;14;10;0
54643;1394;421;10;14;10;0
54644;1382;421;10;14;10;0
54645;1094;421;10;14;10;0
54646;1490;421;10;14;10;0
54647;1082;421;10;14;10;0
54648;926;421;10;14;10;0
54649;758;421;10;14;10;0
54650;746;421;10;14;10;0
54651;734;421;10;14;10;0
54652;722;421;10;14;10;0
54653;710;421;10;14;10;0
54654;698;421;10;14;10;0
54655;686;421;10;14;10;0
54656;674;421;10;14;10;0
54657;662;421;10;14;10;0
54658;650;421;10;14;10;0
54659;638;421;10;14;10;0
54660;626;421;10;14;10;0
54661;614;421;10;14;10;0
54662;602;421;10;14;10;0
54663;590;421;10;14;10;0
54664;578;421;10;14;10;0
54665;566;421;10;14;10;0
54666;554;421;10;14;10;0
54667;542;421;10;14;10;0
54668;770;421;10;14;10;0
54669;782;421;10;14;10;0
54670;794;421;10;14;10;0
54671;806;421;10;14;10;0
54672;1046;421;10;14;10;0
54673;1034;421;10;14;10;0
54674;1022;421;10;14;10;0
54675;1010;421;10;14;10;0
54676;998;421;10;14;10;0
54677;986;421;10;14;10;0
54678;974;421;10;14;10;0
54679;962;421;10;14;10;0
54680;950;421;10;14;10;0
54681;1058;421;10;14;10;0
54682;938;421;10;14;10;0
54683;914;421;10;14;10;0
54684;902;421;10;14;10;0
54685;890;421;10;14;10;0
54686;878;421;10;14;10;0
54687;866;421;10;14;10;0
54688;854;421;10;14;10;0
54689;842;421;10;14;10;0
54690;830;421;10;14;10;0
54691;818;421;10;14;10;0
54692;3494;405;10;14;10;0
54693;3482;405;10;14;10;0
54694;3470;405;10;14;10;0
54695;2906;405;10;14;10;0
54696;2030;405;10;14;10;0
54697;2018;405;10;14;10;0
54698;2006;405;10;14;10;0
54699;1994;405;10;14;10;0
54700;1982;405;10;14;10;0
54701;1970;405;10;14;10;0
54702;1958;405;10;14;10;0
54703;1946;405;10;14;10;0
54704;1934;405;10;14;10;0
54705;1922;405;10;14;10;0
54706;1910;405;10;14;10;0
54707;1898;405;10;14;10;0
54708;1886;405;10;14;10;0
54709;1874;405;10;14;10;0
54710;1862;405;10;14;10;0
54711;1850;405;10;14;10;0
54712;1838;405;10;14;10;0
54713;1826;405;10;14;10;0
54714;1814;405;10;14;10;0
54715;2042;405;10;14;10;0
54716;2054;405;10;14;10;0
54717;2066;405;10;14;10;0
54718;2078;405;10;14;10;0
54719;2318;405;10;14;10;0
54720;2306;405;10;14;10;0
54721;2294;405;10;14;10;0
54722;2282;405;10;14;10;0
54723;2270;405;10;14;10;0
54724;2258;405;10;14;10;0
54725;2246;405;10;14;10;0
54726;2234;405;10;14;10;0
54727;2222;405;10;14;10;0
54728;2330;405;10;14;10;0
54729;2210;405;10;14;10;0
54730;2186;405;10;14;10;0
54731;2174;405;10;14;10;0
54732;2162;405;10;14;10;0
54733;2150;405;10;14;10;0
54734;2138;405;10;14;10;0
54735;2126;405;10;14;10;0
54736;2114;405;10;14;10;0
54737;2102;405;10;14;10;0
54738;2090;405;10;14;10;0
54739;1802;405;10;14;10;0
54740;1790;405;10;14;10;0
54741;1778;405;10;14;10;0
54742;1502;405;10;14;10;0
54743;1478;405;10;14;10;0
54744;1466;405;10;14;10;0
54745;1454;405;10;14;10;0
54746;1442;405;10;14;10;0
54747;1430;405;10;14;10;0
54748;1418;405;10;14;10;0
54749;1406;405;10;14;10;0
54750;1394;405;10;14;10;0
54751;1382;405;10;14;10;0
54752;1370;405;10;14;10;0
54753;1358;405;10;14;10;0
54754;1346;405;10;14;10;0
54755;1334;405;10;14;10;0
54756;1322;405;10;14;10;0
54757;1310;405;10;14;10;0
54758;1298;405;10;14;10;0
54759;1286;405;10;14;10;0
54760;1274;405;10;14;10;0
54761;1262;405;10;14;10;0
54762;1490;405;10;14;10;0
54763;1514;405;10;14;10;0
54764;1766;405;10;14;10;0
54765;1526;405;10;14;10;0
54766;1754;405;10;14;10;0
54767;1742;405;10;14;10;0
54768;1730;405;10;14;10;0
54769;1718;405;10;14;10;0
54770;1706;405;10;14;10;0
54771;1694;405;10;14;10;0
54772;1682;405;10;14;10;0
54773;1670;405;10;14;10;0
54774;1658;405;10;14;10;0
54775;1646;405;10;14;10;0
54776;1634;405;10;14;10;0
54777;1622;405;10;14;10;0
54778;1610;405;10;14;10;0
54779;1598;405;10;14;10;0
54780;1586;405;10;14;10;0
54781;1574;405;10;14;10;0
54782;1562;405;10;14;10;0
54783;1550;405;10;14;10;0
54784;1538;405;10;14;10;0
54785;2198;405;10;14;10;0
54786;2342;405;10;14;10;0
54787;2354;405;10;14;10;0
54788;2366;405;10;14;10;0
54789;3158;405;10;14;10;0
54790;3146;405;10;14;10;0
54791;3134;405;10;14;10;0
54792;3122;405;10;14;10;0
54793;3110;405;10;14;10;0
54794;3098;405;10;14;10;0
54795;3086;405;10;14;10;0
54796;3074;405;10;14;10;0
54797;3062;405;10;14;10;0
54798;3050;405;10;14;10;0
54799;3038;405;10;14;10;0
54800;3026;405;10;14;10;0
54801;3014;405;10;14;10;0
54802;3002;405;10;14;10;0
54803;2990;405;10;14;10;0
54804;2978;405;10;14;10;0
54805;2966;405;10;14;10;0
54806;2954;405;10;14;10;0
54807;2942;405;10;14;10;0
54808;3170;405;10;14;10;0
54809;3182;405;10;14;10;0
54810;3194;405;10;14;10;0
54811;3206;405;10;14;10;0
54812;3446;405;10;14;10;0
54813;3434;405;10;14;10;0
54814;3422;405;10;14;10;0
54815;3410;405;10;14;10;0
54816;3398;405;10;14;10;0
54817;3386;405;10;14;10;0
54818;3374;405;10;14;10;0
54819;3362;405;10;14;10;0
54820;3350;405;10;14;10;0
54821;3458;405;10;14;10;0
54822;3338;405;10;14;10;0
54823;3314;405;10;14;10;0
54824;3302;405;10;14;10;0
54825;3290;405;10;14;10;0
54826;3278;405;10;14;10;0
54827;3266;405;10;14;10;0
54828;3254;405;10;14;10;0
54829;3242;405;10;14;10;0
54830;3230;405;10;14;10;0
54831;3218;405;10;14;10;0
54832;2930;405;10;14;10;0
54833;3326;405;10;14;10;0
54834;2918;405;10;14;10;0
54835;2762;405;10;14;10;0
54836;2594;405;10;14;10;0
54837;2582;405;10;14;10;0
54838;2570;405;10;14;10;0
54839;2558;405;10;14;10;0
54840;2546;405;10;14;10;0
54841;2534;405;10;14;10;0
54842;2522;405;10;14;10;0
54843;2510;405;10;14;10;0
54844;2498;405;10;14;10;0
54845;2486;405;10;14;10;0
54846;2474;405;10;14;10;0
54847;2462;405;10;14;10;0
54848;2450;405;10;14;10;0
54849;2438;405;10;14;10;0
54850;2426;405;10;14;10;0
54851;2414;405;10;14;10;0
54852;2402;405;10;14;10;0
54853;2390;405;10;14;10;0
54854;2378;405;10;14;10;0
54855;2606;405;10;14;10;0
54856;2618;405;10;14;10;0
54857;2630;405;10;14;10;0
54858;2642;405;10;14;10;0
54859;2882;405;10;14;10;0
54860;2870;405;10;14;10;0
54861;2858;405;10;14;10;0
54862;2846;405;10;14;10;0
54863;2834;405;10;14;10;0
54864;2822;405;10;14;10;0
54865;2810;405;10;14;10;0
54866;2798;405;10;14;10;0
54867;2786;405;10;14;10;0
54868;2894;405;10;14;10;0
54869;2774;405;10;14;10;0
54870;2750;405;10;14;10;0
54871;2738;405;10;14;10;0
54872;2726;405;10;14;10;0
54873;2714;405;10;14;10;0
54874;2702;405;10;14;10;0
54875;2690;405;10;14;10;0
54876;2678;405;10;14;10;0
54877;2666;405;10;14;10;0
54878;2654;405;10;14;10;0
54879;850;389;10;14;10;0
54880;838;389;10;14;10;0
54881;826;389;10;14;10;0
54882;818;373;10;14;10;0
54883;3470;357;10;14;10;0
54884;3458;357;10;14;10;0
54885;3446;357;10;14;10;0
54886;3434;357;10;14;10;0
54887;3422;357;10;14;10;0
54888;3410;357;10;14;10;0
54889;3398;357;10;14;10;0
54890;3386;357;10;14;10;0
54891;3374;357;10;14;10;0
54892;3362;357;10;14;10;0
54893;3350;357;10;14;10;0
54894;3338;357;10;14;10;0
54895;3326;357;10;14;10;0
54896;3314;357;10;14;10;0
54897;3302;357;10;14;10;0
54898;3290;357;10;14;10;0
54899;3278;357;10;14;10;0
54900;3266;357;10;14;10;0
54901;3254;357;10;14;10;0
54902;3482;357;10;14;10;0
54903;3494;357;10;14;10;0
54904;3506;357;10;14;10;0
54905;3518;357;10;14;10;0
54906;3758;357;10;14;10;0
54907;3746;357;10;14;10;0
54908;3734;357;10;14;10;0
54909;3722;357;10;14;10;0
54910;3710;357;10;14;10;0
54911;3698;357;10;14;10;0
54912;3686;357;10;14;10;0
54913;3674;357;10;14;10;0
54914;3662;357;10;14;10;0
54915;3770;357;10;14;10;0
54916;3650;357;10;14;10;0
54917;3626;357;10;14;10;0
54918;3614;357;10;14;10;0
54919;3602;357;10;14;10;0
54920;3590;357;10;14;10;0
54921;3578;357;10;14;10;0
54922;3566;357;10;14;10;0
54923;3554;357;10;14;10;0
54924;3542;357;10;14;10;0
54925;3530;357;10;14;10;0
54926;3242;357;10;14;10;0
54927;3230;357;10;14;10;0
54928;3218;357;10;14;10;0
54929;2942;357;10;14;10;0
54930;2918;357;10;14;10;0
54931;2906;357;10;14;10;0
54932;2894;357;10;14;10;0
54933;2882;357;10;14;10;0
54934;2870;357;10;14;10;0
54935;2858;357;10;14;10;0
54936;2846;357;10;14;10;0
54937;2834;357;10;14;10;0
54938;2822;357;10;14;10;0
54939;2810;357;10;14;10;0
54940;2798;357;10;14;10;0
54941;2786;357;10;14;10;0
54942;2774;357;10;14;10;0
54943;2762;357;10;14;10;0
54944;2750;357;10;14;10;0
54945;2738;357;10;14;10;0
54946;2726;357;10;14;10;0
54947;2714;357;10;14;10;0
54948;2702;357;10;14;10;0
54949;2930;357;10;14;10;0
54950;2954;357;10;14;10;0
54951;3206;357;10;14;10;0
54952;2966;357;10;14;10;0
54953;3194;357;10;14;10;0
54954;3182;357;10;14;10;0
54955;3170;357;10;14;10;0
54956;3158;357;10;14;10;0
54957;3146;357;10;14;10;0
54958;3134;357;10;14;10;0
54959;3122;357;10;14;10;0
54960;3110;357;10;14;10;0
54961;3098;357;10;14;10;0
54962;3086;357;10;14;10;0
54963;3074;357;10;14;10;0
54964;3062;357;10;14;10;0
54965;3050;357;10;14;10;0
54966;3038;357;10;14;10;0
54967;3026;357;10;14;10;0
54968;3014;357;10;14;10;0
54969;3002;357;10;14;10;0
54970;2990;357;10;14;10;0
54971;2978;357;10;14;10;0
54972;3638;357;10;14;10;0
54973;3782;357;10;14;10;0
54974;3794;357;10;14;10;0
54975;3806;357;10;14;10;0
54976;506;373;10;14;10;0
54977;494;373;10;14;10;0
54978;482;373;10;14;10;0
54979;470;373;10;14;10;0
54980;458;373;10;14;10;0
54981;446;373;10;14;10;0
54982;434;373;10;14;10;0
54983;422;373;10;14;10;0
54984;410;373;10;14;10;0
54985;398;373;10;14;10;0
54986;386;373;10;14;10;0
54987;374;373;10;14;10;0
54988;362;373;10;14;10;0
54989;350;373;10;14;10;0
54990;338;373;10;14;10;0
54991;326;373;10;14;10;0
54992;314;373;10;14;10;0
54993;302;373;10;14;10;0
54994;290;373;10;14;10;0
54995;518;373;10;14;10;0
54996;530;373;10;14;10;0
54997;542;373;10;14;10;0
54998;554;373;10;14;10;0
54999;794;373;10;14;10;0
55000;782;373;10;14;10;0
55001;770;373;10;14;10;0
55002;758;373;10;14;10;0
55003;746;373;10;14;10;0
55004;734;373;10;14;10;0
55005;722;373;10;14;10;0
55006;710;373;10;14;10;0
55007;698;373;10;14;10;0
55008;806;373;10;14;10;0
55009;686;373;10;14;10;0
55010;662;373;10;14;10;0
55011;650;373;10;14;10;0
55012;638;373;10;14;10;0
55013;626;373;10;14;10;0
55014;614;373;10;14;10;0
55015;602;373;10;14;10;0
55016;590;373;10;14;10;0
55017;578;373;10;14;10;0
55018;566;373;10;14;10;0
55019;278;373;10;14;10;0
55020;674;373;10;14;10;0
55021;266;373;10;14;10;0
55022;110;373;10;14;10;0
55023;4034;357;10;14;10;0
55024;4022;357;10;14;10;0
55025;4010;357;10;14;10;0
55026;3998;357;10;14;10;0
55027;3986;357;10;14;10;0
55028;3974;357;10;14;10;0
55029;3962;357;10;14;10;0
55030;3950;357;10;14;10;0
55031;3938;357;10;14;10;0
55032;3926;357;10;14;10;0
55033;3914;357;10;14;10;0
55034;3902;357;10;14;10;0
55035;3890;357;10;14;10;0
55036;3878;357;10;14;10;0
55037;3866;357;10;14;10;0
55038;3854;357;10;14;10;0
55039;3842;357;10;14;10;0
55040;3830;357;10;14;10;0
55041;3818;357;10;14;10;0
55042;4046;357;10;14;10;0
55043;4058;357;10;14;10;0
55044;4070;357;10;14;10;0
55045;4082;357;10;14;10;0
55046;230;373;10;14;10;0
55047;218;373;10;14;10;0
55048;206;373;10;14;10;0
55049;194;373;10;14;10;0
55050;182;373;10;14;10;0
55051;170;373;10;14;10;0
55052;158;373;10;14;10;0
55053;146;373;10;14;10;0
55054;134;373;10;14;10;0
55055;242;373;10;14;10;0
55056;122;373;10;14;10;0
55057;98;373;10;14;10;0
55058;86;373;10;14;10;0
55059;74;373;10;14;10;0
55060;62;373;10;14;10;0
55061;50;373;10;14;10;0
55062;38;373;10;14;10;0
55063;26;373;10;14;10;0
55064;14;373;10;14;10;0
55065;2;373;10;14;10;0
55066;2690;357;10;14;10;0
55067;254;373;10;14;10;0
55068;2678;357;10;14;10;0
55069;2102;357;10;14;10;0
55070;1250;357;10;14;10;0
55071;1238;357;10;14;10;0
55072;1226;357;10;14;10;0
55073;1214;357;10;14;10;0
55074;1202;357;10;14;10;0
55075;1190;357;10;14;10;0
55076;1178;357;10;14;10;0
55077;1166;357;10;14;10;0
55078;1154;357;10;14;10;0
55079;1142;357;10;14;10;0
55080;1130;357;10;14;10;0
55081;1118;357;10;14;10;0
55082;1106;357;10;14;10;0
55083;1094;357;10;14;10;0
55084;1082;357;10;14;10;0
55085;1070;357;10;14;10;0
55086;1058;357;10;14;10;0
55087;1046;357;10;14;10;0
55088;1034;357;10;14;10;0
55089;1262;357;10;14;10;0
55090;1274;357;10;14;10;0
55091;1286;357;10;14;10;0
55092;1298;357;10;14;10;0
55093;1538;357;10;14;10;0
55094;1526;357;10;14;10;0
55095;1514;357;10;14;10;0
55096;1502;357;10;14;10;0
55097;1490;357;10;14;10;0
55098;1478;357;10;14;10;0
55099;1466;357;10;14;10;0
55100;1454;357;10;14;10;0
55101;1442;357;10;14;10;0
55102;1550;357;10;14;10;0
55103;1430;357;10;14;10;0
55104;1406;357;10;14;10;0
55105;1394;357;10;14;10;0
55106;1382;357;10;14;10;0
55107;1370;357;10;14;10;0
55108;1358;357;10;14;10;0
55109;1346;357;10;14;10;0
55110;1334;357;10;14;10;0
55111;1322;357;10;14;10;0
55112;1310;357;10;14;10;0
55113;1022;357;10;14;10;0
55114;1010;357;10;14;10;0
55115;998;357;10;14;10;0
55116;722;357;10;14;10;0
55117;698;357;10;14;10;0
55118;686;357;10;14;10;0
55119;674;357;10;14;10;0
55120;662;357;10;14;10;0
55121;650;357;10;14;10;0
55122;638;357;10;14;10;0
55123;626;357;10;14;10;0
55124;614;357;10;14;10;0
55125;602;357;10;14;10;0
55126;590;357;10;14;10;0
55127;578;357;10;14;10;0
55128;566;357;10;14;10;0
55129;554;357;10;14;10;0
55130;542;357;10;14;10;0
55131;530;357;10;14;10;0
55132;518;357;10;14;10;0
55133;506;357;10;14;10;0
55134;494;357;10;14;10;0
55135;482;357;10;14;10;0
55136;710;357;10;14;10;0
55137;734;357;10;14;10;0
55138;986;357;10;14;10;0
55139;746;357;10;14;10;0
55140;974;357;10;14;10;0
55141;962;357;10;14;10;0
55142;950;357;10;14;10;0
55143;938;357;10;14;10;0
55144;926;357;10;14;10;0
55145;914;357;10;14;10;0
55146;902;357;10;14;10;0
55147;890;357;10;14;10;0
55148;878;357;10;14;10;0
55149;866;357;10;14;10;0
55150;854;357;10;14;10;0
55151;842;357;10;14;10;0
55152;830;357;10;14;10;0
55153;818;357;10;14;10;0
55154;806;357;10;14;10;0
55155;794;357;10;14;10;0
55156;782;357;10;14;10;0
55157;770;357;10;14;10;0
55158;758;357;10;14;10;0
55159;1418;357;10;14;10;0
55160;1562;357;10;14;10;0
55161;1574;357;10;14;10;0
55162;1586;357;10;14;10;0
55163;2354;357;10;14;10;0
55164;2342;357;10;14;10;0
55165;2330;357;10;14;10;0
55166;2318;357;10;14;10;0
55167;2306;357;10;14;10;0
55168;2294;357;10;14;10;0
55169;2282;357;10;14;10;0
55170;2270;357;10;14;10;0
55171;2258;357;10;14;10;0
55172;2246;357;10;14;10;0
55173;2234;357;10;14;10;0
55174;2222;357;10;14;10;0
55175;2210;357;10;14;10;0
55176;2198;357;10;14;10;0
55177;2186;357;10;14;10;0
55178;2174;357;10;14;10;0
55179;2162;357;10;14;10;0
55180;2150;357;10;14;10;0
55181;2138;357;10;14;10;0
55182;2366;357;10;14;10;0
55183;2378;357;10;14;10;0
55184;2390;357;10;14;10;0
55185;2402;357;10;14;10;0
55186;2642;357;10;14;10;0
55187;2630;357;10;14;10;0
55188;2618;357;10;14;10;0
55189;2606;357;10;14;10;0
55190;2594;357;10;14;10;0
55191;2582;357;10;14;10;0
55192;2570;357;10;14;10;0
55193;2558;357;10;14;10;0
55194;2546;357;10;14;10;0
55195;2654;357;10;14;10;0
55196;2534;357;10;14;10;0
55197;2510;357;10;14;10;0
55198;2498;357;10;14;10;0
55199;2486;357;10;14;10;0
55200;2474;357;10;14;10;0
55201;2462;357;10;14;10;0
55202;2450;357;10;14;10;0
55203;2438;357;10;14;10;0
57344;2426;357;10;14;10;0
57345;2414;357;10;14;10;0
57346;2126;357;10;14;10;0
57347;2522;357;10;14;10;0
57348;2114;357;10;14;10;0
57349;1958;357;10;14;10;0
57350;1796;357;10;14;10;0
57351;1784;357;10;14;10;0
57352;1772;357;10;14;10;0
57353;1760;357;10;14;10;0
57354;1748;357;10;14;10;0
57355;1736;357;10;14;10;0
57356;1724;357;10;14;10;0
57357;1712;357;10;14;10;0
57360;1700;357;10;14;10;0
57361;1688;357;10;14;10;0
57362;1676;357;10;14;10;0
57363;1664;357;10;14;10;0
57364;1652;357;10;14;10;0
57365;1640;357;10;14;10;0
57366;1628;357;10;14;10;0
57367;1616;357;10;14;10;0
57368;1610;357;4;14;4;0
57369;1604;357;4;14;4;0
57370;1598;357;4;14;4;0
57371;1808;357;4;14;4;0
57376;1814;357;10;14;10;0
57377;1826;357;10;14;10;0
57378;1838;357;10;14;10;0
57379;2078;357;10;14;10;0
57380;2066;357;10;14;10;0
57381;2054;357;10;14;10;0
57382;2042;357;10;14;10;0
57383;2030;357;10;14;10;0
57384;2018;357;10;14;10;0
57385;2006;357;10;14;10;0
57386;1994;357;10;14;10;0
57387;1982;357;10;14;10;0
57388;2090;357;10;14;10;0
57389;1970;357;10;14;10;0
57390;1946;357;10;14;10;0
57392;1934;357;10;14;10;0
57393;1922;357;10;14;10;0
57394;1910;357;10;14;10;0
57395;1898;357;10;14;10;0
57396;1886;357;10;14;10;0
57397;1874;357;10;14;10;0
57398;1862;357;10;14;10;0
57399;1850;357;10;14;10;0
57400;2666;357;10;14;10;0
57401;830;373;10;14;10;0
57402;2712;373;10;14;10;0
57403;842;373;10;14;10;0
57404;3510;373;10;14;10;0
57405;3498;373;10;14;10;0
57408;3486;373;10;14;10;0
57409;3474;373;10;14;10;0
57410;3462;373;10;14;10;0
57411;3450;373;10;14;10;0
57412;3438;373;10;14;10;0
57413;3426;373;10;14;10;0
57414;3414;373;10;14;10;0
57415;3402;373;10;14;10;0
57416;3390;373;10;14;10;0
57417;3378;373;10;14;10;0
57418;3366;373;10;14;10;0
57419;3354;373;10;14;10;0
57420;3342;373;10;14;10;0
57421;3330;373;10;14;10;0
57422;3318;373;10;14;10;0
57423;3306;373;10;14;10;0
57424;3294;373;10;14;10;0
57425;3522;373;10;14;10;0
57426;3534;373;10;14;10;0
57427;3546;373;10;14;10;0
57428;3558;373;10;14;10;0
57429;3780;373;10;14;10;0
57430;3768;373;10;14;10;0
57431;3756;373;10;14;10;0
57432;3744;373;10;14;10;0
57433;3732;373;10;14;10;0
57434;3720;373;10;14;10;0
57435;3708;373;10;14;10;0
57436;3696;373;10;14;10;0
57437;3684;373;10;14;10;0
57440;3792;373;10;14;10;0
57441;3672;373;10;14;10;0
57442;3648;373;10;14;10;0
57443;3636;373;10;14;10;0
57444;3624;373;10;14;10;0
57445;3612;373;10;14;10;0
57446;3600;373;10;14;10;0
57447;3588;373;10;14;10;0
57448;3582;373;4;14;4;0
57449;3576;373;4;14;4;0
57450;3570;373;4;14;4;0
57451;3288;373;4;14;4;0
57456;3276;373;10;14;10;0
57457;3264;373;10;14;10;0
57458;2988;373;10;14;10;0
57459;2964;373;10;14;10;0
57460;2952;373;10;14;10;0
57461;2940;373;10;14;10;0
57462;2928;373;10;14;10;0
57463;2916;373;10;14;10;0
57464;2904;373;10;14;10;0
57465;2892;373;10;14;10;0
57466;2880;373;10;14;10;0
57467;2868;373;10;14;10;0
57468;2856;373;10;14;10;0
57469;2844;373;10;14;10;0
57470;2832;373;10;14;10;0
57472;2820;373;10;14;10;0
57473;2808;373;10;14;10;0
57474;2796;373;10;14;10;0
57475;2784;373;10;14;10;0
57476;2772;373;10;14;10;0
57477;2760;373;10;14;10;0
57478;2748;373;10;14;10;0
57479;2976;373;10;14;10;0
57480;3000;373;10;14;10;0
57481;3252;373;10;14;10;0
57482;3012;373;10;14;10;0
57483;3240;373;10;14;10;0
57484;3228;373;10;14;10;0
57485;3216;373;10;14;10;0
57488;3204;373;10;14;10;0
57489;3192;373;10;14;10;0
57490;3180;373;10;14;10;0
57491;3168;373;10;14;10;0
57492;3156;373;10;14;10;0
57493;3144;373;10;14;10;0
57494;3132;373;10;14;10;0
57495;3120;373;10;14;10;0
57496;3108;373;10;14;10;0
57497;3096;373;10;14;10;0
57498;3084;373;10;14;10;0
57499;3072;373;10;14;10;0
57500;3060;373;10;14;10;0
57501;3048;373;10;14;10;0
57502;3036;373;10;14;10;0
57503;3024;373;10;14;10;0
57504;3660;373;10;14;10;0
57505;3804;373;10;14;10;0
57506;3816;373;10;14;10;0
57507;3828;373;10;14;10;0
57508;530;389;10;14;10;0
57509;518;389;10;14;10;0
57520;506;389;10;14;10;0
57521;494;389;10;14;10;0
57522;482;389;10;14;10;0
57523;470;389;10;14;10;0
57524;458;389;10;14;10;0
57525;446;389;10;14;10;0
57536;434;389;10;14;10;0
57537;422;389;10;14;10;0
57538;410;389;10;14;10;0
57539;398;389;10;14;10;0
57540;386;389;10;14;10;0
57541;374;389;10;14;10;0
57542;362;389;10;14;10;0
57543;350;389;10;14;10;0
57544;338;389;10;14;10;0
57545;326;389;10;14;10;0
57546;314;389;10;14;10;0
57547;542;389;10;14;10;0
57552;554;389;10;14;10;0
57553;566;389;10;14;10;0
57554;578;389;10;14;10;0
57555;806;389;10;14;10;0
57556;794;389;10;14;10;0
57557;782;389;10;14;10;0
57558;770;389;10;14;10;0
57559;758;389;10;14;10;0
57560;746;389;10;14;10;0
57561;734;389;10;14;10;0
57562;722;389;10;14;10;0
57563;710;389;10;14;10;0
61440;818;389;6;14;6;0
61441;702;389;6;14;6;0
61444;682;389;6;14;6;0
61447;674;389;6;14;6;0
61472;662;389;10;14;10;0
61473;650;389;10;14;10;0
61474;638;389;10;14;10;0
61475;626;389;10;14;10;0
61476;614;389;10;14;10;0
61477;602;389;10;14;10;0
61478;590;389;10;14;10;0
61479;302;389;10;14;10;0
61480;690;389;10;14;10;0
61481;290;389;10;14;10;0
61482;134;389;10;14;10;0
61488;4056;373;10;14;10;0
61489;4044;373;10;14;10;0
61490;4032;373;10;14;10;0
61491;4020;373;10;14;10;0
61492;4008;373;10;14;10;0
61493;3996;373;10;14;10;0
61494;3984;373;10;14;10;0
61495;3972;373;10;14;10;0
61496;3960;373;10;14;10;0
61497;3948;373;10;14;10;0
61498;3936;373;10;14;10;0
61499;3924;373;10;14;10;0
61500;3912;373;10;14;10;0
61501;3900;373;10;14;10;0
63743;3888;373;10;14;10;0
65040;3876;373;10;14;10;0
65041;3864;373;10;14;10;0
65042;3852;373;10;14;10;0
65043;3840;373;10;14;10;0
65044;4068;373;10;14;10;0
65045;4080;373;10;14;10;0
65046;2;389;10;14;10;0
65047;14;389;10;14;10;0
65048;254;389;10;14;10;0
65049;242;389;10;14;10;0
65072;230;389;10;14;10;0
65073;218;389;10;14;10;0
65074;206;389;10;14;10;0
65075;194;389;10;14;10;0
65076;182;389;10;14;10;0
65077;170;389;10;14;10;0
65078;158;389;10;14;10;0
65079;266;389;10;14;10;0
65080;146;389;10;14;10;0
65081;122;389;10;14;10;0
65082;110;389;10;14;10;0
65083;98;389;10;14;10;0
65084;86;389;10;14;10;0
65085;74;389;10;14;10;0
65086;62;389;10;14;10;0
65087;50;389;10;14;10;0
65088;38;389;10;14;10;0
65089;26;389;10;14;10;0
65090;2736;373;10;14;10;0
65091;278;389;10;14;10;0
65092;2724;373;10;14;10;0
65093;2313;373;10;14;10;0
65094;1622;373;10;14;10;0
65095;1610;373;10;14;10;0
65096;1598;373;10;14;10;0
65097;1586;373;10;14;10;0
65098;1574;373;10;14;10;0
65099;1562;373;10;14;10;0
65100;1550;373;10;14;10;0
65101;1538;373;10;14;10;0
65102;1526;373;10;14;10;0
65103;1514;373;10;14;10;0
65281;1502;373;10;14;10;0
65282;1490;373;10;14;10;0
65283;1478;373;10;14;10;0
65284;1466;373;10;14;10;0
65285;1454;373;10;14;10;0
65286;1442;373;10;14;10;0
65287;1430;373;10;14;10;0
65288;1418;373;10;14;10;0
65289;1406;373;10;14;10;0
65290;1634;373;10;14;10;0
65291;1646;373;10;14;10;0
65292;1658;373;10;14;10;0
65293;1670;373;10;14;10;0
65294;1910;373;10;14;10;0
65295;1898;373;10;14;10;0
65296;1886;373;10;14;10;0
65297;1874;373;10;14;10;0
65298;1862;373;10;14;10;0
65299;1850;373;10;14;10;0
65300;1838;373;10;14;10;0
65301;1826;373;10;14;10;0
65302;1814;373;10;14;10;0
65303;1922;373;10;14;10;0
65304;1802;373;10;14;10;0
65305;1778;373;10;14;10;0
65306;1766;373;10;14;10;0
65307;1754;373;10;14;10;0
65308;1742;373;10;14;10;0
65309;1730;373;10;14;10;0
65310;1718;373;10;14;10;0
65311;1706;373;10;14;10;0
65312;1694;373;10;14;10;0
65313;1682;373;10;14;10;0
65314;1394;373;10;14;10;0
65315;1382;373;10;14;10;0
65316;1370;373;10;14;10;0
65317;1094;373;10;14;10;0
65318;1070;373;10;14;10;0
65319;1058;373;10;14;10;0
65320;1046;373;10;14;10;0
65321;1034;373;10;14;10;0
65322;1022;373;10;14;10;0
65323;1010;373;10;14;10;0
65324;998;373;10;14;10;0
65325;986;373;10;14;10;0
65326;974;373;10;14;10;0
65327;962;373;10;14;10;0
65328;950;373;10;14;10;0
65329;938;373;10;14;10;0
65330;926;373;10;14;10;0
65331;914;373;10;14;10;0
65332;902;373;10;14;10;0
65333;890;373;10;14;10;0
65334;878;373;10;14;10;0
65335;866;373;10;14;10;0
65336;854;373;10;14;10;0
65337;1082;373;10;14;10;0
65338;1106;373;10;14;10;0
65339;1358;373;10;14;10;0
65340;1118;373;10;14;10;0
65341;1346;373;10;14;10;0
65342;1334;373;10;14;10;0
65343;1322;373;10;14;10;0
65344;1310;373;10;14;10;0
65345;1298;373;10;14;10;0
65346;1286;373;10;14;10;0
65347;1274;373;10;14;10;0
65348;1262;373;10;14;10;0
65349;1250;373;10;14;10;0
65350;1238;373;10;14;10;0
65351;1226;373;10;14;10;0
65352;1214;373;10;14;10;0
65353;1202;373;10;14;10;0
65354;1190;373;10;14;10;0
65355;1178;373;10;14;10;0
65356;1166;373;10;14;10;0
65357;1154;373;10;14;10;0
65358;1142;373;10;14;10;0
65359;1130;373;10;14;10;0
65360;1790;373;10;14;10;0
65361;1934;373;10;14;10;0
65362;1946;373;10;14;10;0
65363;1958;373;10;14;10;0
65364;2525;373;10;14;10;0
65365;2513;373;10;14;10;0
65366;2501;373;10;14;10;0
65367;2489;373;10;14;10;0
65368;2477;373;10;14;10;0
65369;2465;373;10;14;10;0
65370;2453;373;10;14;10;0
65371;2441;373;10;14;10;0
65372;2429;373;10;14;10;0
65373;2417;373;10;14;10;0
65374;2405;373;10;14;10;0
65375;2393;373;10;14;10;0
65376;2381;373;10;14;10;0
65377;2374;373;5;14;5;0
65378;2367;373;5;14;5;0
65379;2360;373;5;14;5;0
65380;2353;373;5;14;5;0
65381;2346;373;5;14;5;0
65382;2339;373;5;14;5;0
65383;2537;373;5;14;5;0
65384;2544;373;5;14;5;0
65385;2551;373;5;14;5;0
65386;2558;373;5;14;5;0
65387;2698;373;5;14;5;0
65388;2691;373;5;14;5;0
65389;2684;373;5;14;5;0
65390;2677;373;5;14;5;0
65391;2670;373;5;14;5;0
65392;2663;373;5;14;5;0
65393;2656;373;5;14;5;0
65394;2649;373;5;14;5;0
65395;2642;373;5;14;5;0
65396;2705;373;5;14;5;0
65397;2635;373;5;14;5;0
65398;2621;373;5;14;5;0
65399;2614;373;5;14;5;0
65400;2607;373;5;14;5;0
65401;2600;373;5;14;5;0
65402;2593;373;5;14;5;0
65403;2586;373;5;14;5;0
65404;2579;373;5;14;5;0
65405;2572;373;5;14;5;0
65406;2565;373;5;14;5;0
65407;2332;373;5;14;5;0
65408;2628;373;5;14;5;0
65409;2325;373;5;14;5;0
65410;2204;373;5;14;5;0
65411;2096;373;5;14;5;0
65412;2089;373;5;14;5;0
65413;2082;373;5;14;5;0
65414;2075;373;5;14;5;0
65415;2068;373;5;14;5;0
65416;2061;373;5;14;5;0
65417;2054;373;5;14;5;0
65418;2047;373;5;14;5;0
65419;2040;373;5;14;5;0
65420;2033;373;5;14;5;0
65421;2026;373;5;14;5;0
65422;2019;373;5;14;5;0
65423;2012;373;5;14;5;0
65424;2005;373;5;14;5;0
65425;1998;373;5;14;5;0
65426;1991;373;5;14;5;0
65427;1984;373;5;14;5;0
65428;1977;373;5;14;5;0
65429;1970;373;5;14;5;0
65430;2103;373;5;14;5;0
65431;2110;373;5;14;5;0
65432;2117;373;5;14;5;0
65433;2124;373;5;14;5;0
65434;2294;373;5;14;5;0
65435;2287;373;5;14;5;0
65436;2280;373;5;14;5;0
65437;2273;373;5;14;5;0
65438;2266;373;5;14;5;0
65439;2259;373;5;14;5;0
65504;2247;373;10;14;10;0
65505;2235;373;10;14;10;0
65506;2223;373;10;14;10;0
65507;2301;373;10;14;10;0
65508;2211;373;10;14;10;0
65509;2192;373;10;14;10;0
65510;2180;373;10;14;10;0
65512;2173;373;5;14;5;0
65513;2166;373;5;14;5;0
65514;2159;373;5;14;5;0
65515;2152;373;5;14;5;0
65516;2145;373;5;14;5;0
65517;2138;373;5;14;5;0
65518;2131;373;5;14;5;0
65532;1730;933;10;14;10;0
65533;4082;1109;10;14;10;0
