"天王星像素 11Px";10;False;True;0;0;1;1
32;1;1;5;17;5;0
33;63;889;2;17;4;0
34;54;889;7;17;8;0
35;45;889;7;17;8;0
36;36;889;7;17;8;0
37;21;889;13;17;14;0
38;12;889;7;17;8;0
39;7;889;3;17;4;0
40;2;889;3;17;4;0
41;249;870;3;17;4;0
42;67;889;8;17;9;0
43;241;870;6;17;7;0
44;227;870;3;17;4;0
45;219;870;6;17;7;0
46;215;870;2;17;2;0
47;204;870;9;17;10;0
48;195;870;7;17;8;0
49;190;870;3;17;4;0
50;181;870;7;17;8;0
51;172;870;7;17;8;0
52;163;870;7;17;8;0
53;232;870;7;17;8;0
54;77;889;7;17;8;0
55;86;889;7;17;8;0
56;95;889;7;17;8;0
57;25;908;7;17;8;0
58;21;908;2;17;3;0
59;16;908;3;17;4;0
60;10;908;4;17;5;0
61;2;908;6;17;7;0
62;242;889;4;17;5;0
63;233;889;7;17;8;0
64;220;889;11;17;12;0
65;211;889;7;17;8;0
66;202;889;7;17;8;0
67;193;889;7;17;8;0
68;184;889;7;17;8;0
69;175;889;7;17;8;0
70;166;889;7;17;8;0
71;157;889;7;17;8;0
72;148;889;7;17;8;0
73;140;889;6;17;7;0
74;131;889;7;17;8;0
75;122;889;7;17;8;0
76;113;889;7;17;8;0
77;104;889;7;17;8;0
78;154;870;7;17;8;0
79;145;870;7;17;8;0
80;136;870;7;17;8;0
81;187;851;7;17;8;0
82;173;851;7;17;8;0
83;164;851;7;17;8;0
84;156;851;6;17;7;0
85;147;851;7;17;8;0
86;138;851;7;17;8;0
87;129;851;7;17;8;0
88;120;851;7;17;8;0
89;112;851;6;17;7;0
90;103;851;7;17;8;0
91;182;851;3;17;4;0
92;92;851;9;17;10;0
93;78;851;3;17;4;0
94;70;851;6;17;7;0
95;60;851;8;17;9;0
96;54;851;4;17;5;0
97;45;851;7;17;8;0
98;36;851;7;17;8;0
99;27;851;7;17;8;0
100;18;851;7;17;8;0
101;9;851;7;17;8;0
102;83;851;7;17;8;0
103;196;851;7;17;8;0
104;29;870;7;17;8;0
105;205;851;6;17;7;0
106;118;870;7;17;8;0
107;109;870;7;17;8;0
108;100;870;7;17;8;0
109;91;870;7;17;8;0
110;82;870;7;17;8;0
111;73;870;7;17;8;0
112;64;870;7;17;8;0
113;55;870;7;17;8;0
114;46;870;7;17;8;0
115;127;870;7;17;8;0
116;38;870;6;17;7;0
117;20;870;7;17;8;0
118;11;870;7;17;8;0
119;2;870;7;17;8;0
120;246;851;7;17;8;0
121;238;851;6;17;7;0
122;229;851;7;17;8;0
123;223;851;4;17;5;0
124;219;851;3;17;4;0
125;213;851;4;17;5;0
126;34;908;7;17;8;0
164;222;559;7;17;14;1
167;215;559;6;17;14;1
168;210;559;4;17;14;1
176;204;559;5;17;14;1
177;197;559;6;17;14;1
183;194;559;2;17;14;1
215;266;559;6;17;14;1
224;187;559;6;17;14;3
225;176;559;6;17;14;3
232;169;559;6;17;14;3
233;162;559;6;17;14;3
234;155;559;6;17;14;3
236;150;559;4;17;14;4
237;145;559;4;17;14;4
242;138;559;6;17;14;3
243;131;559;6;17;14;3
247;121;559;9;17;14;2
249;114;559;6;17;14;3
250;107;559;6;17;14;3
252;100;559;6;17;14;3
257;273;559;6;17;14;3
275;706;559;6;17;14;3
283;713;559;6;17;14;3
299;720;559;4;17;14;4
324;1516;559;6;17;14;3
328;1509;559;6;17;14;3
333;1502;559;6;17;14;3
363;1495;559;6;17;14;3
462;1488;559;6;17;14;3
464;1483;559;4;17;14;4
466;1476;559;6;17;14;3
468;1469;559;6;17;14;3
470;1462;559;6;17;14;3
472;1455;559;6;17;14;3
474;1448;559;6;17;14;3
476;1441;559;6;17;14;3
593;1523;559;6;17;14;1
609;1434;559;6;17;14;1
711;1415;559;7;17;14;4
713;1408;559;6;17;14;5
913;1397;559;10;17;14;2
914;1388;559;8;17;14;3
915;1379;559;8;17;14;4
916;1368;559;10;17;14;2
917;1358;559;9;17;14;3
918;1349;559;8;17;14;3
919;1338;559;10;17;14;2
920;1327;559;10;17;14;2
921;1322;559;4;17;14;5
922;1312;559;9;17;14;3
923;1423;559;10;17;14;2
924;1540;559;12;17;14;1
925;1673;559;9;17;14;3
926;1553;559;9;17;14;3
927;1808;559;10;17;14;2
928;1797;559;10;17;14;2
929;1788;559;8;17;14;3
931;1777;559;10;17;14;2
932;1766;559;10;17;14;2
933;1755;559;10;17;14;2
934;1746;559;8;17;14;3
935;1735;559;10;17;14;2
936;1722;559;12;17;14;1
937;72;908;7;17;8;0
945;1702;559;8;17;14;3
946;1692;559;9;17;14;2
947;1819;559;9;17;14;3
948;1683;559;8;17;14;3
949;1665;559;7;17;14;3
950;1656;559;8;17;14;3
951;1647;559;8;17;14;3
952;1638;559;8;17;14;3
953;1630;559;7;17;14;4
954;1620;559;9;17;14;2
955;1610;559;9;17;14;3
956;1599;559;10;17;14;2
957;1590;559;8;17;14;3
958;1582;559;7;17;14;4
959;1574;559;7;17;14;3
960;1563;559;10;17;14;2
961;1303;559;8;17;14;3
963;1293;559;9;17;14;3
964;1284;559;8;17;14;3
965;1136;559;9;17;14;2
966;970;559;9;17;14;3
967;63;908;7;17;8;0
968;951;559;9;17;14;3
969;940;559;10;17;14;2
1025;931;559;8;17;14;3
1040;920;559;10;17;14;2
1041;911;559;8;17;14;3
1042;902;559;8;17;14;3
1043;893;559;8;17;14;3
1044;882;559;10;17;14;2
1045;872;559;9;17;14;3
1046;861;559;10;17;14;2
1047;852;559;8;17;14;3
1048;842;559;9;17;14;3
1049;832;559;9;17;14;3
1050;822;559;9;17;14;3
1051;811;559;10;17;14;2
1052;798;559;12;17;14;1
1053;787;559;10;17;14;2
1054;776;559;10;17;14;2
1055;766;559;9;17;14;3
1056;757;559;8;17;14;3
1057;747;559;9;17;14;3
1058;736;559;10;17;14;2
1059;725;559;10;17;14;2
1060;980;559;10;17;14;2
1061;991;559;10;17;14;2
1062;1002;559;10;17;14;2
1063;1013;559;9;17;14;2
1064;1261;559;12;17;14;1
1065;1248;559;12;17;14;1
1066;1237;559;10;17;14;2
1067;1226;559;10;17;14;2
1068;1217;559;8;17;14;3
1069;1208;559;8;17;14;3
1070;1196;559;11;17;14;2
1071;1186;559;9;17;14;3
1072;1178;559;7;17;14;4
1073;1170;559;7;17;14;4
1074;1162;559;7;17;14;4
1075;1154;559;7;17;14;4
1076;1274;559;9;17;14;2
1077;1146;559;7;17;14;4
1078;1125;559;10;17;14;2
1079;1117;559;7;17;14;4
1080;1107;559;9;17;14;3
1081;1097;559;9;17;14;3
1082;1088;559;8;17;14;3
1083;1079;559;8;17;14;3
1084;1068;559;10;17;14;2
1085;1058;559;9;17;14;3
1086;1049;559;8;17;14;3
1087;1040;559;8;17;14;3
1088;1031;559;8;17;14;3
1089;1023;559;7;17;14;3
1090;1913;541;8;17;14;3
1091;1530;559;9;17;14;3
1092;1902;541;10;17;14;2
1093;1596;541;8;17;14;3
1094;380;541;8;17;14;3
1095;371;541;8;17;14;3
1096;360;541;10;17;14;2
1097;348;541;11;17;14;1
1098;339;541;8;17;14;3
1099;329;541;9;17;14;3
1100;321;541;7;17;14;4
1101;313;541;7;17;14;4
1102;302;541;10;17;14;2
1103;293;541;8;17;14;3
1105;285;541;7;17;14;4
8212;273;541;11;17;14;2
8214;267;541;5;17;14;5
8216;263;541;3;17;14;9
8217;259;541;3;17;14;3
8220;252;541;6;17;14;7
8221;245;541;6;17;14;2
8230;233;541;11;17;14;1
8240;219;541;13;17;14;1
8242;215;541;3;17;14;3
8243;209;541;5;17;14;2
8251;197;541;11;17;14;2
8451;185;541;11;17;14;1
8470;172;541;12;17;14;1
8544;167;541;4;17;14;6
8545;389;541;9;17;14;3
8546;399;541;11;17;14;2
8547;411;541;11;17;14;2
8548;423;541;8;17;14;4
8549;694;541;10;17;14;3
8550;682;541;11;17;14;2
8551;669;541;12;17;14;1
8552;657;541;11;17;14;2
8553;647;541;9;17;14;3
8554;635;541;11;17;14;2
8555;622;541;12;17;14;1
8592;609;541;12;17;14;1
8593;602;541;6;17;14;5
8594;589;541;12;17;14;1
8595;582;541;6;17;14;5
8704;54;908;7;17;8;0
8712;705;541;7;17;14;4
8719;563;541;10;17;14;3
8721;542;541;9;17;14;3
8730;529;541;12;17;14;1
8733;516;541;12;17;14;1
8734;503;541;12;17;14;1
8736;492;541;10;17;14;2
8741;487;541;4;17;14;5
8743;476;541;10;17;14;3
8744;465;541;10;17;14;2
8745;456;541;8;17;14;4
8746;446;541;9;17;14;4
8747;439;541;6;17;14;5
8750;432;541;6;17;14;4
8756;157;541;9;17;14;3
8757;552;541;10;17;14;3
8758;154;541;2;17;14;6
8759;2003;523;8;17;14;3
8765;1818;523;12;17;14;1
8776;1805;523;12;17;14;1
8780;1793;523;11;17;14;2
8800;1783;523;9;17;14;3
8801;1773;523;9;17;14;3
8804;1763;523;9;17;14;3
8805;1753;523;9;17;14;4
8814;1742;523;10;17;14;2
8815;1731;523;10;17;14;2
8857;1719;523;11;17;14;2
8869;1708;523;10;17;14;2
8978;1695;523;12;17;14;1
9312;1682;523;12;17;14;1
9313;1669;523;12;17;14;1
9314;1656;523;12;17;14;1
9315;1643;523;12;17;14;1
9316;1630;523;12;17;14;1
9317;1617;523;12;17;14;1
9318;1604;523;12;17;14;1
9319;1591;523;12;17;14;1
9320;1578;523;12;17;14;1
9321;1565;523;12;17;14;1
9332;1552;523;12;17;14;1
9333;1539;523;12;17;14;1
9334;1526;523;12;17;14;1
9335;1831;523;12;17;14;1
9336;1844;523;12;17;14;1
9337;1857;523;12;17;14;1
9338;1870;523;12;17;14;1
9339;118;541;12;17;14;1
9340;105;541;12;17;14;1
9341;92;541;12;17;14;1
9342;79;541;12;17;14;1
9343;66;541;12;17;14;1
9344;53;541;12;17;14;1
9345;40;541;12;17;14;1
9346;27;541;12;17;14;1
9347;14;541;12;17;14;1
9348;1;541;12;17;14;1
9349;2033;523;12;17;14;1
9350;2020;523;12;17;14;1
9351;131;541;12;17;14;1
9352;2012;523;7;17;14;6
9353;1993;523;9;17;14;4
9354;1983;523;9;17;14;4
9355;1973;523;9;17;14;4
9356;1964;523;8;17;14;5
9357;1954;523;9;17;14;4
9358;1944;523;9;17;14;4
9359;1934;523;9;17;14;4
9360;1924;523;9;17;14;4
9361;1914;523;9;17;14;4
9362;1903;523;10;17;14;3
9363;1893;523;9;17;14;4
9364;1883;523;9;17;14;4
9365;144;541;9;17;14;4
9366;713;541;9;17;14;4
9367;723;541;9;17;14;4
9368;733;541;9;17;14;4
9369;1573;541;9;17;14;4
9370;1563;541;9;17;14;4
9371;1552;541;10;17;14;3
9472;1539;541;12;17;14;1
9473;1526;541;12;17;14;1
9474;1523;541;2;17;14;7
9475;1519;541;3;17;14;6
9476;1506;541;12;17;14;1
9477;1493;541;12;17;14;1
9478;1490;541;2;17;14;7
9479;1486;541;3;17;14;6
9480;1473;541;12;17;14;1
9481;1583;541;12;17;14;1
9482;1470;541;2;17;14;7
9483;1458;541;3;17;14;6
9484;1451;541;6;17;14;7
9485;1444;541;6;17;14;7
9486;1437;541;6;17;14;7
9487;1429;541;7;17;14;6
9488;1420;541;8;17;14;1
9489;1411;541;8;17;14;1
9490;1401;541;9;17;14;1
9491;1391;541;9;17;14;1
9492;1384;541;6;17;14;7
9493;1377;541;6;17;14;7
9494;1369;541;7;17;14;6
9495;1462;541;7;17;14;6
9496;1605;541;8;17;14;1
9497;1768;541;8;17;14;1
9498;1614;541;9;17;14;1
9499;1871;541;9;17;14;1
9500;1864;541;6;17;14;7
9501;1857;541;6;17;14;7
9502;1850;541;6;17;14;7
9503;1843;541;6;17;14;7
9504;1835;541;7;17;14;6
9505;1828;541;6;17;14;7
9506;1821;541;6;17;14;7
9507;1814;541;6;17;14;7
9508;1805;541;8;17;14;1
9509;1796;541;8;17;14;1
9510;1787;541;8;17;14;1
9511;1881;541;8;17;14;1
9512;1777;541;9;17;14;1
9513;1759;541;8;17;14;1
9514;1750;541;8;17;14;1
9515;1741;541;8;17;14;1
9516;1728;541;12;17;14;1
9517;1715;541;12;17;14;1
9518;1702;541;12;17;14;1
9519;1689;541;12;17;14;1
9520;1676;541;12;17;14;1
9521;1663;541;12;17;14;1
9522;1650;541;12;17;14;1
9523;1637;541;12;17;14;1
9524;1624;541;12;17;14;1
9525;1356;541;12;17;14;1
9526;1343;541;12;17;14;1
9527;1330;541;12;17;14;1
9528;1205;541;12;17;14;1
9529;1050;541;12;17;14;1
9530;1037;541;12;17;14;1
9531;1024;541;12;17;14;1
9532;1011;541;12;17;14;1
9533;998;541;12;17;14;1
9534;985;541;12;17;14;1
9535;972;541;12;17;14;1
9536;959;541;12;17;14;1
9537;946;541;12;17;14;1
9538;933;541;12;17;14;1
9539;920;541;12;17;14;1
9540;907;541;12;17;14;1
9541;894;541;12;17;14;1
9542;881;541;12;17;14;1
9543;868;541;12;17;14;1
9544;855;541;12;17;14;1
9545;842;541;12;17;14;1
9546;829;541;12;17;14;1
9547;816;541;12;17;14;1
9632;804;541;11;17;14;2
9633;792;541;11;17;14;2
9647;43;908;9;17;16;3
9650;769;541;12;17;14;1
9651;756;541;12;17;14;1
9670;743;541;12;17;14;1
9671;1063;541;12;17;14;1
9675;1076;541;12;17;14;1
9678;1089;541;13;17;14;1
9679;1103;541;12;17;14;1
9733;1311;541;12;17;14;1
9734;1298;541;12;17;14;1
9792;1287;541;10;17;14;2
9794;1278;541;8;17;14;3
12289;1273;541;4;17;14;1
12290;1267;541;5;17;14;4
12291;1261;541;5;17;14;5
12293;1250;541;10;17;14;2
12296;1245;541;4;17;14;9
12297;1240;541;4;17;14;3
12298;1232;541;7;17;14;6
12299;1224;541;7;17;14;1
12300;1324;541;5;17;14;8
12301;1218;541;5;17;14;2
12302;1198;541;6;17;14;7
12303;1191;541;6;17;14;2
12304;1185;541;5;17;14;3
12305;1179;541;5;17;14;3
12307;1168;541;10;17;14;2
12308;1163;541;4;17;14;8
12309;1158;541;4;17;14;3
12310;1151;541;6;17;14;7
12311;1144;541;6;17;14;2
12353;1135;541;8;17;14;3
12354;1124;541;10;17;14;2
12355;1116;541;7;17;14;3
12356;1890;541;11;17;14;1
12357;1842;559;6;17;14;3
12358;755;595;8;17;14;3
12359;1849;559;8;17;14;2
12360;1709;595;10;17;14;2
12361;1700;595;8;17;14;3
12362;1688;595;11;17;14;2
12363;1676;595;11;17;14;2
12364;1664;595;11;17;14;2
12365;1655;595;8;17;14;3
12366;1645;595;9;17;14;3
12367;1638;595;6;17;14;3
12368;1628;595;9;17;14;3
12369;1616;595;11;17;14;2
12370;1604;595;11;17;14;2
12371;1594;595;9;17;14;3
12372;1583;595;10;17;14;2
12373;1574;595;8;17;14;3
12374;1563;595;10;17;14;3
12375;1553;595;9;17;14;2
12376;1543;595;9;17;14;2
12377;1531;595;11;17;14;1
12378;1518;595;12;17;14;1
12379;1505;595;12;17;14;1
12380;1492;595;12;17;14;1
12381;1481;595;10;17;14;2
12382;1469;595;11;17;14;2
12383;1458;595;10;17;14;2
12384;1446;595;11;17;14;2
12385;1720;595;10;17;14;2
12386;1731;595;11;17;14;2
12387;1743;595;7;17;14;3
12388;1751;595;11;17;14;1
12389;12;613;12;17;14;1
12390;1;613;10;17;14;2
12391;2034;595;11;17;14;2
12392;2025;595;8;17;14;3
12393;2014;595;10;17;14;3
12394;2003;595;10;17;14;2
12395;1992;595;10;17;14;2
12396;1980;595;11;17;14;2
12397;1967;595;12;17;14;1
12398;1956;595;10;17;14;2
12399;1944;595;11;17;14;2
12400;1932;595;11;17;14;2
12401;25;613;11;17;14;2
12402;1920;595;11;17;14;2
12403;1896;595;11;17;14;2
12404;1884;595;11;17;14;2
12405;1872;595;11;17;14;2
12406;1860;595;11;17;14;2
12407;1848;595;11;17;14;2
12408;1835;595;12;17;14;1
12409;1822;595;12;17;14;1
12410;1809;595;12;17;14;1
12411;1797;595;11;17;14;2
12412;1785;595;11;17;14;2
12413;1773;595;11;17;14;2
12414;1763;595;9;17;14;3
12415;1434;595;11;17;14;2
12416;1908;595;11;17;14;2
12417;1422;595;11;17;14;2
12418;1236;595;9;17;14;2
12419;1042;595;9;17;14;3
12420;1029;595;12;17;14;1
12421;1020;595;8;17;14;4
12422;1007;595;12;17;14;1
12423;998;595;8;17;14;3
12424;987;595;10;17;14;2
12425;978;595;8;17;14;3
12426;969;595;8;17;14;3
12427;959;595;9;17;14;2
12428;946;595;12;17;14;1
12429;936;595;9;17;14;2
12430;926;595;9;17;14;3
12431;913;595;12;17;14;1
12432;901;595;11;17;14;2
12433;889;595;11;17;14;2
12434;878;595;10;17;14;2
12435;866;595;11;17;14;2
12449;857;595;8;17;14;2
12450;845;595;11;17;14;1
12451;838;595;6;17;14;3
12452;829;595;8;17;14;3
12453;821;595;7;17;14;3
12454;810;595;10;17;14;2
12455;801;595;8;17;14;3
12456;789;595;11;17;14;2
12457;1052;595;8;17;14;3
12458;1061;595;11;17;14;2
12459;1073;595;10;17;14;2
12460;1084;595;11;17;14;2
12461;1385;595;11;17;14;1
12462;1372;595;12;17;14;1
12463;1363;595;8;17;14;3
12464;1351;595;11;17;14;2
12465;1339;595;11;17;14;2
12466;1327;595;11;17;14;2
12467;1316;595;10;17;14;2
12468;1304;595;11;17;14;2
12469;1292;595;11;17;14;2
12470;1280;595;11;17;14;2
12471;1269;595;10;17;14;3
12472;1258;595;10;17;14;3
12473;1397;595;11;17;14;2
12474;1246;595;11;17;14;2
12475;1224;595;11;17;14;1
12476;1211;595;12;17;14;1
12477;1201;595;9;17;14;3
12478;1189;595;11;17;14;2
12479;1178;595;10;17;14;2
12480;1167;595;10;17;14;2
12481;1154;595;12;17;14;1
12482;1141;595;12;17;14;1
12483;1132;595;8;17;14;3
12484;1121;595;10;17;14;2
12485;1109;595;11;17;14;2
12486;1096;595;12;17;14;1
12487;1409;595;12;17;14;1
12488;37;613;8;17;14;3
12489;46;613;9;17;14;3
12490;56;613;11;17;14;2
12491;1056;613;11;17;14;2
12492;1044;613;11;17;14;2
12493;1032;613;11;17;14;2
12494;1023;613;8;17;14;4
12495;1010;613;12;17;14;1
12496;997;613;12;17;14;1
12497;984;613;12;17;14;1
12498;973;613;10;17;14;2
12499;961;613;11;17;14;2
12500;949;613;11;17;14;2
12501;938;613;10;17;14;2
12502;926;613;11;17;14;1
12503;1068;613;12;17;14;1
12504;913;613;12;17;14;1
12505;891;613;12;17;14;1
12506;878;613;12;17;14;1
12507;867;613;10;17;14;2
12508;855;613;11;17;14;2
12509;843;613;11;17;14;2
12510;832;613;10;17;14;2
12511;823;613;8;17;14;3
12512;812;613;10;17;14;2
12513;801;613;10;17;14;3
12514;789;613;11;17;14;2
12515;779;613;9;17;14;3
12516;766;613;12;17;14;1
12517;904;613;8;17;14;3
12518;1094;613;11;17;14;2
12519;1244;613;8;17;14;3
12520;1106;613;10;17;14;2
12521;1382;613;10;17;14;2
12522;1373;613;8;17;14;3
12523;1361;613;11;17;14;2
12524;1351;613;9;17;14;2
12525;1339;613;11;17;14;1
12526;1330;613;8;17;14;2
12527;1319;613;10;17;14;2
12528;1307;613;11;17;14;2
12529;1295;613;11;17;14;1
12530;1285;613;9;17;14;3
12531;1274;613;10;17;14;2
12532;1262;613;11;17;14;2
12533;1393;613;7;17;14;3
12534;1253;613;8;17;14;3
12549;1234;613;9;17;14;3
12550;1222;613;11;17;14;2
12551;1211;613;10;17;14;3
12552;1201;613;9;17;14;3
12553;1190;613;10;17;14;3
12554;1178;613;11;17;14;2
12555;1169;613;8;17;14;4
12556;1159;613;9;17;14;3
12557;1149;613;9;17;14;3
12558;1137;613;11;17;14;2
12559;1125;613;11;17;14;2
12560;1117;613;7;17;14;4
12561;757;613;8;17;14;4
12562;745;613;11;17;14;2
12563;733;613;11;17;14;2
12564;544;613;8;17;14;3
12565;327;613;10;17;14;3
12566;318;613;8;17;14;3
12567;308;613;9;17;14;3
12568;296;613;11;17;14;2
12569;285;613;10;17;14;2
12570;276;613;8;17;14;3
12571;266;613;9;17;14;3
12572;254;613;11;17;14;2
12573;242;613;11;17;14;2
12574;232;613;9;17;14;3
12575;221;613;10;17;14;3
12576;211;613;9;17;14;3
12577;200;613;10;17;14;3
12578;190;613;9;17;14;3
12579;179;613;10;17;14;2
12580;167;613;11;17;14;2
12581;155;613;11;17;14;2
12582;143;613;11;17;14;2
12583;140;613;2;17;14;6
12584;130;613;9;17;14;3
12585;120;613;9;17;14;3
12832;107;613;12;17;14;1
12833;94;613;12;17;14;1
12834;81;613;12;17;14;1
12835;68;613;12;17;14;1
12836;338;613;12;17;14;1
12837;351;613;12;17;14;1
12838;364;613;12;17;14;1
12839;377;613;12;17;14;1
12840;707;613;12;17;14;1
12841;694;613;12;17;14;1
19968;681;613;12;17;14;1
19969;669;613;11;17;14;2
19971;657;613;11;17;14;2
19975;644;613;12;17;14;1
19976;631;613;12;17;14;1
19977;618;613;12;17;14;1
19978;605;613;12;17;14;1
19979;592;613;12;17;14;1
19980;579;613;12;17;14;1
19981;566;613;12;17;14;1
19982;720;613;12;17;14;1
19984;553;613;12;17;14;1
19985;531;613;12;17;14;1
19987;518;613;12;17;14;1
19988;506;613;11;17;14;2
19989;493;613;12;17;14;1
19990;480;613;12;17;14;1
19992;467;613;12;17;14;1
19993;454;613;12;17;14;1
19994;441;613;12;17;14;1
19995;428;613;12;17;14;1
19996;416;613;11;17;14;2
19997;403;613;12;17;14;1
19998;390;613;12;17;14;1
20002;776;595;12;17;14;1
20004;1081;613;12;17;14;1
20005;764;595;11;17;14;1
20007;365;595;12;17;14;1
20008;853;577;2;17;14;7
20010;841;577;11;17;14;2
20011;830;577;10;17;14;2
20012;822;577;7;17;14;2
20013;811;577;10;17;14;2
20016;798;577;12;17;14;1
20018;787;577;10;17;14;2
20020;774;577;12;17;14;1
20022;769;577;4;17;14;5
20024;756;577;12;17;14;1
20025;743;577;12;17;14;1
20026;732;577;10;17;14;2
20027;719;577;12;17;14;1
20029;706;577;12;17;14;1
20030;693;577;12;17;14;1
20031;687;577;5;17;14;4
20035;674;577;12;17;14;1
20037;661;577;12;17;14;1
20039;648;577;12;17;14;1
20040;635;577;12;17;14;1
20041;622;577;12;17;14;1
20043;609;577;12;17;14;1
20044;596;577;12;17;14;1
20045;583;577;12;17;14;1
20046;570;577;12;17;14;1
20047;856;577;11;17;14;2
20048;868;577;11;17;14;2
20050;880;577;12;17;14;1
20051;893;577;12;17;14;1
20052;1222;577;12;17;14;1
20054;1209;577;12;17;14;1
20056;1196;577;12;17;14;1
20057;1184;577;11;17;14;2
20060;1171;577;12;17;14;1
20061;1159;577;11;17;14;2
20062;1147;577;11;17;14;2
20063;1134;577;12;17;14;1
20064;1123;577;10;17;14;2
20065;1112;577;10;17;14;2
20070;1099;577;12;17;14;1
20073;1086;577;12;17;14;1
20080;1235;577;12;17;14;1
20081;1073;577;12;17;14;1
20083;1047;577;12;17;14;1
20094;1034;577;12;17;14;1
20102;1023;577;10;17;14;2
20104;1010;577;12;17;14;1
20105;997;577;12;17;14;1
20107;984;577;12;17;14;1
20108;971;577;12;17;14;1
20109;958;577;12;17;14;1
20110;945;577;12;17;14;1
20111;932;577;12;17;14;1
20113;919;577;12;17;14;1
20114;906;577;12;17;14;1
20115;557;577;12;17;14;1
20116;1060;577;12;17;14;1
20117;545;577;11;17;14;2
20120;337;577;12;17;14;1
20122;117;577;12;17;14;1
20123;104;577;12;17;14;1
20127;91;577;12;17;14;1
20128;78;577;12;17;14;1
20129;65;577;12;17;14;1
20130;52;577;12;17;14;1
20132;39;577;12;17;14;1
20133;27;577;11;17;14;2
20134;14;577;12;17;14;1
20135;1;577;12;17;14;1
20136;2033;559;12;17;14;1
20137;2020;559;12;17;14;1
20139;2007;559;12;17;14;1
20140;1994;559;12;17;14;1
20141;1981;559;12;17;14;1
20142;1968;559;12;17;14;1
20146;1955;559;12;17;14;1
20147;1942;559;12;17;14;1
20149;1929;559;12;17;14;1
20154;1916;559;12;17;14;1
20155;1910;559;5;17;14;1
20159;1897;559;12;17;14;1
20160;1884;559;12;17;14;1
20161;1871;559;12;17;14;1
20162;1858;559;12;17;14;1
20163;130;577;12;17;14;1
20164;143;577;12;17;14;1
20165;156;577;12;17;14;1
20166;169;577;12;17;14;1
20167;506;577;12;17;14;1
20169;493;577;12;17;14;1
20170;480;577;12;17;14;1
20171;467;577;12;17;14;1
20173;454;577;12;17;14;1
20174;441;577;12;17;14;1
20177;428;577;12;17;14;1
20179;415;577;12;17;14;1
20180;402;577;12;17;14;1
20181;389;577;12;17;14;1
20182;376;577;12;17;14;1
20183;363;577;12;17;14;1
20184;519;577;12;17;14;1
20185;350;577;12;17;14;1
20189;324;577;12;17;14;1
20190;311;577;12;17;14;1
20191;298;577;12;17;14;1
20193;285;577;12;17;14;1
20195;272;577;12;17;14;1
20196;259;577;12;17;14;1
20197;247;577;11;17;14;2
20200;234;577;12;17;14;1
20202;221;577;12;17;14;1
20203;208;577;12;17;14;1
20204;195;577;12;17;14;1
20208;182;577;12;17;14;1
20210;532;577;12;17;14;1
20211;1248;577;12;17;14;1
20213;1261;577;12;17;14;1
20214;1274;577;12;17;14;1
20215;339;595;12;17;14;1
20219;326;595;12;17;14;1
20221;313;595;12;17;14;1
20223;300;595;12;17;14;1
20225;287;595;12;17;14;1
20233;274;595;12;17;14;1
20234;261;595;12;17;14;1
20237;248;595;12;17;14;1
20238;235;595;12;17;14;1
20239;222;595;12;17;14;1
20240;209;595;12;17;14;1
20241;196;595;12;17;14;1
20247;352;595;12;17;14;1
20248;183;595;12;17;14;1
20249;157;595;12;17;14;1
20250;144;595;12;17;14;1
20251;131;595;12;17;14;1
20254;118;595;12;17;14;1
20255;105;595;12;17;14;1
20256;92;595;12;17;14;1
20258;79;595;12;17;14;1
20260;66;595;12;17;14;1
20261;53;595;12;17;14;1
20262;40;595;12;17;14;1
20263;27;595;12;17;14;1
20266;14;595;12;17;14;1
20267;170;595;12;17;14;1
20271;378;595;12;17;14;1
20272;560;595;12;17;14;1
20274;391;595;12;17;14;1
20276;729;595;12;17;14;1
20278;716;595;12;17;14;1
20280;703;595;12;17;14;1
20282;690;595;12;17;14;1
20284;677;595;12;17;14;1
20285;664;595;12;17;14;1
20291;651;595;12;17;14;1
20294;638;595;12;17;14;1
20301;625;595;12;17;14;1
20302;612;595;12;17;14;1
20303;599;595;12;17;14;1
20304;586;595;12;17;14;1
20305;742;595;12;17;14;1
20307;573;595;12;17;14;1
20309;547;595;12;17;14;1
20311;534;595;12;17;14;1
20312;521;595;12;17;14;1
20313;508;595;12;17;14;1
20314;495;595;12;17;14;1
20315;482;595;12;17;14;1
20316;469;595;12;17;14;1
20317;456;595;12;17;14;1
20318;443;595;12;17;14;1
20319;430;595;12;17;14;1
20320;417;595;12;17;14;1
20323;404;595;12;17;14;1
20324;1;595;12;17;14;1
20325;2028;577;11;17;14;2
20327;2015;577;12;17;14;1
20329;1820;577;12;17;14;1
20332;1599;577;12;17;14;1
20335;1586;577;12;17;14;1
20336;1573;577;12;17;14;1
20339;1560;577;12;17;14;1
20340;1547;577;12;17;14;1
20342;1534;577;12;17;14;1
20347;1521;577;12;17;14;1
20348;1508;577;12;17;14;1
20350;1495;577;12;17;14;1
20351;1482;577;12;17;14;1
20355;1469;577;12;17;14;1
20356;1456;577;12;17;14;1
20360;1443;577;12;17;14;1
20361;1430;577;12;17;14;1
20363;1417;577;12;17;14;1
20365;1404;577;12;17;14;1
20367;1391;577;12;17;14;1
20369;1378;577;12;17;14;1
20372;1365;577;12;17;14;1
20375;1352;577;12;17;14;1
20379;1339;577;12;17;14;1
20381;1326;577;12;17;14;1
20384;1313;577;12;17;14;1
20387;1300;577;12;17;14;1
20389;1287;577;12;17;14;1
20390;1612;577;12;17;14;1
20391;1625;577;12;17;14;1
20392;1638;577;12;17;14;1
20393;1651;577;12;17;14;1
20394;1989;577;12;17;14;1
20396;1976;577;12;17;14;1
20398;1963;577;12;17;14;1
20399;1950;577;12;17;14;1
20405;1937;577;12;17;14;1
20415;1924;577;12;17;14;1
20419;1911;577;12;17;14;1
20420;1898;577;12;17;14;1
20421;1885;577;12;17;14;1
20426;1872;577;12;17;14;1
20430;1859;577;12;17;14;1
20431;1846;577;12;17;14;1
20432;2002;577;12;17;14;1
20433;1833;577;12;17;14;1
20439;1807;577;12;17;14;1
20440;1794;577;12;17;14;1
20442;1781;577;12;17;14;1
20444;1768;577;12;17;14;1
20445;1755;577;12;17;14;1
20446;1742;577;12;17;14;1
20447;1729;577;12;17;14;1
20449;1716;577;12;17;14;1
20451;1703;577;12;17;14;1
20454;1690;577;12;17;14;1
20456;1677;577;12;17;14;1
20457;1664;577;12;17;14;1
20458;1513;523;12;17;14;1
20461;1829;559;12;17;14;1
20462;1500;523;12;17;14;1
20463;1495;469;12;17;14;1
20465;1600;451;12;17;14;1
20467;1587;451;12;17;14;1
20472;1574;451;12;17;14;1
20474;1561;451;12;17;14;1
20478;1548;451;12;17;14;1
20492;1535;451;12;17;14;1
20493;1522;451;12;17;14;1
20495;1509;451;12;17;14;1
20498;1496;451;12;17;14;1
20500;1483;451;12;17;14;1
20504;1470;451;12;17;14;1
20505;1457;451;12;17;14;1
20506;1444;451;12;17;14;1
20508;1431;451;12;17;14;1
20511;1418;451;12;17;14;1
20513;1405;451;12;17;14;1
20517;1392;451;12;17;14;1
20518;1379;451;12;17;14;1
20520;1366;451;12;17;14;1
20521;1353;451;12;17;14;1
20522;1340;451;12;17;14;1
20524;1327;451;12;17;14;1
20525;1314;451;12;17;14;1
20526;1301;451;12;17;14;1
20538;1288;451;12;17;14;1
20540;1613;451;12;17;14;1
20542;1626;451;12;17;14;1
20547;1639;451;12;17;14;1
20551;1652;451;12;17;14;1
20552;1990;451;12;17;14;1
20556;1977;451;12;17;14;1
20558;1964;451;12;17;14;1
20559;1951;451;12;17;14;1
20565;1938;451;12;17;14;1
20570;1925;451;12;17;14;1
20572;1912;451;12;17;14;1
20581;1899;451;12;17;14;1
20588;1886;451;12;17;14;1
20598;1873;451;12;17;14;1
20599;1860;451;12;17;14;1
20603;1847;451;12;17;14;1
20606;2003;451;12;17;14;1
20607;1834;451;12;17;14;1
20608;1808;451;12;17;14;1
20613;1795;451;12;17;14;1
20616;1782;451;12;17;14;1
20621;1769;451;12;17;14;1
20643;1756;451;12;17;14;1
20645;1743;451;12;17;14;1
20647;1730;451;12;17;14;1
20648;1717;451;12;17;14;1
20649;1704;451;12;17;14;1
20652;1691;451;12;17;14;1
20658;1678;451;12;17;14;1
20666;1665;451;12;17;14;1
20667;1275;451;12;17;14;1
20687;1821;451;12;17;14;1
20694;1262;451;12;17;14;1
20698;1055;451;12;17;14;1
20710;840;451;12;17;14;1
20711;827;451;12;17;14;1
20716;814;451;12;17;14;1
20717;801;451;12;17;14;1
20718;788;451;12;17;14;1
20723;775;451;12;17;14;1
20725;762;451;12;17;14;1
20731;749;451;12;17;14;1
20742;736;451;12;17;14;1
20743;723;451;12;17;14;1
20747;710;451;12;17;14;1
20754;697;451;12;17;14;1
20769;684;451;12;17;14;1
20799;671;451;12;17;14;1
20800;659;451;11;17;14;2
20801;647;451;11;17;14;2
20803;635;451;11;17;14;2
20804;623;451;11;17;14;2
20805;611;451;11;17;14;2
20806;599;451;11;17;14;2
20808;586;451;12;17;14;1
20809;573;451;12;17;14;1
20811;560;451;12;17;14;1
20813;548;451;11;17;14;2
20817;536;451;11;17;14;2
20820;853;451;12;17;14;1
20821;866;451;11;17;14;2
20822;878;451;11;17;14;2
20826;890;451;11;17;14;2
20828;1224;451;11;17;14;2
20834;1211;451;12;17;14;1
20837;1198;451;12;17;14;1
20840;1185;451;12;17;14;1
20843;1172;451;12;17;14;1
20844;1159;451;12;17;14;1
20845;1146;451;12;17;14;1
20846;1133;451;12;17;14;1
20848;1120;451;12;17;14;1
20849;1107;451;12;17;14;1
20851;1094;451;12;17;14;1
20852;1081;451;12;17;14;1
20853;1236;451;12;17;14;1
20854;1068;451;12;17;14;1
20855;1042;451;12;17;14;1
20856;1029;451;12;17;14;1
20857;1016;451;12;17;14;1
20859;1003;451;12;17;14;1
20860;990;451;12;17;14;1
20861;977;451;12;17;14;1
20864;964;451;12;17;14;1
20865;951;451;12;17;14;1
20866;939;451;11;17;14;2
20869;927;451;11;17;14;2
20872;915;451;11;17;14;2
20873;902;451;12;17;14;1
20876;1249;451;12;17;14;1
20877;2016;451;12;17;14;1
20882;2029;451;12;17;14;1
20885;1;469;12;17;14;1
20886;1091;469;12;17;14;1
20887;1078;469;12;17;14;1
20889;1065;469;12;17;14;1
20891;1053;469;11;17;14;2
20892;1040;469;12;17;14;1
20896;1027;469;12;17;14;1
20898;1015;469;11;17;14;2
20900;1002;469;12;17;14;1
20901;989;469;12;17;14;1
20907;983;469;5;17;14;1
20908;970;469;12;17;14;1
20911;957;469;12;17;14;1
20912;1104;469;12;17;14;1
20913;944;469;12;17;14;1
20914;918;469;12;17;14;1
20915;905;469;12;17;14;1
20917;892;469;12;17;14;1
20918;879;469;12;17;14;1
20919;866;469;12;17;14;1
20923;853;469;12;17;14;1
20924;840;469;12;17;14;1
20925;827;469;12;17;14;1
20928;814;469;12;17;14;1
20932;801;469;12;17;14;1
20934;788;469;12;17;14;1
20935;775;469;12;17;14;1
20937;931;469;12;17;14;1
20939;1130;469;12;17;14;1
20940;1301;469;12;17;14;1
20943;1143;469;12;17;14;1
20945;1469;469;12;17;14;1
20955;1456;469;12;17;14;1
20957;1443;469;12;17;14;1
20960;1430;469;12;17;14;1
20961;1417;469;12;17;14;1
20964;1404;469;12;17;14;1
20971;1391;469;12;17;14;1
20973;1378;469;12;17;14;1
20975;1365;469;12;17;14;1
20976;1352;469;12;17;14;1
20979;1339;469;12;17;14;1
20981;1326;469;12;17;14;1
20982;1482;469;12;17;14;1
20984;1314;469;11;17;14;2
20985;1289;469;11;17;14;2
20986;1276;469;12;17;14;1
20987;1263;469;12;17;14;1
20988;1250;469;12;17;14;1
20989;1237;469;12;17;14;1
20991;1224;469;12;17;14;1
20992;1213;469;10;17;14;2
20993;1200;469;12;17;14;1
20994;1194;469;5;17;14;8
20995;1182;469;11;17;14;2
20998;1169;469;12;17;14;1
20999;1156;469;12;17;14;1
21000;762;469;12;17;14;1
21002;749;469;12;17;14;1
21005;738;469;10;17;14;2
21006;544;469;12;17;14;1
21009;325;469;12;17;14;1
21010;312;469;12;17;14;1
21014;299;469;12;17;14;1
21015;286;469;12;17;14;1
21016;273;469;12;17;14;1
21017;261;469;11;17;14;1
21018;248;469;12;17;14;1
21019;235;469;12;17;14;1
21021;222;469;12;17;14;1
21024;209;469;12;17;14;1
21028;196;469;12;17;14;1
21032;183;469;12;17;14;1
21033;170;469;12;17;14;1
21035;157;469;12;17;14;1
21037;144;469;12;17;14;1
21038;131;469;12;17;14;1
21040;118;469;12;17;14;1
21043;105;469;12;17;14;1
21046;92;469;12;17;14;1
21047;79;469;12;17;14;1
21048;66;469;12;17;14;1
21049;53;469;12;17;14;1
21050;40;469;12;17;14;1
21051;27;469;12;17;14;1
21053;14;469;12;17;14;1
21055;338;469;12;17;14;1
21056;351;469;12;17;14;1
21057;364;469;12;17;14;1
21058;377;469;12;17;14;1
21059;712;469;12;17;14;1
21066;699;469;12;17;14;1
21068;686;469;12;17;14;1
21069;674;469;11;17;14;2
21072;661;469;12;17;14;1
21073;648;469;12;17;14;1
21076;635;469;12;17;14;1
21078;622;469;12;17;14;1
21084;609;469;12;17;14;1
21086;596;469;12;17;14;1
21089;583;469;12;17;14;1
21093;570;469;12;17;14;1
21095;725;469;12;17;14;1
21097;557;469;12;17;14;1
21098;531;469;12;17;14;1
21103;518;469;12;17;14;1
21106;505;469;12;17;14;1
21117;492;469;12;17;14;1
21119;479;469;12;17;14;1
21121;466;469;12;17;14;1
21122;453;469;12;17;14;1
21128;440;469;12;17;14;1
21136;427;469;12;17;14;1
21139;414;469;12;17;14;1
21147;403;469;10;17;14;2
21149;390;469;12;17;14;1
21150;524;451;11;17;14;2
21151;1117;469;12;17;14;1
21152;511;451;12;17;14;1
21153;117;451;12;17;14;1
21154;619;433;12;17;14;1
21155;607;433;11;17;14;2
21160;594;433;12;17;14;1
21161;581;433;12;17;14;1
21162;569;433;11;17;14;2
21163;556;433;12;17;14;1
21164;543;433;12;17;14;1
21165;530;433;12;17;14;1
21169;517;433;12;17;14;1
21170;504;433;12;17;14;1
21171;492;433;11;17;14;2
21182;479;433;12;17;14;1
21183;466;433;12;17;14;1
21187;453;433;12;17;14;1
21191;441;433;11;17;14;2
21193;428;433;12;17;14;1
21195;415;433;12;17;14;1
21200;402;433;12;17;14;1
21202;389;433;12;17;14;1
21206;376;433;12;17;14;1
21208;363;433;12;17;14;1
21215;350;433;12;17;14;1
21220;337;433;12;17;14;1
21232;324;433;12;17;14;1
21241;312;433;11;17;14;2
21242;632;433;11;17;14;1
21246;644;433;11;17;14;2
21247;656;433;12;17;14;1
21248;669;433;12;17;14;1
21253;991;433;12;17;14;1
21254;980;433;10;17;14;2
21256;967;433;12;17;14;1
21261;955;433;11;17;14;2
21263;942;433;12;17;14;1
21264;929;433;12;17;14;1
21269;919;433;9;17;14;4
21270;906;433;12;17;14;1
21271;893;433;12;17;14;1
21273;880;433;12;17;14;1
21274;868;433;11;17;14;2
21277;856;433;11;17;14;2
21280;1004;433;11;17;14;2
21281;843;433;12;17;14;1
21283;819;433;11;17;14;2
21286;806;433;12;17;14;1
21290;794;433;11;17;14;2
21294;782;433;11;17;14;2
21305;770;433;11;17;14;2
21306;758;433;11;17;14;2
21307;746;433;11;17;14;2
21310;733;433;12;17;14;1
21311;721;433;11;17;14;2
21313;708;433;12;17;14;1
21315;695;433;12;17;14;1
21317;682;433;12;17;14;1
21319;300;433;11;17;14;2
21320;831;433;11;17;14;2
21321;287;433;12;17;14;1
21322;79;433;12;17;14;1
21326;1901;415;12;17;14;1
21327;1888;415;12;17;14;1
21329;1876;415;11;17;14;2
21330;1863;415;12;17;14;1
21331;1850;415;12;17;14;1
21333;1837;415;12;17;14;1
21334;1824;415;12;17;14;1
21335;1811;415;12;17;14;1
21338;1798;415;12;17;14;1
21340;1790;415;7;17;14;5
21342;1778;415;11;17;14;2
21343;1766;415;11;17;14;2
21344;1755;415;10;17;14;2
21345;1742;415;12;17;14;1
21346;1729;415;12;17;14;1
21347;1717;415;11;17;14;2
21348;1706;415;10;17;14;2
21350;1693;415;12;17;14;1
21351;1680;415;12;17;14;1
21353;1673;415;6;17;14;6
21355;1661;415;11;17;14;2
21358;1648;415;12;17;14;1
21359;1636;415;11;17;14;2
21360;1624;415;11;17;14;2
21361;1611;415;12;17;14;1
21363;1914;415;11;17;14;2
21364;1926;415;12;17;14;1
21365;1939;415;11;17;14;2
21367;1951;415;12;17;14;1
21368;248;433;12;17;14;1
21370;235;433;12;17;14;1
21375;222;433;12;17;14;1
21378;209;433;12;17;14;1
21380;196;433;12;17;14;1
21381;183;433;12;17;14;1
21382;170;433;12;17;14;1
21385;157;433;12;17;14;1
21387;144;433;12;17;14;1
21388;131;433;12;17;14;1
21389;118;433;12;17;14;1
21397;105;433;12;17;14;1
21400;261;433;12;17;14;1
21402;92;433;12;17;14;1
21405;66;433;12;17;14;1
21407;53;433;12;17;14;1
21410;40;433;12;17;14;1
21411;27;433;12;17;14;1
21413;14;433;12;17;14;1
21414;1;433;12;17;14;1
21416;2029;415;12;17;14;1
21417;2016;415;12;17;14;1
21422;2003;415;12;17;14;1
21430;1990;415;12;17;14;1
21435;1977;415;12;17;14;1
21439;1964;415;12;17;14;1
21441;274;433;12;17;14;1
21442;1016;433;12;17;14;1
21448;1029;433;12;17;14;1
21449;1042;433;11;17;14;2
21450;91;451;12;17;14;1
21451;78;451;12;17;14;1
21452;65;451;12;17;14;1
21453;52;451;12;17;14;1
21457;39;451;12;17;14;1
21460;26;451;12;17;14;1
21462;13;451;12;17;14;1
21463;1;451;11;17;14;2
21464;2029;433;11;17;14;2
21465;2016;433;12;17;14;1
21467;2003;433;12;17;14;1
21471;1990;433;12;17;14;1
21472;104;451;12;17;14;1
21475;1979;433;10;17;14;2
21476;1953;433;12;17;14;1
21477;1940;433;12;17;14;1
21478;1928;433;11;17;14;2
21480;1915;433;12;17;14;1
21481;1903;433;11;17;14;2
21482;1891;433;11;17;14;2
21483;1879;433;11;17;14;2
21484;1868;433;10;17;14;2
21485;1855;433;12;17;14;1
21486;1842;433;12;17;14;1
21487;1829;433;12;17;14;1
21488;1818;433;10;17;14;2
21489;1966;433;12;17;14;1
21490;130;451;12;17;14;1
21491;306;451;12;17;14;1
21493;143;451;11;17;14;1
21494;472;451;12;17;14;1
21495;459;451;12;17;14;1
21496;447;451;11;17;14;1
21497;434;451;12;17;14;1
21499;421;451;12;17;14;1
21500;408;451;12;17;14;1
21501;395;451;12;17;14;1
21505;382;451;12;17;14;1
21507;369;451;12;17;14;1
21508;356;451;12;17;14;1
21510;343;451;12;17;14;1
21512;330;451;12;17;14;1
21513;485;451;12;17;14;1
21514;319;451;10;17;14;2
21516;294;451;11;17;14;1
21517;282;451;11;17;14;1
21518;269;451;12;17;14;1
21519;256;451;12;17;14;1
21520;243;451;12;17;14;1
21521;231;451;11;17;14;1
21522;218;451;12;17;14;1
21523;205;451;12;17;14;1
21525;194;451;10;17;14;2
21526;181;451;12;17;14;1
21527;168;451;12;17;14;1
21531;155;451;12;17;14;1
21533;1805;433;12;17;14;1
21534;1792;433;12;17;14;1
21535;1779;433;12;17;14;1
21536;1586;433;12;17;14;1
21537;1365;433;12;17;14;1
21539;1352;433;12;17;14;1
21542;1339;433;12;17;14;1
21543;1326;433;12;17;14;1
21544;1313;433;12;17;14;1
21545;1300;433;12;17;14;1
21547;1287;433;12;17;14;1
21548;1274;433;12;17;14;1
21549;1261;433;12;17;14;1
21550;1248;433;12;17;14;1
21551;1236;433;11;17;14;1
21553;1223;433;12;17;14;1
21554;1210;433;12;17;14;1
21556;1197;433;12;17;14;1
21557;1184;433;12;17;14;1
21560;1171;433;12;17;14;1
21561;1158;433;12;17;14;1
21563;1145;433;12;17;14;1
21564;1132;433;12;17;14;1
21566;1119;433;12;17;14;1
21568;1106;433;12;17;14;1
21571;1093;433;12;17;14;1
21574;1080;433;12;17;14;1
21576;1067;433;12;17;14;1
21578;1054;433;12;17;14;1
21579;1378;433;12;17;14;1
21584;1391;433;12;17;14;1
21586;1404;433;12;17;14;1
21587;1417;433;12;17;14;1
21588;1753;433;12;17;14;1
21589;1740;433;12;17;14;1
21590;1727;433;12;17;14;1
21591;1714;433;12;17;14;1
21592;1701;433;12;17;14;1
21593;1690;433;10;17;14;2
21595;1677;433;12;17;14;1
21596;1664;433;12;17;14;1
21602;1651;433;12;17;14;1
21604;1638;433;12;17;14;1
21606;1625;433;12;17;14;1
21608;1612;433;12;17;14;1
21617;1766;433;12;17;14;1
21618;1599;433;12;17;14;1
21619;1573;433;12;17;14;1
21621;1560;433;12;17;14;1
21622;1547;433;12;17;14;1
21623;1534;433;12;17;14;1
21624;1521;433;12;17;14;1
21627;1508;433;12;17;14;1
21628;1495;433;12;17;14;1
21629;1482;433;12;17;14;1
21632;1469;433;12;17;14;1
21634;1456;433;12;17;14;1
21636;1443;433;12;17;14;1
21638;1430;433;12;17;14;1
21643;498;451;12;17;14;1
21644;1508;469;12;17;14;1
21646;468;505;12;17;14;1
21647;1521;469;12;17;14;1
21648;1582;505;12;17;14;1
21650;1570;505;11;17;14;2
21652;1557;505;12;17;14;1
21653;1544;505;12;17;14;1
21654;1531;505;12;17;14;1
21657;1518;505;12;17;14;1
21658;1505;505;12;17;14;1
21659;1492;505;12;17;14;1
21661;1479;505;12;17;14;1
21667;1466;505;12;17;14;1
21668;1453;505;12;17;14;1
21670;1440;505;12;17;14;1
21671;1427;505;12;17;14;1
21672;1414;505;12;17;14;1
21673;1401;505;12;17;14;1
21674;1388;505;12;17;14;1
21675;1375;505;12;17;14;1
21676;1362;505;12;17;14;1
21677;1349;505;12;17;14;1
21679;1336;505;12;17;14;1
21681;1324;505;11;17;14;1
21683;1311;505;12;17;14;1
21684;1298;505;12;17;14;1
21688;1285;505;12;17;14;1
21691;1272;505;12;17;14;1
21693;1595;505;12;17;14;1
21695;1608;505;12;17;14;1
21696;1621;505;12;17;14;1
21697;1634;505;11;17;14;2
21698;1969;505;12;17;14;1
21700;1956;505;12;17;14;1
21702;1943;505;12;17;14;1
21703;1930;505;12;17;14;1
21704;1917;505;12;17;14;1
21705;1905;505;11;17;14;2
21708;1892;505;12;17;14;1
21709;1879;505;12;17;14;1
21710;1866;505;12;17;14;1
21711;1853;505;12;17;14;1
21712;1840;505;12;17;14;1
21713;1827;505;12;17;14;1
21714;1982;505;12;17;14;1
21715;1814;505;12;17;14;1
21716;1788;505;12;17;14;1
21717;1775;505;12;17;14;1
21719;1762;505;12;17;14;1
21721;1749;505;12;17;14;1
21722;1736;505;12;17;14;1
21724;1723;505;12;17;14;1
21725;1710;505;12;17;14;1
21726;1697;505;12;17;14;1
21727;1684;505;12;17;14;1
21733;1672;505;11;17;14;2
21734;1659;505;12;17;14;1
21735;1646;505;12;17;14;1
21736;1259;505;12;17;14;1
21737;1801;505;12;17;14;1
21738;1246;505;12;17;14;1
21741;1038;505;12;17;14;1
21742;818;505;12;17;14;1
21746;805;505;12;17;14;1
21747;792;505;12;17;14;1
21754;779;505;12;17;14;1
21756;766;505;12;17;14;1
21757;753;505;12;17;14;1
21759;740;505;12;17;14;1
21761;727;505;12;17;14;1
21766;714;505;12;17;14;1
21767;701;505;12;17;14;1
21769;688;505;12;17;14;1
21775;675;505;12;17;14;1
21776;662;505;12;17;14;1
21777;649;505;12;17;14;1
21780;636;505;12;17;14;1
21787;623;505;12;17;14;1
21792;610;505;12;17;14;1
21794;597;505;12;17;14;1
21795;584;505;12;17;14;1
21796;571;505;12;17;14;1
21799;558;505;12;17;14;1
21802;545;505;12;17;14;1
21804;532;505;12;17;14;1
21806;519;505;12;17;14;1
21807;506;505;12;17;14;1
21808;831;505;12;17;14;1
21809;844;505;12;17;14;1
21811;857;505;12;17;14;1
21815;870;505;12;17;14;1
21820;1207;505;12;17;14;1
21822;1194;505;12;17;14;1
21823;1181;505;12;17;14;1
21825;1168;505;12;17;14;1
21827;1155;505;12;17;14;1
21828;1142;505;12;17;14;1
21830;1129;505;12;17;14;1
21833;1116;505;12;17;14;1
21834;1103;505;12;17;14;1
21840;1090;505;12;17;14;1
21845;1077;505;12;17;14;1
21846;1064;505;12;17;14;1
21852;1220;505;12;17;14;1
21857;1051;505;12;17;14;1
21860;1025;505;12;17;14;1
21861;1012;505;12;17;14;1
21862;999;505;12;17;14;1
21863;986;505;12;17;14;1
21866;973;505;12;17;14;1
21868;961;505;11;17;14;2
21869;948;505;12;17;14;1
21870;935;505;12;17;14;1
21872;922;505;12;17;14;1
21877;909;505;12;17;14;1
21878;896;505;12;17;14;1
21879;883;505;12;17;14;1
21880;1233;505;12;17;14;1
21883;1995;505;12;17;14;1
21884;2008;505;12;17;14;1
21886;2021;505;12;17;14;1
21888;1072;523;12;17;14;1
21889;1059;523;12;17;14;1
21890;1046;523;12;17;14;1
21891;1033;523;12;17;14;1
21892;1020;523;12;17;14;1
21895;1007;523;12;17;14;1
21896;994;523;12;17;14;1
21897;981;523;12;17;14;1
21898;968;523;12;17;14;1
21899;955;523;12;17;14;1
21903;942;523;12;17;14;1
21905;929;523;12;17;14;1
21908;1085;523;12;17;14;1
21912;916;523;12;17;14;1
21913;891;523;12;17;14;1
21916;878;523;12;17;14;1
21917;865;523;12;17;14;1
21919;852;523;12;17;14;1
21927;839;523;12;17;14;1
21937;826;523;12;17;14;1
21939;813;523;12;17;14;1
21941;800;523;12;17;14;1
21943;787;523;12;17;14;1
21945;774;523;12;17;14;1
21947;761;523;12;17;14;1
21949;748;523;12;17;14;1
21950;904;523;11;17;14;2
21956;1110;523;12;17;14;1
21957;1292;523;12;17;14;1
21961;1123;523;12;17;14;1
21964;1461;523;12;17;14;1
21965;1448;523;12;17;14;1
21969;1435;523;12;17;14;1
21970;1422;523;12;17;14;1
21971;1409;523;12;17;14;1
21972;1396;523;12;17;14;1
21974;1383;523;12;17;14;1
21980;1370;523;12;17;14;1
21981;1357;523;12;17;14;1
21983;1344;523;12;17;14;1
21985;1331;523;12;17;14;1
21987;1318;523;12;17;14;1
21988;1474;523;12;17;14;1
21989;1305;523;12;17;14;1
21990;1279;523;12;17;14;1
21992;1266;523;12;17;14;1
21994;1253;523;12;17;14;1
21995;1240;523;12;17;14;1
21996;1227;523;12;17;14;1
21999;1214;523;12;17;14;1
22002;1201;523;12;17;14;1
22003;1188;523;12;17;14;1
22005;1175;523;12;17;14;1
22007;1162;523;12;17;14;1
22013;1149;523;12;17;14;1
22014;1136;523;12;17;14;1
22016;735;523;12;17;14;1
22017;722;523;12;17;14;1
22024;709;523;12;17;14;1
22025;514;523;12;17;14;1
22028;300;523;12;17;14;1
22030;287;523;12;17;14;1
22031;274;523;12;17;14;1
22040;261;523;12;17;14;1
22043;248;523;12;17;14;1
22046;235;523;12;17;14;1
22047;222;523;12;17;14;1
22051;209;523;12;17;14;1
22052;196;523;12;17;14;1
22055;183;523;12;17;14;1
22060;170;523;12;17;14;1
22061;157;523;12;17;14;1
22065;144;523;12;17;14;1
22066;131;523;12;17;14;1
22068;118;523;12;17;14;1
22070;105;523;12;17;14;1
22073;92;523;12;17;14;1
22075;79;523;12;17;14;1
22079;66;523;12;17;14;1
22092;53;523;12;17;14;1
22093;40;523;12;17;14;1
22094;27;523;12;17;14;1
22100;14;523;12;17;14;1
22103;1;523;12;17;14;1
22104;2034;505;12;17;14;1
22105;313;523;12;17;14;1
22108;326;523;12;17;14;1
22114;339;523;12;17;14;1
22116;352;523;12;17;14;1
22120;683;523;12;17;14;1
22121;670;523;12;17;14;1
22122;657;523;12;17;14;1
22123;644;523;12;17;14;1
22124;631;523;12;17;14;1
22129;618;523;12;17;14;1
22134;605;523;12;17;14;1
22139;592;523;12;17;14;1
22140;579;523;12;17;14;1
22149;566;523;12;17;14;1
22150;553;523;12;17;14;1
22158;540;523;12;17;14;1
22159;696;523;12;17;14;1
22163;527;523;12;17;14;1
22179;501;523;12;17;14;1
22191;488;523;12;17;14;1
22199;475;523;12;17;14;1
22204;462;523;12;17;14;1
22218;449;523;12;17;14;1
22228;436;523;12;17;14;1
22231;424;523;11;17;14;2
22234;412;523;11;17;14;2
22235;401;523;10;17;14;2
22237;388;523;12;17;14;1
22238;376;523;11;17;14;2
22239;365;523;10;17;14;2
22240;493;505;12;17;14;1
22241;1098;523;11;17;14;2
22242;481;505;11;17;14;2
22244;79;505;11;17;14;2
22247;559;487;11;17;14;2
22251;547;487;11;17;14;2
22253;535;487;11;17;14;2
22256;523;487;11;17;14;2
22257;511;487;11;17;14;2
22260;499;487;11;17;14;2
22261;487;487;11;17;14;2
22265;475;487;11;17;14;2
22266;463;487;11;17;14;2
22269;451;487;11;17;14;2
22270;439;487;11;17;14;2
22271;427;487;11;17;14;2
22275;415;487;11;17;14;2
22276;403;487;11;17;14;2
22278;390;487;12;17;14;1
22280;377;487;12;17;14;1
22281;364;487;12;17;14;1
22282;351;487;12;17;14;1
22300;338;487;12;17;14;1
22303;325;487;12;17;14;1
22307;312;487;12;17;14;1
22312;300;487;11;17;14;2
22313;287;487;12;17;14;1
22314;274;487;12;17;14;1
22316;261;487;12;17;14;1
22317;571;487;11;17;14;2
22318;583;487;12;17;14;1
22319;596;487;12;17;14;1
22320;609;487;12;17;14;1
22323;947;487;12;17;14;1
22329;934;487;12;17;14;1
22330;921;487;12;17;14;1
22331;908;487;12;17;14;1
22334;895;487;12;17;14;1
22336;882;487;12;17;14;1
22338;869;487;12;17;14;1
22343;856;487;12;17;14;1
22346;843;487;12;17;14;1
22348;830;487;12;17;14;1
22349;817;487;12;17;14;1
22350;804;487;12;17;14;1
22351;960;487;12;17;14;1
22352;791;487;12;17;14;1
22353;765;487;12;17;14;1
22359;752;487;12;17;14;1
22362;739;487;12;17;14;1
22363;726;487;12;17;14;1
22364;713;487;12;17;14;1
22365;700;487;12;17;14;1
22366;687;487;12;17;14;1
22367;674;487;12;17;14;1
22368;661;487;12;17;14;1
22369;648;487;12;17;14;1
22372;635;487;12;17;14;1
22374;622;487;12;17;14;1
22376;248;487;12;17;14;1
22377;778;487;12;17;14;1
22378;235;487;12;17;14;1
22379;27;487;12;17;14;1
22381;1846;469;12;17;14;1
22383;1833;469;12;17;14;1
22387;1820;469;12;17;14;1
22390;1807;469;12;17;14;1
22391;1794;469;12;17;14;1
22395;1781;469;12;17;14;1
22396;1768;469;12;17;14;1
22402;1755;469;12;17;14;1
22403;1742;469;12;17;14;1
22404;1729;469;12;17;14;1
22405;1716;469;12;17;14;1
22406;1703;469;12;17;14;1
22411;1690;469;12;17;14;1
22412;1677;469;12;17;14;1
22418;1664;469;12;17;14;1
22419;1651;469;12;17;14;1
22427;1638;469;12;17;14;1
22432;1625;469;12;17;14;1
22433;1612;469;12;17;14;1
22434;1599;469;12;17;14;1
22435;1586;469;12;17;14;1
22436;1573;469;12;17;14;1
22438;1560;469;12;17;14;1
22439;1547;469;12;17;14;1
22441;1534;469;12;17;14;1
22443;1859;469;12;17;14;1
22445;1872;469;12;17;14;1
22446;1885;469;12;17;14;1
22450;1898;469;12;17;14;1
22452;196;487;12;17;14;1
22456;183;487;12;17;14;1
22466;170;487;12;17;14;1
22467;157;487;12;17;14;1
22475;144;487;12;17;14;1
22478;131;487;12;17;14;1
22479;118;487;12;17;14;1
22482;105;487;12;17;14;1
22484;92;487;12;17;14;1
22485;79;487;12;17;14;1
22488;66;487;12;17;14;1
22489;53;487;12;17;14;1
22490;209;487;12;17;14;1
22493;40;487;12;17;14;1
22495;14;487;12;17;14;1
22496;1;487;12;17;14;1
22500;2028;469;12;17;14;1
22509;2015;469;12;17;14;1
22511;2002;469;12;17;14;1
22516;1989;469;12;17;14;1
22520;1976;469;12;17;14;1
22521;1963;469;12;17;14;1
22522;1950;469;12;17;14;1
22525;1937;469;12;17;14;1
22528;1924;469;12;17;14;1
22530;1911;469;12;17;14;1
22534;222;487;12;17;14;1
22535;973;487;11;17;14;2
22539;985;487;12;17;14;1
22541;998;487;12;17;14;1
22545;53;505;12;17;14;1
22549;40;505;12;17;14;1
22553;27;505;12;17;14;1
22558;14;505;12;17;14;1
22560;1;505;12;17;14;1
22561;2036;487;12;17;14;1
22564;2023;487;12;17;14;1
22570;2010;487;12;17;14;1
22576;1997;487;12;17;14;1
22581;1984;487;12;17;14;1
22596;1971;487;12;17;14;1
22604;1958;487;12;17;14;1
22605;66;505;12;17;14;1
22609;1945;487;12;17;14;1
22612;1919;487;12;17;14;1
22616;1906;487;12;17;14;1
22622;1893;487;12;17;14;1
22629;1880;487;12;17;14;1
22635;1867;487;12;17;14;1
22636;1854;487;12;17;14;1
22654;1841;487;12;17;14;1
22656;1828;487;12;17;14;1
22657;1815;487;12;17;14;1
22659;1802;487;12;17;14;1
22661;1789;487;12;17;14;1
22665;1776;487;12;17;14;1
22674;1932;487;12;17;14;1
22675;91;505;12;17;14;1
22681;273;505;12;17;14;1
22682;104;505;12;17;14;1
22686;442;505;12;17;14;1
22687;429;505;12;17;14;1
22696;416;505;12;17;14;1
22697;403;505;12;17;14;1
22716;390;505;12;17;14;1
22721;377;505;12;17;14;1
22725;364;505;12;17;14;1
22737;351;505;12;17;14;1
22741;338;505;12;17;14;1
22756;325;505;12;17;14;1
22763;312;505;12;17;14;1
22764;299;505;12;17;14;1
22766;455;505;12;17;14;1
22768;286;505;12;17;14;1
22771;260;505;12;17;14;1
22774;247;505;12;17;14;1
22777;234;505;12;17;14;1
22786;221;505;12;17;14;1
22788;208;505;12;17;14;1
22791;195;505;12;17;14;1
22797;182;505;12;17;14;1
22799;169;505;12;17;14;1
22804;156;505;12;17;14;1
22805;143;505;12;17;14;1
22806;130;505;12;17;14;1
22809;117;505;12;17;14;1
22810;1765;487;10;17;14;2
22812;1752;487;12;17;14;1
22815;1739;487;12;17;14;1
22820;1544;487;12;17;14;1
22821;1323;487;12;17;14;1
22823;1310;487;12;17;14;1
22825;1297;487;12;17;14;1
22826;1284;487;12;17;14;1
22827;1271;487;12;17;14;1
22829;1258;487;12;17;14;1
22830;1245;487;12;17;14;1
22831;1232;487;12;17;14;1
22833;1219;487;12;17;14;1
22836;1206;487;12;17;14;1
22839;1193;487;12;17;14;1
22840;1180;487;12;17;14;1
22841;1167;487;12;17;14;1
22842;1154;487;12;17;14;1
22844;1141;487;12;17;14;1
22849;1128;487;12;17;14;1
22850;1115;487;12;17;14;1
22852;1102;487;12;17;14;1
22855;1089;487;12;17;14;1
22856;1076;487;12;17;14;1
22857;1063;487;12;17;14;1
22859;1050;487;12;17;14;1
22862;1037;487;12;17;14;1
22863;1024;487;12;17;14;1
22865;1011;487;12;17;14;1
22868;1336;487;12;17;14;1
22869;1349;487;12;17;14;1
22870;1362;487;12;17;14;1
22871;1375;487;12;17;14;1
22872;1713;487;12;17;14;1
22874;1700;487;12;17;14;1
22880;1687;487;12;17;14;1
22882;1674;487;12;17;14;1
22885;1661;487;12;17;14;1
22899;1648;487;12;17;14;1
22900;1635;487;12;17;14;1
22902;1622;487;12;17;14;1
22904;1609;487;12;17;14;1
22905;1596;487;12;17;14;1
22909;1583;487;12;17;14;1
22913;1570;487;12;17;14;1
22914;1726;487;12;17;14;1
22915;1557;487;12;17;14;1
22916;1531;487;12;17;14;1
22918;1518;487;12;17;14;1
22919;1505;487;12;17;14;1
22920;1492;487;12;17;14;1
22922;1479;487;12;17;14;1
22925;1466;487;12;17;14;1
22930;1453;487;12;17;14;1
22931;1440;487;12;17;14;1
22934;1427;487;12;17;14;1
22935;1414;487;12;17;14;1
22937;1401;487;12;17;14;1
22942;1388;487;12;17;14;1
22947;1487;523;12;17;14;1
22948;1408;613;12;17;14;1
22949;1419;721;12;17;14;1
22952;1421;613;12;17;14;1
22953;1492;757;12;17;14;1
22954;1479;757;12;17;14;1
22955;1466;757;12;17;14;1
22958;1453;757;12;17;14;1
22959;1440;757;12;17;14;1
22962;1427;757;12;17;14;1
22969;1414;757;12;17;14;1
22971;1401;757;12;17;14;1
22974;1388;757;12;17;14;1
22982;1375;757;12;17;14;1
22986;1362;757;12;17;14;1
22987;1349;757;12;17;14;1
22992;1336;757;12;17;14;1
22993;1323;757;12;17;14;1
22994;1310;757;12;17;14;1
22995;1297;757;12;17;14;1
22996;1284;757;12;17;14;1
22999;1271;757;12;17;14;1
23000;1258;757;12;17;14;1
23002;1245;757;12;17;14;1
23004;1232;757;12;17;14;1
23005;1219;757;12;17;14;1
23011;1206;757;12;17;14;1
23013;1193;757;12;17;14;1
23016;1180;757;12;17;14;1
23020;1505;757;12;17;14;1
23033;1518;757;12;17;14;1
23035;1531;757;12;17;14;1
23039;1544;757;12;17;14;1
23041;1882;757;12;17;14;1
23043;1869;757;12;17;14;1
23044;1856;757;12;17;14;1
23045;1843;757;12;17;14;1
23046;1830;757;12;17;14;1
23047;1817;757;12;17;14;1
23048;1804;757;12;17;14;1
23049;1791;757;12;17;14;1
23052;1778;757;12;17;14;1
23057;1765;757;12;17;14;1
23059;1752;757;12;17;14;1
23064;1739;757;12;17;14;1
23068;1895;757;12;17;14;1
23071;1726;757;12;17;14;1
23072;1700;757;12;17;14;1
23075;1687;757;12;17;14;1
23077;1674;757;12;17;14;1
23081;1661;757;12;17;14;1
23089;1648;757;12;17;14;1
23090;1635;757;12;17;14;1
23092;1622;757;12;17;14;1
23094;1609;757;12;17;14;1
23100;1596;757;12;17;14;1
23104;1583;757;12;17;14;1
23110;1570;757;12;17;14;1
23113;1557;757;12;17;14;1
23114;1167;757;12;17;14;1
23125;1713;757;12;17;14;1
23130;1154;757;12;17;14;1
23138;946;757;12;17;14;1
23143;726;757;12;17;14;1
23146;713;757;12;17;14;1
23156;700;757;12;17;14;1
23157;687;757;12;17;14;1
23158;674;757;12;17;14;1
23159;661;757;12;17;14;1
23162;648;757;12;17;14;1
23167;635;757;12;17;14;1
23186;622;757;12;17;14;1
23194;609;757;12;17;14;1
23195;596;757;12;17;14;1
23210;583;757;12;17;14;1
23218;570;757;12;17;14;1
23219;557;757;12;17;14;1
23221;544;757;12;17;14;1
23224;531;757;12;17;14;1
23230;518;757;12;17;14;1
23233;505;757;12;17;14;1
23234;492;757;12;17;14;1
23241;479;757;12;17;14;1
23244;466;757;12;17;14;1
23250;453;757;12;17;14;1
23252;440;757;12;17;14;1
23254;427;757;12;17;14;1
23256;414;757;12;17;14;1
23260;739;757;12;17;14;1
23264;752;757;12;17;14;1
23265;765;757;12;17;14;1
23267;778;757;12;17;14;1
23270;1115;757;12;17;14;1
23273;1102;757;12;17;14;1
23275;1089;757;12;17;14;1
23281;1076;757;12;17;14;1
23305;1063;757;12;17;14;1
23318;1050;757;12;17;14;1
23319;1037;757;12;17;14;1
23346;1024;757;12;17;14;1
23348;1011;757;12;17;14;1
23351;998;757;12;17;14;1
23360;985;757;12;17;14;1
23376;972;757;12;17;14;1
23377;1128;757;12;17;14;1
23379;959;757;12;17;14;1
23380;933;757;12;17;14;1
23381;920;757;12;17;14;1
23383;907;757;12;17;14;1
23384;894;757;12;17;14;1
23385;881;757;12;17;14;1
23386;868;757;12;17;14;1
23387;855;757;12;17;14;1
23388;842;757;12;17;14;1
23389;829;757;12;17;14;1
23391;817;757;11;17;14;2
23394;804;757;12;17;14;1
23395;791;757;12;17;14;1
23396;1141;757;12;17;14;1
23397;1908;757;12;17;14;1
23398;1921;757;11;17;14;2
23401;1933;757;12;17;14;1
23402;985;775;12;17;14;1
23404;972;775;12;17;14;1
23408;959;775;12;17;14;1
23409;946;775;12;17;14;1
23411;933;775;12;17;14;1
23413;920;775;12;17;14;1
23418;907;775;12;17;14;1
23421;894;775;12;17;14;1
23424;881;775;12;17;14;1
23425;869;775;11;17;14;2
23427;856;775;12;17;14;1
23428;843;775;12;17;14;1
23429;998;775;12;17;14;1
23431;830;775;12;17;14;1
23432;804;775;12;17;14;1
23433;791;775;12;17;14;1
23435;778;775;12;17;14;1
23436;765;775;12;17;14;1
23439;752;775;12;17;14;1
23443;739;775;12;17;14;1
23445;726;775;12;17;14;1
23447;713;775;12;17;14;1
23448;700;775;12;17;14;1
23449;687;775;12;17;14;1
23450;674;775;12;17;14;1
23451;661;775;12;17;14;1
23452;817;775;12;17;14;1
23453;1024;775;12;17;14;1
23454;1206;775;12;17;14;1
23456;1037;775;12;17;14;1
23457;1371;775;12;17;14;1
23458;1359;775;11;17;14;2
23459;1346;775;12;17;14;1
23460;1333;775;12;17;14;1
23461;1320;775;12;17;14;1
23462;1307;775;12;17;14;1
23466;1295;775;11;17;14;2
23467;1283;775;11;17;14;2
23472;1270;775;12;17;14;1
23475;1257;775;12;17;14;1
23476;1245;775;11;17;14;2
23477;1232;775;12;17;14;1
23478;1384;775;12;17;14;1
23480;1219;775;12;17;14;1
23481;1193;775;12;17;14;1
23485;1180;775;12;17;14;1
23486;1167;775;12;17;14;1
23487;1154;775;12;17;14;1
23490;1141;775;12;17;14;1
23492;1128;775;12;17;14;1
23493;1115;775;12;17;14;1
23494;1102;775;12;17;14;1
23495;1089;775;12;17;14;1
23500;1076;775;12;17;14;1
23504;1063;775;12;17;14;1
23506;1050;775;12;17;14;1
23507;648;775;12;17;14;1
23517;635;775;12;17;14;1
23518;622;775;12;17;14;1
23519;428;775;12;17;14;1
23521;208;775;11;17;14;2
23524;195;775;12;17;14;1
23525;182;775;12;17;14;1
23528;169;775;12;17;14;1
23534;156;775;12;17;14;1
23536;143;775;12;17;14;1
23544;131;775;11;17;14;2
23545;118;775;12;17;14;1
23546;105;775;12;17;14;1
23547;92;775;12;17;14;1
23548;79;775;12;17;14;1
23551;66;775;12;17;14;1
23553;53;775;12;17;14;1
23556;40;775;12;17;14;1
23558;27;775;12;17;14;1
23561;14;775;12;17;14;1
23562;1;775;12;17;14;1
23567;2036;757;12;17;14;1
23569;2023;757;12;17;14;1
23572;2011;757;11;17;14;2
23573;1998;757;12;17;14;1
23574;1985;757;12;17;14;1
23576;1972;757;12;17;14;1
23578;1959;757;12;17;14;1
23580;1946;757;12;17;14;1
23581;220;775;12;17;14;1
23586;233;775;12;17;14;1
23588;246;775;12;17;14;1
23589;259;775;12;17;14;1
23591;596;775;12;17;14;1
23596;583;775;12;17;14;1
23601;570;775;12;17;14;1
23604;557;775;12;17;14;1
23608;544;775;12;17;14;1
23609;532;775;11;17;14;2
23610;519;775;12;17;14;1
23611;506;775;12;17;14;1
23612;493;775;12;17;14;1
23613;480;775;12;17;14;1
23614;467;775;12;17;14;1
23615;454;775;12;17;14;1
23616;609;775;12;17;14;1
23617;441;775;12;17;14;1
23618;415;775;12;17;14;1
23621;402;775;12;17;14;1
23624;389;775;12;17;14;1
23625;376;775;12;17;14;1
23626;363;775;12;17;14;1
23627;350;775;12;17;14;1
23628;337;775;12;17;14;1
23630;324;775;12;17;14;1
23631;311;775;12;17;14;1
23632;298;775;12;17;14;1
23633;285;775;12;17;14;1
23637;272;775;12;17;14;1
23641;401;757;12;17;14;1
23646;1011;775;12;17;14;1
23648;388;757;12;17;14;1
23649;2030;739;12;17;14;1
23651;469;739;12;17;14;1
23653;456;739;12;17;14;1
23654;443;739;12;17;14;1
23662;432;739;10;17;14;2
23663;419;739;12;17;14;1
23665;408;739;10;17;14;2
23673;395;739;12;17;14;1
23674;382;739;12;17;14;1
23679;369;739;12;17;14;1
23681;357;739;11;17;14;1
23682;345;739;11;17;14;2
23688;332;739;12;17;14;1
23692;320;739;11;17;14;2
23693;307;739;12;17;14;1
23696;294;739;12;17;14;1
23697;281;739;12;17;14;1
23700;268;739;12;17;14;1
23702;255;739;12;17;14;1
23703;244;739;10;17;14;2
23704;231;739;12;17;14;1
23705;218;739;12;17;14;1
23706;205;739;12;17;14;1
23707;193;739;11;17;14;1
23708;182;739;10;17;14;3
23714;169;739;12;17;14;1
23715;482;739;12;17;14;1
23721;495;739;11;17;14;2
23723;507;739;12;17;14;1
23724;520;739;12;17;14;1
23725;857;739;12;17;14;1
23729;844;739;12;17;14;1
23731;831;739;12;17;14;1
23733;818;739;12;17;14;1
23735;805;739;12;17;14;1
23736;792;739;12;17;14;1
23741;779;739;12;17;14;1
23743;766;739;12;17;14;1
23745;754;739;11;17;14;2
23748;741;739;12;17;14;1
23755;728;739;12;17;14;1
23762;715;739;12;17;14;1
23769;870;739;12;17;14;1
23777;702;739;12;17;14;1
23780;676;739;12;17;14;1
23781;663;739;12;17;14;1
23782;650;739;12;17;14;1
23784;637;739;12;17;14;1
23786;624;739;12;17;14;1
23789;611;739;12;17;14;1
23792;598;739;12;17;14;1
23803;585;739;12;17;14;1
23810;572;739;12;17;14;1
23811;559;739;12;17;14;1
23814;546;739;12;17;14;1
23815;533;739;12;17;14;1
23822;156;739;12;17;14;1
23828;689;739;12;17;14;1
23830;143;739;12;17;14;1
23835;1983;721;12;17;14;1
23838;1768;721;12;17;14;1
23844;1755;721;12;17;14;1
23846;1742;721;12;17;14;1
23847;1729;721;12;17;14;1
23849;1716;721;12;17;14;1
23853;1703;721;12;17;14;1
23854;1691;721;11;17;14;2
23860;1678;721;12;17;14;1
23869;1665;721;12;17;14;1
23870;1652;721;12;17;14;1
23879;1639;721;12;17;14;1
23882;1626;721;12;17;14;1
23883;1613;721;12;17;14;1
23884;1600;721;12;17;14;1
23896;1587;721;12;17;14;1
23899;1574;721;12;17;14;1
23901;1561;721;12;17;14;1
23913;1549;721;11;17;14;2
23915;1536;721;12;17;14;1
23916;1523;721;12;17;14;1
23919;1510;721;12;17;14;1
23924;1497;721;12;17;14;1
23938;1484;721;12;17;14;1
23961;1471;721;12;17;14;1
23965;1458;721;12;17;14;1
23991;1781;721;12;17;14;1
24005;1794;721;12;17;14;1
24013;1807;721;12;17;14;1
24027;1820;721;12;17;14;1
24029;104;739;12;17;14;1
24030;91;739;12;17;14;1
24033;78;739;12;17;14;1
24034;65;739;12;17;14;1
24037;52;739;12;17;14;1
24038;39;739;12;17;14;1
24039;26;739;12;17;14;1
24040;14;739;11;17;14;2
24041;1;739;12;17;14;1
24043;2034;721;12;17;14;1
24046;2021;721;12;17;14;1
24047;2008;721;12;17;14;1
24049;117;739;12;17;14;1
24050;1996;721;11;17;14;2
24051;1971;721;11;17;14;2
24052;1959;721;11;17;14;2
24055;1946;721;12;17;14;1
24061;1933;721;12;17;14;1
24062;1922;721;10;17;14;2
24065;1910;721;11;17;14;1
24066;1897;721;12;17;14;1
24067;1884;721;12;17;14;1
24069;1871;721;12;17;14;1
24070;1858;721;12;17;14;1
24072;1845;721;12;17;14;1
24076;1833;721;11;17;14;2
24079;130;739;12;17;14;1
24080;883;739;12;17;14;1
24081;896;739;12;17;14;1
24084;909;739;12;17;14;1
24085;2004;739;12;17;14;1
24086;1991;739;12;17;14;1
24088;1978;739;12;17;14;1
24089;1965;739;12;17;14;1
24090;1952;739;12;17;14;1
24091;1941;739;10;17;14;2
24092;1928;739;12;17;14;1
24093;1915;739;12;17;14;1
24102;1902;739;12;17;14;1
24103;1889;739;12;17;14;1
24109;1876;739;12;17;14;1
24110;1863;739;12;17;14;1
24113;2017;739;12;17;14;1
24119;1850;739;12;17;14;1
24120;1824;739;12;17;14;1
24123;1811;739;12;17;14;1
24124;1798;739;12;17;14;1
24125;1785;739;12;17;14;1
24130;1773;739;11;17;14;2
24132;1760;739;12;17;14;1
24133;1747;739;12;17;14;1
24140;1734;739;12;17;14;1
24148;1721;739;12;17;14;1
24149;1708;739;12;17;14;1
24155;1695;739;12;17;14;1
24158;1682;739;12;17;14;1
24161;1837;739;12;17;14;1
24162;1;757;12;17;14;1
24178;183;757;12;17;14;1
24179;14;757;12;17;14;1
24180;351;757;12;17;14;1
24182;338;757;12;17;14;1
24184;325;757;12;17;14;1
24186;313;757;11;17;14;2
24187;300;757;12;17;14;1
24188;287;757;12;17;14;1
24189;274;757;12;17;14;1
24191;261;757;12;17;14;1
24192;248;757;12;17;14;1
24196;235;757;12;17;14;1
24198;222;757;12;17;14;1
24199;209;757;12;17;14;1
24202;364;757;12;17;14;1
24203;196;757;12;17;14;1
24207;170;757;12;17;14;1
24208;157;757;12;17;14;1
24209;144;757;12;17;14;1
24211;131;757;12;17;14;1
24212;118;757;12;17;14;1
24213;105;757;12;17;14;1
24214;92;757;12;17;14;1
24215;79;757;12;17;14;1
24217;66;757;12;17;14;1
24218;53;757;12;17;14;1
24220;40;757;12;17;14;1
24222;27;757;12;17;14;1
24223;1669;739;12;17;14;1
24224;1656;739;12;17;14;1
24229;1643;739;12;17;14;1
24230;1452;739;12;17;14;1
24231;1234;739;12;17;14;1
24237;1221;739;12;17;14;1
24243;1208;739;12;17;14;1
24245;1195;739;12;17;14;1
24246;1182;739;12;17;14;1
24247;1169;739;12;17;14;1
24248;1156;739;12;17;14;1
24249;1143;739;12;17;14;1
24254;1130;739;12;17;14;1
24265;1117;739;12;17;14;1
24266;1104;739;12;17;14;1
24273;1091;739;12;17;14;1
24274;1078;739;12;17;14;1
24275;1065;739;12;17;14;1
24278;1052;739;12;17;14;1
24283;1039;739;12;17;14;1
24296;1026;739;12;17;14;1
24298;1013;739;12;17;14;1
24308;1000;739;12;17;14;1
24310;987;739;12;17;14;1
24311;974;739;12;17;14;1
24314;961;739;12;17;14;1
24318;948;739;12;17;14;1
24319;935;739;12;17;14;1
24320;922;739;12;17;14;1
24321;1247;739;12;17;14;1
24322;1260;739;12;17;14;1
24323;1273;739;12;17;14;1
24324;1286;739;12;17;14;1
24328;1617;739;12;17;14;1
24330;1604;739;12;17;14;1
24331;1591;739;12;17;14;1
24335;1578;739;12;17;14;1
24337;1565;739;12;17;14;1
24339;1554;739;10;17;14;2
24341;1542;739;11;17;14;2
24343;1530;739;11;17;14;2
24344;1517;739;12;17;14;1
24347;1504;739;12;17;14;1
24351;1491;739;12;17;14;1
24352;1478;739;12;17;14;1
24357;1630;739;12;17;14;1
24358;1465;739;12;17;14;1
24359;1439;739;12;17;14;1
24361;1426;739;12;17;14;1
24362;1413;739;12;17;14;1
24365;1400;739;12;17;14;1
24367;1387;739;12;17;14;1
24369;1374;739;12;17;14;1
24377;1361;739;12;17;14;1
24378;1348;739;12;17;14;1
24380;1335;739;12;17;14;1
24384;1322;739;12;17;14;1
24400;1311;739;10;17;14;2
24402;1299;739;11;17;14;2
24403;377;757;10;17;14;2
24405;1410;775;12;17;14;1
24406;378;811;12;17;14;1
24407;1423;775;12;17;14;1
24408;1487;811;12;17;14;1
24413;1474;811;12;17;14;1
24417;1464;811;9;17;14;2
24418;1451;811;12;17;14;1
24420;1438;811;12;17;14;1
24422;1425;811;12;17;14;1
24425;1412;811;12;17;14;1
24426;1399;811;12;17;14;1
24428;1386;811;12;17;14;1
24429;1373;811;12;17;14;1
24432;1360;811;12;17;14;1
24433;1347;811;12;17;14;1
24435;1340;811;6;17;14;1
24439;1327;811;12;17;14;1
24441;1314;811;12;17;14;1
24443;1301;811;12;17;14;1
24444;1288;811;12;17;14;1
24448;1275;811;12;17;14;1
24449;1262;811;12;17;14;1
24450;1249;811;12;17;14;1
24452;1236;811;12;17;14;1
24453;1223;811;12;17;14;1
24455;1210;811;12;17;14;1
24456;1197;811;12;17;14;1
24457;1184;811;12;17;14;1
24458;1500;811;12;17;14;1
24459;1513;811;12;17;14;1
24460;1526;811;12;17;14;1
24464;1539;811;12;17;14;1
24466;1871;811;12;17;14;1
24469;1858;811;12;17;14;1
24471;1845;811;12;17;14;1
24472;1832;811;12;17;14;1
24473;1819;811;12;17;14;1
24476;1806;811;12;17;14;1
24481;1793;811;12;17;14;1
24488;1780;811;12;17;14;1
24490;1767;811;12;17;14;1
24493;1754;811;12;17;14;1
24494;1741;811;12;17;14;1
24501;1728;811;12;17;14;1
24503;1884;811;12;17;14;1
24508;1715;811;12;17;14;1
24509;1689;811;12;17;14;1
24515;1676;811;12;17;14;1
24516;1669;811;6;17;14;1
24517;1656;811;12;17;14;1
24518;1643;811;12;17;14;1
24521;1630;811;12;17;14;1
24524;1617;811;12;17;14;1
24525;1604;811;12;17;14;1
24527;1591;811;12;17;14;1
24528;1578;811;12;17;14;1
24529;1565;811;12;17;14;1
24530;1552;811;12;17;14;1
24534;1171;811;12;17;14;1
24535;1702;811;12;17;14;1
24536;1158;811;12;17;14;1
24537;950;811;12;17;14;1
24541;729;811;12;17;14;1
24544;716;811;12;17;14;1
24545;703;811;12;17;14;1
24548;690;811;12;17;14;1
24551;677;811;12;17;14;1
24554;664;811;12;17;14;1
24555;651;811;12;17;14;1
24557;638;811;12;17;14;1
24558;625;811;12;17;14;1
24561;612;811;12;17;14;1
24565;599;811;12;17;14;1
24568;586;811;12;17;14;1
24571;573;811;12;17;14;1
24573;560;811;12;17;14;1
24574;547;811;12;17;14;1
24575;534;811;12;17;14;1
24576;521;811;12;17;14;1
24577;508;811;12;17;14;1
24578;495;811;12;17;14;1
24579;482;811;12;17;14;1
24580;469;811;12;17;14;1
24581;456;811;12;17;14;1
24582;443;811;12;17;14;1
24586;430;811;12;17;14;1
24589;417;811;12;17;14;1
24590;742;811;12;17;14;1
24591;755;811;12;17;14;1
24594;768;811;12;17;14;1
24596;781;811;12;17;14;1
24597;1119;811;12;17;14;1
24598;1106;811;12;17;14;1
24601;1093;811;12;17;14;1
24603;1080;811;12;17;14;1
24604;1067;811;12;17;14;1
24605;1054;811;12;17;14;1
24608;1041;811;12;17;14;1
24609;1028;811;12;17;14;1
24613;1015;811;12;17;14;1
24614;1002;811;12;17;14;1
24615;989;811;12;17;14;1
24616;976;811;12;17;14;1
24617;1132;811;12;17;14;1
24618;963;811;12;17;14;1
24619;937;811;12;17;14;1
24623;924;811;12;17;14;1
24629;911;811;12;17;14;1
24635;898;811;12;17;14;1
24636;885;811;12;17;14;1
24639;872;811;12;17;14;1
24641;859;811;12;17;14;1
24642;846;811;12;17;14;1
24643;833;811;12;17;14;1
24651;820;811;12;17;14;1
24653;807;811;12;17;14;1
24656;794;811;12;17;14;1
24658;1145;811;12;17;14;1
24661;1897;811;12;17;14;1
24665;1910;811;12;17;14;1
24666;1923;811;12;17;14;1
24669;989;829;12;17;14;1
24674;976;829;12;17;14;1
24675;963;829;12;17;14;1
24676;950;829;12;17;14;1
24679;937;829;12;17;14;1
24680;924;829;12;17;14;1
24681;911;829;12;17;14;1
24682;898;829;12;17;14;1
24683;885;829;12;17;14;1
24684;872;829;12;17;14;1
24685;859;829;12;17;14;1
24687;846;829;12;17;14;1
24688;1002;829;12;17;14;1
24691;833;829;12;17;14;1
24694;807;829;12;17;14;1
24696;794;829;12;17;14;1
24697;781;829;12;17;14;1
24698;768;829;12;17;14;1
24699;755;829;12;17;14;1
24700;742;829;12;17;14;1
24701;729;829;12;17;14;1
24703;716;829;12;17;14;1
24707;703;829;12;17;14;1
24708;690;829;12;17;14;1
24713;677;829;12;17;14;1
24716;664;829;12;17;14;1
24717;820;829;12;17;14;1
24722;1028;829;12;17;14;1
24724;1210;829;12;17;14;1
24726;1041;829;12;17;14;1
24730;1379;829;12;17;14;1
24731;1366;829;12;17;14;1
24733;1353;829;12;17;14;1
24735;1340;829;12;17;14;1
24736;1327;829;12;17;14;1
24739;1314;829;12;17;14;1
24742;1301;829;12;17;14;1
24744;1288;829;12;17;14;1
24747;1275;829;12;17;14;1
24748;1262;829;12;17;14;1
24749;1249;829;12;17;14;1
24751;1236;829;12;17;14;1
24753;1392;829;12;17;14;1
24754;1223;829;12;17;14;1
24756;1197;829;12;17;14;1
24760;1184;829;12;17;14;1
24763;1171;829;12;17;14;1
24764;1158;829;12;17;14;1
24773;1145;829;12;17;14;1
24774;1132;829;12;17;14;1
24778;1119;829;12;17;14;1
24779;1106;829;12;17;14;1
24785;1093;829;12;17;14;1
24789;1080;829;12;17;14;1
24792;1067;829;12;17;14;1
24794;1054;829;12;17;14;1
24796;651;829;12;17;14;1
24797;638;829;12;17;14;1
24799;625;829;12;17;14;1
24800;430;829;12;17;14;1
24806;209;829;12;17;14;1
24807;196;829;12;17;14;1
24808;183;829;12;17;14;1
24809;170;829;12;17;14;1
24811;157;829;12;17;14;1
24812;144;829;12;17;14;1
24813;131;829;12;17;14;1
24814;118;829;12;17;14;1
24815;105;829;12;17;14;1
24816;92;829;12;17;14;1
24819;79;829;12;17;14;1
24820;66;829;12;17;14;1
24822;53;829;12;17;14;1
24825;40;829;12;17;14;1
24826;27;829;12;17;14;1
24832;14;829;12;17;14;1
24833;1;829;12;17;14;1
24838;2027;811;12;17;14;1
24840;2014;811;12;17;14;1
24841;2001;811;12;17;14;1
24845;1988;811;12;17;14;1
24846;1975;811;12;17;14;1
24847;1962;811;12;17;14;1
24853;1949;811;12;17;14;1
24858;1936;811;12;17;14;1
24863;222;829;12;17;14;1
24864;235;829;12;17;14;1
24867;248;829;12;17;14;1
24868;261;829;12;17;14;1
24870;599;829;12;17;14;1
24871;586;829;12;17;14;1
24875;573;829;12;17;14;1
24895;560;829;12;17;14;1
24904;547;829;12;17;14;1
24906;534;829;12;17;14;1
24908;521;829;12;17;14;1
24910;508;829;12;17;14;1
24913;495;829;12;17;14;1
24917;482;829;12;17;14;1
24925;469;829;12;17;14;1
24930;456;829;12;17;14;1
24935;612;829;12;17;14;1
24936;443;829;12;17;14;1
24944;417;829;12;17;14;1
24949;404;829;12;17;14;1
24951;391;829;12;17;14;1
24971;378;829;12;17;14;1
24974;365;829;12;17;14;1
24980;352;829;12;17;14;1
24989;339;829;12;17;14;1
24999;326;829;12;17;14;1
25000;313;829;12;17;14;1
25001;300;829;12;17;14;1
25004;287;829;12;17;14;1
25015;274;829;12;17;14;1
25022;404;811;12;17;14;1
25026;1015;829;12;17;14;1
25032;391;811;12;17;14;1
25034;2034;793;12;17;14;1
25035;469;793;12;17;14;1
25041;456;793;12;17;14;1
25042;443;793;12;17;14;1
25044;430;793;12;17;14;1
25062;417;793;12;17;14;1
25077;404;793;12;17;14;1
25087;391;793;12;17;14;1
25094;378;793;12;17;14;1
25096;365;793;12;17;14;1
25098;352;793;12;17;14;1
25099;339;793;12;17;14;1
25100;326;793;12;17;14;1
25101;313;793;12;17;14;1
25102;300;793;12;17;14;1
25103;287;793;12;17;14;1
25104;274;793;12;17;14;1
25105;261;793;12;17;14;1
25106;248;793;12;17;14;1
25109;235;793;12;17;14;1
25110;222;793;12;17;14;1
25111;209;793;12;17;14;1
25112;196;793;12;17;14;1
25114;183;793;12;17;14;1
25115;170;793;12;17;14;1
25119;157;793;12;17;14;1
25121;482;793;12;17;14;1
25122;495;793;12;17;14;1
25124;508;793;12;17;14;1
25125;521;793;12;17;14;1
25130;852;793;12;17;14;1
25132;839;793;12;17;14;1
25134;826;793;12;17;14;1
25139;813;793;12;17;14;1
25140;800;793;12;17;14;1
25143;788;793;11;17;14;1
25149;775;793;12;17;14;1
25150;762;793;12;17;14;1
25151;749;793;12;17;14;1
25152;736;793;12;17;14;1
25153;723;793;12;17;14;1
25155;710;793;12;17;14;1
25159;865;793;12;17;14;1
25160;697;793;12;17;14;1
25161;671;793;12;17;14;1
25163;658;793;12;17;14;1
25164;651;793;6;17;14;2
25165;638;793;12;17;14;1
25166;625;793;12;17;14;1
25169;612;793;12;17;14;1
25170;599;793;12;17;14;1
25171;586;793;12;17;14;1
25172;573;793;12;17;14;1
25176;560;793;12;17;14;1
25179;547;793;12;17;14;1
25187;534;793;12;17;14;1
25190;144;793;12;17;14;1
25191;684;793;12;17;14;1
25193;131;793;12;17;14;1
25194;1969;775;12;17;14;1
25195;1748;775;12;17;14;1
25196;1735;775;12;17;14;1
25197;1722;775;12;17;14;1
25198;1709;775;12;17;14;1
25199;1696;775;12;17;14;1
25200;1683;775;12;17;14;1
25203;1670;775;12;17;14;1
25206;1657;775;12;17;14;1
25209;1644;775;12;17;14;1
25212;1631;775;12;17;14;1
25214;1618;775;12;17;14;1
25215;1605;775;12;17;14;1
25216;1592;775;12;17;14;1
25220;1579;775;12;17;14;1
25225;1566;775;12;17;14;1
25226;1553;775;12;17;14;1
25233;1540;775;12;17;14;1
25234;1527;775;12;17;14;1
25235;1514;775;12;17;14;1
25237;1501;775;12;17;14;1
25238;1488;775;12;17;14;1
25239;1475;775;12;17;14;1
25240;1462;775;12;17;14;1
25242;1449;775;12;17;14;1
25243;1436;775;12;17;14;1
25247;1761;775;12;17;14;1
25248;1774;775;12;17;14;1
25249;1787;775;12;17;14;1
25250;1800;775;12;17;14;1
25252;92;793;12;17;14;1
25253;79;793;12;17;14;1
25256;66;793;12;17;14;1
25259;53;793;12;17;14;1
25260;40;793;12;17;14;1
25265;27;793;12;17;14;1
25269;14;793;12;17;14;1
25273;1;793;12;17;14;1
25275;2034;775;12;17;14;1
25276;2021;775;12;17;14;1
25277;2008;775;12;17;14;1
25279;1995;775;12;17;14;1
25282;105;793;12;17;14;1
25284;1982;775;12;17;14;1
25285;1956;775;12;17;14;1
25286;1943;775;12;17;14;1
25287;1930;775;12;17;14;1
25288;1917;775;12;17;14;1
25289;1904;775;12;17;14;1
25290;1891;775;12;17;14;1
25292;1878;775;12;17;14;1
25293;1865;775;12;17;14;1
25294;1852;775;12;17;14;1
25296;1839;775;12;17;14;1
25298;1826;775;12;17;14;1
25299;1813;775;12;17;14;1
25300;118;793;12;17;14;1
25302;878;793;12;17;14;1
25303;891;793;12;17;14;1
25304;904;793;12;17;14;1
25305;2008;793;12;17;14;1
25306;1995;793;12;17;14;1
25307;1982;793;12;17;14;1
25308;1970;793;11;17;14;2
25311;1957;793;12;17;14;1
25314;1944;793;12;17;14;1
25315;1931;793;12;17;14;1
25317;1918;793;12;17;14;1
25318;1905;793;12;17;14;1
25319;1892;793;12;17;14;1
25320;1879;793;12;17;14;1
25321;1866;793;12;17;14;1
25324;2021;793;12;17;14;1
25325;1853;793;12;17;14;1
25326;1827;793;12;17;14;1
25327;1814;793;12;17;14;1
25329;1801;793;12;17;14;1
25331;1788;793;12;17;14;1
25332;1775;793;12;17;14;1
25334;1762;793;12;17;14;1
25335;1749;793;12;17;14;1
25340;1736;793;12;17;14;1
25341;1723;793;12;17;14;1
25342;1710;793;12;17;14;1
25343;1697;793;12;17;14;1
25345;1684;793;12;17;14;1
25346;1840;793;12;17;14;1
25351;1;811;12;17;14;1
25352;183;811;12;17;14;1
25353;14;811;12;17;14;1
25358;352;811;12;17;14;1
25361;339;811;12;17;14;1
25366;326;811;12;17;14;1
25370;313;811;12;17;14;1
25371;300;811;12;17;14;1
25373;287;811;12;17;14;1
25374;274;811;12;17;14;1
25375;261;811;12;17;14;1
25376;248;811;12;17;14;1
25377;235;811;12;17;14;1
25378;222;811;12;17;14;1
25379;209;811;12;17;14;1
25380;365;811;12;17;14;1
25381;196;811;12;17;14;1
25384;170;811;12;17;14;1
25386;157;811;12;17;14;1
25387;144;811;12;17;14;1
25391;131;811;12;17;14;1
25394;118;811;12;17;14;1
25401;105;811;12;17;14;1
25402;92;811;12;17;14;1
25405;79;811;12;17;14;1
25410;66;811;12;17;14;1
25411;53;811;12;17;14;1
25413;40;811;12;17;14;1
25414;27;811;12;17;14;1
25417;1671;793;12;17;14;1
25419;1658;793;12;17;14;1
25420;1645;793;12;17;14;1
25421;1450;793;12;17;14;1
25422;1229;793;12;17;14;1
25423;1216;793;12;17;14;1
25424;1203;793;12;17;14;1
25429;1190;793;12;17;14;1
25438;1177;793;12;17;14;1
25439;1164;793;12;17;14;1
25441;1151;793;12;17;14;1
25442;1138;793;12;17;14;1
25443;1125;793;12;17;14;1
25447;1112;793;12;17;14;1
25449;1099;793;12;17;14;1
25453;1086;793;12;17;14;1
25454;1073;793;12;17;14;1
25457;1060;793;12;17;14;1
25462;1047;793;12;17;14;1
25463;1034;793;12;17;14;1
25466;1021;793;12;17;14;1
25467;1008;793;12;17;14;1
25472;995;793;12;17;14;1
25474;982;793;12;17;14;1
25479;969;793;12;17;14;1
25480;956;793;12;17;14;1
25481;943;793;12;17;14;1
25482;930;793;12;17;14;1
25484;917;793;12;17;14;1
25486;1242;793;12;17;14;1
25487;1255;793;12;17;14;1
25488;1268;793;12;17;14;1
25490;1281;793;12;17;14;1
25494;1619;793;12;17;14;1
25496;1606;793;12;17;14;1
25504;1593;793;12;17;14;1
25506;1580;793;12;17;14;1
25507;1567;793;12;17;14;1
25509;1554;793;12;17;14;1
25511;1541;793;12;17;14;1
25512;1528;793;12;17;14;1
25513;1515;793;12;17;14;1
25514;1502;793;12;17;14;1
25516;1489;793;12;17;14;1
25517;1476;793;12;17;14;1
25518;1632;793;12;17;14;1
25520;1463;793;12;17;14;1
25523;1437;793;12;17;14;1
25524;1424;793;12;17;14;1
25527;1411;793;12;17;14;1
25528;1398;793;12;17;14;1
25530;1385;793;12;17;14;1
25532;1372;793;12;17;14;1
25534;1359;793;12;17;14;1
25540;1346;793;12;17;14;1
25542;1333;793;12;17;14;1
25545;1320;793;12;17;14;1
25549;1307;793;12;17;14;1
25550;1294;793;12;17;14;1
25551;1445;721;12;17;14;1
25552;1397;775;12;17;14;1
25554;1432;721;12;17;14;1
25558;1396;667;12;17;14;1
25566;1495;649;12;17;14;1
25568;1482;649;12;17;14;1
25569;1469;649;12;17;14;1
25571;1456;649;12;17;14;1
25577;1443;649;12;17;14;1
25578;1430;649;12;17;14;1
25581;1417;649;12;17;14;1
25586;1404;649;12;17;14;1
25588;1391;649;12;17;14;1
25590;1378;649;12;17;14;1
25592;1365;649;12;17;14;1
25597;1352;649;12;17;14;1
25599;1339;649;12;17;14;1
25600;1326;649;12;17;14;1
25601;1313;649;12;17;14;1
25602;1300;649;12;17;14;1
25605;1287;649;12;17;14;1
25611;1274;649;12;17;14;1
25612;1261;649;12;17;14;1
25615;1248;649;12;17;14;1
25616;1235;649;12;17;14;1
25619;1222;649;12;17;14;1
25620;1209;649;12;17;14;1
25627;1196;649;12;17;14;1
25628;1183;649;12;17;14;1
25630;1508;649;12;17;14;1
25632;1521;649;12;17;14;1
25633;1534;649;12;17;14;1
25638;1547;649;12;17;14;1
25642;1885;649;12;17;14;1
25644;1872;649;12;17;14;1
25645;1859;649;12;17;14;1
25652;1846;649;12;17;14;1
25658;1833;649;12;17;14;1
25661;1820;649;12;17;14;1
25663;1807;649;12;17;14;1
25665;1794;649;12;17;14;1
25668;1781;649;12;17;14;1
25669;1768;649;12;17;14;1
25670;1755;649;12;17;14;1
25671;1742;649;12;17;14;1
25672;1898;649;12;17;14;1
25674;1729;649;12;17;14;1
25682;1703;649;12;17;14;1
25684;1690;649;12;17;14;1
25688;1677;649;12;17;14;1
25694;1664;649;12;17;14;1
25703;1651;649;12;17;14;1
25705;1638;649;12;17;14;1
25709;1625;649;12;17;14;1
25720;1612;649;12;17;14;1
25721;1599;649;12;17;14;1
25722;1586;649;12;17;14;1
25730;1573;649;12;17;14;1
25732;1560;649;12;17;14;1
25733;1170;649;12;17;14;1
25735;1716;649;12;17;14;1
25745;1157;649;12;17;14;1
25746;949;649;12;17;14;1
25749;728;649;12;17;14;1
25750;715;649;12;17;14;1
25753;702;649;12;17;14;1
25758;689;649;12;17;14;1
25764;676;649;12;17;14;1
25769;663;649;12;17;14;1
25772;650;649;12;17;14;1
25773;637;649;12;17;14;1
25774;624;649;12;17;14;1
25776;611;649;12;17;14;1
25781;598;649;12;17;14;1
25783;585;649;12;17;14;1
25784;572;649;12;17;14;1
25786;559;649;12;17;14;1
25788;546;649;12;17;14;1
25792;533;649;12;17;14;1
25794;520;649;12;17;14;1
25797;507;649;12;17;14;1
25805;494;649;12;17;14;1
25806;481;649;12;17;14;1
25808;468;649;12;17;14;1
25810;455;649;12;17;14;1
25815;442;649;12;17;14;1
25816;429;649;12;17;14;1
25822;416;649;12;17;14;1
25826;741;649;12;17;14;1
25828;754;649;12;17;14;1
25830;767;649;12;17;14;1
25856;780;649;12;17;14;1
25865;1118;649;12;17;14;1
25874;1105;649;12;17;14;1
25880;1092;649;12;17;14;1
25893;1079;649;12;17;14;1
25899;1066;649;12;17;14;1
25902;1053;649;12;17;14;1
25903;1040;649;12;17;14;1
25908;1027;649;12;17;14;1
25909;1014;649;12;17;14;1
25910;1001;649;12;17;14;1
25912;988;649;12;17;14;1
25913;975;649;12;17;14;1
25915;1131;649;12;17;14;1
25918;962;649;12;17;14;1
25919;936;649;12;17;14;1
25925;923;649;12;17;14;1
25928;910;649;12;17;14;1
25929;897;649;12;17;14;1
25932;884;649;12;17;14;1
25935;871;649;12;17;14;1
25937;858;649;12;17;14;1
25941;845;649;12;17;14;1
25942;832;649;12;17;14;1
25945;819;649;12;17;14;1
25947;806;649;12;17;14;1
25949;793;649;12;17;14;1
25950;1144;649;12;17;14;1
25954;1911;649;12;17;14;1
25955;1924;649;12;17;14;1
25958;1937;649;12;17;14;1
25963;992;667;12;17;14;1
25964;979;667;12;17;14;1
25968;966;667;12;17;14;1
25970;953;667;12;17;14;1
25972;940;667;12;17;14;1
25975;927;667;12;17;14;1
25991;914;667;12;17;14;1
25995;901;667;12;17;14;1
25996;888;667;12;17;14;1
26000;875;667;12;17;14;1
26001;862;667;12;17;14;1
26003;849;667;12;17;14;1
26007;1005;667;12;17;14;1
26009;836;667;12;17;14;1
26011;810;667;12;17;14;1
26012;797;667;12;17;14;1
26015;784;667;12;17;14;1
26017;771;667;12;17;14;1
26020;758;667;12;17;14;1
26021;745;667;12;17;14;1
26023;732;667;12;17;14;1
26025;719;667;12;17;14;1
26027;706;667;12;17;14;1
26029;693;667;12;17;14;1
26031;680;667;12;17;14;1
26032;667;667;12;17;14;1
26041;823;667;12;17;14;1
26044;1031;667;12;17;14;1
26045;1206;667;12;17;14;1
26049;1044;667;11;17;14;2
26051;1371;667;12;17;14;1
26052;1358;667;12;17;14;1
26053;1345;667;12;17;14;1
26054;1332;667;12;17;14;1
26059;1319;667;12;17;14;1
26060;1306;667;12;17;14;1
26062;1293;667;12;17;14;1
26063;1280;667;12;17;14;1
26066;1267;667;12;17;14;1
26070;1254;667;12;17;14;1
26071;1241;667;12;17;14;1
26080;1228;667;12;17;14;1
26082;1384;667;11;17;14;2
26085;1219;667;8;17;14;3
26086;1193;667;12;17;14;1
26087;1182;667;10;17;14;2
26088;1171;667;10;17;14;2
26089;1158;667;12;17;14;1
26092;1146;667;11;17;14;1
26093;1133;667;12;17;14;1
26094;1120;667;12;17;14;1
26095;1108;667;11;17;14;2
26096;1095;667;12;17;14;1
26097;1082;667;12;17;14;1
26102;1069;667;12;17;14;1
26103;1056;667;12;17;14;1
26106;654;667;12;17;14;1
26112;641;667;12;17;14;1
26114;630;667;10;17;14;2
26115;435;667;12;17;14;1
26118;217;667;11;17;14;2
26122;204;667;12;17;14;1
26124;194;667;9;17;14;3
26126;181;667;12;17;14;1
26127;169;667;11;17;14;2
26131;157;667;11;17;14;1
26132;144;667;12;17;14;1
26133;131;667;12;17;14;1
26137;118;667;12;17;14;1
26141;105;667;12;17;14;1
26143;92;667;12;17;14;1
26144;79;667;12;17;14;1
26149;66;667;12;17;14;1
26151;53;667;12;17;14;1
26152;40;667;12;17;14;1
26157;27;667;12;17;14;1
26159;14;667;12;17;14;1
26161;1;667;12;17;14;1
26164;2027;649;10;17;14;2
26165;2014;649;12;17;14;1
26166;2001;649;12;17;14;1
26172;1988;649;12;17;14;1
26174;1975;649;12;17;14;1
26177;1963;649;11;17;14;2
26179;1950;649;12;17;14;1
26187;229;667;12;17;14;1
26188;242;667;12;17;14;1
26191;255;667;11;17;14;2
26194;267;667;12;17;14;1
26195;604;667;12;17;14;1
26196;591;667;12;17;14;1
26197;578;667;12;17;14;1
26198;565;667;12;17;14;1
26199;552;667;12;17;14;1
26202;539;667;12;17;14;1
26207;526;667;12;17;14;1
26209;513;667;12;17;14;1
26212;500;667;12;17;14;1
26214;487;667;12;17;14;1
26216;474;667;12;17;14;1
26222;461;667;12;17;14;1
26223;617;667;12;17;14;1
26224;448;667;12;17;14;1
26228;422;667;12;17;14;1
26230;409;667;12;17;14;1
26231;396;667;12;17;14;1
26234;384;667;11;17;14;2
26238;371;667;12;17;14;1
26242;358;667;12;17;14;1
26244;345;667;12;17;14;1
26247;332;667;12;17;14;1
26252;319;667;12;17;14;1
26257;306;667;12;17;14;1
26262;293;667;12;17;14;1
26263;280;667;12;17;14;1
26269;403;649;12;17;14;1
26279;1018;667;12;17;14;1
26280;391;649;11;17;14;2
26286;2034;631;12;17;14;1
26292;461;631;12;17;14;1
26297;448;631;12;17;14;1
26302;435;631;12;17;14;1
26329;422;631;12;17;14;1
26331;409;631;12;17;14;1
26332;396;631;12;17;14;1
26333;383;631;12;17;14;1
26342;370;631;12;17;14;1
26345;357;631;12;17;14;1
26352;346;631;10;17;14;2
26354;334;631;11;17;14;2
26355;321;631;12;17;14;1
26356;308;631;12;17;14;1
26359;295;631;12;17;14;1
26361;282;631;12;17;14;1
26364;270;631;11;17;14;2
26366;259;631;10;17;14;2
26367;246;631;12;17;14;1
26368;233;631;12;17;14;1
26376;222;631;10;17;14;2
26377;209;631;12;17;14;1
26378;196;631;12;17;14;1
26379;183;631;12;17;14;1
26381;170;631;12;17;14;1
26384;157;631;12;17;14;1
26388;474;631;12;17;14;1
26389;487;631;12;17;14;1
26391;500;631;12;17;14;1
26395;513;631;12;17;14;1
26397;851;631;12;17;14;1
26399;838;631;12;17;14;1
26406;825;631;12;17;14;1
26408;812;631;12;17;14;1
26410;799;631;12;17;14;1
26411;786;631;12;17;14;1
26412;773;631;12;17;14;1
26413;760;631;12;17;14;1
26415;747;631;12;17;14;1
26417;734;631;12;17;14;1
26420;721;631;12;17;14;1
26421;708;631;12;17;14;1
26426;864;631;12;17;14;1
26429;695;631;12;17;14;1
26432;669;631;12;17;14;1
26434;656;631;12;17;14;1
26435;643;631;12;17;14;1
26438;630;631;12;17;14;1
26440;617;631;12;17;14;1
26441;604;631;12;17;14;1
26444;591;631;12;17;14;1
26446;578;631;12;17;14;1
26447;565;631;12;17;14;1
26448;552;631;12;17;14;1
26449;539;631;12;17;14;1
26451;526;631;12;17;14;1
26454;144;631;12;17;14;1
26460;682;631;12;17;14;1
26462;131;631;12;17;14;1
26463;1967;613;12;17;14;1
26464;1746;613;12;17;14;1
26465;1733;613;12;17;14;1
26469;1720;613;12;17;14;1
26472;1707;613;12;17;14;1
26473;1694;613;12;17;14;1
26474;1681;613;12;17;14;1
26477;1668;613;12;17;14;1
26479;1655;613;12;17;14;1
26480;1642;613;12;17;14;1
26482;1629;613;12;17;14;1
26483;1616;613;12;17;14;1
26485;1603;613;12;17;14;1
26487;1590;613;12;17;14;1
26492;1577;613;12;17;14;1
26494;1564;613;12;17;14;1
26495;1551;613;12;17;14;1
26497;1538;613;12;17;14;1
26500;1525;613;12;17;14;1
26503;1512;613;12;17;14;1
26505;1499;613;12;17;14;1
26507;1486;613;12;17;14;1
26512;1473;613;12;17;14;1
26517;1460;613;12;17;14;1
26519;1447;613;12;17;14;1
26520;1434;613;12;17;14;1
26522;1759;613;12;17;14;1
26524;1772;613;12;17;14;1
26525;1785;613;12;17;14;1
26526;1798;613;12;17;14;1
26530;92;631;12;17;14;1
26531;79;631;12;17;14;1
26533;66;631;12;17;14;1
26535;53;631;12;17;14;1
26536;40;631;12;17;14;1
26538;27;631;12;17;14;1
26539;14;631;12;17;14;1
26541;1;631;12;17;14;1
26543;2032;613;12;17;14;1
26544;2019;613;12;17;14;1
26547;2006;613;12;17;14;1
26549;1993;613;12;17;14;1
26550;105;631;12;17;14;1
26551;1980;613;12;17;14;1
26552;1954;613;12;17;14;1
26561;1941;613;12;17;14;1
26563;1928;613;12;17;14;1
26564;1915;613;12;17;14;1
26575;1902;613;12;17;14;1
26576;1889;613;12;17;14;1
26577;1876;613;12;17;14;1
26578;1863;613;12;17;14;1
26579;1850;613;12;17;14;1
26580;1837;613;12;17;14;1
26584;1824;613;12;17;14;1
26585;1811;613;12;17;14;1
26586;118;631;12;17;14;1
26588;877;631;12;17;14;1
26589;890;631;12;17;14;1
26590;903;631;12;17;14;1
26592;2008;631;12;17;14;1
26594;1995;631;12;17;14;1
26597;1982;631;12;17;14;1
26601;1969;631;12;17;14;1
26604;1956;631;12;17;14;1
26607;1943;631;12;17;14;1
26608;1930;631;12;17;14;1
26609;1917;631;12;17;14;1
26611;1904;631;12;17;14;1
26612;1891;631;12;17;14;1
26621;1878;631;12;17;14;1
26623;1865;631;12;17;14;1
26624;2021;631;12;17;14;1
26629;1852;631;12;17;14;1
26631;1826;631;12;17;14;1
26632;1813;631;12;17;14;1
26633;1800;631;12;17;14;1
26634;1787;631;12;17;14;1
26635;1774;631;12;17;14;1
26636;1761;631;12;17;14;1
26638;1748;631;12;17;14;1
26639;1735;631;12;17;14;1
26641;1722;631;12;17;14;1
26643;1709;631;12;17;14;1
26646;1696;631;12;17;14;1
26647;1683;631;12;17;14;1
26653;1839;631;12;17;14;1
26657;1;649;12;17;14;1
26665;183;649;12;17;14;1
26666;14;649;12;17;14;1
26674;352;649;12;17;14;1
26675;339;649;12;17;14;1
26679;326;649;12;17;14;1
26680;313;649;12;17;14;1
26681;300;649;12;17;14;1
26684;287;649;12;17;14;1
26685;274;649;12;17;14;1
26686;261;649;12;17;14;1
26688;248;649;12;17;14;1
26689;235;649;12;17;14;1
26690;222;649;12;17;14;1
26691;209;649;12;17;14;1
26692;365;649;12;17;14;1
26693;196;649;12;17;14;1
26694;170;649;12;17;14;1
26696;157;649;12;17;14;1
26697;144;649;12;17;14;1
26698;131;649;12;17;14;1
26700;118;649;12;17;14;1
26702;105;649;12;17;14;1
26704;92;649;12;17;14;1
26705;79;649;12;17;14;1
26707;66;649;12;17;14;1
26708;53;649;12;17;14;1
26709;40;649;12;17;14;1
26720;27;649;12;17;14;1
26721;1670;631;12;17;14;1
26722;1657;631;12;17;14;1
26723;1644;631;12;17;14;1
26724;1449;631;12;17;14;1
26725;1228;631;12;17;14;1
26726;1215;631;12;17;14;1
26727;1202;631;12;17;14;1
26728;1189;631;12;17;14;1
26729;1176;631;12;17;14;1
26731;1163;631;12;17;14;1
26740;1150;631;12;17;14;1
26742;1137;631;12;17;14;1
26743;1124;631;12;17;14;1
26753;1111;631;12;17;14;1
26755;1098;631;12;17;14;1
26757;1085;631;12;17;14;1
26758;1072;631;12;17;14;1
26767;1059;631;12;17;14;1
26771;1046;631;12;17;14;1
26775;1033;631;12;17;14;1
26786;1020;631;12;17;14;1
26790;1007;631;12;17;14;1
26791;994;631;12;17;14;1
26792;981;631;12;17;14;1
26797;968;631;12;17;14;1
26799;955;631;12;17;14;1
26800;942;631;12;17;14;1
26803;929;631;12;17;14;1
26805;916;631;12;17;14;1
26816;1241;631;12;17;14;1
26818;1254;631;12;17;14;1
26825;1267;631;12;17;14;1
26827;1280;631;12;17;14;1
26829;1618;631;12;17;14;1
26834;1605;631;12;17;14;1
26837;1592;631;12;17;14;1
26840;1579;631;12;17;14;1
26842;1566;631;12;17;14;1
26848;1553;631;12;17;14;1
26851;1540;631;12;17;14;1
26862;1527;631;12;17;14;1
26864;1514;631;12;17;14;1
26865;1501;631;12;17;14;1
26869;1488;631;12;17;14;1
26873;1475;631;12;17;14;1
26874;1631;631;12;17;14;1
26876;1462;631;12;17;14;1
26881;1436;631;12;17;14;1
26885;1423;631;12;17;14;1
26891;1410;631;12;17;14;1
26893;1397;631;12;17;14;1
26894;1384;631;12;17;14;1
26896;1371;631;12;17;14;1
26898;1358;631;12;17;14;1
26911;1345;631;12;17;14;1
26912;1332;631;12;17;14;1
26916;1319;631;12;17;14;1
26925;1306;631;12;17;14;1
26928;1293;631;12;17;14;1
26932;378;649;12;17;14;1
26937;1409;667;12;17;14;1
26941;391;703;12;17;14;1
26943;1422;667;12;17;14;1
26946;1507;703;12;17;14;1
26964;1494;703;12;17;14;1
26967;1481;703;12;17;14;1
26970;1468;703;12;17;14;1
26973;1455;703;12;17;14;1
26974;1442;703;12;17;14;1
26976;1429;703;12;17;14;1
26979;1416;703;12;17;14;1
26982;1403;703;12;17;14;1
26987;1390;703;12;17;14;1
26990;1377;703;12;17;14;1
26993;1364;703;12;17;14;1
26999;1351;703;12;17;14;1
27000;1338;703;12;17;14;1
27001;1325;703;12;17;14;1
27004;1312;703;12;17;14;1
27008;1299;703;12;17;14;1
27010;1286;703;12;17;14;1
27012;1273;703;12;17;14;1
27014;1260;703;12;17;14;1
27015;1247;703;12;17;14;1
27016;1234;703;12;17;14;1
27017;1221;703;12;17;14;1
27021;1208;703;12;17;14;1
27028;1195;703;12;17;14;1
27029;1520;703;12;17;14;1
27032;1533;703;12;17;14;1
27035;1546;703;12;17;14;1
27036;1559;703;12;17;14;1
27047;1897;703;12;17;14;1
27048;1884;703;12;17;14;1
27051;1871;703;12;17;14;1
27053;1858;703;12;17;14;1
27057;1845;703;12;17;14;1
27060;1832;703;12;17;14;1
27063;1819;703;12;17;14;1
27067;1806;703;12;17;14;1
27073;1793;703;12;17;14;1
27082;1780;703;12;17;14;1
27084;1767;703;12;17;14;1
27086;1754;703;12;17;14;1
27088;1910;703;12;17;14;1
27092;1741;703;12;17;14;1
27099;1715;703;12;17;14;1
27103;1702;703;12;17;14;1
27104;1689;703;12;17;14;1
27117;1676;703;12;17;14;1
27122;1663;703;12;17;14;1
27133;1650;703;12;17;14;1
27135;1637;703;12;17;14;1
27146;1624;703;12;17;14;1
27159;1611;703;12;17;14;1
27160;1598;703;12;17;14;1
27167;1585;703;12;17;14;1
27169;1572;703;12;17;14;1
27176;1182;703;12;17;14;1
27178;1728;703;12;17;14;1
27183;1169;703;12;17;14;1
27185;962;703;12;17;14;1
27189;741;703;12;17;14;1
27197;728;703;12;17;14;1
27198;715;703;12;17;14;1
27204;702;703;12;17;14;1
27207;689;703;12;17;14;1
27216;676;703;12;17;14;1
27224;663;703;12;17;14;1
27225;650;703;12;17;14;1
27227;637;703;12;17;14;1
27233;624;703;12;17;14;1
27237;611;703;12;17;14;1
27249;598;703;12;17;14;1
27257;585;703;12;17;14;1
27260;572;703;12;17;14;1
27264;559;703;12;17;14;1
27268;546;703;12;17;14;1
27278;533;703;12;17;14;1
27280;520;703;12;17;14;1
27281;507;703;12;17;14;1
27287;494;703;12;17;14;1
27296;481;703;12;17;14;1
27305;468;703;12;17;14;1
27307;455;703;12;17;14;1
27308;442;703;12;17;14;1
27424;430;703;11;17;14;2
27425;754;703;12;17;14;1
27426;767;703;12;17;14;1
27427;780;703;12;17;14;1
27428;793;703;12;17;14;1
27431;1131;703;12;17;14;1
27442;1118;703;12;17;14;1
27447;1105;703;12;17;14;1
27449;1092;703;12;17;14;1
27450;1079;703;12;17;14;1
27454;1066;703;12;17;14;1
27459;1053;703;12;17;14;1
27462;1040;703;12;17;14;1
27463;1027;703;12;17;14;1
27465;1014;703;12;17;14;1
27468;1001;703;12;17;14;1
27481;988;703;12;17;14;1
27490;1144;703;11;17;14;2
27491;975;703;12;17;14;1
27492;949;703;12;17;14;1
27493;936;703;12;17;14;1
27494;923;703;12;17;14;1
27495;910;703;12;17;14;1
27498;897;703;12;17;14;1
27513;884;703;12;17;14;1
27515;871;703;12;17;14;1
27516;858;703;12;17;14;1
27521;845;703;12;17;14;1
27522;832;703;12;17;14;1
27523;819;703;12;17;14;1
27524;806;703;12;17;14;1
27526;1156;703;12;17;14;1
27527;1923;703;12;17;14;1
27529;1936;703;12;17;14;1
27530;1949;703;12;17;14;1
27531;1006;721;12;17;14;1
27533;993;721;12;17;14;1
27538;980;721;12;17;14;1
27539;967;721;12;17;14;1
27542;954;721;12;17;14;1
27546;941;721;12;17;14;1
27547;928;721;12;17;14;1
27553;915;721;12;17;14;1
27562;902;721;12;17;14;1
27571;889;721;12;17;14;1
27572;876;721;12;17;14;1
27573;863;721;12;17;14;1
27575;1019;721;12;17;14;1
27583;850;721;12;17;14;1
27585;824;721;12;17;14;1
27586;811;721;12;17;14;1
27589;798;721;12;17;14;1
27595;785;721;12;17;14;1
27597;772;721;12;17;14;1
27599;759;721;12;17;14;1
27602;746;721;12;17;14;1
27603;733;721;12;17;14;1
27604;721;721;11;17;14;2
27605;708;721;12;17;14;1
27606;695;721;12;17;14;1
27607;682;721;12;17;14;1
27609;837;721;12;17;14;1
27611;1045;721;12;17;14;1
27617;1227;721;12;17;14;1
27626;1058;721;12;17;14;1
27627;1394;721;12;17;14;1
27631;1381;721;12;17;14;1
27635;1368;721;12;17;14;1
27637;1355;721;12;17;14;1
27641;1342;721;12;17;14;1
27645;1329;721;12;17;14;1
27653;1316;721;12;17;14;1
27654;1303;721;12;17;14;1
27655;1290;721;12;17;14;1
27661;1277;721;12;17;14;1
27663;1265;721;11;17;14;2
27664;1253;721;11;17;14;2
27665;1407;721;11;17;14;2
27667;1240;721;12;17;14;1
27668;1214;721;12;17;14;1
27669;1201;721;12;17;14;1
27670;1188;721;12;17;14;1
27672;1175;721;12;17;14;1
27673;1162;721;12;17;14;1
27674;1149;721;12;17;14;1
27675;1136;721;12;17;14;1
27679;1123;721;12;17;14;1
27681;1110;721;12;17;14;1
27682;1097;721;12;17;14;1
27684;1084;721;12;17;14;1
27686;1071;721;12;17;14;1
27687;669;721;12;17;14;1
27688;656;721;12;17;14;1
27689;643;721;12;17;14;1
27690;448;721;12;17;14;1
27694;228;721;12;17;14;1
27695;215;721;12;17;14;1
27696;202;721;12;17;14;1
27698;189;721;12;17;14;1
27700;176;721;12;17;14;1
27701;170;721;5;17;14;1
27704;157;721;12;17;14;1
27709;144;721;12;17;14;1
27712;131;721;12;17;14;1
27713;118;721;12;17;14;1
27714;105;721;12;17;14;1
27718;92;721;12;17;14;1
27719;79;721;12;17;14;1
27721;66;721;12;17;14;1
27722;53;721;12;17;14;1
27728;40;721;12;17;14;1
27732;27;721;12;17;14;1
27733;14;721;12;17;14;1
27735;1;721;12;17;14;1
27739;2027;703;12;17;14;1
27740;2014;703;12;17;14;1
27741;2001;703;12;17;14;1
27742;1988;703;12;17;14;1
27743;1975;703;12;17;14;1
27744;1962;703;12;17;14;1
27745;241;721;12;17;14;1
27748;254;721;12;17;14;1
27752;267;721;12;17;14;1
27753;280;721;12;17;14;1
27754;617;721;12;17;14;1
27760;604;721;12;17;14;1
27762;591;721;12;17;14;1
27764;578;721;12;17;14;1
27766;565;721;12;17;14;1
27769;552;721;12;17;14;1
27773;539;721;12;17;14;1
27774;526;721;12;17;14;1
27777;513;721;12;17;14;1
27778;500;721;12;17;14;1
27779;487;721;12;17;14;1
27781;474;721;12;17;14;1
27782;630;721;12;17;14;1
27784;461;721;12;17;14;1
27785;435;721;12;17;14;1
27788;422;721;12;17;14;1
27791;409;721;12;17;14;1
27792;396;721;12;17;14;1
27795;384;721;11;17;14;2
27796;371;721;12;17;14;1
27801;358;721;12;17;14;1
27803;345;721;12;17;14;1
27807;332;721;12;17;14;1
27809;319;721;12;17;14;1
27811;306;721;12;17;14;1
27812;293;721;12;17;14;1
27813;417;703;12;17;14;1
27814;1032;721;12;17;14;1
27815;404;703;12;17;14;1
27817;1;703;12;17;14;1
27818;469;685;12;17;14;1
27819;456;685;12;17;14;1
27821;443;685;12;17;14;1
27822;430;685;12;17;14;1
27825;417;685;12;17;14;1
27826;404;685;12;17;14;1
27827;391;685;12;17;14;1
27832;378;685;12;17;14;1
27833;365;685;12;17;14;1
27835;352;685;12;17;14;1
27836;339;685;12;17;14;1
27837;326;685;12;17;14;1
27838;313;685;12;17;14;1
27839;300;685;12;17;14;1
27844;287;685;12;17;14;1
27845;274;685;12;17;14;1
27849;261;685;12;17;14;1
27850;248;685;12;17;14;1
27852;235;685;12;17;14;1
27856;222;685;12;17;14;1
27859;209;685;12;17;14;1
27860;196;685;12;17;14;1
27861;183;685;12;17;14;1
27862;170;685;12;17;14;1
27863;157;685;12;17;14;1
27867;482;685;12;17;14;1
27870;495;685;12;17;14;1
27872;508;685;12;17;14;1
27873;521;685;12;17;14;1
27874;859;685;12;17;14;1
27875;846;685;12;17;14;1
27877;833;685;12;17;14;1
27880;820;685;12;17;14;1
27882;807;685;12;17;14;1
27883;794;685;12;17;14;1
27886;781;685;12;17;14;1
27887;768;685;12;17;14;1
27888;755;685;12;17;14;1
27889;742;685;12;17;14;1
27891;729;685;12;17;14;1
27893;716;685;12;17;14;1
27894;872;685;12;17;14;1
27895;703;685;12;17;14;1
27896;677;685;12;17;14;1
27898;664;685;12;17;14;1
27899;651;685;12;17;14;1
27900;638;685;12;17;14;1
27901;625;685;12;17;14;1
27902;612;685;12;17;14;1
27905;599;685;12;17;14;1
27908;586;685;12;17;14;1
27911;573;685;12;17;14;1
27915;560;685;12;17;14;1
27916;547;685;12;17;14;1
27918;534;685;12;17;14;1
27922;144;685;12;17;14;1
27927;690;685;12;17;14;1
27929;131;685;12;17;14;1
27930;1968;667;12;17;14;1
27931;1747;667;12;17;14;1
27934;1734;667;12;17;14;1
27941;1721;667;12;17;14;1
27943;1708;667;12;17;14;1
27946;1695;667;12;17;14;1
27947;1682;667;12;17;14;1
27950;1669;667;12;17;14;1
27953;1656;667;12;17;14;1
27954;1643;667;12;17;14;1
27955;1630;667;12;17;14;1
27957;1617;667;12;17;14;1
27961;1604;667;12;17;14;1
27963;1591;667;12;17;14;1
27964;1578;667;12;17;14;1
27965;1565;667;12;17;14;1
27966;1552;667;12;17;14;1
27969;1539;667;12;17;14;1
27971;1526;667;12;17;14;1
27973;1513;667;12;17;14;1
27974;1500;667;12;17;14;1
27975;1487;667;12;17;14;1
27976;1474;667;12;17;14;1
27978;1461;667;12;17;14;1
27979;1448;667;12;17;14;1
27981;1435;667;12;17;14;1
27982;1760;667;12;17;14;1
27983;1773;667;12;17;14;1
27985;1786;667;12;17;14;1
27986;1799;667;12;17;14;1
27987;92;685;12;17;14;1
27988;79;685;12;17;14;1
27993;66;685;12;17;14;1
27994;53;685;12;17;14;1
27996;40;685;12;17;14;1
27998;27;685;12;17;14;1
28000;14;685;12;17;14;1
28003;1;685;12;17;14;1
28006;2033;667;12;17;14;1
28009;2020;667;12;17;14;1
28010;2007;667;12;17;14;1
28014;1994;667;12;17;14;1
28015;105;685;12;17;14;1
28020;1981;667;12;17;14;1
28023;1955;667;12;17;14;1
28024;1942;667;12;17;14;1
28028;1929;667;12;17;14;1
28034;1916;667;12;17;14;1
28037;1903;667;12;17;14;1
28040;1890;667;12;17;14;1
28041;1877;667;12;17;14;1
28044;1864;667;12;17;14;1
28046;1851;667;12;17;14;1
28049;1838;667;12;17;14;1
28051;1825;667;12;17;14;1
28052;1812;667;12;17;14;1
28053;118;685;12;17;14;1
28059;885;685;12;17;14;1
28061;898;685;12;17;14;1
28062;911;685;12;17;14;1
28063;2016;685;12;17;14;1
28064;2003;685;12;17;14;1
28065;1990;685;12;17;14;1
28067;1977;685;12;17;14;1
28068;1964;685;12;17;14;1
28070;1951;685;12;17;14;1
28071;1938;685;12;17;14;1
28072;1925;685;12;17;14;1
28073;1912;685;12;17;14;1
28074;1899;685;12;17;14;1
28075;1886;685;12;17;14;1
28078;1873;685;12;17;14;1
28079;2029;685;12;17;14;1
28082;1860;685;12;17;14;1
28085;1834;685;12;17;14;1
28088;1821;685;12;17;14;1
28095;1808;685;12;17;14;1
28096;1795;685;12;17;14;1
28100;1782;685;12;17;14;1
28101;1769;685;12;17;14;1
28102;1756;685;12;17;14;1
28103;1743;685;12;17;14;1
28107;1730;685;12;17;14;1
28108;1717;685;12;17;14;1
28113;1704;685;12;17;14;1
28118;1691;685;12;17;14;1
28120;1847;685;12;17;14;1
28121;14;703;12;17;14;1
28125;196;703;12;17;14;1
28126;27;703;12;17;14;1
28128;365;703;12;17;14;1
28129;352;703;12;17;14;1
28132;339;703;12;17;14;1
28134;326;703;12;17;14;1
28139;313;703;12;17;14;1
28140;300;703;12;17;14;1
28142;287;703;12;17;14;1
28145;274;703;12;17;14;1
28147;261;703;12;17;14;1
28151;248;703;12;17;14;1
28153;235;703;12;17;14;1
28155;222;703;12;17;14;1
28156;378;703;12;17;14;1
28165;209;703;12;17;14;1
28170;183;703;12;17;14;1
28172;170;703;12;17;14;1
28173;157;703;12;17;14;1
28174;144;703;12;17;14;1
28176;131;703;12;17;14;1
28177;118;703;12;17;14;1
28180;105;703;12;17;14;1
28182;92;703;12;17;14;1
28183;79;703;12;17;14;1
28186;66;703;12;17;14;1
28189;53;703;12;17;14;1
28192;40;703;12;17;14;1
28193;1678;685;12;17;14;1
28195;1665;685;12;17;14;1
28196;1652;685;12;17;14;1
28197;1457;685;12;17;14;1
28201;1236;685;12;17;14;1
28203;1223;685;12;17;14;1
28205;1210;685;12;17;14;1
28207;1197;685;12;17;14;1
28210;1184;685;12;17;14;1
28212;1171;685;12;17;14;1
28216;1158;685;12;17;14;1
28218;1145;685;12;17;14;1
28227;1132;685;12;17;14;1
28228;1119;685;12;17;14;1
28237;1106;685;12;17;14;1
28238;1093;685;12;17;14;1
28243;1080;685;12;17;14;1
28244;1067;685;12;17;14;1
28246;1054;685;12;17;14;1
28248;1041;685;12;17;14;1
28251;1028;685;12;17;14;1
28255;1015;685;12;17;14;1
28267;1002;685;12;17;14;1
28270;989;685;12;17;14;1
28286;976;685;12;17;14;1
28287;963;685;12;17;14;1
28291;950;685;12;17;14;1
28293;937;685;12;17;14;1
28294;924;685;12;17;14;1
28297;1249;685;12;17;14;1
28303;1262;685;12;17;14;1
28304;1275;685;12;17;14;1
28312;1288;685;12;17;14;1
28316;1626;685;12;17;14;1
28319;1613;685;12;17;14;1
28322;1600;685;12;17;14;1
28325;1587;685;12;17;14;1
28327;1574;685;12;17;14;1
28330;1561;685;12;17;14;1
28335;1548;685;12;17;14;1
28337;1535;685;12;17;14;1
28338;1522;685;12;17;14;1
28340;1509;685;12;17;14;1
28342;1496;685;12;17;14;1
28343;1483;685;12;17;14;1
28346;1639;685;12;17;14;1
28347;1470;685;12;17;14;1
28349;1444;685;12;17;14;1
28353;1431;685;12;17;14;1
28354;1418;685;12;17;14;1
28359;1405;685;12;17;14;1
28363;1392;685;12;17;14;1
28367;1379;685;12;17;14;1
28369;1366;685;12;17;14;1
28371;1353;685;12;17;14;1
28372;1340;685;12;17;14;1
28373;1327;685;12;17;14;1
28375;1314;685;12;17;14;1
28378;1301;685;12;17;14;1
28382;1598;415;12;17;14;1
28383;1585;415;12;17;14;1
28384;1572;415;12;17;14;1
28385;1532;307;12;17;14;1
28386;66;145;12;17;14;1
28388;53;145;12;17;14;1
28389;40;145;12;17;14;1
28390;27;145;12;17;14;1
28392;14;145;12;17;14;1
28393;1;145;12;17;14;1
28404;2027;127;12;17;14;1
28409;2014;127;12;17;14;1
28418;2001;127;12;17;14;1
28422;1988;127;12;17;14;1
28425;1975;127;12;17;14;1
28431;1962;127;12;17;14;1
28435;1949;127;12;17;14;1
28436;1936;127;12;17;14;1
28437;1923;127;12;17;14;1
28448;1910;127;12;17;14;1
28452;1897;127;12;17;14;1
28457;1884;127;12;17;14;1
28458;1871;127;12;17;14;1
28459;1858;127;12;17;14;1
28461;1845;127;12;17;14;1
28463;1832;127;12;17;14;1
28465;1819;127;12;17;14;1
28467;1806;127;12;17;14;1
28470;1793;127;12;17;14;1
28478;79;145;12;17;14;1
28486;92;145;12;17;14;1
28487;105;145;12;17;14;1
28491;118;145;12;17;14;1
28493;456;145;12;17;14;1
28504;443;145;12;17;14;1
28508;430;145;12;17;14;1
28510;417;145;12;17;14;1
28514;404;145;12;17;14;1
28518;391;145;12;17;14;1
28525;378;145;12;17;14;1
28526;365;145;12;17;14;1
28530;352;145;12;17;14;1
28532;339;145;12;17;14;1
28536;326;145;12;17;14;1
28538;313;145;12;17;14;1
28540;469;145;12;17;14;1
28548;300;145;12;17;14;1
28552;274;145;12;17;14;1
28553;261;145;12;17;14;1
28556;248;145;12;17;14;1
28557;235;145;12;17;14;1
28558;222;145;12;17;14;1
28572;209;145;12;17;14;1
28577;196;145;12;17;14;1
28583;183;145;12;17;14;1
28595;170;145;12;17;14;1
28598;157;145;12;17;14;1
28601;144;145;12;17;14;1
28608;131;145;12;17;14;1
28610;1780;127;12;17;14;1
28617;287;145;12;17;14;1
28625;1767;127;12;17;14;1
28626;1559;127;12;17;14;1
28638;1339;127;12;17;14;1
28640;1326;127;12;17;14;1
28641;1313;127;12;17;14;1
28654;1300;127;12;17;14;1
28655;1287;127;12;17;14;1
28689;1274;127;12;17;14;1
28698;1261;127;12;17;14;1
28699;1248;127;12;17;14;1
28707;1235;127;12;17;14;1
28725;1222;127;12;17;14;1
28729;1209;127;12;17;14;1
28748;1196;127;12;17;14;1
28751;1183;127;12;17;14;1
28766;1170;127;12;17;14;1
28779;1157;127;12;17;14;1
28780;1144;127;12;17;14;1
28781;1131;127;12;17;14;1
28783;1118;127;12;17;14;1
28784;1105;127;12;17;14;1
28789;1092;127;12;17;14;1
28790;1079;127;12;17;14;1
28792;1066;127;12;17;14;1
28796;1053;127;12;17;14;1
28798;1040;127;12;17;14;1
28799;1027;127;12;17;14;1
28800;1352;127;12;17;14;1
28805;1365;127;11;17;14;2
28809;1377;127;12;17;14;1
28810;1390;127;12;17;14;1
28814;1728;127;12;17;14;1
28818;1715;127;12;17;14;1
28820;1702;127;12;17;14;1
28821;1689;127;12;17;14;1
28822;1676;127;12;17;14;1
28825;1663;127;12;17;14;1
28828;1650;127;12;17;14;1
28829;1637;127;12;17;14;1
28843;1624;127;12;17;14;1
28844;1611;127;12;17;14;1
28845;1598;127;12;17;14;1
28846;1585;127;12;17;14;1
28847;1741;127;12;17;14;1
28849;1572;127;12;17;14;1
28851;1546;127;12;17;14;1
28855;1533;127;12;17;14;1
28856;1520;127;12;17;14;1
28857;1507;127;12;17;14;1
28859;1494;127;12;17;14;1
28860;1481;127;12;17;14;1
28861;1468;127;12;17;14;1
28864;1455;127;12;17;14;1
28865;1442;127;12;17;14;1
28866;1429;127;12;17;14;1
28867;1416;127;12;17;14;1
28872;1403;127;12;17;14;1
28874;1754;127;12;17;14;1
28888;482;145;12;17;14;1
28889;495;145;12;17;14;1
28891;508;145;12;17;14;1
28895;1600;145;12;17;14;1
28900;1587;145;12;17;14;1
28902;1574;145;12;17;14;1
28903;1561;145;12;17;14;1
28904;1548;145;12;17;14;1
28905;1535;145;12;17;14;1
28907;1522;145;12;17;14;1
28908;1509;145;12;17;14;1
28909;1496;145;12;17;14;1
28911;1483;145;12;17;14;1
28919;1470;145;12;17;14;1
28921;1457;145;12;17;14;1
28925;1613;145;12;17;14;1
28937;1444;145;12;17;14;1
28938;1418;145;12;17;14;1
28944;1405;145;12;17;14;1
28947;1392;145;12;17;14;1
28949;1379;145;12;17;14;1
28950;1366;145;12;17;14;1
28952;1353;145;12;17;14;1
28953;1340;145;12;17;14;1
28954;1327;145;12;17;14;1
28966;1314;145;12;17;14;1
28975;1301;145;12;17;14;1
28976;1288;145;12;17;14;1
28977;1275;145;12;17;14;1
28982;1431;145;12;17;14;1
28997;1639;145;12;17;14;1
29002;1821;145;12;17;14;1
29004;1652;145;12;17;14;1
29006;1990;145;12;17;14;1
29020;1977;145;12;17;14;1
29022;1964;145;12;17;14;1
29028;1951;145;12;17;14;1
29030;1938;145;12;17;14;1
29031;1925;145;12;17;14;1
29032;1912;145;12;17;14;1
29038;1899;145;12;17;14;1
29042;1886;145;12;17;14;1
29043;1873;145;12;17;14;1
29048;1860;145;12;17;14;1
29050;1847;145;12;17;14;1
29053;2003;145;12;17;14;1
29060;1834;145;12;17;14;1
29066;1808;145;12;17;14;1
29071;1795;145;12;17;14;1
29076;1782;145;12;17;14;1
29080;1769;145;12;17;14;1
29081;1756;145;12;17;14;1
29087;1743;145;12;17;14;1
29088;1730;145;12;17;14;1
29096;1717;145;12;17;14;1
29100;1704;145;12;17;14;1
29107;1691;145;12;17;14;1
29109;1678;145;12;17;14;1
29113;1665;145;12;17;14;1
29123;1262;145;12;17;14;1
29134;1249;145;12;17;14;1
29140;1236;145;12;17;14;1
29141;1042;145;12;17;14;1
29152;828;145;12;17;14;1
29157;815;145;12;17;14;1
29159;802;145;12;17;14;1
29166;789;145;12;17;14;1
29177;776;145;12;17;14;1
29190;763;145;12;17;14;1
29213;750;145;12;17;14;1
29224;737;145;12;17;14;1
29226;724;145;12;17;14;1
29228;711;145;12;17;14;1
29232;698;145;12;17;14;1
29233;685;145;12;17;14;1
29237;673;145;11;17;14;2
29238;660;145;12;17;14;1
29239;647;145;12;17;14;1
29240;634;145;12;17;14;1
29241;621;145;12;17;14;1
29243;609;145;11;17;14;2
29245;596;145;12;17;14;1
29247;586;145;9;17;14;2
29255;573;145;12;17;14;1
29256;560;145;12;17;14;1
29260;547;145;12;17;14;1
29261;534;145;12;17;14;1
29266;521;145;12;17;14;1
29270;841;145;12;17;14;1
29273;854;145;12;17;14;1
29275;867;145;11;17;14;2
29277;879;145;12;17;14;1
29279;1210;145;12;17;14;1
29281;1197;145;12;17;14;1
29282;1185;145;11;17;14;2
29286;1172;145;12;17;14;1
29287;1159;145;12;17;14;1
29289;1146;145;12;17;14;1
29294;1133;145;12;17;14;1
29295;1120;145;12;17;14;1
29298;1107;145;12;17;14;1
29301;1094;145;12;17;14;1
29305;1081;145;12;17;14;1
29306;1068;145;12;17;14;1
29310;1223;145;12;17;14;1
29311;1055;145;12;17;14;1
29312;1029;145;12;17;14;1
29313;1016;145;12;17;14;1
29316;1003;145;12;17;14;1
29322;990;145;12;17;14;1
29323;977;145;12;17;14;1
29325;964;145;12;17;14;1
29327;951;145;12;17;14;1
29330;938;145;12;17;14;1
29343;925;145;12;17;14;1
29356;912;145;12;17;14;1
29357;905;145;6;17;14;1
29359;892;145;12;17;14;1
29360;1014;127;12;17;14;1
29364;1626;145;12;17;14;1
29366;1001;127;12;17;14;1
29367;599;127;12;17;14;1
29368;1080;109;12;17;14;1
29369;1067;109;12;17;14;1
29377;1054;109;12;17;14;1
29378;1041;109;12;17;14;1
29379;1028;109;12;17;14;1
29380;1015;109;12;17;14;1
29384;1002;109;12;17;14;1
29389;989;109;12;17;14;1
29390;976;109;12;17;14;1
29392;963;109;12;17;14;1
29394;950;109;12;17;14;1
29399;937;109;12;17;14;1
29401;924;109;12;17;14;1
29406;911;109;12;17;14;1
29408;898;109;12;17;14;1
29409;885;109;12;17;14;1
29416;872;109;12;17;14;1
29417;859;109;12;17;14;1
29420;846;109;12;17;14;1
29421;833;109;12;17;14;1
29422;820;109;12;17;14;1
29423;807;109;12;17;14;1
29424;794;109;12;17;14;1
29425;781;109;12;17;14;1
29426;768;109;12;17;14;1
29427;1093;109;12;17;14;1
29428;1106;109;12;17;14;1
29431;1119;109;12;17;14;1
29432;1132;109;12;17;14;1
29434;1470;109;12;17;14;1
29435;1457;109;12;17;14;1
29436;1444;109;12;17;14;1
29441;1431;109;12;17;14;1
29443;1418;109;12;17;14;1
29450;1405;109;12;17;14;1
29454;1392;109;12;17;14;1
29459;1379;109;12;17;14;1
29461;1366;109;12;17;14;1
29462;1353;109;12;17;14;1
29463;1340;109;12;17;14;1
29467;1327;109;12;17;14;1
29468;1483;109;12;17;14;1
29469;1314;109;12;17;14;1
29470;1288;109;12;17;14;1
29473;1275;109;12;17;14;1
29474;1262;109;12;17;14;1
29477;1249;109;12;17;14;1
29481;1236;109;12;17;14;1
29482;1223;109;12;17;14;1
29483;1210;109;12;17;14;1
29484;1197;109;12;17;14;1
29486;1184;109;12;17;14;1
29489;1171;109;12;17;14;1
29492;1158;109;12;17;14;1
29495;1145;109;12;17;14;1
29496;755;109;12;17;14;1
29497;1301;109;12;17;14;1
29502;742;109;12;17;14;1
29503;534;109;12;17;14;1
29517;313;109;12;17;14;1
29520;300;109;12;17;14;1
29522;287;109;12;17;14;1
29527;274;109;12;17;14;1
29536;261;109;12;17;14;1
29548;248;109;12;17;14;1
29549;235;109;12;17;14;1
29551;222;109;12;17;14;1
29566;209;109;12;17;14;1
29572;196;109;12;17;14;1
29575;183;109;12;17;14;1
29577;170;109;12;17;14;1
29579;157;109;12;17;14;1
29582;144;109;12;17;14;1
29585;131;109;12;17;14;1
29590;118;109;12;17;14;1
29595;105;109;12;17;14;1
29599;92;109;12;17;14;1
29602;79;109;12;17;14;1
29609;66;109;12;17;14;1
29611;53;109;12;17;14;1
29614;40;109;12;17;14;1
29615;27;109;12;17;14;1
29616;14;109;12;17;14;1
29618;1;109;12;17;14;1
29619;326;109;12;17;14;1
29623;339;109;12;17;14;1
29626;352;109;12;17;14;1
29627;365;109;12;17;14;1
29632;703;109;12;17;14;1
29634;690;109;12;17;14;1
29640;677;109;12;17;14;1
29641;664;109;12;17;14;1
29642;651;109;12;17;14;1
29645;638;109;12;17;14;1
29647;625;109;12;17;14;1
29648;612;109;12;17;14;1
29649;599;109;12;17;14;1
29657;586;109;12;17;14;1
29662;573;109;12;17;14;1
29664;560;109;12;17;14;1
29669;716;109;12;17;14;1
29671;547;109;12;17;14;1
29673;521;109;12;17;14;1
29677;508;109;12;17;14;1
29682;495;109;12;17;14;1
29699;482;109;12;17;14;1
29701;469;109;12;17;14;1
29702;456;109;12;17;14;1
29705;443;109;12;17;14;1
29706;430;109;12;17;14;1
29711;417;109;12;17;14;1
29712;404;109;12;17;14;1
29722;391;109;12;17;14;1
29723;378;109;12;17;14;1
29730;729;109;12;17;14;1
29733;1496;109;12;17;14;1
29734;1509;109;12;17;14;1
29736;1522;109;12;17;14;1
29738;573;127;12;17;14;1
29740;560;127;12;17;14;1
29742;547;127;12;17;14;1
29744;534;127;12;17;14;1
29747;521;127;12;17;14;1
29748;508;127;12;17;14;1
29749;495;127;12;17;14;1
29750;482;127;12;17;14;1
29756;469;127;12;17;14;1
29761;456;127;12;17;14;1
29781;443;127;12;17;14;1
29783;430;127;12;17;14;1
29785;586;127;12;17;14;1
29786;417;127;12;17;14;1
29787;391;127;12;17;14;1
29788;378;127;12;17;14;1
29790;365;127;12;17;14;1
29791;352;127;12;17;14;1
29805;339;127;12;17;14;1
29808;326;127;12;17;14;1
29814;313;127;12;17;14;1
29815;300;127;12;17;14;1
29822;287;127;12;17;14;1
29824;274;127;12;17;14;1
29825;261;127;12;17;14;1
29827;248;127;12;17;14;1
29831;404;127;12;17;14;1
29835;612;127;12;17;14;1
29838;793;127;12;17;14;1
29840;625;127;12;17;14;1
29852;962;127;12;17;14;1
29854;949;127;12;17;14;1
29863;936;127;12;17;14;1
29864;923;127;12;17;14;1
29865;910;127;12;17;14;1
29882;897;127;12;17;14;1
29906;884;127;12;17;14;1
29916;871;127;12;17;14;1
29918;858;127;12;17;14;1
29920;845;127;12;17;14;1
29922;832;127;12;17;14;1
29923;819;127;12;17;14;1
29924;975;127;12;17;14;1
29926;806;127;12;17;14;1
29934;780;127;12;17;14;1
29935;767;127;12;17;14;1
29940;754;127;12;17;14;1
29942;741;127;12;17;14;1
29943;728;127;12;17;14;1
29951;715;127;12;17;14;1
29956;702;127;12;17;14;1
29965;689;127;12;17;14;1
29967;676;127;12;17;14;1
29969;663;127;12;17;14;1
29971;650;127;12;17;14;1
29976;638;127;11;17;14;2
29977;235;127;12;17;14;1
29978;222;127;12;17;14;1
29980;209;127;12;17;14;1
29983;14;127;12;17;14;1
29989;1830;109;12;17;14;1
29992;1818;109;11;17;14;1
29993;1805;109;12;17;14;1
29995;1792;109;12;17;14;1
29996;1781;109;10;17;14;2
29997;1769;109;11;17;14;2
29999;1756;109;12;17;14;1
30000;1745;109;10;17;14;2
30001;1734;109;10;17;14;2
30002;1723;109;10;17;14;2
30003;1712;109;10;17;14;2
30005;1700;109;11;17;14;2
30007;1688;109;11;17;14;2
30008;1675;109;12;17;14;1
30010;1662;109;12;17;14;1
30011;1649;109;12;17;14;1
30014;1638;109;10;17;14;3
30016;1626;109;11;17;14;2
30021;1613;109;12;17;14;1
30024;1600;109;12;17;14;1
30027;1587;109;12;17;14;1
30028;1574;109;12;17;14;1
30030;1561;109;12;17;14;1
30031;1548;109;12;17;14;1
30036;1535;109;12;17;14;1
30041;1843;109;11;17;14;2
30042;1855;109;12;17;14;1
30043;1868;109;12;17;14;1
30044;1881;109;12;17;14;1
30053;183;127;12;17;14;1
30054;170;127;12;17;14;1
30058;157;127;12;17;14;1
30066;144;127;12;17;14;1
30068;131;127;12;17;14;1
30072;118;127;12;17;14;1
30073;105;127;12;17;14;1
30079;92;127;12;17;14;1
30083;79;127;12;17;14;1
30086;66;127;12;17;14;1
30091;53;127;12;17;14;1
30095;40;127;12;17;14;1
30097;196;127;12;17;14;1
30098;27;127;12;17;14;1
30100;1;127;12;17;14;1
30102;2024;109;12;17;14;1
30103;2011;109;12;17;14;1
30105;1998;109;12;17;14;1
30106;1985;109;12;17;14;1
30109;1972;109;12;17;14;1
30111;1959;109;12;17;14;1
30112;1946;109;12;17;14;1
30113;1933;109;12;17;14;1
30115;1920;109;12;17;14;1
30116;1907;109;12;17;14;1
30117;1894;109;12;17;14;1
30123;988;127;12;17;14;1
30124;2029;145;12;17;14;1
30126;999;181;12;17;14;1
30127;1;163;12;17;14;1
30128;66;199;12;17;14;1
30129;53;199;12;17;14;1
30130;40;199;12;17;14;1
30131;27;199;12;17;14;1
30132;14;199;12;17;14;1
30133;1;199;12;17;14;1
30136;2031;181;12;17;14;1
30137;2018;181;12;17;14;1
30140;2005;181;12;17;14;1
30141;1992;181;12;17;14;1
30142;1979;181;12;17;14;1
30146;1966;181;12;17;14;1
30147;1953;181;12;17;14;1
30148;1940;181;12;17;14;1
30149;1927;181;12;17;14;1
30151;1914;181;12;17;14;1
30152;1901;181;12;17;14;1
30153;1888;181;12;17;14;1
30154;1875;181;12;17;14;1
30157;1862;181;12;17;14;1
30162;1849;181;12;17;14;1
30164;1836;181;12;17;14;1
30165;1823;181;12;17;14;1
30166;1810;181;12;17;14;1
30168;1797;181;12;17;14;1
30171;79;199;12;17;14;1
30174;92;199;12;17;14;1
30178;105;199;12;17;14;1
30179;118;199;12;17;14;1
30180;456;199;12;17;14;1
30182;443;199;12;17;14;1
30183;430;199;12;17;14;1
30184;417;199;12;17;14;1
30186;404;199;12;17;14;1
30187;391;199;12;17;14;1
30192;378;199;12;17;14;1
30193;365;199;12;17;14;1
30196;352;199;12;17;14;1
30201;339;199;12;17;14;1
30204;326;199;12;17;14;1
30207;313;199;12;17;14;1
30208;469;199;12;17;14;1
30209;300;199;12;17;14;1
30211;274;199;12;17;14;1
30213;261;199;12;17;14;1
30218;248;199;12;17;14;1
30220;235;199;12;17;14;1
30224;222;199;12;17;14;1
30229;209;199;12;17;14;1
30231;196;199;12;17;14;1
30232;183;199;12;17;14;1
30233;170;199;12;17;14;1
30235;157;199;12;17;14;1
30239;144;199;12;17;14;1
30240;131;199;12;17;14;1
30242;1784;181;12;17;14;1
30244;287;199;12;17;14;1
30245;1771;181;12;17;14;1
30246;1564;181;12;17;14;1
30249;1350;181;12;17;14;1
30250;1337;181;12;17;14;1
30251;1324;181;12;17;14;1
30253;1311;181;12;17;14;1
30256;1298;181;12;17;14;1
30259;1285;181;12;17;14;1
30260;1272;181;12;17;14;1
30261;1259;181;12;17;14;1
30264;1246;181;12;17;14;1
30268;1233;181;12;17;14;1
30270;1220;181;12;17;14;1
30271;1207;181;12;17;14;1
30272;1194;181;12;17;14;1
30275;1181;181;12;17;14;1
30284;1168;181;12;17;14;1
30285;1155;181;12;17;14;1
30292;1142;181;12;17;14;1
30294;1129;181;12;17;14;1
30300;1116;181;12;17;14;1
30302;1103;181;12;17;14;1
30307;1090;181;12;17;14;1
30315;1077;181;12;17;14;1
30319;1064;181;12;17;14;1
30328;1051;181;12;17;14;1
30331;1038;181;12;17;14;1
30333;1363;181;9;17;14;3
30334;1373;181;12;17;14;1
30338;1386;181;12;17;14;1
30340;1399;181;11;17;14;2
30342;1733;181;11;17;14;2
30343;1720;181;12;17;14;1
30344;1707;181;12;17;14;1
30347;1694;181;12;17;14;1
30350;1681;181;12;17;14;1
30353;1668;181;12;17;14;1
30355;1655;181;12;17;14;1
30358;1642;181;12;17;14;1
30361;1629;181;12;17;14;1
30372;1616;181;12;17;14;1
30382;1603;181;12;17;14;1
30385;1590;181;12;17;14;1
30386;1745;181;12;17;14;1
30388;1577;181;12;17;14;1
30399;1552;181;11;17;14;2
30402;1539;181;12;17;14;1
30405;1526;181;12;17;14;1
30406;1513;181;12;17;14;1
30408;1500;181;12;17;14;1
30410;1487;181;12;17;14;1
30413;1474;181;12;17;14;1
30414;1461;181;12;17;14;1
30415;1449;181;11;17;14;2
30416;1437;181;11;17;14;2
30417;1424;181;12;17;14;1
30418;1411;181;12;17;14;1
30420;1758;181;12;17;14;1
30422;482;199;12;17;14;1
30423;495;199;11;17;14;2
30424;507;199;12;17;14;1
30427;1605;199;12;17;14;1
30431;1592;199;12;17;14;1
30437;1579;199;12;17;14;1
30446;1570;199;8;17;14;3
30447;1557;199;12;17;14;1
30449;1544;199;12;17;14;1
30450;1531;199;12;17;14;1
30452;1518;199;12;17;14;1
30456;1505;199;12;17;14;1
30457;1492;199;12;17;14;1
30460;1479;199;12;17;14;1
30462;1466;199;12;17;14;1
30465;1618;199;12;17;14;1
30468;1453;199;12;17;14;1
30471;1427;199;12;17;14;1
30472;1414;199;12;17;14;1
30473;1401;199;12;17;14;1
30475;1388;199;12;17;14;1
30477;1375;199;12;17;14;1
30489;1362;199;12;17;14;1
30490;1349;199;12;17;14;1
30495;1337;199;11;17;14;2
30496;1324;199;12;17;14;1
30498;1311;199;12;17;14;1
30502;1298;199;12;17;14;1
30504;1285;199;12;17;14;1
30505;1440;199;12;17;14;1
30509;1644;199;12;17;14;1
30511;1826;199;12;17;14;1
30517;1657;199;12;17;14;1
30518;1995;199;12;17;14;1
30519;1982;199;12;17;14;1
30520;1969;199;12;17;14;1
30522;1956;199;12;17;14;1
30524;1943;199;12;17;14;1
30528;1930;199;12;17;14;1
30529;1917;199;12;17;14;1
30531;1904;199;12;17;14;1
30535;1891;199;12;17;14;1
30544;1878;199;12;17;14;1
30545;1865;199;12;17;14;1
30554;1852;199;12;17;14;1
30555;2008;199;12;17;14;1
30561;1839;199;12;17;14;1
30562;1813;199;12;17;14;1
30563;1800;199;12;17;14;1
30565;1787;199;12;17;14;1
30566;1774;199;12;17;14;1
30568;1761;199;12;17;14;1
30571;1748;199;12;17;14;1
30572;1735;199;12;17;14;1
30585;1722;199;12;17;14;1
30589;1709;199;12;17;14;1
30590;1696;199;12;17;14;1
30591;1683;199;12;17;14;1
30592;1670;199;12;17;14;1
30596;1272;199;12;17;14;1
30597;1259;199;12;17;14;1
30604;1246;199;12;17;14;1
30605;1051;199;12;17;14;1
30606;830;199;12;17;14;1
30609;817;199;12;17;14;1
30610;804;199;12;17;14;1
30623;791;199;12;17;14;1
30624;778;199;12;17;14;1
30626;765;199;12;17;14;1
30629;752;199;12;17;14;1
30631;739;199;12;17;14;1
30633;726;199;12;17;14;1
30634;713;199;12;17;14;1
30636;700;199;12;17;14;1
30637;687;199;12;17;14;1
30640;674;199;12;17;14;1
30643;661;199;12;17;14;1
30645;648;199;12;17;14;1
30651;635;199;12;17;14;1
30653;622;199;12;17;14;1
30655;609;199;12;17;14;1
30669;596;199;12;17;14;1
30679;583;199;12;17;14;1
30683;571;199;11;17;14;2
30684;558;199;12;17;14;1
30690;545;199;12;17;14;1
30691;533;199;11;17;14;2
30693;520;199;12;17;14;1
30695;843;199;12;17;14;1
30697;856;199;12;17;14;1
30699;869;199;12;17;14;1
30700;882;199;12;17;14;1
30701;1220;199;12;17;14;1
30702;1207;199;12;17;14;1
30707;1194;199;12;17;14;1
30710;1181;199;12;17;14;1
30712;1168;199;12;17;14;1
30717;1155;199;12;17;14;1
30718;1142;199;12;17;14;1
30719;1129;199;12;17;14;1
30720;1116;199;12;17;14;1
30721;1103;199;12;17;14;1
30722;1090;199;12;17;14;1
30729;1077;199;12;17;14;1
30732;1233;199;12;17;14;1
30733;1064;199;12;17;14;1
30737;1038;199;12;17;14;1
30738;1025;199;12;17;14;1
30740;1012;199;12;17;14;1
30742;999;199;12;17;14;1
30743;986;199;12;17;14;1
30744;973;199;12;17;14;1
30746;960;199;12;17;14;1
30748;947;199;12;17;14;1
30749;934;199;12;17;14;1
30751;921;199;12;17;14;1
30755;908;199;12;17;14;1
30757;895;199;12;17;14;1
30758;1025;181;12;17;14;1
30759;1631;199;12;17;14;1
30761;1012;181;12;17;14;1
30764;611;181;12;17;14;1
30765;1085;163;12;17;14;1
30768;1072;163;12;17;14;1
30772;1059;163;12;17;14;1
30775;1046;163;12;17;14;1
30776;1033;163;12;17;14;1
30777;1020;163;12;17;14;1
30778;1007;163;12;17;14;1
30779;994;163;12;17;14;1
30780;981;163;12;17;14;1
30782;968;163;12;17;14;1
30784;955;163;12;17;14;1
30789;942;163;12;17;14;1
30791;929;163;12;17;14;1
30796;916;163;12;17;14;1
30798;903;163;12;17;14;1
30800;890;163;12;17;14;1
30802;877;163;12;17;14;1
30805;864;163;12;17;14;1
30806;851;163;12;17;14;1
30807;838;163;12;17;14;1
30813;825;163;12;17;14;1
30826;812;163;12;17;14;1
30827;799;163;12;17;14;1
30828;786;163;12;17;14;1
30829;773;163;12;17;14;1
30830;1098;163;12;17;14;1
30839;1111;163;12;17;14;1
30844;1124;163;12;17;14;1
30855;1137;163;12;17;14;1
30857;1475;163;12;17;14;1
30860;1462;163;12;17;14;1
30861;1449;163;12;17;14;1
30862;1436;163;12;17;14;1
30865;1423;163;12;17;14;1
30867;1410;163;12;17;14;1
30871;1397;163;12;17;14;1
30872;1384;163;12;17;14;1
30874;1371;163;12;17;14;1
30875;1358;163;12;17;14;1
30876;1345;163;12;17;14;1
30879;1332;163;12;17;14;1
30881;1488;163;12;17;14;1
30883;1319;163;12;17;14;1
30885;1293;163;12;17;14;1
30887;1280;163;12;17;14;1
30896;1267;163;12;17;14;1
30897;1254;163;12;17;14;1
30898;1241;163;12;17;14;1
30899;1228;163;12;17;14;1
30900;1215;163;12;17;14;1
30905;1202;163;12;17;14;1
30910;1189;163;12;17;14;1
30913;1176;163;12;17;14;1
30917;1163;163;12;17;14;1
30921;1150;163;12;17;14;1
30922;760;163;12;17;14;1
30923;1306;163;12;17;14;1
30928;747;163;12;17;14;1
30932;539;163;12;17;14;1
30933;320;163;12;17;14;1
30937;307;163;12;17;14;1
30952;294;163;12;17;14;1
30956;281;163;12;17;14;1
30962;268;163;12;17;14;1
30964;255;163;12;17;14;1
30967;242;163;12;17;14;1
30970;229;163;12;17;14;1
30977;216;163;12;17;14;1
30981;203;163;12;17;14;1
30995;190;163;12;17;14;1
31006;177;163;12;17;14;1
31012;164;163;12;17;14;1
31028;151;163;12;17;14;1
31034;138;163;12;17;14;1
31035;131;163;6;17;14;4
31036;118;163;12;17;14;1
31038;105;163;12;17;14;1
31040;92;163;12;17;14;1
31041;79;163;12;17;14;1
31046;66;163;12;17;14;1
31048;53;163;12;17;14;1
31049;40;163;12;17;14;1
31059;27;163;12;17;14;1
31062;14;163;12;17;14;1
31063;333;163;12;17;14;1
31066;346;163;12;17;14;1
31067;359;163;12;17;14;1
31068;372;163;12;17;14;1
31069;708;163;12;17;14;1
31070;695;163;12;17;14;1
31071;682;163;12;17;14;1
31072;669;163;12;17;14;1
31074;656;163;12;17;14;1
31077;643;163;12;17;14;1
31079;630;163;12;17;14;1
31080;617;163;12;17;14;1
31085;604;163;12;17;14;1
31087;591;163;12;17;14;1
31095;578;163;12;17;14;1
31096;565;163;12;17;14;1
31098;721;163;12;17;14;1
31104;552;163;12;17;14;1
31105;526;163;12;17;14;1
31108;513;163;12;17;14;1
31109;500;163;12;17;14;1
31114;487;163;12;17;14;1
31119;474;163;12;17;14;1
31130;461;163;12;17;14;1
31143;448;163;12;17;14;1
31155;435;163;12;17;14;1
31161;423;163;11;17;14;2
31162;411;163;11;17;14;2
31163;398;163;12;17;14;1
31165;385;163;12;17;14;1
31166;734;163;12;17;14;1
31168;1501;163;12;17;14;1
31169;1514;163;12;17;14;1
31171;1527;163;12;17;14;1
31174;585;181;12;17;14;1
31177;572;181;12;17;14;1
31179;559;181;12;17;14;1
31181;546;181;12;17;14;1
31185;533;181;12;17;14;1
31186;520;181;12;17;14;1
31189;507;181;12;17;14;1
31192;494;181;12;17;14;1
31199;481;181;12;17;14;1
31203;468;181;12;17;14;1
31204;455;181;12;17;14;1
31206;442;181;12;17;14;1
31207;598;181;12;17;14;1
31209;429;181;12;17;14;1
31211;403;181;12;17;14;1
31213;390;181;12;17;14;1
31215;377;181;12;17;14;1
31216;364;181;12;17;14;1
31224;351;181;12;17;14;1
31227;338;181;12;17;14;1
31229;325;181;12;17;14;1
31232;312;181;12;17;14;1
31234;299;181;12;17;14;1
31235;286;181;12;17;14;1
31238;273;181;12;17;14;1
31243;260;181;12;17;14;1
31245;416;181;12;17;14;1
31246;624;181;12;17;14;1
31252;804;181;12;17;14;1
31255;637;181;12;17;14;1
31258;973;181;12;17;14;1
31262;960;181;12;17;14;1
31264;947;181;12;17;14;1
31267;934;181;12;17;14;1
31283;921;181;12;17;14;1
31287;908;181;12;17;14;1
31289;895;181;12;17;14;1
31291;882;181;12;17;14;1
31292;869;181;12;17;14;1
31293;856;181;12;17;14;1
31295;843;181;12;17;14;1
31302;830;181;12;17;14;1
31313;986;181;12;17;14;1
31319;817;181;12;17;14;1
31344;791;181;12;17;14;1
31348;779;181;11;17;14;2
31350;766;181;12;17;14;1
31351;753;181;12;17;14;1
31352;740;181;12;17;14;1
31353;727;181;12;17;14;1
31354;714;181;12;17;14;1
31359;701;181;12;17;14;1
31360;688;181;12;17;14;1
31361;675;181;12;17;14;1
31363;662;181;12;17;14;1
31364;650;181;11;17;14;2
31366;247;181;12;17;14;1
31368;234;181;12;17;14;1
31373;221;181;12;17;14;1
31377;27;181;12;17;14;1
31378;1850;163;12;17;14;1
31381;1837;163;12;17;14;1
31382;1824;163;12;17;14;1
31383;1812;163;11;17;14;2
31384;1799;163;12;17;14;1
31388;1786;163;12;17;14;1
31389;1773;163;12;17;14;1
31391;1760;163;12;17;14;1
31392;1747;163;12;17;14;1
31397;1734;163;12;17;14;1
31398;1721;163;12;17;14;1
31400;1708;163;12;17;14;1
31404;1695;163;12;17;14;1
31405;1682;163;12;17;14;1
31411;1669;163;12;17;14;1
31423;1656;163;12;17;14;1
31435;1643;163;12;17;14;1
31446;1630;163;12;17;14;1
31449;1617;163;12;17;14;1
31454;1605;163;11;17;14;2
31455;1592;163;12;17;14;1
31456;1579;163;12;17;14;1
31459;1566;163;12;17;14;1
31461;1553;163;12;17;14;1
31462;1540;163;12;17;14;1
31469;1863;163;12;17;14;1
31471;1876;163;12;17;14;1
31481;1889;163;12;17;14;1
31482;1902;163;12;17;14;1
31485;195;181;12;17;14;1
31487;182;181;12;17;14;1
31491;169;181;12;17;14;1
31492;156;181;12;17;14;1
31494;143;181;12;17;14;1
31496;130;181;12;17;14;1
31498;117;181;12;17;14;1
31499;104;181;12;17;14;1
31503;92;181;11;17;14;2
31505;79;181;12;17;14;1
31508;66;181;12;17;14;1
31509;53;181;12;17;14;1
31513;208;181;12;17;14;1
31515;40;181;12;17;14;1
31518;14;181;12;17;14;1
31520;1;181;12;17;14;1
31524;2032;163;12;17;14;1
31525;2019;163;12;17;14;1
31526;2006;163;12;17;14;1
31528;1993;163;12;17;14;1
31530;1980;163;12;17;14;1
31531;1967;163;12;17;14;1
31532;1954;163;12;17;14;1
31534;1941;163;12;17;14;1
31537;1928;163;12;17;14;1
31539;1915;163;12;17;14;1
31544;2036;91;12;17;14;1
31546;2023;91;12;17;14;1
31548;2010;91;12;17;14;1
31550;1000;73;12;17;14;1
31557;66;37;12;17;14;1
31559;53;37;12;17;14;1
31561;40;37;12;17;14;1
31563;27;37;12;17;14;1
31564;14;37;12;17;14;1
31567;1;37;12;17;14;1
31568;2024;19;12;17;14;1
31569;2011;19;12;17;14;1
31570;1998;19;12;17;14;1
31572;1985;19;12;17;14;1
31574;1972;19;12;17;14;1
31576;1959;19;12;17;14;1
31578;1946;19;12;17;14;1
31579;1933;19;12;17;14;1
31581;1920;19;12;17;14;1
31584;1907;19;12;17;14;1
31586;1894;19;12;17;14;1
31598;1881;19;12;17;14;1
31601;1868;19;12;17;14;1
31602;1855;19;12;17;14;1
31605;1842;19;12;17;14;1
31607;1829;19;12;17;14;1
31609;1816;19;12;17;14;1
31611;1803;19;12;17;14;1
31614;1790;19;12;17;14;1
31616;79;37;12;17;14;1
31621;92;37;12;17;14;1
31629;105;37;12;17;14;1
31632;118;37;12;17;14;1
31636;456;37;12;17;14;1
31637;443;37;12;17;14;1
31639;430;37;12;17;14;1
31644;417;37;12;17;14;1
31645;404;37;12;17;14;1
31649;391;37;12;17;14;1
31650;378;37;12;17;14;1
31654;365;37;12;17;14;1
31655;352;37;12;17;14;1
31656;339;37;12;17;14;1
31657;326;37;12;17;14;1
31658;313;37;12;17;14;1
31659;469;37;12;17;14;1
31660;300;37;12;17;14;1
31661;274;37;12;17;14;1
31665;261;37;12;17;14;1
31668;248;37;12;17;14;1
31672;235;37;12;17;14;1
31681;222;37;12;17;14;1
31686;209;37;12;17;14;1
31687;196;37;12;17;14;1
31692;183;37;12;17;14;1
31697;170;37;12;17;14;1
31699;157;37;12;17;14;1
31705;144;37;12;17;14;1
31706;131;37;12;17;14;1
31709;1777;19;12;17;14;1
31713;287;37;12;17;14;1
31717;1764;19;12;17;14;1
31718;1556;19;12;17;14;1
31722;1335;19;12;17;14;1
31726;1322;19;12;17;14;1
31729;1309;19;12;17;14;1
31735;1296;19;12;17;14;1
31740;1283;19;12;17;14;1
31742;1270;19;12;17;14;1
31751;1257;19;12;17;14;1
31755;1244;19;12;17;14;1
31756;1231;19;12;17;14;1
31759;1218;19;12;17;14;1
31766;1205;19;12;17;14;1
31775;1192;19;12;17;14;1
31782;1179;19;12;17;14;1
31783;1166;19;12;17;14;1
31786;1153;19;12;17;14;1
31800;1140;19;12;17;14;1
31807;1127;19;12;17;14;1
31808;1114;19;12;17;14;1
31809;1101;19;12;17;14;1
31821;1088;19;12;17;14;1
31859;1075;19;12;17;14;1
31860;1062;19;12;17;14;1
31867;1049;19;12;17;14;1
31868;1036;19;12;17;14;1
31869;1023;19;12;17;14;1
31881;1348;19;12;17;14;1
31889;1361;19;12;17;14;1
31890;1374;19;12;17;14;1
31893;1387;19;12;17;14;1
31895;1725;19;12;17;14;1
31896;1712;19;12;17;14;1
31900;1699;19;12;17;14;1
31901;1686;19;12;17;14;1
31902;1673;19;12;17;14;1
31903;1660;19;12;17;14;1
31906;1647;19;12;17;14;1
31908;1634;19;12;17;14;1
31909;1621;19;12;17;14;1
31914;1608;19;12;17;14;1
31918;1595;19;12;17;14;1
31921;1582;19;12;17;14;1
31922;1738;19;12;17;14;1
31923;1569;19;12;17;14;1
31929;1543;19;12;17;14;1
31932;1530;19;12;17;14;1
31933;1517;19;12;17;14;1
31934;1504;19;12;17;14;1
31937;1491;19;12;17;14;1
31941;1478;19;12;17;14;1
31943;1465;19;12;17;14;1
31944;1452;19;12;17;14;1
31946;1439;19;12;17;14;1
31948;1426;19;12;17;14;1
31949;1413;19;12;17;14;1
31957;1400;19;12;17;14;1
31958;1751;19;12;17;14;1
31959;482;37;12;17;14;1
31961;495;37;12;17;14;1
31964;508;37;12;17;14;1
31967;1601;37;12;17;14;1
31968;1588;37;12;17;14;1
31976;1575;37;12;17;14;1
31983;1562;37;12;17;14;1
31992;1550;37;11;17;14;2
31995;1539;37;10;17;14;2
32010;1526;37;12;17;14;1
32032;1513;37;12;17;14;1
32034;1500;37;12;17;14;1
32039;1488;37;11;17;14;2
32043;1475;37;12;17;14;1
32047;1462;37;12;17;14;1
32110;1614;37;12;17;14;1
32119;1449;37;12;17;14;1
32166;1423;37;12;17;14;1
32174;1410;37;12;17;14;1
32315;1397;37;12;17;14;1
32321;1384;37;12;17;14;1
32327;1371;37;12;17;14;1
32386;1358;37;12;17;14;1
32411;1345;37;12;17;14;1
32415;1339;37;5;17;14;1
32416;1327;37;11;17;14;1
32417;1314;37;12;17;14;1
32418;1301;37;12;17;14;1
32419;1288;37;12;17;14;1
32420;1436;37;12;17;14;1
32421;1640;37;12;17;14;1
32422;1822;37;12;17;14;1
32423;1653;37;12;17;14;1
32424;1991;37;12;17;14;1
32425;1978;37;12;17;14;1
32426;1965;37;12;17;14;1
32427;1952;37;12;17;14;1
32428;1939;37;12;17;14;1
32429;1926;37;12;17;14;1
32431;1913;37;12;17;14;1
32432;1900;37;12;17;14;1
32433;1887;37;12;17;14;1
32434;1874;37;12;17;14;1
32435;1861;37;12;17;14;1
32437;1848;37;12;17;14;1
32438;2004;37;12;17;14;1
32439;1835;37;12;17;14;1
32440;1809;37;12;17;14;1
32441;1796;37;12;17;14;1
32442;1783;37;12;17;14;1
32445;1770;37;12;17;14;1
32446;1757;37;12;17;14;1
32447;1744;37;12;17;14;1
32448;1731;37;12;17;14;1
32449;1718;37;12;17;14;1
32450;1705;37;12;17;14;1
32451;1692;37;12;17;14;1
32452;1679;37;12;17;14;1
32453;1666;37;12;17;14;1
32454;1275;37;12;17;14;1
32455;1262;37;12;17;14;1
32456;1249;37;12;17;14;1
32457;1054;37;12;17;14;1
32458;833;37;12;17;14;1
32459;820;37;12;17;14;1
32460;807;37;12;17;14;1
32461;794;37;12;17;14;1
32462;781;37;12;17;14;1
32463;768;37;12;17;14;1
32464;755;37;12;17;14;1
32465;742;37;12;17;14;1
32466;729;37;12;17;14;1
32467;716;37;12;17;14;1
32468;703;37;12;17;14;1
32469;690;37;12;17;14;1
32471;677;37;12;17;14;1
32472;664;37;12;17;14;1
32473;651;37;12;17;14;1
32474;638;37;12;17;14;1
32475;625;37;12;17;14;1
32476;612;37;12;17;14;1
32477;599;37;12;17;14;1
32478;586;37;12;17;14;1
32479;573;37;12;17;14;1
32480;560;37;12;17;14;1
32481;547;37;12;17;14;1
32482;534;37;12;17;14;1
32483;521;37;12;17;14;1
32485;846;37;12;17;14;1
32486;859;37;12;17;14;1
32487;872;37;12;17;14;1
32488;885;37;12;17;14;1
32489;1223;37;12;17;14;1
32490;1210;37;12;17;14;1
32491;1197;37;12;17;14;1
32493;1184;37;12;17;14;1
32494;1171;37;12;17;14;1
32495;1158;37;12;17;14;1
32496;1145;37;12;17;14;1
32497;1132;37;12;17;14;1
32498;1119;37;12;17;14;1
32499;1106;37;12;17;14;1
32500;1093;37;12;17;14;1
32501;1080;37;12;17;14;1
32502;1236;37;12;17;14;1
32503;1067;37;12;17;14;1
32504;1041;37;12;17;14;1
32506;1028;37;12;17;14;1
32507;1015;37;12;17;14;1
32508;1002;37;12;17;14;1
32509;989;37;12;17;14;1
32510;976;37;12;17;14;1
32511;963;37;12;17;14;1
32512;950;37;12;17;14;1
32513;937;37;12;17;14;1
32514;924;37;12;17;14;1
32515;911;37;12;17;14;1
32516;898;37;12;17;14;1
32517;1010;19;12;17;14;1
32518;997;19;12;17;14;1
32519;984;19;12;17;14;1
32520;1497;1;12;17;14;1
32521;1085;1;12;17;14;1
32523;1072;1;12;17;14;1
32524;1059;1;12;17;14;1
32525;1046;1;12;17;14;1
32526;1033;1;12;17;14;1
32527;1020;1;12;17;14;1
32529;1007;1;12;17;14;1
32530;994;1;12;17;14;1
32531;981;1;12;17;14;1
32532;968;1;12;17;14;1
32533;955;1;12;17;14;1
32534;942;1;12;17;14;1
32535;929;1;12;17;14;1
32536;916;1;12;17;14;1
32537;903;1;12;17;14;1
32538;890;1;12;17;14;1
32539;877;1;12;17;14;1
32540;864;1;12;17;14;1
32541;851;1;12;17;14;1
32543;838;1;12;17;14;1
32544;825;1;12;17;14;1
32545;812;1;12;17;14;1
32546;799;1;12;17;14;1
32547;786;1;12;17;14;1
32548;773;1;12;17;14;1
32549;1098;1;12;17;14;1
32550;1111;1;12;17;14;1
32551;1124;1;12;17;14;1
32552;1137;1;12;17;14;1
32553;1471;1;12;17;14;1
32554;1458;1;12;17;14;1
32555;1445;1;12;17;14;1
32556;1432;1;12;17;14;1
32557;1419;1;12;17;14;1
32558;1406;1;12;17;14;1
32559;1393;1;12;17;14;1
32560;1380;1;12;17;14;1
32561;1367;1;12;17;14;1
32562;1354;1;12;17;14;1
32563;1341;1;12;17;14;1
32564;1328;1;12;17;14;1
32565;1484;1;12;17;14;1
32566;1315;1;12;17;14;1
32568;1289;1;12;17;14;1
32570;1276;1;12;17;14;1
32578;1263;1;12;17;14;1
32580;1250;1;12;17;14;1
32581;1237;1;12;17;14;1
32592;1224;1;12;17;14;1
32593;1212;1;11;17;14;2
32596;1200;1;11;17;14;2
32597;1187;1;12;17;14;1
32599;1175;1;11;17;14;2
32600;1162;1;12;17;14;1
32602;1150;1;11;17;14;2
32607;760;1;12;17;14;1
32609;1302;1;12;17;14;1
32610;747;1;12;17;14;1
32616;539;1;12;17;14;1
32617;318;1;12;17;14;1
32618;306;1;11;17;14;2
32622;293;1;12;17;14;1
32625;280;1;12;17;14;1
32626;267;1;12;17;14;1
32628;254;1;12;17;14;1
32633;241;1;12;17;14;1
32638;228;1;12;17;14;1
32641;215;1;12;17;14;1
32650;202;1;12;17;14;1
32652;189;1;12;17;14;1
32654;176;1;12;17;14;1
32660;163;1;12;17;14;1
32666;150;1;12;17;14;1
32669;137;1;12;17;14;1
32670;124;1;12;17;14;1
32671;111;1;12;17;14;1
32673;98;1;12;17;14;1
32676;85;1;12;17;14;1
32679;72;1;12;17;14;1
32687;59;1;12;17;14;1
32688;46;1;12;17;14;1
32690;33;1;12;17;14;1
32696;20;1;12;17;14;1
32697;7;1;12;17;14;1
32700;331;1;12;17;14;1
32701;344;1;12;17;14;1
32703;357;1;12;17;14;1
32705;370;1;12;17;14;1
32709;708;1;12;17;14;1
32714;695;1;12;17;14;1
32716;682;1;12;17;14;1
32718;669;1;12;17;14;1
32724;656;1;12;17;14;1
32725;643;1;12;17;14;1
32728;630;1;12;17;14;1
32735;617;1;12;17;14;1
32736;604;1;12;17;14;1
32737;591;1;12;17;14;1
32741;578;1;12;17;14;1
32742;565;1;12;17;14;1
32745;721;1;12;17;14;1
32750;552;1;12;17;14;1
32752;526;1;12;17;14;1
32753;513;1;12;17;14;1
32755;500;1;12;17;14;1
32763;487;1;12;17;14;1
32764;474;1;12;17;14;1
32768;461;1;12;17;14;1
32769;448;1;12;17;14;1
32771;435;1;12;17;14;1
32772;422;1;12;17;14;1
32773;409;1;12;17;14;1
32774;396;1;12;17;14;1
32779;383;1;12;17;14;1
32780;734;1;12;17;14;1
32781;1510;1;12;17;14;1
32784;222;19;12;17;14;1
32786;1523;1;12;17;14;1
32788;572;19;12;17;14;1
32789;559;19;12;17;14;1
32790;546;19;12;17;14;1
32791;533;19;12;17;14;1
32792;520;19;12;17;14;1
32793;507;19;12;17;14;1
32796;494;19;12;17;14;1
32800;481;19;12;17;14;1
32802;468;19;12;17;14;1
32805;455;19;12;17;14;1
32806;442;19;12;17;14;1
32807;429;19;12;17;14;1
32808;416;19;12;17;14;1
32809;403;19;12;17;14;1
32810;390;19;12;17;14;1
32817;377;19;12;17;14;1
32819;365;19;11;17;14;2
32821;352;19;12;17;14;1
32822;339;19;12;17;14;1
32823;326;19;12;17;14;1
32824;313;19;12;17;14;1
32827;300;19;12;17;14;1
32829;287;19;12;17;14;1
32831;274;19;12;17;14;1
32834;261;19;12;17;14;1
32835;585;19;12;17;14;1
32838;598;19;12;17;14;1
32842;611;19;12;17;14;1
32843;624;19;12;17;14;1
32844;958;19;12;17;14;1
32845;945;19;12;17;14;1
32850;932;19;12;17;14;1
32852;919;19;12;17;14;1
32856;906;19;12;17;14;1
32858;893;19;12;17;14;1
32873;880;19;12;17;14;1
32874;867;19;12;17;14;1
32881;854;19;12;17;14;1
32895;841;19;12;17;14;1
32896;828;19;12;17;14;1
32899;815;19;12;17;14;1
32900;971;19;12;17;14;1
32902;802;19;12;17;14;1
32903;776;19;12;17;14;1
32905;765;19;10;17;14;2
32907;752;19;12;17;14;1
32908;739;19;12;17;14;1
32915;726;19;12;17;14;1
32918;715;19;10;17;14;2
32920;702;19;12;17;14;1
32922;689;19;12;17;14;1
32923;676;19;12;17;14;1
32924;663;19;12;17;14;1
32925;650;19;12;17;14;1
32927;637;19;12;17;14;1
32928;248;19;12;17;14;1
32929;789;19;12;17;14;1
32930;235;19;12;17;14;1
32932;27;19;12;17;14;1
32933;1843;1;12;17;14;1
32937;1831;1;11;17;14;1
32938;1818;1;12;17;14;1
32939;1805;1;12;17;14;1
32941;1792;1;12;17;14;1
32942;1779;1;12;17;14;1
32943;1766;1;12;17;14;1
32945;1753;1;12;17;14;1
32946;1740;1;12;17;14;1
32948;1727;1;12;17;14;1
32951;1714;1;12;17;14;1
32954;1701;1;12;17;14;1
32956;1688;1;12;17;14;1
32957;1675;1;12;17;14;1
32958;1662;1;12;17;14;1
32959;1649;1;12;17;14;1
32960;1636;1;12;17;14;1
32961;1623;1;12;17;14;1
32962;1610;1;12;17;14;1
32963;1599;1;10;17;14;2
32964;1588;1;10;17;14;2
32966;1575;1;12;17;14;1
32972;1562;1;12;17;14;1
32973;1549;1;12;17;14;1
32974;1536;1;12;17;14;1
32982;1856;1;12;17;14;1
32983;1869;1;12;17;14;1
32985;1882;1;12;17;14;1
32986;1895;1;12;17;14;1
32987;196;19;12;17;14;1
32988;183;19;12;17;14;1
32989;170;19;12;17;14;1
32990;157;19;12;17;14;1
32993;144;19;12;17;14;1
32996;131;19;12;17;14;1
32997;118;19;12;17;14;1
32999;105;19;12;17;14;1
33000;92;19;12;17;14;1
33001;79;19;12;17;14;1
33002;66;19;12;17;14;1
33003;53;19;12;17;14;1
33004;209;19;12;17;14;1
33005;40;19;12;17;14;1
33007;14;19;12;17;14;1
33008;1;19;12;17;14;1
33009;2025;1;12;17;14;1
33010;2012;1;12;17;14;1
33011;1999;1;12;17;14;1
33012;1986;1;12;17;14;1
33014;1973;1;12;17;14;1
33016;1960;1;12;17;14;1
33018;1947;1;12;17;14;1
33020;1934;1;12;17;14;1
33021;1921;1;12;17;14;1
33026;1908;1;12;17;14;1
33030;1627;37;12;17;14;1
33033;2017;37;12;17;14;1
33034;2030;37;11;17;14;2
33037;1;55;12;17;14;1
33038;66;91;12;17;14;1
33039;53;91;12;17;14;1
33040;40;91;12;17;14;1
33041;27;91;12;17;14;1
33042;14;91;12;17;14;1
33043;1;91;12;17;14;1
33044;2030;73;12;17;14;1
33046;2017;73;12;17;14;1
33048;2004;73;12;17;14;1
33050;1991;73;12;17;14;1
33054;1978;73;12;17;14;1
33068;1965;73;12;17;14;1
33071;1952;73;12;17;14;1
33073;1939;73;12;17;14;1
33074;1926;73;12;17;14;1
33078;1913;73;12;17;14;1
33080;1900;73;12;17;14;1
33086;1887;73;12;17;14;1
33094;1874;73;12;17;14;1
33096;1861;73;12;17;14;1
33098;1848;73;12;17;14;1
33099;1835;73;12;17;14;1
33100;1822;73;12;17;14;1
33104;1809;73;12;17;14;1
33105;1796;73;12;17;14;1
33107;79;91;12;17;14;1
33108;92;91;12;17;14;1
33109;105;91;12;17;14;1
33113;118;91;12;17;14;1
33114;456;91;12;17;14;1
33120;443;91;12;17;14;1
33125;430;91;12;17;14;1
33127;417;91;12;17;14;1
33129;404;91;12;17;14;1
33133;391;91;12;17;14;1
33134;378;91;12;17;14;1
33136;365;91;12;17;14;1
33137;352;91;12;17;14;1
33140;339;91;12;17;14;1
33145;326;91;12;17;14;1
33146;313;91;12;17;14;1
33147;469;91;12;17;14;1
33148;300;91;12;17;14;1
33149;274;91;12;17;14;1
33150;261;91;12;17;14;1
33151;248;91;12;17;14;1
33152;235;91;12;17;14;1
33154;222;91;12;17;14;1
33160;209;91;12;17;14;1
33162;196;91;12;17;14;1
33167;183;91;12;17;14;1
33169;170;91;12;17;14;1
33176;157;91;12;17;14;1
33179;144;91;12;17;14;1
33180;131;91;12;17;14;1
33181;1783;73;12;17;14;1
33187;287;91;12;17;14;1
33190;1770;73;12;17;14;1
33192;1562;73;12;17;14;1
33194;1343;73;12;17;14;1
33203;1330;73;12;17;14;1
33210;1317;73;12;17;14;1
33211;1304;73;12;17;14;1
33216;1291;73;12;17;14;1
33217;1278;73;12;17;14;1
33218;1265;73;12;17;14;1
33219;1252;73;12;17;14;1
33222;1239;73;12;17;14;1
33226;1226;73;12;17;14;1
33228;1213;73;12;17;14;1
33251;1202;73;10;17;14;3
33255;1189;73;12;17;14;1
33258;1180;73;8;17;14;3
33260;1167;73;12;17;14;1
33261;1154;73;12;17;14;1
33267;1141;73;12;17;14;1
33268;1128;73;12;17;14;1
33275;1115;73;12;17;14;1
33276;1103;73;11;17;14;2
33278;1090;73;12;17;14;1
33280;1078;73;11;17;14;1
33281;1065;73;12;17;14;1
33282;1052;73;12;17;14;1
33284;1039;73;12;17;14;1
33285;1356;73;11;17;14;2
33286;1368;73;12;17;14;1
33292;1381;73;11;17;14;2
33293;1393;73;12;17;14;1
33296;1731;73;12;17;14;1
33298;1718;73;12;17;14;1
33300;1705;73;12;17;14;1
33307;1692;73;12;17;14;1
33308;1679;73;12;17;14;1
33310;1666;73;12;17;14;1
33311;1653;73;12;17;14;1
33313;1640;73;12;17;14;1
33314;1627;73;12;17;14;1
33315;1614;73;12;17;14;1
33320;1601;73;12;17;14;1
33322;1588;73;12;17;14;1
33323;1744;73;12;17;14;1
33324;1575;73;12;17;14;1
33325;1549;73;12;17;14;1
33327;1536;73;12;17;14;1
33328;1523;73;12;17;14;1
33329;1510;73;12;17;14;1
33331;1497;73;12;17;14;1
33332;1484;73;12;17;14;1
33333;1471;73;12;17;14;1
33334;1458;73;12;17;14;1
33335;1445;73;12;17;14;1
33336;1432;73;12;17;14;1
33337;1419;73;12;17;14;1
33339;1406;73;12;17;14;1
33342;1757;73;12;17;14;1
33348;482;91;12;17;14;1
33351;495;91;12;17;14;1
33353;508;91;12;17;14;1
33355;1601;91;12;17;14;1
33359;1588;91;12;17;14;1
33368;1575;91;12;17;14;1
33370;1562;91;12;17;14;1
33375;1549;91;12;17;14;1
33384;1536;91;12;17;14;1
33390;1525;91;10;17;14;3
33391;1514;91;10;17;14;3
33392;1501;91;12;17;14;1
33394;1488;91;12;17;14;1
33395;1475;91;12;17;14;1
33396;1462;91;12;17;14;1
33401;1614;91;12;17;14;1
33402;1449;91;12;17;14;1
33405;1423;91;12;17;14;1
33406;1411;91;11;17;14;2
33407;1399;91;11;17;14;2
33410;1386;91;12;17;14;1
33412;1374;91;11;17;14;2
33416;1361;91;12;17;14;1
33418;1348;91;12;17;14;1
33419;1336;91;11;17;14;2
33421;1323;91;12;17;14;1
33422;1310;91;12;17;14;1
33423;1297;91;12;17;14;1
33425;1284;91;12;17;14;1
33426;1436;91;12;17;14;1
33431;1640;91;12;17;14;1
33432;1820;91;12;17;14;1
33433;1653;91;12;17;14;1
33436;1985;91;12;17;14;1
33437;1973;91;11;17;14;2
33439;1961;91;11;17;14;2
33441;1949;91;11;17;14;2
33444;1936;91;12;17;14;1
33445;1923;91;12;17;14;1
33446;1910;91;12;17;14;1
33448;1897;91;12;17;14;1
33449;1885;91;11;17;14;2
33450;1872;91;12;17;14;1
33451;1859;91;12;17;14;1
33452;1846;91;12;17;14;1
33453;1998;91;11;17;14;2
33454;1833;91;12;17;14;1
33455;1808;91;11;17;14;2
33456;1795;91;12;17;14;1
33457;1782;91;12;17;14;1
33459;1770;91;11;17;14;2
33460;1757;91;12;17;14;1
33463;1744;91;12;17;14;1
33464;1731;91;12;17;14;1
33465;1718;91;12;17;14;1
33469;1705;91;12;17;14;1
33470;1692;91;12;17;14;1
33473;1679;91;12;17;14;1
33476;1666;91;12;17;14;1
33479;1271;91;12;17;14;1
33480;1258;91;12;17;14;1
33482;1245;91;12;17;14;1
33483;1050;91;12;17;14;1
33484;830;91;12;17;14;1
33485;817;91;12;17;14;1
33486;804;91;12;17;14;1
33487;791;91;12;17;14;1
33489;778;91;12;17;14;1
33490;765;91;12;17;14;1
33491;752;91;12;17;14;1
33492;739;91;12;17;14;1
33493;727;91;11;17;14;2
33495;714;91;12;17;14;1
33496;701;91;12;17;14;1
33499;688;91;12;17;14;1
33500;675;91;12;17;14;1
33502;662;91;12;17;14;1
33503;649;91;12;17;14;1
33504;636;91;12;17;14;1
33505;624;91;11;17;14;2
33507;611;91;12;17;14;1
33508;598;91;12;17;14;1
33509;586;91;11;17;14;2
33510;573;91;12;17;14;1
33515;560;91;12;17;14;1
33519;547;91;12;17;14;1
33521;534;91;12;17;14;1
33524;521;91;12;17;14;1
33527;843;91;12;17;14;1
33529;856;91;12;17;14;1
33531;869;91;12;17;14;1
33537;882;91;12;17;14;1
33538;1219;91;12;17;14;1
33539;1206;91;12;17;14;1
33540;1193;91;12;17;14;1
33541;1180;91;12;17;14;1
33542;1167;91;12;17;14;1
33543;1154;91;12;17;14;1
33544;1141;91;12;17;14;1
33545;1128;91;12;17;14;1
33548;1115;91;12;17;14;1
33550;1102;91;12;17;14;1
33551;1089;91;12;17;14;1
33553;1076;91;12;17;14;1
33556;1232;91;12;17;14;1
33557;1063;91;12;17;14;1
33559;1037;91;12;17;14;1
33562;1024;91;12;17;14;1
33563;1011;91;12;17;14;1
33564;998;91;12;17;14;1
33575;985;91;12;17;14;1
33576;973;91;11;17;14;2
33579;960;91;12;17;14;1
33580;947;91;12;17;14;1
33581;934;91;12;17;14;1
33583;921;91;12;17;14;1
33585;908;91;12;17;14;1
33587;895;91;12;17;14;1
33588;1026;73;12;17;14;1
33589;1627;91;12;17;14;1
33590;1013;73;12;17;14;1
33592;611;73;11;17;14;2
33593;1087;55;12;17;14;1
33594;1074;55;12;17;14;1
33596;1061;55;12;17;14;1
33600;1048;55;12;17;14;1
33603;1035;55;12;17;14;1
33606;1022;55;12;17;14;1
33607;1009;55;12;17;14;1
33609;996;55;12;17;14;1
33615;983;55;12;17;14;1
33616;970;55;12;17;14;1
33617;957;55;12;17;14;1
33618;944;55;12;17;14;1
33620;931;55;12;17;14;1
33626;918;55;12;17;14;1
33627;905;55;12;17;14;1
33628;892;55;12;17;14;1
33630;879;55;12;17;14;1
33631;866;55;12;17;14;1
33632;853;55;12;17;14;1
33633;840;55;12;17;14;1
33635;827;55;12;17;14;1
33636;814;55;12;17;14;1
33637;801;55;12;17;14;1
33638;788;55;12;17;14;1
33639;775;55;12;17;14;1
33640;1100;55;12;17;14;1
33641;1113;55;12;17;14;1
33642;1126;55;12;17;14;1
33643;1139;55;12;17;14;1
33644;1477;55;12;17;14;1
33645;1464;55;12;17;14;1
33646;1451;55;12;17;14;1
33647;1438;55;12;17;14;1
33655;1425;55;12;17;14;1
33656;1412;55;12;17;14;1
33659;1399;55;12;17;14;1
33660;1386;55;12;17;14;1
33661;1373;55;12;17;14;1
33669;1360;55;12;17;14;1
33670;1347;55;12;17;14;1
33673;1334;55;12;17;14;1
33678;1490;55;12;17;14;1
33682;1321;55;12;17;14;1
33683;1295;55;12;17;14;1
33688;1282;55;12;17;14;1
33691;1269;55;12;17;14;1
33692;1256;55;12;17;14;1
33694;1243;55;12;17;14;1
33696;1230;55;12;17;14;1
33704;1217;55;12;17;14;1
33705;1204;55;12;17;14;1
33706;1191;55;12;17;14;1
33707;1178;55;12;17;14;1
33712;1165;55;12;17;14;1
33713;1152;55;12;17;14;1
33714;762;55;12;17;14;1
33715;1308;55;12;17;14;1
33716;749;55;12;17;14;1
33718;543;55;12;17;14;1
33719;323;55;12;17;14;1
33720;310;55;12;17;14;1
33721;297;55;12;17;14;1
33722;284;55;12;17;14;1
33724;271;55;12;17;14;1
33725;258;55;12;17;14;1
33728;245;55;12;17;14;1
33729;232;55;12;17;14;1
33733;220;55;11;17;14;2
33735;208;55;11;17;14;2
33738;195;55;12;17;14;1
33740;182;55;12;17;14;1
33743;169;55;12;17;14;1
33748;156;55;12;17;14;1
33750;143;55;12;17;14;1
33752;131;55;11;17;14;2
33756;118;55;12;17;14;1
33757;105;55;12;17;14;1
33759;92;55;12;17;14;1
33760;79;55;12;17;14;1
33761;66;55;12;17;14;1
33765;53;55;12;17;14;1
33769;40;55;12;17;14;1
33770;27;55;12;17;14;1
33776;14;55;12;17;14;1
33777;336;55;12;17;14;1
33778;349;55;12;17;14;1
33784;362;55;12;17;14;1
33785;375;55;12;17;14;1
33789;710;55;12;17;14;1
33793;697;55;12;17;14;1
33795;684;55;12;17;14;1
33796;671;55;12;17;14;1
33798;659;55;11;17;14;2
33803;646;55;12;17;14;1
33804;633;55;12;17;14;1
33805;620;55;12;17;14;1
33806;607;55;12;17;14;1
33807;595;55;11;17;14;2
33809;582;55;12;17;14;1
33816;569;55;12;17;14;1
33820;723;55;12;17;14;1
33821;556;55;12;17;14;1
33828;530;55;12;17;14;1
33829;518;55;11;17;14;2
33830;505;55;12;17;14;1
33831;492;55;12;17;14;1
33832;479;55;12;17;14;1
33841;466;55;12;17;14;1
33848;453;55;12;17;14;1
33852;440;55;12;17;14;1
33853;427;55;12;17;14;1
33862;414;55;12;17;14;1
33873;401;55;12;17;14;1
33879;388;55;12;17;14;1
33881;736;55;12;17;14;1
33882;1503;55;12;17;14;1
33883;1516;55;12;17;14;1
33884;1529;55;12;17;14;1
33889;585;73;12;17;14;1
33891;572;73;12;17;14;1
33897;559;73;12;17;14;1
33899;546;73;12;17;14;1
33900;533;73;12;17;14;1
33901;520;73;12;17;14;1
33905;507;73;12;17;14;1
33907;494;73;12;17;14;1
33909;481;73;12;17;14;1
33910;468;73;12;17;14;1
33912;455;73;12;17;14;1
33914;443;73;11;17;14;2
33922;598;73;12;17;14;1
33927;430;73;12;17;14;1
33928;404;73;12;17;14;1
33929;391;73;12;17;14;1
33931;378;73;12;17;14;1
33932;365;73;12;17;14;1
33934;352;73;12;17;14;1
33943;339;73;12;17;14;1
33945;326;73;12;17;14;1
33948;313;73;12;17;14;1
33951;300;73;12;17;14;1
33953;287;73;12;17;14;1
33967;274;73;12;17;14;1
33970;261;73;12;17;14;1
33972;417;73;12;17;14;1
33976;623;73;12;17;14;1
33977;805;73;12;17;14;1
33978;636;73;12;17;14;1
33979;974;73;12;17;14;1
33981;961;73;12;17;14;1
33983;948;73;12;17;14;1
33985;935;73;12;17;14;1
33988;922;73;12;17;14;1
33993;909;73;12;17;14;1
33994;896;73;12;17;14;1
33997;883;73;12;17;14;1
34000;870;73;12;17;14;1
34001;857;73;12;17;14;1
34003;844;73;12;17;14;1
34006;831;73;12;17;14;1
34013;987;73;12;17;14;1
34015;818;73;12;17;14;1
34016;792;73;12;17;14;1
34019;779;73;12;17;14;1
34021;766;73;12;17;14;1
34022;753;73;12;17;14;1
34028;740;73;12;17;14;1
34032;727;73;12;17;14;1
34044;714;73;12;17;14;1
34047;701;73;12;17;14;1
34060;688;73;12;17;14;1
34065;675;73;12;17;14;1
34067;662;73;12;17;14;1
34071;649;73;12;17;14;1
34074;248;73;12;17;14;1
34079;235;73;12;17;14;1
34081;222;73;12;17;14;1
34091;27;73;12;17;14;1
34092;1854;55;12;17;14;1
34103;1841;55;12;17;14;1
34104;1828;55;12;17;14;1
34105;1815;55;12;17;14;1
34106;1802;55;12;17;14;1
34107;1789;55;12;17;14;1
34108;1776;55;12;17;14;1
34109;1763;55;12;17;14;1
34115;1750;55;12;17;14;1
34120;1737;55;12;17;14;1
34121;1724;55;12;17;14;1
34122;1711;55;12;17;14;1
34134;1698;55;12;17;14;1
34137;1685;55;12;17;14;1
34142;1672;55;12;17;14;1
34148;1659;55;12;17;14;1
34152;1646;55;12;17;14;1
34162;1633;55;12;17;14;1
34164;1620;55;12;17;14;1
34169;1607;55;12;17;14;1
34170;1594;55;12;17;14;1
34171;1581;55;12;17;14;1
34174;1568;55;12;17;14;1
34180;1555;55;12;17;14;1
34181;1542;55;12;17;14;1
34183;1867;55;12;17;14;1
34191;1880;55;12;17;14;1
34203;1893;55;12;17;14;1
34204;1906;55;12;17;14;1
34212;196;73;12;17;14;1
34216;183;73;12;17;14;1
34218;170;73;12;17;14;1
34222;157;73;12;17;14;1
34223;144;73;12;17;14;1
34224;131;73;12;17;14;1
34231;118;73;12;17;14;1
34233;105;73;12;17;14;1
34241;92;73;12;17;14;1
34249;79;73;12;17;14;1
34255;66;73;12;17;14;1
34256;53;73;12;17;14;1
34259;209;73;12;17;14;1
34261;40;73;12;17;14;1
34268;14;73;12;17;14;1
34276;1;73;12;17;14;1
34281;2036;55;12;17;14;1
34299;2023;55;12;17;14;1
34303;2010;55;12;17;14;1
34309;1997;55;12;17;14;1
34321;1984;55;12;17;14;1
34326;1971;55;12;17;14;1
34343;1958;55;12;17;14;1
34345;1945;55;12;17;14;1
34360;1932;55;12;17;14;1
34364;1919;55;12;17;14;1
34381;2016;145;12;17;14;1
34382;2021;199;12;17;14;1
34383;2034;199;12;17;14;1
34384;1;217;12;17;14;1
34385;1639;343;12;17;14;1
34388;1626;343;12;17;14;1
34394;1613;343;12;17;14;1
34398;1600;343;12;17;14;1
34402;1587;343;12;17;14;1
34411;1574;343;12;17;14;1
34412;1561;343;12;17;14;1
34414;1548;343;12;17;14;1
34417;1535;343;12;17;14;1
34425;1522;343;12;17;14;1
34426;1509;343;12;17;14;1
34427;1496;343;12;17;14;1
34428;1483;343;12;17;14;1
34429;1470;343;12;17;14;1
34430;1457;343;12;17;14;1
34431;1444;343;12;17;14;1
34432;1431;343;12;17;14;1
34433;1418;343;12;17;14;1
34434;1405;343;12;17;14;1
34442;1392;343;12;17;14;1
34443;1379;343;12;17;14;1
34444;1366;343;12;17;14;1
34445;1353;343;12;17;14;1
34451;1340;343;12;17;14;1
34453;1327;343;12;17;14;1
34460;1652;343;12;17;14;1
34461;1665;343;12;17;14;1
34467;1678;343;12;17;14;1
34468;1691;343;12;17;14;1
34471;2029;343;12;17;14;1
34472;2016;343;12;17;14;1
34473;2003;343;12;17;14;1
34474;1990;343;12;17;14;1
34476;1977;343;12;17;14;1
34479;1964;343;12;17;14;1
34480;1951;343;12;17;14;1
34481;1938;343;12;17;14;1
34484;1925;343;12;17;14;1
34485;1912;343;12;17;14;1
34486;1899;343;12;17;14;1
34490;1886;343;12;17;14;1
34496;1;361;12;17;14;1
34500;1873;343;12;17;14;1
34502;1847;343;12;17;14;1
34503;1834;343;12;17;14;1
34505;1821;343;12;17;14;1
34506;1808;343;12;17;14;1
34507;1795;343;12;17;14;1
34510;1782;343;12;17;14;1
34511;1769;343;12;17;14;1
34512;1756;343;12;17;14;1
34513;1743;343;12;17;14;1
34516;1730;343;12;17;14;1
34520;1717;343;12;17;14;1
34521;1704;343;12;17;14;1
34523;1314;343;12;17;14;1
34526;1860;343;12;17;14;1
34527;1301;343;12;17;14;1
34532;1093;343;12;17;14;1
34537;872;343;12;17;14;1
34541;859;343;12;17;14;1
34542;846;343;12;17;14;1
34544;833;343;12;17;14;1
34545;820;343;12;17;14;1
34546;807;343;12;17;14;1
34547;794;343;12;17;14;1
34548;781;343;12;17;14;1
34552;768;343;12;17;14;1
34553;755;343;12;17;14;1
34558;742;343;12;17;14;1
34560;729;343;12;17;14;1
34562;716;343;12;17;14;1
34563;703;343;12;17;14;1
34567;690;343;12;17;14;1
34568;677;343;12;17;14;1
34569;664;343;12;17;14;1
34570;651;343;12;17;14;1
34573;638;343;12;17;14;1
34578;625;343;12;17;14;1
34579;612;343;12;17;14;1
34581;599;343;12;17;14;1
34583;586;343;12;17;14;1
34584;573;343;12;17;14;1
34586;560;343;12;17;14;1
34588;885;343;12;17;14;1
34590;898;343;12;17;14;1
34593;911;343;12;17;14;1
34594;924;343;12;17;14;1
34595;1262;343;12;17;14;1
34597;1249;343;12;17;14;1
34601;1236;343;12;17;14;1
34606;1223;343;12;17;14;1
34609;1210;343;12;17;14;1
34612;1197;343;12;17;14;1
34615;1184;343;12;17;14;1
34619;1171;343;12;17;14;1
34622;1158;343;12;17;14;1
34623;1145;343;12;17;14;1
34631;1132;343;12;17;14;1
34632;1119;343;12;17;14;1
34633;1275;343;12;17;14;1
34636;1106;343;12;17;14;1
34638;1080;343;12;17;14;1
34643;1067;343;12;17;14;1
34647;1054;343;12;17;14;1
34649;1041;343;12;17;14;1
34656;1028;343;12;17;14;1
34659;1015;343;12;17;14;1
34660;1002;343;12;17;14;1
34661;989;343;12;17;14;1
34670;976;343;12;17;14;1
34672;963;343;12;17;14;1
34676;950;343;12;17;14;1
34678;937;343;12;17;14;1
34683;1288;343;12;17;14;1
34684;14;361;12;17;14;1
34685;27;361;12;17;14;1
34686;40;361;12;17;14;1
34690;1145;361;12;17;14;1
34691;1132;361;12;17;14;1
34693;1119;361;12;17;14;1
34696;1106;361;12;17;14;1
34699;1093;361;12;17;14;1
34701;1080;361;12;17;14;1
34707;1067;361;12;17;14;1
34711;1054;361;12;17;14;1
34719;1041;361;12;17;14;1
34728;1028;361;12;17;14;1
34731;1015;361;12;17;14;1
34732;1002;361;12;17;14;1
34733;1158;361;12;17;14;1
34735;989;361;12;17;14;1
34739;963;361;12;17;14;1
34741;950;361;12;17;14;1
34746;937;361;12;17;14;1
34749;924;361;12;17;14;1
34752;911;361;12;17;14;1
34758;898;361;12;17;14;1
34762;885;361;12;17;14;1
34763;872;361;12;17;14;1
34769;859;361;12;17;14;1
34770;846;361;12;17;14;1
34771;833;361;12;17;14;1
34779;820;361;12;17;14;1
34784;976;361;12;17;14;1
34789;1184;361;12;17;14;1
34794;1360;361;12;17;14;1
34798;1197;361;12;17;14;1
34809;1529;361;12;17;14;1
34814;1516;361;12;17;14;1
34819;1503;361;12;17;14;1
34826;1490;361;12;17;14;1
34835;1477;361;12;17;14;1
34837;1464;361;12;17;14;1
34838;1451;361;12;17;14;1
34843;1438;361;12;17;14;1
34849;1425;361;12;17;14;1
34850;1412;361;12;17;14;1
34866;1399;361;12;17;14;1
34873;1386;361;12;17;14;1
34876;1542;361;12;17;14;1
34880;1373;361;12;17;14;1
34884;1347;361;12;17;14;1
34885;1334;361;12;17;14;1
34892;1321;361;12;17;14;1
34893;1308;361;12;17;14;1
34900;1295;361;12;17;14;1
34903;1282;361;12;17;14;1
34905;1269;361;12;17;14;1
34913;1256;361;12;17;14;1
34914;1243;361;12;17;14;1
34915;1230;361;12;17;14;1
34916;1223;361;6;17;14;4
34917;1210;361;12;17;14;1
34920;807;361;12;17;14;1
34921;794;361;12;17;14;1
34923;781;361;12;17;14;1
34924;586;361;12;17;14;1
34926;365;361;12;17;14;1
34928;352;361;12;17;14;1
34930;339;361;12;17;14;1
34935;326;361;12;17;14;1
34941;313;361;12;17;14;1
34942;300;361;12;17;14;1
34943;287;361;12;17;14;1
34945;274;361;12;17;14;1
34946;261;361;12;17;14;1
34948;248;361;12;17;14;1
34949;235;361;12;17;14;1
34952;222;361;12;17;14;1
34955;209;361;12;17;14;1
34957;196;361;12;17;14;1
34962;183;361;12;17;14;1
34966;170;361;12;17;14;1
34972;157;361;12;17;14;1
34978;144;361;12;17;14;1
34980;131;361;12;17;14;1
34987;118;361;12;17;14;1
34989;105;361;12;17;14;1
34993;92;361;12;17;14;1
34999;79;361;12;17;14;1
35004;66;361;12;17;14;1
35009;53;361;12;17;14;1
35010;378;361;12;17;14;1
35013;391;361;12;17;14;1
35014;404;361;12;17;14;1
35017;417;361;12;17;14;1
35022;755;361;12;17;14;1
35026;742;361;12;17;14;1
35028;729;361;12;17;14;1
35029;716;361;12;17;14;1
35032;703;361;12;17;14;1
35033;690;361;12;17;14;1
35039;677;361;12;17;14;1
35042;664;361;12;17;14;1
35043;651;361;12;17;14;1
35044;638;361;12;17;14;1
35045;625;361;12;17;14;1
35048;612;361;12;17;14;1
35056;768;361;12;17;14;1
35057;599;361;12;17;14;1
35059;573;361;12;17;14;1
35060;560;361;12;17;14;1
35064;547;361;12;17;14;1
35065;534;361;12;17;14;1
35068;521;361;12;17;14;1
35070;508;361;12;17;14;1
35074;495;361;12;17;14;1
35082;482;361;12;17;14;1
35088;469;361;12;17;14;1
35090;456;361;12;17;14;1
35091;443;361;12;17;14;1
35097;430;361;12;17;14;1
35098;547;343;12;17;14;1
35099;1171;361;12;17;14;1
35105;534;343;12;17;14;1
35109;131;343;12;17;14;1
35114;612;325;12;17;14;1
35115;599;325;12;17;14;1
35120;586;325;12;17;14;1
35124;573;325;12;17;14;1
35126;560;325;12;17;14;1
35137;547;325;12;17;14;1
35140;534;325;12;17;14;1
35166;521;325;12;17;14;1
35167;508;325;12;17;14;1
35174;495;325;12;17;14;1
35195;482;325;12;17;14;1
35199;469;325;12;17;14;1
35201;456;325;12;17;14;1
35203;443;325;12;17;14;1
35206;430;325;12;17;14;1
35265;417;325;12;17;14;1
35266;404;325;12;17;14;1
35268;391;325;12;17;14;1
35269;378;325;12;17;14;1
35270;365;325;12;17;14;1
35271;352;325;12;17;14;1
35272;339;325;12;17;14;1
35273;326;325;12;17;14;1
35274;313;325;12;17;14;1
35275;300;325;12;17;14;1
35276;625;325;12;17;14;1
35278;638;325;12;17;14;1
35279;651;325;12;17;14;1
35280;664;325;12;17;14;1
35281;995;325;12;17;14;1
35282;983;325;11;17;14;1
35286;970;325;12;17;14;1
35290;957;325;12;17;14;1
35292;944;325;12;17;14;1
35294;931;325;12;17;14;1
35299;918;325;12;17;14;1
35301;905;325;12;17;14;1
35302;892;325;12;17;14;1
35307;879;325;12;17;14;1
35311;866;325;12;17;14;1
35315;853;325;12;17;14;1
35328;1008;325;12;17;14;1
35335;840;325;12;17;14;1
35390;814;325;12;17;14;1
35400;801;325;12;17;14;1
35449;788;325;12;17;14;1
35465;775;325;12;17;14;1
35466;762;325;12;17;14;1
35475;749;325;12;17;14;1
35591;736;325;12;17;14;1
35622;723;325;12;17;14;1
35686;710;325;12;17;14;1
35692;697;325;12;17;14;1
35744;690;325;6;17;14;1
35745;677;325;12;17;14;1
35746;287;325;12;17;14;1
35747;827;325;12;17;14;1
35748;274;325;12;17;14;1
35749;66;325;12;17;14;1
35750;1883;307;12;17;14;1
35751;1870;307;12;17;14;1
35752;1857;307;12;17;14;1
35753;1844;307;12;17;14;1
35754;1831;307;12;17;14;1
35755;1818;307;12;17;14;1
35757;1805;307;12;17;14;1
35758;1792;307;12;17;14;1
35759;1779;307;12;17;14;1
35760;1766;307;12;17;14;1
35762;1753;307;12;17;14;1
35763;1740;307;12;17;14;1
35764;1727;307;12;17;14;1
35765;1714;307;12;17;14;1
35766;1701;307;12;17;14;1
35767;1688;307;12;17;14;1
35768;1675;307;12;17;14;1
35769;1662;307;12;17;14;1
35770;1649;307;12;17;14;1
35772;1636;307;12;17;14;1
35773;1623;307;12;17;14;1
35774;1610;307;12;17;14;1
35775;1597;307;12;17;14;1
35776;1584;307;12;17;14;1
35777;1571;307;12;17;14;1
35778;1896;307;12;17;14;1
35779;1909;307;12;17;14;1
35780;1922;307;12;17;14;1
35781;1935;307;12;17;14;1
35782;235;325;12;17;14;1
35784;222;325;12;17;14;1
35785;209;325;12;17;14;1
35786;196;325;12;17;14;1
35787;183;325;12;17;14;1
35788;170;325;12;17;14;1
35789;157;325;12;17;14;1
35790;144;325;12;17;14;1
35791;131;325;12;17;14;1
35793;118;325;12;17;14;1
35794;105;325;12;17;14;1
35795;92;325;12;17;14;1
35796;248;325;12;17;14;1
35797;79;325;12;17;14;1
35798;53;325;12;17;14;1
35799;40;325;12;17;14;1
35800;27;325;12;17;14;1
35801;14;325;12;17;14;1
35802;1;325;12;17;14;1
35803;2026;307;12;17;14;1
35804;2013;307;12;17;14;1
35805;2000;307;12;17;14;1
35806;1987;307;12;17;14;1
35807;1974;307;12;17;14;1
35808;1961;307;12;17;14;1
35809;1948;307;12;17;14;1
35810;261;325;12;17;14;1
35811;1021;325;12;17;14;1
35812;1034;325;12;17;14;1
35813;1047;325;12;17;14;1
35814;105;343;12;17;14;1
35815;92;343;12;17;14;1
35816;79;343;12;17;14;1
35817;66;343;12;17;14;1
35819;53;343;12;17;14;1
35820;40;343;12;17;14;1
35821;27;343;12;17;14;1
35822;14;343;12;17;14;1
35823;1;343;12;17;14;1
35824;2028;325;12;17;14;1
35825;2015;325;12;17;14;1
35826;2002;325;12;17;14;1
35827;118;343;12;17;14;1
35828;1989;325;12;17;14;1
35829;1963;325;12;17;14;1
35830;1950;325;12;17;14;1
35831;1937;325;12;17;14;1
35832;1924;325;12;17;14;1
35833;1911;325;12;17;14;1
35834;1898;325;12;17;14;1
35835;1885;325;12;17;14;1
35836;1872;325;12;17;14;1
35837;1859;325;12;17;14;1
35838;1846;325;12;17;14;1
35839;1833;325;12;17;14;1
35840;1820;325;12;17;14;1
35841;1976;325;12;17;14;1
35842;144;343;12;17;14;1
35843;326;343;12;17;14;1
35844;157;343;12;17;14;1
35845;495;343;12;17;14;1
35846;482;343;12;17;14;1
35847;469;343;12;17;14;1
35848;456;343;12;17;14;1
35850;443;343;12;17;14;1
35851;430;343;12;17;14;1
35852;417;343;12;17;14;1
35853;404;343;12;17;14;1
35854;391;343;12;17;14;1
35855;378;343;12;17;14;1
35856;365;343;12;17;14;1
35857;352;343;12;17;14;1
35858;508;343;12;17;14;1
35859;339;343;12;17;14;1
35860;313;343;12;17;14;1
35861;300;343;12;17;14;1
35862;287;343;12;17;14;1
35863;274;343;12;17;14;1
35864;261;343;12;17;14;1
35865;248;343;12;17;14;1
35866;235;343;12;17;14;1
35867;222;343;12;17;14;1
35868;209;343;12;17;14;1
35869;196;343;12;17;14;1
35871;183;343;12;17;14;1
35872;170;343;12;17;14;1
35873;1807;325;12;17;14;1
35874;1794;325;12;17;14;1
35875;1781;325;12;17;14;1
35876;1592;325;12;17;14;1
35877;1372;325;12;17;14;1
35878;1359;325;12;17;14;1
35879;1346;325;12;17;14;1
35880;1333;325;12;17;14;1
35881;1320;325;12;17;14;1
35882;1307;325;12;17;14;1
35883;1294;325;12;17;14;1
35884;1281;325;12;17;14;1
35885;1268;325;12;17;14;1
35886;1255;325;12;17;14;1
35887;1242;325;12;17;14;1
35888;1229;325;12;17;14;1
35889;1216;325;12;17;14;1
35890;1203;325;12;17;14;1
35891;1190;325;12;17;14;1
35892;1177;325;12;17;14;1
35893;1164;325;12;17;14;1
35894;1151;325;12;17;14;1
35895;1138;325;12;17;14;1
35905;1125;325;12;17;14;1
35910;1112;325;12;17;14;1
35911;1099;325;12;17;14;1
35913;1086;325;12;17;14;1
35916;1073;325;12;17;14;1
35925;1060;325;12;17;14;1
35930;1385;325;12;17;14;1
35937;1398;325;12;17;14;1
35938;1411;325;12;17;14;1
35946;1424;325;12;17;14;1
35947;1758;325;12;17;14;1
35955;1745;325;12;17;14;1
35960;1735;325;9;17;14;3
35961;1722;325;12;17;14;1
35962;1709;325;12;17;14;1
35970;1696;325;12;17;14;1
35973;1683;325;12;17;14;1
35977;1670;325;12;17;14;1
35978;1657;325;12;17;14;1
35980;1644;325;12;17;14;1
35988;1631;325;12;17;14;1
35992;1618;325;12;17;14;1
36125;1771;325;9;17;14;2
36126;1605;325;12;17;14;1
36127;1580;325;11;17;14;1
36129;1567;325;12;17;14;1
36130;1554;325;12;17;14;1
36131;1541;325;12;17;14;1
36132;1528;325;12;17;14;1
36133;1515;325;12;17;14;1
36134;1502;325;12;17;14;1
36135;1489;325;12;17;14;1
36136;1476;325;12;17;14;1
36137;1463;325;12;17;14;1
36138;1450;325;12;17;14;1
36139;1437;325;12;17;14;1
36140;521;343;12;17;14;1
36141;1568;361;12;17;14;1
36142;533;397;12;17;14;1
36143;1581;361;12;17;14;1
36144;1650;397;12;17;14;1
36145;1637;397;12;17;14;1
36146;1624;397;12;17;14;1
36147;1611;397;12;17;14;1
36148;1598;397;12;17;14;1
36149;1585;397;12;17;14;1
36150;1572;397;12;17;14;1
36151;1559;397;12;17;14;1
36152;1546;397;12;17;14;1
36153;1534;397;11;17;14;2
36154;1521;397;12;17;14;1
36155;1508;397;12;17;14;1
36156;1495;397;12;17;14;1
36157;1482;397;12;17;14;1
36158;1469;397;12;17;14;1
36159;1456;397;12;17;14;1
36160;1443;397;12;17;14;1
36161;1430;397;12;17;14;1
36162;1417;397;12;17;14;1
36163;1404;397;12;17;14;1
36164;1391;397;12;17;14;1
36165;1378;397;12;17;14;1
36166;1365;397;12;17;14;1
36167;1352;397;12;17;14;1
36168;1339;397;12;17;14;1
36169;1663;397;12;17;14;1
36170;1676;397;12;17;14;1
36171;1689;397;12;17;14;1
36172;1702;397;12;17;14;1
36173;1;415;12;17;14;1
36174;2027;397;12;17;14;1
36175;2014;397;12;17;14;1
36176;2001;397;12;17;14;1
36179;1988;397;12;17;14;1
36180;1975;397;12;17;14;1
36181;1962;397;12;17;14;1
36182;1949;397;12;17;14;1
36184;1936;397;12;17;14;1
36185;1923;397;12;17;14;1
36186;1910;397;12;17;14;1
36187;1897;397;12;17;14;1
36188;14;415;12;17;14;1
36189;1884;397;12;17;14;1
36190;1858;397;12;17;14;1
36192;1845;397;12;17;14;1
36193;1832;397;12;17;14;1
36194;1819;397;12;17;14;1
36195;1806;397;12;17;14;1
36196;1793;397;12;17;14;1
36198;1780;397;12;17;14;1
36199;1767;397;12;17;14;1
36203;1754;397;12;17;14;1
36205;1741;397;12;17;14;1
36208;1728;397;12;17;14;1
36211;1715;397;12;17;14;1
36212;1326;397;12;17;14;1
36213;1871;397;12;17;14;1
36214;1313;397;12;17;14;1
36215;1105;397;12;17;14;1
36225;884;397;12;17;14;1
36228;871;397;12;17;14;1
36229;858;397;12;17;14;1
36234;845;397;12;17;14;1
36235;832;397;12;17;14;1
36241;819;397;12;17;14;1
36244;806;397;12;17;14;1
36255;793;397;12;17;14;1
36259;780;397;12;17;14;1
36273;767;397;12;17;14;1
36275;754;397;12;17;14;1
36276;741;397;12;17;14;1
36277;728;397;12;17;14;1
36280;715;397;12;17;14;1
36282;702;397;12;17;14;1
36284;689;397;12;17;14;1
36286;676;397;12;17;14;1
36287;663;397;12;17;14;1
36291;650;397;12;17;14;1
36292;637;397;12;17;14;1
36294;624;397;12;17;14;1
36299;611;397;12;17;14;1
36300;598;397;12;17;14;1
36302;585;397;12;17;14;1
36303;572;397;12;17;14;1
36305;897;397;12;17;14;1
36310;910;397;12;17;14;1
36311;923;397;12;17;14;1
36314;936;397;12;17;14;1
36315;1274;397;12;17;14;1
36317;1261;397;12;17;14;1
36318;1248;397;12;17;14;1
36319;1235;397;12;17;14;1
36323;1222;397;12;17;14;1
36324;1209;397;12;17;14;1
36328;1196;397;12;17;14;1
36330;1183;397;12;17;14;1
36331;1170;397;12;17;14;1
36332;1157;397;12;17;14;1
36335;1144;397;12;17;14;1
36339;1131;397;12;17;14;1
36341;1287;397;12;17;14;1
36343;1118;397;12;17;14;1
36344;1092;397;12;17;14;1
36345;1079;397;12;17;14;1
36346;1066;397;12;17;14;1
36347;1053;397;12;17;14;1
36349;1040;397;12;17;14;1
36357;1027;397;12;17;14;1
36361;1014;397;12;17;14;1
36362;1001;397;12;17;14;1
36364;988;397;12;17;14;1
36367;975;397;12;17;14;1
36372;962;397;12;17;14;1
36381;949;397;12;17;14;1
36382;1300;397;12;17;14;1
36383;27;415;12;17;14;1
36386;40;415;12;17;14;1
36387;53;415;12;17;14;1
36393;1157;415;12;17;14;1
36394;1144;415;12;17;14;1
36396;1131;415;12;17;14;1
36398;1118;415;12;17;14;1
36399;1105;415;12;17;14;1
36401;1093;415;11;17;14;1
36405;1080;415;12;17;14;1
36409;1067;415;12;17;14;1
36410;1054;415;12;17;14;1
36413;1041;415;12;17;14;1
36416;1028;415;12;17;14;1
36417;1015;415;12;17;14;1
36418;1170;415;12;17;14;1
36420;1002;415;12;17;14;1
36423;976;415;12;17;14;1
36424;963;415;12;17;14;1
36425;950;415;12;17;14;1
36426;937;415;12;17;14;1
36427;924;415;12;17;14;1
36433;911;415;12;17;14;1
36434;898;415;12;17;14;1
36441;885;415;12;17;14;1
36454;872;415;12;17;14;1
36457;859;415;12;17;14;1
36460;846;415;12;17;14;1
36461;833;415;12;17;14;1
36463;989;415;12;17;14;1
36464;1196;415;12;17;14;1
36466;1378;415;12;17;14;1
36468;1209;415;12;17;14;1
36470;1546;415;12;17;14;1
36476;1533;415;12;17;14;1
36479;1520;415;12;17;14;1
36481;1507;415;12;17;14;1
36485;1494;415;12;17;14;1
36487;1481;415;12;17;14;1
36495;1468;415;12;17;14;1
36496;1455;415;12;17;14;1
36500;1442;415;12;17;14;1
36508;1429;415;12;17;14;1
36510;1416;415;12;17;14;1
36523;1404;415;11;17;14;2
36524;1559;415;12;17;14;1
36527;1391;415;12;17;14;1
36530;1365;415;12;17;14;1
36538;1352;415;12;17;14;1
36558;1339;415;12;17;14;1
36710;1326;415;12;17;14;1
36711;1313;415;12;17;14;1
36712;1300;415;12;17;14;1
36713;1287;415;12;17;14;1
36715;1274;415;12;17;14;1
36716;1261;415;12;17;14;1
36717;1248;415;12;17;14;1
36718;1235;415;12;17;14;1
36719;1222;415;12;17;14;1
36720;820;415;12;17;14;1
36721;807;415;12;17;14;1
36722;794;415;12;17;14;1
36723;599;415;12;17;14;1
36724;378;415;12;17;14;1
36725;365;415;12;17;14;1
36726;352;415;12;17;14;1
36727;339;415;12;17;14;1
36728;326;415;12;17;14;1
36729;313;415;12;17;14;1
36730;300;415;12;17;14;1
36731;287;415;12;17;14;1
36732;274;415;12;17;14;1
36733;261;415;12;17;14;1
36734;248;415;12;17;14;1
36735;235;415;12;17;14;1
36737;222;415;12;17;14;1
36738;209;415;12;17;14;1
36739;196;415;12;17;14;1
36740;183;415;12;17;14;1
36741;170;415;12;17;14;1
36742;157;415;12;17;14;1
36743;144;415;12;17;14;1
36744;131;415;12;17;14;1
36745;118;415;12;17;14;1
36746;105;415;12;17;14;1
36747;92;415;12;17;14;1
36749;79;415;12;17;14;1
36750;66;415;12;17;14;1
36751;391;415;12;17;14;1
36752;404;415;12;17;14;1
36753;417;415;12;17;14;1
36755;430;415;12;17;14;1
36756;768;415;12;17;14;1
36757;755;415;12;17;14;1
36758;742;415;12;17;14;1
36759;729;415;12;17;14;1
36760;716;415;12;17;14;1
36761;703;415;12;17;14;1
36762;690;415;12;17;14;1
36763;677;415;12;17;14;1
36764;664;415;12;17;14;1
36766;651;415;12;17;14;1
36767;638;415;12;17;14;1
36771;625;415;12;17;14;1
36776;781;415;12;17;14;1
36777;612;415;12;17;14;1
36779;586;415;12;17;14;1
36784;573;415;12;17;14;1
36785;560;415;12;17;14;1
36790;547;415;12;17;14;1
36793;534;415;12;17;14;1
36797;521;415;12;17;14;1
36798;508;415;12;17;14;1
36801;495;415;12;17;14;1
36802;482;415;12;17;14;1
36804;469;415;12;17;14;1
36805;456;415;12;17;14;1
36807;443;415;12;17;14;1
36808;559;397;12;17;14;1
36814;1183;415;12;17;14;1
36816;546;397;12;17;14;1
36817;143;397;12;17;14;1
36819;622;379;12;17;14;1
36820;609;379;12;17;14;1
36821;596;379;12;17;14;1
36824;583;379;12;17;14;1
36825;570;379;12;17;14;1
36827;557;379;12;17;14;1
36828;544;379;12;17;14;1
36829;531;379;12;17;14;1
36830;518;379;12;17;14;1
36831;505;379;12;17;14;1
36834;492;379;12;17;14;1
36836;479;379;12;17;14;1
36837;466;379;12;17;14;1
36838;453;379;12;17;14;1
36840;440;379;12;17;14;1
36841;427;379;12;17;14;1
36842;414;379;12;17;14;1
36843;401;379;12;17;14;1
36845;388;379;12;17;14;1
36846;375;379;12;17;14;1
36848;362;379;12;17;14;1
36851;349;379;12;17;14;1
36855;336;379;12;17;14;1
36856;323;379;12;17;14;1
36857;310;379;12;17;14;1
36861;635;379;12;17;14;1
36864;648;379;12;17;14;1
36865;661;379;12;17;14;1
36866;674;379;12;17;14;1
36867;1012;379;12;17;14;1
36868;999;379;12;17;14;1
36869;986;379;12;17;14;1
36870;973;379;12;17;14;1
36873;960;379;12;17;14;1
36874;947;379;12;17;14;1
36875;934;379;12;17;14;1
36877;921;379;12;17;14;1
36879;908;379;12;17;14;1
36880;895;379;12;17;14;1
36881;882;379;12;17;14;1
36882;869;379;12;17;14;1
36884;1025;379;12;17;14;1
36886;856;379;12;17;14;1
36887;830;379;12;17;14;1
36890;817;379;12;17;14;1
36891;804;379;12;17;14;1
36893;791;379;12;17;14;1
36894;778;379;12;17;14;1
36895;765;379;12;17;14;1
36896;752;379;12;17;14;1
36897;739;379;12;17;14;1
36898;726;379;12;17;14;1
36902;713;379;12;17;14;1
36909;700;379;12;17;14;1
36910;687;379;12;17;14;1
36911;297;379;12;17;14;1
36917;843;379;12;17;14;1
36918;284;379;12;17;14;1
36920;79;379;12;17;14;1
36923;1906;361;12;17;14;1
36924;1893;361;12;17;14;1
36926;1880;361;12;17;14;1
36929;1867;361;12;17;14;1
36930;1854;361;12;17;14;1
36932;1841;361;12;17;14;1
36935;1828;361;12;17;14;1
36941;1815;361;12;17;14;1
36943;1802;361;12;17;14;1
36944;1789;361;12;17;14;1
36945;1776;361;12;17;14;1
36946;1763;361;12;17;14;1
36947;1750;361;12;17;14;1
36951;1737;361;12;17;14;1
36952;1724;361;12;17;14;1
36955;1711;361;12;17;14;1
36962;1698;361;12;17;14;1
36963;1685;361;12;17;14;1
36965;1672;361;12;17;14;1
36968;1659;361;12;17;14;1
36973;1646;361;12;17;14;1
36974;1633;361;12;17;14;1
36980;1620;361;12;17;14;1
36981;1607;361;12;17;14;1
36989;1594;361;12;17;14;1
36991;1919;361;12;17;14;1
36992;1932;361;12;17;14;1
36994;1945;361;12;17;14;1
36995;1958;361;12;17;14;1
37000;245;379;12;17;14;1
37003;232;379;12;17;14;1
37009;221;379;10;17;14;2
37011;208;379;12;17;14;1
37013;196;379;11;17;14;2
37015;183;379;12;17;14;1
37017;170;379;12;17;14;1
37019;157;379;12;17;14;1
37021;144;379;12;17;14;1
37025;131;379;12;17;14;1
37026;118;379;12;17;14;1
37027;105;379;12;17;14;1
37030;258;379;12;17;14;1
37034;92;379;12;17;14;1
37036;66;379;12;17;14;1
37038;53;379;12;17;14;1
37039;40;379;12;17;14;1
37040;27;379;12;17;14;1
37041;14;379;12;17;14;1
37043;1;379;12;17;14;1
37044;2036;361;12;17;14;1
37045;2023;361;12;17;14;1
37046;2010;361;12;17;14;1
37048;1997;361;12;17;14;1
37049;1984;361;12;17;14;1
37050;1971;361;12;17;14;1
37051;271;379;12;17;14;1
37054;1038;379;12;17;14;1
37057;1051;379;12;17;14;1
37060;1064;379;12;17;14;1
37061;117;397;12;17;14;1
37063;104;397;12;17;14;1
37066;91;397;12;17;14;1
37070;79;397;11;17;14;2
37071;66;397;12;17;14;1
37072;53;397;12;17;14;1
37073;40;397;12;17;14;1
37075;27;397;12;17;14;1
37079;14;397;12;17;14;1
37083;1;397;12;17;14;1
37084;2034;379;12;17;14;1
37085;2021;379;12;17;14;1
37089;130;397;12;17;14;1
37090;2008;379;12;17;14;1
37094;1982;379;12;17;14;1
37095;1969;379;12;17;14;1
37096;1956;379;12;17;14;1
37099;1943;379;12;17;14;1
37101;1930;379;12;17;14;1
37103;1917;379;12;17;14;1
37108;1904;379;12;17;14;1
37112;1891;379;12;17;14;1
37117;1878;379;12;17;14;1
37118;1865;379;12;17;14;1
37122;1852;379;12;17;14;1
37124;1839;379;12;17;14;1
37145;1995;379;12;17;14;1
37150;156;397;12;17;14;1
37154;338;397;12;17;14;1
37155;169;397;12;17;14;1
37167;507;397;12;17;14;1
37169;494;397;12;17;14;1
37177;481;397;12;17;14;1
37187;468;397;12;17;14;1
37190;455;397;12;17;14;1
37193;442;397;12;17;14;1
37194;429;397;12;17;14;1
37195;416;397;12;17;14;1
37196;403;397;12;17;14;1
37197;390;397;12;17;14;1
37198;377;397;12;17;14;1
37199;364;397;12;17;14;1
37200;520;397;12;17;14;1
37202;351;397;12;17;14;1
37207;325;397;12;17;14;1
37210;312;397;12;17;14;1
37213;299;397;12;17;14;1
37214;286;397;12;17;14;1
37217;273;397;12;17;14;1
37218;260;397;12;17;14;1
37219;247;397;12;17;14;1
37220;234;397;12;17;14;1
37221;221;397;12;17;14;1
37225;208;397;12;17;14;1
37226;195;397;12;17;14;1
37228;182;397;12;17;14;1
37230;1826;379;12;17;14;1
37231;1813;379;12;17;14;1
37232;1800;379;12;17;14;1
37233;1605;379;12;17;14;1
37234;1389;379;12;17;14;1
37236;1376;379;12;17;14;1
37237;1363;379;12;17;14;1
37238;1350;379;12;17;14;1
37239;1337;379;12;17;14;1
37240;1324;379;12;17;14;1
37241;1311;379;12;17;14;1
37245;1298;379;12;17;14;1
37246;1285;379;12;17;14;1
37247;1272;379;12;17;14;1
37253;1259;379;12;17;14;1
37255;1246;379;12;17;14;1
37257;1233;379;12;17;14;1
37259;1220;379;12;17;14;1
37260;1207;379;12;17;14;1
37261;1194;379;12;17;14;1
37264;1181;379;12;17;14;1
37265;1168;379;12;17;14;1
37266;1155;379;12;17;14;1
37274;1142;379;12;17;14;1
37275;1129;379;12;17;14;1
37282;1116;379;12;17;14;1
37283;1103;379;12;17;14;1
37290;1090;379;12;17;14;1
37293;1077;379;12;17;14;1
37294;1402;379;12;17;14;1
37295;1415;379;12;17;14;1
37300;1428;379;12;17;14;1
37301;1441;379;12;17;14;1
37306;1774;379;12;17;14;1
37319;1761;379;12;17;14;1
37321;1748;379;12;17;14;1
37322;1735;379;12;17;14;1
37324;1722;379;12;17;14;1
37325;1709;379;12;17;14;1
37326;1696;379;12;17;14;1
37327;1683;379;12;17;14;1
37329;1670;379;12;17;14;1
37340;1657;379;12;17;14;1
37492;1644;379;12;17;14;1
37518;1631;379;12;17;14;1
37550;1787;379;12;17;14;1
37576;1618;379;12;17;14;1
37694;1592;379;12;17;14;1
37738;1579;379;12;17;14;1
37775;1566;379;12;17;14;1
37834;1553;379;12;17;14;1
37846;1540;379;12;17;14;1
37950;1527;379;12;17;14;1
37995;1514;379;12;17;14;1
38021;1506;379;7;17;14;1
38022;1493;379;12;17;14;1
38023;1480;379;12;17;14;1
38024;1467;379;12;17;14;1
38025;1454;379;12;17;14;1
38026;1558;307;12;17;14;1
38027;1555;361;12;17;14;1
38028;1545;307;12;17;14;1
38029;2029;253;12;17;14;1
38030;79;253;12;17;14;1
38031;66;253;12;17;14;1
38032;53;253;12;17;14;1
38034;40;253;12;17;14;1
38035;27;253;12;17;14;1
38036;14;253;12;17;14;1
38037;1;253;12;17;14;1
38039;2024;235;12;17;14;1
38041;2011;235;12;17;14;1
38042;1998;235;12;17;14;1
38043;1985;235;12;17;14;1
38044;1972;235;12;17;14;1
38045;1959;235;12;17;14;1
38046;1946;235;12;17;14;1
38047;1933;235;12;17;14;1
38048;1920;235;12;17;14;1
38049;1907;235;12;17;14;1
38050;1894;235;12;17;14;1
38051;1881;235;12;17;14;1
38052;1868;235;12;17;14;1
38053;1855;235;12;17;14;1
38054;1842;235;12;17;14;1
38055;1829;235;12;17;14;1
38056;1816;235;12;17;14;1
38057;1803;235;12;17;14;1
38058;92;253;12;17;14;1
38059;105;253;12;17;14;1
38060;118;253;12;17;14;1
38061;131;253;12;17;14;1
38062;469;253;12;17;14;1
38063;456;253;12;17;14;1
38064;443;253;12;17;14;1
38065;430;253;12;17;14;1
38066;417;253;12;17;14;1
38067;404;253;12;17;14;1
38068;391;253;12;17;14;1
38069;378;253;12;17;14;1
38070;365;253;12;17;14;1
38071;352;253;12;17;14;1
38072;339;253;12;17;14;1
38073;326;253;12;17;14;1
38074;482;253;12;17;14;1
38075;313;253;12;17;14;1
38076;287;253;12;17;14;1
38077;274;253;12;17;14;1
38078;261;253;12;17;14;1
38079;248;253;12;17;14;1
38080;235;253;12;17;14;1
38081;222;253;12;17;14;1
38082;209;253;12;17;14;1
38083;196;253;12;17;14;1
38084;183;253;12;17;14;1
38085;170;253;12;17;14;1
38086;157;253;12;17;14;1
38088;144;253;12;17;14;1
38089;1790;235;12;17;14;1
38090;300;253;12;17;14;1
38091;1777;235;12;17;14;1
38092;1569;235;12;17;14;1
38093;1348;235;12;17;14;1
38094;1335;235;12;17;14;1
38096;1322;235;12;17;14;1
38097;1309;235;12;17;14;1
38098;1296;235;12;17;14;1
38101;1283;235;12;17;14;1
38102;1270;235;12;17;14;1
38103;1257;235;12;17;14;1
38104;1244;235;12;17;14;1
38105;1231;235;12;17;14;1
38107;1218;235;12;17;14;1
38108;1205;235;12;17;14;1
38109;1192;235;12;17;14;1
38110;1179;235;12;17;14;1
38111;1166;235;12;17;14;1
38112;1153;235;12;17;14;1
38113;1140;235;12;17;14;1
38114;1127;235;12;17;14;1
38115;1114;235;12;17;14;1
38116;1101;235;12;17;14;1
38117;1088;235;12;17;14;1
38119;1075;235;12;17;14;1
38120;1062;235;12;17;14;1
38121;1049;235;12;17;14;1
38122;1036;235;12;17;14;1
38123;1361;235;12;17;14;1
38124;1374;235;12;17;14;1
38125;1387;235;12;17;14;1
38126;1400;235;12;17;14;1
38127;1738;235;12;17;14;1
38128;1725;235;12;17;14;1
38129;1712;235;12;17;14;1
38130;1699;235;12;17;14;1
38131;1686;235;12;17;14;1
38132;1673;235;12;17;14;1
38133;1660;235;12;17;14;1
38134;1647;235;12;17;14;1
38135;1634;235;12;17;14;1
38136;1621;235;12;17;14;1
38137;1608;235;12;17;14;1
38138;1595;235;12;17;14;1
38140;1751;235;12;17;14;1
38141;1582;235;12;17;14;1
38142;1556;235;12;17;14;1
38143;1543;235;12;17;14;1
38144;1530;235;12;17;14;1
38145;1517;235;12;17;14;1
38146;1504;235;12;17;14;1
38147;1491;235;12;17;14;1
38148;1478;235;12;17;14;1
38149;1465;235;12;17;14;1
38150;1452;235;12;17;14;1
38151;1439;235;12;17;14;1
38152;1426;235;12;17;14;1
38153;1413;235;12;17;14;1
38154;1764;235;12;17;14;1
38155;495;253;12;17;14;1
38156;508;253;12;17;14;1
38157;521;253;12;17;14;1
38158;1613;253;12;17;14;1
38159;1600;253;12;17;14;1
38160;1587;253;12;17;14;1
38161;1574;253;12;17;14;1
38162;1561;253;12;17;14;1
38163;1548;253;12;17;14;1
38164;1535;253;12;17;14;1
38165;1522;253;12;17;14;1
38166;1509;253;12;17;14;1
38167;1496;253;12;17;14;1
38168;1483;253;12;17;14;1
38169;1470;253;12;17;14;1
38170;1626;253;12;17;14;1
38171;1457;253;12;17;14;1
38173;1431;253;12;17;14;1
38174;1418;253;12;17;14;1
38175;1405;253;12;17;14;1
38177;1392;253;12;17;14;1
38178;1379;253;12;17;14;1
38179;1366;253;12;17;14;1
38180;1353;253;12;17;14;1
38181;1340;253;12;17;14;1
38182;1327;253;12;17;14;1
38184;1314;253;12;17;14;1
38185;1301;253;12;17;14;1
38186;1288;253;12;17;14;1
38187;1444;253;12;17;14;1
38188;1652;253;12;17;14;1
38189;1834;253;12;17;14;1
38190;1665;253;12;17;14;1
38191;2003;253;12;17;14;1
38192;1990;253;12;17;14;1
38193;1977;253;12;17;14;1
38194;1964;253;12;17;14;1
38196;1951;253;12;17;14;1
38197;1938;253;12;17;14;1
38198;1925;253;12;17;14;1
38199;1912;253;12;17;14;1
38200;1899;253;12;17;14;1
38201;1886;253;12;17;14;1
38202;1873;253;12;17;14;1
38203;1860;253;12;17;14;1
38204;2016;253;12;17;14;1
38206;1847;253;12;17;14;1
38207;1821;253;12;17;14;1
38208;1808;253;12;17;14;1
38209;1795;253;12;17;14;1
38210;1782;253;12;17;14;1
38212;1769;253;12;17;14;1
38213;1756;253;12;17;14;1
38214;1743;253;12;17;14;1
38215;1730;253;12;17;14;1
38217;1717;253;12;17;14;1
38218;1704;253;12;17;14;1
38220;1691;253;12;17;14;1
38221;1678;253;12;17;14;1
38222;1275;253;12;17;14;1
38223;1262;253;12;17;14;1
38224;1249;253;12;17;14;1
38225;1061;253;12;17;14;1
38226;846;253;12;17;14;1
38227;833;253;12;17;14;1
38228;820;253;12;17;14;1
38230;807;253;12;17;14;1
38231;794;253;12;17;14;1
38232;781;253;12;17;14;1
38233;768;253;12;17;14;1
38235;755;253;12;17;14;1
38236;742;253;12;17;14;1
38237;729;253;12;17;14;1
38238;716;253;12;17;14;1
38239;703;253;12;17;14;1
38241;690;253;12;17;14;1
38242;677;253;12;17;14;1
38243;664;253;12;17;14;1
38244;651;253;12;17;14;1
38245;638;253;12;17;14;1
38246;625;253;12;17;14;1
38247;612;253;12;17;14;1
38248;599;253;12;17;14;1
38249;586;253;12;17;14;1
38250;573;253;12;17;14;1
38251;560;253;12;17;14;1
38252;547;253;12;17;14;1
38253;534;253;12;17;14;1
38255;859;253;12;17;14;1
38256;872;253;12;17;14;1
38257;885;253;12;17;14;1
38258;898;253;12;17;14;1
38259;1223;253;12;17;14;1
38262;1210;253;12;17;14;1
38271;1198;253;11;17;14;2
38376;1186;253;11;17;14;2
38377;1174;253;11;17;14;2
38378;1162;253;11;17;14;2
38379;1150;253;11;17;14;2
38381;1137;253;12;17;14;1
38382;1125;253;11;17;14;2
38383;1113;253;11;17;14;2
38384;1100;253;12;17;14;1
38385;1087;253;12;17;14;1
38386;1236;253;12;17;14;1
38387;1074;253;12;17;14;1
38388;1049;253;11;17;14;2
38389;1036;253;12;17;14;1
38390;1023;253;12;17;14;1
38391;1010;253;12;17;14;1
38392;998;253;11;17;14;2
38393;985;253;12;17;14;1
38394;972;253;12;17;14;1
38395;960;253;11;17;14;2
38396;948;253;11;17;14;2
38397;936;253;11;17;14;2
38398;924;253;11;17;14;2
38400;911;253;12;17;14;1
38401;1023;235;12;17;14;1
38402;1639;253;12;17;14;1
38403;1010;235;12;17;14;1
38404;611;235;11;17;14;2
38405;1086;217;12;17;14;1
38406;1074;217;11;17;14;2
38408;1061;217;12;17;14;1
38409;1048;217;12;17;14;1
38410;1035;217;12;17;14;1
38411;1022;217;12;17;14;1
38412;1009;217;12;17;14;1
38413;996;217;12;17;14;1
38414;983;217;12;17;14;1
38415;970;217;12;17;14;1
38416;957;217;12;17;14;1
38417;944;217;12;17;14;1
38418;931;217;12;17;14;1
38420;918;217;12;17;14;1
38421;905;217;12;17;14;1
38422;892;217;12;17;14;1
38423;879;217;12;17;14;1
38425;866;217;12;17;14;1
38426;853;217;12;17;14;1
38428;840;217;12;17;14;1
38429;833;217;6;17;14;1
38431;820;217;12;17;14;1
38433;807;217;12;17;14;1
38434;794;217;12;17;14;1
38442;781;217;12;17;14;1
38446;1099;217;12;17;14;1
38449;1112;217;12;17;14;1
38450;1125;217;12;17;14;1
38451;1138;217;12;17;14;1
38452;1476;217;12;17;14;1
38453;1463;217;12;17;14;1
38454;1450;217;12;17;14;1
38459;1437;217;12;17;14;1
38460;1424;217;12;17;14;1
38461;1411;217;12;17;14;1
38463;1398;217;12;17;14;1
38464;1385;217;12;17;14;1
38466;1372;217;12;17;14;1
38468;1359;217;12;17;14;1
38469;1346;217;12;17;14;1
38470;1333;217;12;17;14;1
38471;1489;217;12;17;14;1
38472;1320;217;12;17;14;1
38473;1294;217;12;17;14;1
38475;1281;217;12;17;14;1
38476;1268;217;12;17;14;1
38477;1255;217;12;17;14;1
38480;1242;217;12;17;14;1
38484;1229;217;12;17;14;1
38485;1216;217;12;17;14;1
38491;1203;217;12;17;14;1
38495;1190;217;12;17;14;1
38497;1177;217;12;17;14;1
38498;1164;217;12;17;14;1
38500;1151;217;12;17;14;1
38503;768;217;12;17;14;1
38504;1307;217;12;17;14;1
38505;755;217;12;17;14;1
38506;547;217;12;17;14;1
38508;326;217;12;17;14;1
38514;313;217;12;17;14;1
38516;300;217;12;17;14;1
38517;287;217;12;17;14;1
38518;274;217;12;17;14;1
38519;261;217;12;17;14;1
38533;248;217;12;17;14;1
38534;235;217;12;17;14;1
38536;222;217;12;17;14;1
38539;209;217;12;17;14;1
38541;196;217;12;17;14;1
38543;183;217;12;17;14;1
38544;170;217;12;17;14;1
38548;157;217;12;17;14;1
38551;144;217;12;17;14;1
38552;131;217;12;17;14;1
38553;118;217;12;17;14;1
38556;105;217;12;17;14;1
38567;92;217;12;17;14;1
38576;79;217;12;17;14;1
38579;66;217;12;17;14;1
38582;53;217;12;17;14;1
38585;40;217;12;17;14;1
38588;27;217;12;17;14;1
38589;14;217;12;17;14;1
38590;339;217;12;17;14;1
38592;352;217;12;17;14;1
38593;365;217;12;17;14;1
38596;378;217;12;17;14;1
38597;716;217;12;17;14;1
38598;703;217;12;17;14;1
38599;690;217;12;17;14;1
38601;677;217;12;17;14;1
38604;664;217;12;17;14;1
38605;651;217;12;17;14;1
38606;638;217;12;17;14;1
38607;625;217;12;17;14;1
38610;612;217;12;17;14;1
38613;599;217;12;17;14;1
38624;586;217;12;17;14;1
38632;573;217;12;17;14;1
38633;729;217;12;17;14;1
38634;560;217;12;17;14;1
38639;534;217;12;17;14;1
38643;521;217;12;17;14;1
38646;508;217;12;17;14;1
38647;495;217;12;17;14;1
38649;482;217;12;17;14;1
38654;469;217;12;17;14;1
38656;456;217;12;17;14;1
38657;443;217;12;17;14;1
38660;430;217;12;17;14;1
38662;417;217;12;17;14;1
38663;404;217;12;17;14;1
38664;391;217;12;17;14;1
38665;742;217;12;17;14;1
38669;1502;217;12;17;14;1
38670;1515;217;12;17;14;1
38671;1528;217;12;17;14;1
38675;585;235;12;17;14;1
38678;572;235;12;17;14;1
38684;559;235;12;17;14;1
38686;546;235;12;17;14;1
38698;533;235;12;17;14;1
38701;520;235;12;17;14;1
38704;507;235;12;17;14;1
38706;494;235;12;17;14;1
38712;481;235;12;17;14;1
38713;468;235;12;17;14;1
38718;455;235;12;17;14;1
38738;442;235;12;17;14;1
38739;598;235;12;17;14;1
38742;429;235;12;17;14;1
38745;403;235;12;17;14;1
38747;390;235;12;17;14;1
38750;377;235;12;17;14;1
38752;364;235;12;17;14;1
38753;351;235;12;17;14;1
38754;339;235;11;17;14;2
38757;326;235;12;17;14;1
38761;313;235;12;17;14;1
38771;300;235;12;17;14;1
38772;287;235;12;17;14;1
38774;274;235;12;17;14;1
38780;261;235;12;17;14;1
38789;416;235;12;17;14;1
38795;623;235;12;17;14;1
38797;803;235;12;17;14;1
38801;636;235;12;17;14;1
38802;971;235;12;17;14;1
38804;958;235;12;17;14;1
38808;945;235;12;17;14;1
38816;932;235;12;17;14;1
38819;919;235;12;17;14;1
38827;906;235;12;17;14;1
38829;893;235;12;17;14;1
38831;880;235;12;17;14;1
38834;867;235;12;17;14;1
38836;854;235;12;17;14;1
38886;842;235;11;17;14;2
38887;829;235;12;17;14;1
38889;984;235;12;17;14;1
38890;816;235;12;17;14;1
38891;790;235;12;17;14;1
38892;777;235;12;17;14;1
38893;765;235;11;17;14;2
38899;752;235;12;17;14;1
38901;739;235;12;17;14;1
38902;726;235;12;17;14;1
39029;713;235;12;17;14;1
39030;700;235;12;17;14;1
39031;688;235;11;17;14;2
39032;675;235;12;17;14;1
39033;662;235;12;17;14;1
39034;649;235;12;17;14;1
39035;248;235;12;17;14;1
39036;235;235;12;17;14;1
39037;222;235;12;17;14;1
39038;27;235;12;17;14;1
39039;1853;217;12;17;14;1
39040;1840;217;12;17;14;1
39041;1827;217;12;17;14;1
39042;1814;217;12;17;14;1
39043;1801;217;12;17;14;1
39044;1788;217;12;17;14;1
39045;1775;217;12;17;14;1
39046;1762;217;12;17;14;1
39047;1749;217;12;17;14;1
39048;1736;217;12;17;14;1
39049;1723;217;12;17;14;1
39050;1710;217;12;17;14;1
39052;1697;217;12;17;14;1
39053;1684;217;12;17;14;1
39055;1671;217;12;17;14;1
39056;1658;217;12;17;14;1
39057;1645;217;12;17;14;1
39059;1632;217;12;17;14;1
39060;1619;217;12;17;14;1
39062;1606;217;12;17;14;1
39063;1593;217;12;17;14;1
39064;1580;217;12;17;14;1
39066;1567;217;12;17;14;1
39067;1554;217;12;17;14;1
39068;1541;217;12;17;14;1
39069;1866;217;12;17;14;1
39070;1879;217;12;17;14;1
39071;1892;217;12;17;14;1
39072;1905;217;12;17;14;1
39073;196;235;12;17;14;1
39074;183;235;12;17;14;1
39076;170;235;12;17;14;1
39077;157;235;12;17;14;1
39078;144;235;12;17;14;1
39079;131;235;12;17;14;1
39118;118;235;12;17;14;1
39121;105;235;12;17;14;1
39122;92;235;12;17;14;1
39123;79;235;12;17;14;1
39125;66;235;12;17;14;1
39128;53;235;12;17;14;1
39129;209;235;12;17;14;1
39130;40;235;12;17;14;1
39134;14;235;12;17;14;1
39135;1;235;12;17;14;1
39143;2030;217;12;17;14;1
39144;2017;217;12;17;14;1
39181;2004;217;12;17;14;1
39184;1991;217;12;17;14;1
39214;1978;217;12;17;14;1
39252;1965;217;12;17;14;1
39253;1952;217;12;17;14;1
39267;1944;217;7;17;14;1
39269;1931;217;12;17;14;1
39271;1918;217;12;17;14;1
39272;997;235;12;17;14;1
39273;1;271;12;17;14;1
39274;501;289;12;17;14;1
39275;14;271;12;17;14;1
39276;1618;289;12;17;14;1
39277;1605;289;12;17;14;1
39278;1592;289;12;17;14;1
39279;1579;289;12;17;14;1
39280;1566;289;12;17;14;1
39281;1553;289;12;17;14;1
39282;1540;289;12;17;14;1
39284;1527;289;12;17;14;1
39285;1514;289;12;17;14;1
39286;1501;289;12;17;14;1
39287;1488;289;12;17;14;1
39290;1475;289;12;17;14;1
39292;1462;289;12;17;14;1
39293;1449;289;12;17;14;1
39295;1436;289;12;17;14;1
39296;1423;289;12;17;14;1
39297;1410;289;12;17;14;1
39300;1397;289;12;17;14;1
39301;1384;289;12;17;14;1
39302;1371;289;12;17;14;1
39303;1358;289;12;17;14;1
39304;1345;289;12;17;14;1
39306;1332;289;12;17;14;1
39307;1319;289;12;17;14;1
39309;1306;289;12;17;14;1
39311;1631;289;12;17;14;1
39312;1644;289;12;17;14;1
39313;1657;289;12;17;14;1
39314;1670;289;12;17;14;1
39315;2008;289;12;17;14;1
39316;1995;289;12;17;14;1
39317;1982;289;12;17;14;1
39318;1969;289;12;17;14;1
39319;1956;289;12;17;14;1
39320;1943;289;12;17;14;1
39321;1930;289;12;17;14;1
39333;1917;289;12;17;14;1
39336;1904;289;12;17;14;1
39532;1891;289;12;17;14;1
39533;1878;289;12;17;14;1
39534;1865;289;12;17;14;1
39535;2021;289;12;17;14;1
39536;1852;289;12;17;14;1
39537;1826;289;12;17;14;1
39539;1813;289;12;17;14;1
39540;1800;289;12;17;14;1
39541;1787;289;12;17;14;1
39542;1774;289;12;17;14;1
39543;1761;289;12;17;14;1
39544;1748;289;12;17;14;1
39545;1735;289;12;17;14;1
39546;1722;289;12;17;14;1
39547;1709;289;12;17;14;1
39548;1696;289;12;17;14;1
39549;1683;289;12;17;14;1
39550;1293;289;12;17;14;1
39551;1839;289;12;17;14;1
39552;1280;289;12;17;14;1
39553;1072;289;12;17;14;1
39554;852;289;12;17;14;1
39556;839;289;12;17;14;1
39557;826;289;12;17;14;1
39558;813;289;12;17;14;1
39559;800;289;12;17;14;1
39560;787;289;12;17;14;1
39562;774;289;12;17;14;1
39563;761;289;12;17;14;1
39564;748;289;12;17;14;1
39567;735;289;12;17;14;1
39568;722;289;12;17;14;1
39569;709;289;12;17;14;1
39570;696;289;12;17;14;1
39571;683;289;12;17;14;1
39574;670;289;12;17;14;1
39575;657;289;12;17;14;1
39576;644;289;12;17;14;1
39578;631;289;12;17;14;1
39579;618;289;12;17;14;1
39580;605;289;12;17;14;1
39581;592;289;12;17;14;1
39582;579;289;12;17;14;1
39583;566;289;12;17;14;1
39584;553;289;12;17;14;1
39585;540;289;12;17;14;1
39586;865;289;12;17;14;1
39587;878;289;12;17;14;1
39588;891;289;12;17;14;1
39589;904;289;12;17;14;1
39591;1241;289;12;17;14;1
39592;1228;289;12;17;14;1
39600;1215;289;12;17;14;1
39601;1202;289;12;17;14;1
39606;1189;289;12;17;14;1
39607;1176;289;12;17;14;1
39608;1163;289;12;17;14;1
39610;1150;289;12;17;14;1
39612;1137;289;12;17;14;1
39616;1124;289;12;17;14;1
39617;1111;289;12;17;14;1
39618;1098;289;12;17;14;1
39621;1254;289;12;17;14;1
39627;1085;289;12;17;14;1
39628;1059;289;12;17;14;1
39633;1046;289;12;17;14;1
39635;1033;289;12;17;14;1
39640;1020;289;12;17;14;1
39647;1007;289;12;17;14;1
39649;994;289;12;17;14;1
39654;981;289;12;17;14;1
39659;969;289;11;17;14;2
39661;956;289;12;17;14;1
39663;943;289;12;17;14;1
39673;930;289;12;17;14;1
39675;917;289;12;17;14;1
39683;1267;289;12;17;14;1
39688;2034;289;12;17;14;1
39695;1;307;12;17;14;1
39699;14;307;12;17;14;1
39711;1116;307;12;17;14;1
39715;1103;307;12;17;14;1
39727;1092;307;10;17;14;2
39730;1079;307;12;17;14;1
39739;1066;307;12;17;14;1
39740;1053;307;12;17;14;1
39745;1040;307;12;17;14;1
39746;1027;307;12;17;14;1
39747;1014;307;12;17;14;1
39748;1001;307;12;17;14;1
39749;988;307;12;17;14;1
39751;975;307;12;17;14;1
39752;1129;307;12;17;14;1
39753;962;307;12;17;14;1
39757;936;307;12;17;14;1
39759;923;307;12;17;14;1
39761;910;307;12;17;14;1
39764;897;307;12;17;14;1
40060;884;307;12;17;14;1
40063;871;307;12;17;14;1
40065;858;307;12;17;14;1
40066;845;307;12;17;14;1
40069;832;307;12;17;14;1
40070;819;307;12;17;14;1
40071;806;307;12;17;14;1
40072;793;307;12;17;14;1
40075;949;307;12;17;14;1
40077;1155;307;12;17;14;1
40078;1337;307;12;17;14;1
40080;1168;307;12;17;14;1
40081;1506;307;12;17;14;1
40082;1493;307;12;17;14;1
40084;1480;307;12;17;14;1
40085;1467;307;12;17;14;1
40090;1454;307;12;17;14;1
40091;1441;307;12;17;14;1
40092;1428;307;12;17;14;1
40094;1415;307;12;17;14;1
40095;1402;307;12;17;14;1
40096;1389;307;12;17;14;1
40097;1376;307;12;17;14;1
40098;1363;307;12;17;14;1
40099;1519;307;12;17;14;1
40100;1350;307;12;17;14;1
40101;1324;307;12;17;14;1
40102;1311;307;12;17;14;1
40103;1298;307;12;17;14;1
40104;1285;307;12;17;14;1
40105;1272;307;12;17;14;1
40107;1259;307;12;17;14;1
40109;1246;307;12;17;14;1
40110;1233;307;12;17;14;1
40112;1220;307;12;17;14;1
40113;1207;307;12;17;14;1
40114;1194;307;12;17;14;1
40115;1181;307;12;17;14;1
40116;780;307;12;17;14;1
40117;767;307;12;17;14;1
40118;754;307;12;17;14;1
40119;560;307;12;17;14;1
40120;339;307;12;17;14;1
40122;326;307;12;17;14;1
40123;313;307;12;17;14;1
40124;300;307;12;17;14;1
40125;287;307;12;17;14;1
40131;274;307;12;17;14;1
40132;261;307;12;17;14;1
40133;248;307;12;17;14;1
40134;235;307;12;17;14;1
40135;222;307;12;17;14;1
40138;209;307;12;17;14;1
40139;196;307;12;17;14;1
40140;183;307;12;17;14;1
40141;170;307;12;17;14;1
40142;157;307;12;17;14;1
40143;144;307;12;17;14;1
40144;131;307;12;17;14;1
40147;118;307;12;17;14;1
40148;105;307;12;17;14;1
40149;92;307;12;17;14;1
40150;79;307;12;17;14;1
40151;66;307;12;17;14;1
40152;53;307;12;17;14;1
40153;40;307;12;17;14;1
40156;27;307;12;17;14;1
40157;352;307;12;17;14;1
40158;365;307;12;17;14;1
40159;378;307;12;17;14;1
40162;391;307;12;17;14;1
40479;729;307;11;17;14;2
40480;716;307;12;17;14;1
40481;703;307;12;17;14;1
40482;690;307;12;17;14;1
40483;677;307;12;17;14;1
40485;664;307;12;17;14;1
40486;651;307;12;17;14;1
40488;638;307;12;17;14;1
40489;625;307;12;17;14;1
40490;612;307;12;17;14;1
40491;599;307;12;17;14;1
40492;586;307;12;17;14;1
40493;741;307;12;17;14;1
40495;573;307;12;17;14;1
40497;547;307;12;17;14;1
40498;534;307;12;17;14;1
40499;521;307;12;17;14;1
40501;508;307;12;17;14;1
40502;495;307;12;17;14;1
40503;482;307;12;17;14;1
40504;469;307;12;17;14;1
40505;456;307;12;17;14;1
40506;443;307;12;17;14;1
40509;430;307;12;17;14;1
40510;417;307;12;17;14;1
40511;404;307;12;17;14;1
40513;527;289;12;17;14;1
40514;1142;307;12;17;14;1
40515;514;289;12;17;14;1
40516;237;289;12;17;14;1
40517;1041;271;12;17;14;1
40518;1028;271;12;17;14;1
40519;1015;271;12;17;14;1
40520;1002;271;12;17;14;1
40521;989;271;12;17;14;1
40522;976;271;12;17;14;1
40523;963;271;12;17;14;1
40524;950;271;12;17;14;1
40526;937;271;12;17;14;1
40527;924;271;12;17;14;1
40529;911;271;12;17;14;1
40533;898;271;12;17;14;1
40535;885;271;12;17;14;1
40536;872;271;12;17;14;1
40538;859;271;12;17;14;1
40539;846;271;12;17;14;1
40540;833;271;12;17;14;1
40542;820;271;12;17;14;1
40547;807;271;12;17;14;1
40548;794;271;12;17;14;1
40550;781;271;12;17;14;1
40551;768;271;12;17;14;1
40552;755;271;12;17;14;1
40553;742;271;12;17;14;1
40554;729;271;12;17;14;1
40555;1054;271;12;17;14;1
40556;1067;271;12;17;14;1
40557;1080;271;12;17;14;1
40560;1093;271;12;17;14;1
40561;1431;271;12;17;14;1
40563;1418;271;12;17;14;1
40574;1405;271;12;17;14;1
40575;1392;271;12;17;14;1
40578;1379;271;12;17;14;1
40583;1366;271;12;17;14;1
40584;1353;271;12;17;14;1
40587;1340;271;12;17;14;1
40594;1327;271;12;17;14;1
40595;1314;271;12;17;14;1
40605;1301;271;12;17;14;1
40607;1288;271;12;17;14;1
40614;1444;271;12;17;14;1
40628;1275;271;12;17;14;1
40632;1249;271;12;17;14;1
40635;1236;271;12;17;14;1
40637;1223;271;12;17;14;1
40638;1210;271;12;17;14;1
40644;1197;271;12;17;14;1
40649;1184;271;12;17;14;1
40653;1171;271;12;17;14;1
40654;1158;271;12;17;14;1
40655;1145;271;12;17;14;1
40657;1132;271;12;17;14;1
40660;1119;271;12;17;14;1
40664;1106;271;12;17;14;1
40667;716;271;12;17;14;1
40668;1262;271;12;17;14;1
40669;703;271;12;17;14;1
40671;496;271;12;17;14;1
40672;337;271;12;17;14;1
40674;324;271;12;17;14;1
40677;311;271;12;17;14;1
40679;298;271;12;17;14;1
40681;285;271;12;17;14;1
40682;272;271;12;17;14;1
40687;259;271;12;17;14;1
40697;246;271;12;17;14;1
40699;233;271;12;17;14;1
40700;220;271;12;17;14;1
40702;208;271;11;17;14;2
40715;195;271;12;17;14;1
40717;182;271;12;17;14;1
40718;169;271;12;17;14;1
40720;156;271;12;17;14;1
40723;143;271;12;17;14;1
40727;130;271;12;17;14;1
40729;117;271;12;17;14;1
40736;105;271;11;17;14;2
40738;92;271;12;17;14;1
40748;79;271;12;17;14;1
40751;66;271;12;17;14;1
40759;53;271;12;17;14;1
40761;40;271;12;17;14;1
40763;27;271;12;17;14;1
40765;350;271;12;17;14;1
40766;363;271;12;17;14;1
40772;376;271;12;17;14;1
40784;389;271;12;17;14;1
40785;665;271;12;17;14;1
40831;652;271;12;17;14;1
40832;639;271;12;17;14;1
40835;626;271;12;17;14;1
40836;613;271;12;17;14;1
40837;600;271;12;17;14;1
40838;587;271;12;17;14;1
40839;574;271;12;17;14;1
40840;561;271;12;17;14;1
40841;548;271;12;17;14;1
40842;535;271;12;17;14;1
40843;522;271;12;17;14;1
40844;678;271;12;17;14;1
40857;509;271;12;17;14;1
40858;483;271;12;17;14;1
40859;470;271;12;17;14;1
40863;457;271;12;17;14;1
40864;444;271;12;17;14;1
59181;440;271;3;17;14;8
59182;434;271;5;17;14;6
59183;430;271;3;17;14;8
59184;427;271;2;17;14;9
59185;423;271;3;17;14;8
59186;420;271;2;17;14;9
59187;414;271;5;17;14;7
59188;402;271;11;17;14;1
59189;691;271;11;17;14;1
59190;1457;271;2;17;14;5
59335;1460;271;8;17;14;2
59336;1469;271;6;17;14;3
65073;222;289;2;17;14;5
65075;219;289;2;17;14;5
65076;214;289;4;17;14;4
65077;202;289;11;17;14;1
65078;190;289;11;17;14;1
65079;178;289;11;17;14;1
65080;166;289;11;17;14;1
65081;154;289;11;17;14;1
65082;142;289;11;17;14;1
65083;130;289;11;17;14;1
65084;118;289;11;17;14;1
65085;106;289;11;17;14;1
65086;225;289;11;17;14;1
65087;94;289;11;17;14;1
65088;77;289;11;17;14;1
65089;66;289;10;17;14;2
65090;55;289;10;17;14;1
65091;44;289;10;17;14;2
65092;33;289;10;17;14;1
65281;28;289;4;17;14;4
65282;21;289;6;17;14;2
65283;11;289;9;17;14;3
65284;1;289;9;17;14;4
65285;2036;271;12;17;14;2
65286;2024;271;11;17;14;2
65287;2020;271;3;17;14;3
65288;89;289;4;17;14;8
65289;250;289;4;17;14;4
65290;377;289;8;17;14;1
65291;255;289;10;17;14;3
65292;488;289;3;17;14;4
65293;477;289;10;17;14;3
65294;473;289;3;17;14;4
65295;460;289;12;17;14;1
65296;451;289;8;17;14;3
65297;445;289;5;17;14;4
65298;437;289;7;17;14;4
65299;429;289;7;17;14;4
65300;420;289;8;17;14;3
65301;412;289;7;17;14;4
65302;403;289;8;17;14;3
65303;395;289;7;17;14;4
65304;492;289;8;17;14;3
65305;386;289;8;17;14;3
65306;373;289;3;17;14;7
65307;369;289;3;17;14;7
65308;358;289;10;17;14;2
65309;347;289;10;17;14;2
65310;336;289;10;17;14;2
65311;328;289;7;17;14;5
65312;316;289;11;17;14;3
65313;305;289;10;17;14;2
65314;296;289;8;17;14;3
65315;286;289;9;17;14;3
65316;276;289;9;17;14;3
65317;266;289;9;17;14;3
65318;2010;271;9;17;14;3
65319;1999;271;10;17;14;2
65320;1988;271;10;17;14;2
65321;1869;271;4;17;14;5
65322;1722;271;7;17;14;3
65323;1712;271;9;17;14;3
65324;1702;271;9;17;14;3
65325;1689;271;12;17;14;1
65326;1679;271;9;17;14;3
65327;1668;271;10;17;14;2
65328;1659;271;8;17;14;3
65329;1647;271;11;17;14;2
65330;1636;271;10;17;14;2
65331;1627;271;8;17;14;3
65332;1616;271;10;17;14;2
65333;1605;271;10;17;14;2
65334;1594;271;10;17;14;2
65335;1581;271;12;17;14;1
65336;1570;271;10;17;14;2
65337;1559;271;10;17;14;2
65338;1548;271;10;17;14;2
65339;1542;271;5;17;14;7
65340;1530;271;11;17;14;2
65341;1524;271;5;17;14;3
65342;1511;271;12;17;14;1
65343;1498;271;12;17;14;1
65344;1494;271;3;17;14;9
65345;1485;271;8;17;14;4
65346;1476;271;8;17;14;3
65347;1730;271;7;17;14;3
65348;1738;271;8;17;14;3
65349;1747;271;7;17;14;3
65350;1755;271;7;17;14;3
65351;1972;271;8;17;14;3
65352;1963;271;8;17;14;3
65353;1958;271;4;17;14;5
65354;1951;271;6;17;14;3
65355;1942;271;8;17;14;3
65356;1937;271;4;17;14;5
65357;1925;271;11;17;14;2
65358;1916;271;8;17;14;3
65359;1907;271;8;17;14;3
65360;1899;271;7;17;14;3
65361;1890;271;8;17;14;3
65362;1882;271;7;17;14;4
65363;1981;271;6;17;14;4
65364;1874;271;7;17;14;3
65365;1860;271;8;17;14;3
65366;1850;271;9;17;14;2
65367;1837;271;12;17;14;1
65368;1828;271;8;17;14;3
65369;1819;271;8;17;14;3
65370;1810;271;8;17;14;3
65371;1805;271;4;17;14;8
65372;1802;271;2;17;14;7
65373;1797;271;4;17;14;3
65374;1784;271;12;17;14;1
65504;1775;271;8;17;14;3
65505;1763;271;11;17;14;2
65507;1401;613;6;17;14;5
65509;1405;829;10;17;14;2
